ISO-10303-21;
HEADER;
FILE_DESCRIPTION (( 'STEP AP214' ),
    '1' );
FILE_NAME ('penetrolyzer_gas_cap.STEP',
    '2026-08-31T04:36:06',
    ( '' ),
    ( '' ),
    'SwSTEP 2.0',
    'SolidWorks 2026',
    '' );
FILE_SCHEMA (( 'AUTOMOTIVE_DESIGN' ));
ENDSEC;

DATA;
#1 = DIRECTION ( 'NONE',  ( 1.058905249410465713E-26, 1.000000000000000000, 5.329070518200750605E-15 ) ) ;
#2 = DIRECTION ( 'NONE',  ( -1.058905249410465713E-26, -1.000000000000000000, -5.329070518200750605E-15 ) ) ;
#3 = VECTOR ( 'NONE', #672, 1000.000000000000000 ) ;
#4 = ORIENTED_EDGE ( 'NONE', *, *, #1341, .F. ) ;
#5 = FACE_OUTER_BOUND ( 'NONE', #1356, .T. ) ;
#6 = EDGE_CURVE ( 'NONE', #118, #1063, #56, .T. ) ;
#7 = CARTESIAN_POINT ( 'NONE',  ( -213.2185590159855622, -38.46262411499869671, 36.42696741372895985 ) ) ;
#8 = CARTESIAN_POINT ( 'NONE',  ( -230.6639907576322344, -46.86607716807490931, 55.67447128598399786 ) ) ;
#9 = CYLINDRICAL_SURFACE ( 'NONE', #566, 2.500000000000002220 ) ;
#10 = ORIENTED_EDGE ( 'NONE', *, *, #134, .F. ) ;
#11 = DIRECTION ( 'NONE',  ( 1.058905249410465713E-26, 1.000000000000000000, 5.329070518200750605E-15 ) ) ;
#12 = PRODUCT_DEFINITION_CONTEXT ( 'detailed design', #139, 'design' ) ;
#13 = ORIENTED_EDGE ( 'NONE', *, *, #702, .T. ) ;
#14 = CARTESIAN_POINT ( 'NONE',  ( -214.2344988333102549, -39.28029073044810104, 41.44047012369766492 ) ) ;
#15 = EDGE_CURVE ( 'NONE', #73, #241, #496, .T. ) ;
#16 = CARTESIAN_POINT ( 'NONE',  ( -214.0029413135316361, -37.98208467051313875, 36.42696741373090674 ) ) ;
#17 = CARTESIAN_POINT ( 'NONE',  ( -230.9844988333209983, -46.86607716807490931, 15.67447128598400319 ) ) ;
#18 = VERTEX_POINT ( 'NONE', #803 ) ;
#19 = CARTESIAN_POINT ( 'NONE',  ( -214.2344988333350670, -39.86607716807480273, 31.41346470376531741 ) ) ;
#20 = ORIENTED_EDGE ( 'NONE', *, *, #988, .F. ) ;
#21 = ORIENTED_EDGE ( 'NONE', *, *, #1083, .F. ) ;
#22 = DIRECTION ( 'NONE',  ( -0.6546536707079769757, 0.000000000000000000, 0.7559289460184547282 ) ) ;
#23 = EDGE_CURVE ( 'NONE', #1215, #1396, #400, .T. ) ;
#24 = EDGE_LOOP ( 'NONE', ( #161, #1298, #1122, #901 ) ) ;
#25 = CIRCLE ( 'NONE', #519, 3.999999999999996447 ) ;
#26 = CARTESIAN_POINT ( 'NONE',  ( -214.2344988333102549, -41.86607716807490220, 41.44047012369765071 ) ) ;
#27 = CIRCLE ( 'NONE', #143, 2.499999999999993339 ) ;
#28 = CIRCLE ( 'NONE', #1433, 5.999999999999998224 ) ;
#29 = ORIENTED_EDGE ( 'NONE', *, *, #594, .T. ) ;
#30 = DIRECTION ( 'NONE',  ( 0.000000000000000000, 0.000000000000000000, -1.000000000000000000 ) ) ;
#31 = APPLICATION_PROTOCOL_DEFINITION ( 'draft international standard', 'automotive_design', 1998, #1372 ) ;
#32 = VERTEX_POINT ( 'NONE', #1202 ) ;
#33 = DIRECTION ( 'NONE',  ( 1.359479949940139901E-32, 1.000000000000000000, 1.959217086709239661E-16 ) ) ;
#34 = EDGE_CURVE ( 'NONE', #1612, #1639, #89, .T. ) ;
#35 = VERTEX_POINT ( 'NONE', #428 ) ;
#36 = ORIENTED_EDGE ( 'NONE', *, *, #1100, .F. ) ;
#37 = CARTESIAN_POINT ( 'NONE',  ( -202.3844988333210324, -42.11607716807490220, 13.92447128598400141 ) ) ;
#38 = EDGE_LOOP ( 'NONE', ( #1601, #1580, #430, #102 ) ) ;
#39 = LINE ( 'NONE', #1191, #898 ) ;
#40 = VERTEX_POINT ( 'NONE', #1059 ) ;
#41 = UNCERTAINTY_MEASURE_WITH_UNIT (LENGTH_MEASURE( 1.000000000000000082E-05 ), #1338, 'distance_accuracy_value', 'NONE');
#42 = ADVANCED_FACE ( 'NONE', ( #180 ), #981, .T. ) ;
#43 = DIRECTION ( 'NONE',  ( -1.058905249410465713E-26, -1.000000000000000000, -5.329070518200750605E-15 ) ) ;
#44 = FACE_OUTER_BOUND ( 'NONE', #1055, .T. ) ;
#45 = VERTEX_POINT ( 'NONE', #952 ) ;
#46 = VECTOR ( 'NONE', #1153, 1000.000000000000114 ) ;
#47 = CARTESIAN_POINT ( 'NONE',  ( -230.6639907576322344, -46.86607716807490931, 53.17447128598399786 ) ) ;
#48 = VECTOR ( 'NONE', #1026, 1000.000000000000114 ) ;
#49 = ORIENTED_EDGE ( 'NONE', *, *, #1024, .F. ) ;
#50 = AXIS2_PLACEMENT_3D ( 'NONE', #103, #1140, #1649 ) ;
#51 = LINE ( 'NONE', #1350, #1617 ) ;
#52 = VECTOR ( 'NONE', #750, 1000.000000000000000 ) ;
#53 = CARTESIAN_POINT ( 'NONE',  ( -202.7050069090097963, -46.86607716807490931, 53.17447128598399786 ) ) ;
#54 = EDGE_CURVE ( 'NONE', #773, #454, #521, .T. ) ;
#55 = DIRECTION ( 'NONE',  ( -1.058905249410465713E-26, -1.000000000000000000, -5.329070518200750605E-15 ) ) ;
#56 = CIRCLE ( 'NONE', #337, 1.999999999999997780 ) ;
#57 = ORIENTED_EDGE ( 'NONE', *, *, #1629, .F. ) ;
#58 = ORIENTED_EDGE ( 'NONE', *, *, #1264, .T. ) ;
#59 = CARTESIAN_POINT ( 'NONE',  ( -232.8648983962839623, -41.89292334044460375, 54.08132862941685204 ) ) ;
#60 = ORIENTED_EDGE ( 'NONE', *, *, #545, .T. ) ;
#61 = CARTESIAN_POINT ( 'NONE',  ( -202.3844988333210324, -46.86607716807490931, 15.67447128598400319 ) ) ;
#62 = DIRECTION ( 'NONE',  ( 1.000000000000000000, 0.000000000000000000, 1.669508307707000005E-16 ) ) ;
#63 = CARTESIAN_POINT ( 'NONE',  ( -230.6639907576322344, -42.11607716807490220, 55.42447128598400496 ) ) ;
#64 = EDGE_CURVE ( 'NONE', #254, #1393, #172, .T. ) ;
#65 = DIRECTION ( 'NONE',  ( 1.984364153710150829E-12, -5.655761024418182776E-15, 1.000000000000000000 ) ) ;
#66 = ORIENTED_EDGE ( 'NONE', *, *, #600, .T. ) ;
#67 = FACE_OUTER_BOUND ( 'NONE', #816, .T. ) ;
#68 = ORIENTED_EDGE ( 'NONE', *, *, #6, .T. ) ;
#69 = DIRECTION ( 'NONE',  ( -1.058905249410465713E-26, -1.000000000000000000, -5.329070518200750605E-15 ) ) ;
#70 = CARTESIAN_POINT ( 'NONE',  ( -202.7050069090097963, -46.86607716807490931, 53.17447128598399786 ) ) ;
#71 = CARTESIAN_POINT ( 'NONE',  ( -202.3844988333210324, -46.86607716807490931, 13.67447128598400141 ) ) ;
#72 = EDGE_CURVE ( 'NONE', #673, #1120, #1200, .T. ) ;
#73 = VERTEX_POINT ( 'NONE', #798 ) ;
#74 = B_SPLINE_CURVE_WITH_KNOTS ( 'NONE', 3,
 ( #1223, #59, #1603, #453 ),
 .UNSPECIFIED., .F., .F.,
 ( 4, 4 ),
 ( 0.0001962240443124931520, 0.0003946136395752032752 ),
 .UNSPECIFIED. ) ;
#75 = CARTESIAN_POINT ( 'NONE',  ( -214.2344988333102549, -36.78921828968790919, 41.44047012369766492 ) ) ;
#76 = LINE ( 'NONE', #723, #1113 ) ;
#77 = EDGE_CURVE ( 'NONE', #788, #73, #1578, .T. ) ;
#78 = ORIENTED_EDGE ( 'NONE', *, *, #112, .T. ) ;
#79 = AXIS2_PLACEMENT_3D ( 'NONE', #1233, #69, #588 ) ;
#80 = LINE ( 'NONE', #1634, #1081 ) ;
#81 = CARTESIAN_POINT ( 'NONE',  ( -210.9383206559235759, -43.36607716807485957, 36.42696741372331815 ) ) ;
#82 = VECTOR ( 'NONE', #93, 1000.000000000000000 ) ;
#83 =( GEOMETRIC_REPRESENTATION_CONTEXT ( 3 ) GLOBAL_UNCERTAINTY_ASSIGNED_CONTEXT ( ( #41 ) ) GLOBAL_UNIT_ASSIGNED_CONTEXT ( ( #1338, #924, #1054 ) ) REPRESENTATION_CONTEXT ( 'NONE', 'WORKASPACE' ) );
#84 = AXIS2_PLACEMENT_3D ( 'NONE', #586, #824, #1340 ) ;
#85 = DIRECTION ( 'NONE',  ( -0.7071067811865457964, 0.000000000000000000, -0.7071067811865492381 ) ) ;
#86 = EDGE_LOOP ( 'NONE', ( #125, #1235, #1128, #318 ) ) ;
#87 = CARTESIAN_POINT ( 'NONE',  ( -214.2344988333350670, -34.83718552810799451, 31.41346470376531741 ) ) ;
#88 = CARTESIAN_POINT ( 'NONE',  ( -214.2344988333181846, -16.86607716807496971, 37.44047012369780703 ) ) ;
#89 = CIRCLE ( 'NONE', #1041, 0.2500000000000002220 ) ;
#90 = ORIENTED_EDGE ( 'NONE', *, *, #790, .F. ) ;
#91 = EDGE_CURVE ( 'NONE', #1534, #348, #1187, .T. ) ;
#92 = VECTOR ( 'NONE', #589, 1000.000000000000000 ) ;
#93 = DIRECTION ( 'NONE',  ( -1.000000000000000000, -3.600203819994870146E-33, 8.776466597827340322E-17 ) ) ;
#94 = FACE_OUTER_BOUND ( 'NONE', #1323, .T. ) ;
#95 = ORIENTED_EDGE ( 'NONE', *, *, #778, .F. ) ;
#96 = LINE ( 'NONE', #1159, #52 ) ;
#97 = ORIENTED_EDGE ( 'NONE', *, *, #954, .F. ) ;
#98 = DIRECTION ( 'NONE',  ( 1.359479949940139901E-32, 1.000000000000000000, 1.959217086709239661E-16 ) ) ;
#99 = LINE ( 'NONE', #399, #1241 ) ;
#100 = CARTESIAN_POINT ( 'NONE',  ( -232.9844988333209983, -42.11607716807490220, 54.10465528426773574 ) ) ;
#101 = MECHANICAL_DESIGN_GEOMETRIC_PRESENTATION_REPRESENTATION (  '', ( #559 ), #533 ) ;
#102 = ORIENTED_EDGE ( 'NONE', *, *, #1555, .T. ) ;
#103 = CARTESIAN_POINT ( 'NONE',  ( -214.2344988333102549, -37.57318394926149807, 41.44047012369766492 ) ) ;
#104 = DIRECTION ( 'NONE',  ( 1.989453639943239750E-12, -5.391473278978969663E-15, 1.000000000000000000 ) ) ;
#105 = AXIS2_PLACEMENT_3D ( 'NONE', #775, #369, #906 ) ;
#106 = VERTEX_POINT ( 'NONE', #1573 ) ;
#107 = CARTESIAN_POINT ( 'NONE',  ( -214.2344988333102549, -21.86607716807499457, 41.44047012369777150 ) ) ;
#108 = CARTESIAN_POINT ( 'NONE',  ( -200.4577221380243373, -41.93930047277830653, 54.09041685583621728 ) ) ;
#109 = CIRCLE ( 'NONE', #996, 4.780361288064520764 ) ;
#110 = LINE ( 'NONE', #629, #48 ) ;
#111 = AXIS2_PLACEMENT_3D ( 'NONE', #63, #590, #1234 ) ;
#112 = EDGE_CURVE ( 'NONE', #673, #1222, #1067, .T. ) ;
#113 = CIRCLE ( 'NONE', #766, 2.499999999999993339 ) ;
#114 = CIRCLE ( 'NONE', #544, 5.148050297095273287 ) ;
#115 = ORIENTED_EDGE ( 'NONE', *, *, #54, .T. ) ;
#116 = DIRECTION ( 'NONE',  ( 1.359479949940139901E-32, 1.000000000000000000, 1.959217086709239661E-16 ) ) ;
#117 = FACE_OUTER_BOUND ( 'NONE', #609, .T. ) ;
#118 = VERTEX_POINT ( 'NONE', #809 ) ;
#119 = DIRECTION ( 'NONE',  ( 1.984523656517468932E-12, -5.204170427930426016E-15, 1.000000000000000000 ) ) ;
#120 = CARTESIAN_POINT ( 'NONE',  ( -202.3844988333210324, -41.93930047277825679, 13.74769459068736488 ) ) ;
#121 = ORIENTED_EDGE ( 'NONE', *, *, #1217, .T. ) ;
#122 = EDGE_CURVE ( 'NONE', #751, #241, #289, .T. ) ;
#123 = CARTESIAN_POINT ( 'NONE',  ( -214.2344988333271374, -31.86607716807481694, 35.41346470376531386 ) ) ;
#124 = CARTESIAN_POINT ( 'NONE',  ( -214.2344988333102549, -16.86607716807499102, 41.44047012369779992 ) ) ;
#125 = ORIENTED_EDGE ( 'NONE', *, *, #1039, .F. ) ;
#126 = DIRECTION ( 'NONE',  ( -1.058905249410465713E-26, -1.000000000000000000, -5.329070518200750605E-15 ) ) ;
#127 = CARTESIAN_POINT ( 'NONE',  ( -204.0344988333210097, -42.11607716807490220, 13.92447128598400141 ) ) ;
#128 = ORIENTED_EDGE ( 'NONE', *, *, #23, .T. ) ;
#129 = DIRECTION ( 'NONE',  ( 1.985169051108285068E-12, -4.741645822710872390E-15, 1.000000000000000000 ) ) ;
#130 = EDGE_LOOP ( 'NONE', ( #1080, #562, #1485 ) ) ;
#131 = CIRCLE ( 'NONE', #319, 4.588102841977366175 ) ;
#132 = FACE_OUTER_BOUND ( 'NONE', #781, .T. ) ;
#133 = DIRECTION ( 'NONE',  ( -1.756682000989170009E-17, 1.959217086709239661E-16, -1.000000000000000000 ) ) ;
#134 = EDGE_CURVE ( 'NONE', #646, #1499, #936, .T. ) ;
#135 = ORIENTED_EDGE ( 'NONE', *, *, #641, .F. ) ;
#136 = LINE ( 'NONE', #1005, #1216 ) ;
#137 = CARTESIAN_POINT ( 'NONE',  ( -200.6344988333210040, -42.11607716807490220, 38.67447128598400496 ) ) ;
#138 = EDGE_CURVE ( 'NONE', #1148, #208, #1227, .T. ) ;
#139 = APPLICATION_CONTEXT ( 'automotive_design' ) ;
#140 = VECTOR ( 'NONE', #835, 1000.000000000000000 ) ;
#141 = LINE ( 'NONE', #1665, #1110 ) ;
#142 = AXIS2_PLACEMENT_3D ( 'NONE', #458, #1366, #181 ) ;
#143 = AXIS2_PLACEMENT_3D ( 'NONE', #688, #429, #822 ) ;
#144 = DIRECTION ( 'NONE',  ( 1.984523656517468932E-12, -5.204170427930426016E-15, 1.000000000000000000 ) ) ;
#145 = EDGE_LOOP ( 'NONE', ( #1207, #630, #97, #346 ) ) ;
#146 = FACE_OUTER_BOUND ( 'NONE', #86, .T. ) ;
#147 = ADVANCED_FACE ( 'NONE', ( #853 ), #322, .T. ) ;
#148 = CARTESIAN_POINT ( 'NONE',  ( -214.2344988333350670, -22.86607716807489865, 31.41346470376531741 ) ) ;
#149 = DIRECTION ( 'NONE',  ( 0.000000000000000000, 0.7071067811865753283, 0.7071067811865198172 ) ) ;
#150 = ORIENTED_EDGE ( 'NONE', *, *, #954, .T. ) ;
#151 = CARTESIAN_POINT ( 'NONE',  ( -214.2344988333271374, -16.86607716807501234, 35.41346470376531386 ) ) ;
#152 = ORIENTED_EDGE ( 'NONE', *, *, #1389, .F. ) ;
#153 = CARTESIAN_POINT ( 'NONE',  ( -232.9844988333209983, -45.61607716807490931, 15.67447128598400319 ) ) ;
#154 = PRODUCT_RELATED_PRODUCT_CATEGORY ( 'part', '', ( #1182 ) ) ;
#155 = ADVANCED_FACE ( 'NONE', ( #987 ), #1242, .T. ) ;
#156 = CARTESIAN_POINT ( 'NONE',  ( -214.2344988333350670, -38.63771576560870358, 31.41346470376531741 ) ) ;
#157 = DIRECTION ( 'NONE',  ( 0.000000000000000000, 0.000000000000000000, -1.000000000000000000 ) ) ;
#158 = B_SPLINE_CURVE_WITH_KNOTS ( 'NONE', 3,
 ( #199, #345, #855, #479 ),
 .UNSPECIFIED., .F., .F.,
 ( 4, 4 ),
 ( 0.0001935020836155842831, 0.0003893592397371532354 ),
 .UNSPECIFIED. ) ;
#159 = VERTEX_POINT ( 'NONE', #1615 ) ;
#160 = DIRECTION ( 'NONE',  ( 0.000000000000000000, -1.000000000000000000, 0.000000000000000000 ) ) ;
#161 = ORIENTED_EDGE ( 'NONE', *, *, #1657, .T. ) ;
#162 = DIRECTION ( 'NONE',  ( 9.749921256287442381E-14, -0.9987954562051726271, 0.04906767432741249851 ) ) ;
#163 = ADVANCED_FACE ( 'NONE', ( #1365 ), #836, .T. ) ;
#164 = CIRCLE ( 'NONE', #1673, 0.2500000000000036637 ) ;
#165 = DIRECTION ( 'NONE',  ( 1.000000000000000000, 0.000000000000000000, 0.000000000000000000 ) ) ;
#166 = ORIENTED_EDGE ( 'NONE', *, *, #1576, .F. ) ;
#167 = DIRECTION ( 'NONE',  ( -1.058905249410465713E-26, -1.000000000000000000, -5.329070518200750605E-15 ) ) ;
#168 = CIRCLE ( 'NONE', #707, 2.499999999999993339 ) ;
#169 = VECTOR ( 'NONE', #984, 1000.000000000000000 ) ;
#170 = ORIENTED_EDGE ( 'NONE', *, *, #947, .F. ) ;
#171 = PRODUCT_DEFINITION_FORMATION_WITH_SPECIFIED_SOURCE ( 'ANY', '', #1182, .NOT_KNOWN. ) ;
#172 = LINE ( 'NONE', #296, #401 ) ;
#173 = AXIS2_PLACEMENT_3D ( 'NONE', #1052, #30, #1562 ) ;
#174 = DIRECTION ( 'NONE',  ( -0.7071067811865457964, 0.000000000000000000, -0.7071067811865492381 ) ) ;
#175 = CYLINDRICAL_SURFACE ( 'NONE', #869, 0.2499999999999991118 ) ;
#176 = ADVANCED_FACE ( 'NONE', ( #979 ), #1635, .T. ) ;
#177 = ORIENTED_EDGE ( 'NONE', *, *, #1349, .F. ) ;
#178 = CARTESIAN_POINT ( 'NONE',  ( -232.3987123956941048, -45.61607716807490931, 14.26025772361090560 ) ) ;
#179 = ORIENTED_EDGE ( 'NONE', *, *, #1446, .F. ) ;
#180 = FACE_OUTER_BOUND ( 'NONE', #1604, .T. ) ;
#181 = DIRECTION ( 'NONE',  ( 0.7071067811865457964, 0.000000000000000000, -0.7071067811865492381 ) ) ;
#182 = ORIENTED_EDGE ( 'NONE', *, *, #186, .F. ) ;
#183 = EDGE_CURVE ( 'NONE', #241, #432, #293, .T. ) ;
#184 = CARTESIAN_POINT ( 'NONE',  ( -217.5306770107216323, -39.86607716807483115, 36.42696741373971747 ) ) ;
#185 = EDGE_LOOP ( 'NONE', ( #692, #525, #1497, #1224 ) ) ;
#186 = EDGE_CURVE ( 'NONE', #1321, #452, #861, .T. ) ;
#187 = DIRECTION ( 'NONE',  ( -1.098835820790605852E-16, -1.000000000000000000, -9.516197353929899117E-17 ) ) ;
#188 = ORIENTED_EDGE ( 'NONE', *, *, #1438, .F. ) ;
#189 = CARTESIAN_POINT ( 'NONE',  ( -201.0683727322398511, -42.11607716807490220, 55.06429365103013396 ) ) ;
#190 = ORIENTED_EDGE ( 'NONE', *, *, #998, .T. ) ;
#191 = CARTESIAN_POINT ( 'NONE',  ( -230.6639907576322344, -41.86607716807490220, 55.42447128598400496 ) ) ;
#192 = AXIS2_PLACEMENT_3D ( 'NONE', #583, #969, #961 ) ;
#193 = ORIENTED_EDGE ( 'NONE', *, *, #226, .T. ) ;
#194 = AXIS2_PLACEMENT_3D ( 'NONE', #1672, #1376, #1502 ) ;
#195 = LINE ( 'NONE', #573, #82 ) ;
#196 = CONICAL_SURFACE ( 'NONE', #1143, 4.707106781186548794, 0.3926990816987233623 ) ;
#197 = DIRECTION ( 'NONE',  ( 0.000000000000000000, -1.000000000000000000, 0.000000000000000000 ) ) ;
#198 = EDGE_CURVE ( 'NONE', #1583, #305, #469, .T. ) ;
#199 = CARTESIAN_POINT ( 'NONE',  ( -200.4577221380243373, -41.93930047277830653, 54.09041685583621728 ) ) ;
#200 = ORIENTED_EDGE ( 'NONE', *, *, #804, .T. ) ;
#201 = CYLINDRICAL_SURFACE ( 'NONE', #975, 0.2500000000000039968 ) ;
#202 = ORIENTED_EDGE ( 'NONE', *, *, #335, .T. ) ;
#203 = LINE ( 'NONE', #1214, #893 ) ;
#204 =( NAMED_UNIT ( * ) PLANE_ANGLE_UNIT ( ) SI_UNIT ( $, .RADIAN. ) );
#205 = AXIS2_PLACEMENT_3D ( 'NONE', #1443, #933, #553 ) ;
#206 = ORIENTED_EDGE ( 'NONE', *, *, #1314, .F. ) ;
#207 = CARTESIAN_POINT ( 'NONE',  ( -230.9844988333209983, -41.86607716807490220, 13.92447128598400141 ) ) ;
#208 = VERTEX_POINT ( 'NONE', #1606 ) ;
#209 = DIRECTION ( 'NONE',  ( 1.985709089445912408E-12, -5.806166928204422415E-15, 1.000000000000000000 ) ) ;
#210 = CARTESIAN_POINT ( 'NONE',  ( -214.2344988333152287, -21.86607716807498036, 38.94047012369777150 ) ) ;
#211 = CIRCLE ( 'NONE', #1130, 5.148050297095273287 ) ;
#212 = CYLINDRICAL_SURFACE ( 'NONE', #1404, 5.999999999999998224 ) ;
#213 = ORIENTED_EDGE ( 'NONE', *, *, #670, .F. ) ;
#214 = EDGE_CURVE ( 'NONE', #454, #1666, #211, .T. ) ;
#215 = DIRECTION ( 'NONE',  ( 1.985709089445912408E-12, -5.806166928204422415E-15, 1.000000000000000000 ) ) ;
#216 = DIRECTION ( 'NONE',  ( 1.359479949940139901E-32, 1.000000000000000000, 1.959217086709239661E-16 ) ) ;
#217 = ORIENTED_EDGE ( 'NONE', *, *, #1255, .T. ) ;
#218 = FACE_OUTER_BOUND ( 'NONE', #1513, .T. ) ;
#219 = CONICAL_SURFACE ( 'NONE', #567, 4.999999999999997335, 0.7853981633974476129 ) ;
#220 = CIRCLE ( 'NONE', #1171, 3.999999999999996447 ) ;
#221 = VECTOR ( 'NONE', #1166, 1000.000000000000000 ) ;
#222 = CIRCLE ( 'NONE', #439, 0.2500000000000002220 ) ;
#223 = CARTESIAN_POINT ( 'NONE',  ( -204.0344988333210097, -42.11607716807490220, 13.67447128598400141 ) ) ;
#224 = ORIENTED_EDGE ( 'NONE', *, *, #886, .F. ) ;
#225 = CYLINDRICAL_SURFACE ( 'NONE', #1280, 0.2500000000000039968 ) ;
#226 = EDGE_CURVE ( 'NONE', #1120, #673, #131, .T. ) ;
#227 = ORIENTED_EDGE ( 'NONE', *, *, #1567, .F. ) ;
#228 = CARTESIAN_POINT ( 'NONE',  ( -216.6844988333209869, -46.86607716807490931, 38.67447128598400496 ) ) ;
#229 = DIRECTION ( 'NONE',  ( 0.000000000000000000, 1.000000000000000000, 0.000000000000000000 ) ) ;
#230 = DIRECTION ( 'NONE',  ( 0.000000000000000000, 0.000000000000000000, -1.000000000000000000 ) ) ;
#231 = MANIFOLD_SOLID_BREP ( 'Cut-Extrude6', #1516 ) ;
#232 = ORIENTED_EDGE ( 'NONE', *, *, #77, .F. ) ;
#233 = LINE ( 'NONE', #1528, #1173 ) ;
#234 = DIRECTION ( 'NONE',  ( 1.987299214079028592E-12, -5.551115123125777969E-15, 1.000000000000000000 ) ) ;
#235 = VERTEX_POINT ( 'NONE', #359 ) ;
#236 = DIRECTION ( 'NONE',  ( 1.935829361929038903E-15, 1.000000000000000000, 5.329070518196904119E-15 ) ) ;
#237 = DIRECTION ( 'NONE',  ( 1.984364153710150829E-12, -5.655761024418182776E-15, 1.000000000000000000 ) ) ;
#238 = EDGE_CURVE ( 'NONE', #1358, #584, #1545, .T. ) ;
#239 = B_SPLINE_CURVE_WITH_KNOTS ( 'NONE', 3,
 ( #1426, #279, #1462, #837 ),
 .UNSPECIFIED., .F., .F.,
 ( 4, 4 ),
 ( 4.124016483527463510E-07, 0.001085898971733153433 ),
 .UNSPECIFIED. ) ;
#240 = DIRECTION ( 'NONE',  ( 1.985169051108285068E-12, -4.741645822710872390E-15, 1.000000000000000000 ) ) ;
#241 = VERTEX_POINT ( 'NONE', #1383 ) ;
#242 = DIRECTION ( 'NONE',  ( 0.6546536707079800843, 0.000000000000000000, 0.7559289460184519527 ) ) ;
#243 = CARTESIAN_POINT ( 'NONE',  ( -230.9844988333209983, -46.86607716807490931, 13.67447128598400141 ) ) ;
#244 = ORIENTED_EDGE ( 'NONE', *, *, #214, .T. ) ;
#245 = CARTESIAN_POINT ( 'NONE',  ( -230.9844988333209983, -42.11607716807490220, 15.67447128598400319 ) ) ;
#246 = DIRECTION ( 'NONE',  ( -1.058905249410465713E-26, -1.000000000000000000, -5.329070518200750605E-15 ) ) ;
#247 = AXIS2_PLACEMENT_3D ( 'NONE', #1508, #894, #774 ) ;
#248 = ADVANCED_FACE ( 'NONE', ( #269 ), #1553, .T. ) ;
#249 = DIRECTION ( 'NONE',  ( -1.058905249410465713E-26, -1.000000000000000000, -5.329070518200750605E-15 ) ) ;
#250 = AXIS2_PLACEMENT_3D ( 'NONE', #549, #1176, #528 ) ;
#251 = AXIS2_PLACEMENT_3D ( 'NONE', #783, #895, #1045 ) ;
#252 = VECTOR ( 'NONE', #1473, 1000.000000000000000 ) ;
#253 = AXIS2_PLACEMENT_3D ( 'NONE', #124, #524, #1018 ) ;
#254 = VERTEX_POINT ( 'NONE', #516 ) ;
#255 = CARTESIAN_POINT ( 'NONE',  ( -214.2344988333271374, -22.86607716807491997, 35.41346470376531386 ) ) ;
#256 = DIRECTION ( 'NONE',  ( 1.000000000000000000, 0.000000000000000000, -8.881784197001280722E-15 ) ) ;
#257 = ORIENTED_EDGE ( 'NONE', *, *, #825, .T. ) ;
#258 = DIRECTION ( 'NONE',  ( 1.699243322734685064E-19, 1.000000000000000000, 1.960916330031974842E-16 ) ) ;
#259 = CARTESIAN_POINT ( 'NONE',  ( -217.1259894243238762, -39.64375676958341899, 36.42696741373872271 ) ) ;
#260 = AXIS2_PLACEMENT_3D ( 'NONE', #556, #43, #1072 ) ;
#261 = FACE_OUTER_BOUND ( 'NONE', #551, .T. ) ;
#262 = EDGE_CURVE ( 'NONE', #740, #1247, #99, .T. ) ;
#263 = VERTEX_POINT ( 'NONE', #1133 ) ;
#264 = ADVANCED_FACE ( 'NONE', ( #1034 ), #1669, .T. ) ;
#265 = LINE ( 'NONE', #874, #1279 ) ;
#266 = LINE ( 'NONE', #1296, #415 ) ;
#267 = ORIENTED_EDGE ( 'NONE', *, *, #804, .F. ) ;
#268 = DIRECTION ( 'NONE',  ( 1.989054036158821350E-12, -5.126427928244384866E-15, 1.000000000000000000 ) ) ;
#269 = FACE_OUTER_BOUND ( 'NONE', #887, .T. ) ;
#270 = FACE_OUTER_BOUND ( 'NONE', #1260, .T. ) ;
#271 = VECTOR ( 'NONE', #1098, 1000.000000000000000 ) ;
#272 = CARTESIAN_POINT ( 'NONE',  ( -215.4037774308281712, -38.63771576560873200, 36.42696741373438840 ) ) ;
#273 = DIRECTION ( 'NONE',  ( 1.987299214079028592E-12, -5.551115123125777969E-15, 1.000000000000000000 ) ) ;
#274 = EDGE_CURVE ( 'NONE', #282, #452, #1169, .T. ) ;
#275 = EDGE_LOOP ( 'NONE', ( #338, #1332, #193, #353 ) ) ;
#276 = CARTESIAN_POINT ( 'NONE',  ( -210.9383206559237180, -39.86607716807483115, 36.42696741372341762 ) ) ;
#277 = VECTOR ( 'NONE', #126, 1000.000000000000000 ) ;
#278 = AXIS2_PLACEMENT_3D ( 'NONE', #459, #1556, #379 ) ;
#279 = CARTESIAN_POINT ( 'NONE',  ( -215.7238199700182690, -38.81320828621261398, 36.42696741373518421 ) ) ;
#280 = CIRCLE ( 'NONE', #596, 2.500000000000023093 ) ;
#281 = CONICAL_SURFACE ( 'NONE', #1220, 4.390180644032258606, 0.09817477042468172876 ) ;
#282 = VERTEX_POINT ( 'NONE', #1292 ) ;
#283 = CARTESIAN_POINT ( 'NONE',  ( -202.7050069090097963, -42.11607716807490220, 55.42447128598400496 ) ) ;
#284 = ORIENTED_EDGE ( 'NONE', *, *, #484, .F. ) ;
#285 = DIRECTION ( 'NONE',  ( 1.984225095966406735E-12, -6.049466755995143159E-15, 1.000000000000000000 ) ) ;
#286 = CARTESIAN_POINT ( 'NONE',  ( -230.6639907576322344, -41.86607716807490220, 53.17447128598399786 ) ) ;
#287 = ORIENTED_EDGE ( 'NONE', *, *, #1206, .F. ) ;
#288 = CARTESIAN_POINT ( 'NONE',  ( -200.9702852709479259, -45.61607716807490931, 14.26025772361090560 ) ) ;
#289 = LINE ( 'NONE', #1328, #820 ) ;
#290 = ADVANCED_FACE ( 'NONE', ( #1652 ), #644, .T. ) ;
#291 = CYLINDRICAL_SURFACE ( 'NONE', #1142, 0.2499999999999991118 ) ;
#292 = DIRECTION ( 'NONE',  ( -1.058905249410465713E-26, -1.000000000000000000, -5.329070518200750605E-15 ) ) ;
#293 = CIRCLE ( 'NONE', #1053, 0.2500000000000002220 ) ;
#294 = ORIENTED_EDGE ( 'NONE', *, *, #965, .T. ) ;
#295 = CARTESIAN_POINT ( 'NONE',  ( -214.9839901253562005, -38.23680929060778055, 36.42696741373334390 ) ) ;
#296 = CARTESIAN_POINT ( 'NONE',  ( -214.2344988333437641, -32.82764772888128135, 27.02328405973306147 ) ) ;
#297 = ADVANCED_FACE ( 'NONE', ( #376 ), #1544, .F. ) ;
#298 = VECTOR ( 'NONE', #368, 1000.000000000000000 ) ;
#299 = EDGE_CURVE ( 'NONE', #18, #159, #385, .T. ) ;
#300 = ORIENTED_EDGE ( 'NONE', *, *, #1071, .F. ) ;
#301 = CIRCLE ( 'NONE', #813, 3.999999999999996447 ) ;
#302 = CARTESIAN_POINT ( 'NONE',  ( -214.7902167016426631, -38.11106370263862431, 36.42696741373286784 ) ) ;
#303 = AXIS2_PLACEMENT_3D ( 'NONE', #361, #747, #645 ) ;
#304 = AXIS2_PLACEMENT_3D ( 'NONE', #47, #593, #1362 ) ;
#305 = VERTEX_POINT ( 'NONE', #276 ) ;
#306 = EDGE_LOOP ( 'NONE', ( #1011, #1568, #1519, #58 ) ) ;
#307 = DIRECTION ( 'NONE',  ( 7.604055791902307732E-13, -0.9238795325112890700, 0.3826834323650841196 ) ) ;
#308 = DIRECTION ( 'NONE',  ( 1.000000000000000000, 4.388233298913669545E-17, -4.388233298914035009E-17 ) ) ;
#309 = ORIENTED_EDGE ( 'NONE', *, *, #552, .F. ) ;
#310 = ADVANCED_FACE ( 'NONE', ( #885 ), #1013, .T. ) ;
#311 = DIRECTION ( 'NONE',  ( 1.989149585786739340E-12, -5.782411586589358822E-15, 1.000000000000000000 ) ) ;
#312 = FACE_OUTER_BOUND ( 'NONE', #1542, .T. ) ;
#313 = CARTESIAN_POINT ( 'NONE',  ( -212.4592729176936814, -39.03518111545780300, 36.42696741372709823 ) ) ;
#314 = FACE_OUTER_BOUND ( 'NONE', #689, .T. ) ;
#315 = ORIENTED_EDGE ( 'NONE', *, *, #1549, .T. ) ;
#316 = CARTESIAN_POINT ( 'NONE',  ( -214.2344988333350670, -37.57318394926139860, 31.41346470376531741 ) ) ;
#317 = EDGE_CURVE ( 'NONE', #282, #1639, #1278, .T. ) ;
#318 = ORIENTED_EDGE ( 'NONE', *, *, #937, .F. ) ;
#319 = AXIS2_PLACEMENT_3D ( 'NONE', #456, #1599, #1374 ) ;
#320 = AXIS2_PLACEMENT_3D ( 'NONE', #491, #1283, #119 ) ;
#321 = CARTESIAN_POINT ( 'NONE',  ( -214.2344988333197477, -36.78921828968788077, 36.66010883563312461 ) ) ;
#322 = PLANE ( 'NONE',  #1574 ) ;
#323 = DIRECTION ( 'NONE',  ( 1.987299214079031419E-12, -5.551115123125785858E-15, 1.000000000000000000 ) ) ;
#324 = ORIENTED_EDGE ( 'NONE', *, *, #1163, .T. ) ;
#325 = CIRCLE ( 'NONE', #1450, 4.780361288064520764 ) ;
#326 = FACE_OUTER_BOUND ( 'NONE', #38, .T. ) ;
#327 = LINE ( 'NONE', #844, #946 ) ;
#328 = AXIS2_PLACEMENT_3D ( 'NONE', #156, #542, #434 ) ;
#329 = ORIENTED_EDGE ( 'NONE', *, *, #122, .T. ) ;
#330 = ADVANCED_FACE ( 'NONE', ( #1154 ), #624, .T. ) ;
#331 = AXIS2_PLACEMENT_3D ( 'NONE', #786, #1295, #902 ) ;
#332 = FACE_BOUND ( 'NONE', #130, .T. ) ;
#333 = VECTOR ( 'NONE', #620, 1000.000000000000000 ) ;
#334 = DIRECTION ( 'NONE',  ( 1.058905249410465713E-26, 1.000000000000000000, 5.329070518200750605E-15 ) ) ;
#335 = EDGE_CURVE ( 'NONE', #833, #1303, #1172, .T. ) ;
#336 = CARTESIAN_POINT ( 'NONE',  ( -200.3844988333210040, -42.11607716807490931, 54.10465528426891524 ) ) ;
#337 = AXIS2_PLACEMENT_3D ( 'NONE', #819, #701, #1336 ) ;
#338 = ORIENTED_EDGE ( 'NONE', *, *, #585, .T. ) ;
#339 = FACE_OUTER_BOUND ( 'NONE', #972, .T. ) ;
#340 = EDGE_LOOP ( 'NONE', ( #57, #560, #380, #831 ) ) ;
#341 = CARTESIAN_POINT ( 'NONE',  ( -214.2344988333187814, -28.85163134809159047, 37.14641870270898494 ) ) ;
#342 = DIRECTION ( 'NONE',  ( -1.669508307707000005E-16, 0.000000000000000000, 1.000000000000000000 ) ) ;
#343 = B_SPLINE_CURVE_WITH_KNOTS ( 'NONE', 3,
 ( #657, #7, #363, #758, #666, #16, #536, #578 ),
 .UNSPECIFIED., .F., .F.,
 ( 4, 2, 2, 4 ),
 ( 2.642734763976761252E-07, 0.0006943695248511553945, 0.001041422150538528655, 0.001388474776225901916 ),
 .UNSPECIFIED. ) ;
#344 = ADVANCED_FACE ( 'NONE', ( #5 ), #407, .T. ) ;
#345 = CARTESIAN_POINT ( 'NONE',  ( -200.4118149734342182, -41.98520763736846817, 54.09941298571899893 ) ) ;
#346 = ORIENTED_EDGE ( 'NONE', *, *, #1549, .F. ) ;
#347 = CARTESIAN_POINT ( 'NONE',  ( -214.2344988333350670, -35.75189646684180644, 31.41346470376531741 ) ) ;
#348 = VERTEX_POINT ( 'NONE', #635 ) ;
#349 = DIRECTION ( 'NONE',  ( 9.796085433546198305E-17, 1.000000000000000000, 9.796085433546198305E-17 ) ) ;
#350 = DIRECTION ( 'NONE',  ( -1.000000000000000000, 0.000000000000000000, 0.000000000000000000 ) ) ;
#351 = DIRECTION ( 'NONE',  ( 1.985169051108285068E-12, -4.741645822710872390E-15, 1.000000000000000000 ) ) ;
#352 = ADVANCED_FACE ( 'NONE', ( #1006 ), #1466, .T. ) ;
#353 = ORIENTED_EDGE ( 'NONE', *, *, #442, .F. ) ;
#354 = EDGE_CURVE ( 'NONE', #661, #580, #220, .T. ) ;
#355 = DIRECTION ( 'NONE',  ( 1.989149585786739340E-12, -5.782411586589358822E-15, 1.000000000000000000 ) ) ;
#356 = ORIENTED_EDGE ( 'NONE', *, *, #317, .F. ) ;
#357 = CIRCLE ( 'NONE', #864, 3.999999999999996447 ) ;
#358 = DIRECTION ( 'NONE',  ( -9.750522161992623017E-14, -0.9987954562051720719, -0.04906767432742313584 ) ) ;
#359 = CARTESIAN_POINT ( 'NONE',  ( -230.6639907576322344, -46.86607716807490931, 55.67447128598399786 ) ) ;
#360 = AXIS2_PLACEMENT_3D ( 'NONE', #1392, #1509, #351 ) ;
#361 = CARTESIAN_POINT ( 'NONE',  ( -230.9844988333209983, -42.11607716807490220, 13.92447128598400141 ) ) ;
#362 = ORIENTED_EDGE ( 'NONE', *, *, #947, .T. ) ;
#363 = CARTESIAN_POINT ( 'NONE',  ( -213.3863663391607020, -38.30087621539087195, 36.42696741372937907 ) ) ;
#364 = DIRECTION ( 'NONE',  ( 1.058905249410465713E-26, 1.000000000000000000, 5.329070518200750605E-15 ) ) ;
#365 = CYLINDRICAL_SURFACE ( 'NONE', #1483, 3.999999999999996447 ) ;
#366 = ADVANCED_FACE ( 'NONE', ( #1051, #1430 ), #795, .T. ) ;
#367 = ORIENTED_EDGE ( 'NONE', *, *, #1349, .T. ) ;
#368 = DIRECTION ( 'NONE',  ( 1.000000000000000000, 3.600203819994870146E-33, -8.776466597827340322E-17 ) ) ;
#369 = DIRECTION ( 'NONE',  ( 0.000000000000000000, -1.000000000000000000, 0.000000000000000000 ) ) ;
#370 = VECTOR ( 'NONE', #431, 1000.000000000000000 ) ;
#371 = VERTEX_POINT ( 'NONE', #425 ) ;
#372 = DIRECTION ( 'NONE',  ( -1.058905249410465713E-26, -1.000000000000000000, -5.329070518200750605E-15 ) ) ;
#373 = CARTESIAN_POINT ( 'NONE',  ( -214.2344988333350670, -31.86607716807479562, 31.41346470376531741 ) ) ;
#374 = ORIENTED_EDGE ( 'NONE', *, *, #64, .T. ) ;
#375 = EDGE_CURVE ( 'NONE', #1658, #1348, #1579, .T. ) ;
#376 = FACE_OUTER_BOUND ( 'NONE', #1138, .T. ) ;
#377 = VERTEX_POINT ( 'NONE', #1078 ) ;
#378 = FACE_OUTER_BOUND ( 'NONE', #1050, .T. ) ;
#379 = DIRECTION ( 'NONE',  ( -0.7071067811865440200, 0.000000000000000000, -0.7071067811865510144 ) ) ;
#380 = ORIENTED_EDGE ( 'NONE', *, *, #1584, .T. ) ;
#381 = CARTESIAN_POINT ( 'NONE',  ( -214.2344988333350670, -39.28029073044790920, 31.41346470376531741 ) ) ;
#382 = FACE_OUTER_BOUND ( 'NONE', #185, .T. ) ;
#383 = ORIENTED_EDGE ( 'NONE', *, *, #702, .F. ) ;
#384 = CARTESIAN_POINT ( 'NONE',  ( -214.2344988333350670, -16.86607716807499102, 31.41346470376531741 ) ) ;
#385 = LINE ( 'NONE', #1300, #617 ) ;
#386 = VECTOR ( 'NONE', #160, 1000.000000000000000 ) ;
#387 = VECTOR ( 'NONE', #358, 1000.000000000000114 ) ;
#388 = ORIENTED_EDGE ( 'NONE', *, *, #412, .T. ) ;
#389 = EDGE_CURVE ( 'NONE', #977, #1595, #457, .T. ) ;
#390 = CARTESIAN_POINT ( 'NONE',  ( -214.2344988332983178, -41.86607716807490220, 47.44047012369765071 ) ) ;
#391 = CONICAL_SURFACE ( 'NONE', #1327, 4.390180644032258606, 0.09817477042468172876 ) ;
#392 = CIRCLE ( 'NONE', #1112, 0.2500000000000036637 ) ;
#393 = AXIS2_PLACEMENT_3D ( 'NONE', #976, #697, #1212 ) ;
#394 = ORIENTED_EDGE ( 'NONE', *, *, #564, .F. ) ;
#395 = CARTESIAN_POINT ( 'NONE',  ( -210.9383206559237180, -39.86607716807483115, 36.42696741372341762 ) ) ;
#396 = DIRECTION ( 'NONE',  ( 0.000000000000000000, 0.000000000000000000, 1.000000000000000000 ) ) ;
#397 = ORIENTED_EDGE ( 'NONE', *, *, #518, .F. ) ;
#398 = DIRECTION ( 'NONE',  ( 0.000000000000000000, 0.000000000000000000, -1.000000000000000000 ) ) ;
#399 = CARTESIAN_POINT ( 'NONE',  ( -200.3844988333210040, -46.86607716807490931, 54.10465528426773574 ) ) ;
#400 = CIRCLE ( 'NONE', #1489, 2.499999999999993339 ) ;
#401 = VECTOR ( 'NONE', #1461, 1000.000000000000114 ) ;
#402 = EDGE_LOOP ( 'NONE', ( #49, #1408, #696, #618 ) ) ;
#403 = EDGE_CURVE ( 'NONE', #612, #770, #808, .T. ) ;
#404 = CARTESIAN_POINT ( 'NONE',  ( -210.9383206559235759, -41.86607716807490220, 36.42696741372331815 ) ) ;
#405 = CARTESIAN_POINT ( 'NONE',  ( -202.3844988333210324, -41.86607716807490220, 13.92447128598400141 ) ) ;
#406 = ORIENTED_EDGE ( 'NONE', *, *, #183, .T. ) ;
#407 = CYLINDRICAL_SURFACE ( 'NONE', #320, 3.999999999999996447 ) ;
#408 = VERTEX_POINT ( 'NONE', #1561 ) ;
#409 = CARTESIAN_POINT ( 'NONE',  ( -214.2344988333193498, -34.83718552810808688, 36.85236728172027654 ) ) ;
#410 = ADVANCED_FACE ( 'NONE', ( #146 ), #940, .T. ) ;
#411 = ORIENTED_EDGE ( 'NONE', *, *, #317, .T. ) ;
#412 = EDGE_CURVE ( 'NONE', #408, #1612, #1134, .T. ) ;
#413 = LINE ( 'NONE', #1185, #1401 ) ;
#414 = CARTESIAN_POINT ( 'NONE',  ( -202.7050069090097963, -42.11607716807490220, 55.42447128598400496 ) ) ;
#415 = VECTOR ( 'NONE', #133, 1000.000000000000000 ) ;
#416 = CIRCLE ( 'NONE', #278, 1.749999999999992673 ) ;
#417 = AXIS2_PLACEMENT_3D ( 'NONE', #87, #1230, #1000 ) ;
#418 = AXIS2_PLACEMENT_3D ( 'NONE', #487, #772, #1395 ) ;
#419 = ORIENTED_EDGE ( 'NONE', *, *, #927, .F. ) ;
#420 = CARTESIAN_POINT ( 'NONE',  ( -230.9844988333209983, -45.61607716807490931, 15.67447128598400319 ) ) ;
#421 = EDGE_CURVE ( 'NONE', #873, #823, #1334, .T. ) ;
#422 = ORIENTED_EDGE ( 'NONE', *, *, #1010, .F. ) ;
#423 = DIRECTION ( 'NONE',  ( 0.000000000000000000, 0.000000000000000000, 1.000000000000000000 ) ) ;
#424 = ORIENTED_EDGE ( 'NONE', *, *, #122, .F. ) ;
#425 = CARTESIAN_POINT ( 'NONE',  ( -214.2344988333000231, -38.63771576560883148, 46.58852042079290356 ) ) ;
#426 = ORIENTED_EDGE ( 'NONE', *, *, #755, .T. ) ;
#427 = EDGE_CURVE ( 'NONE', #40, #1063, #801, .T. ) ;
#428 = CARTESIAN_POINT ( 'NONE',  ( -202.7050069090097963, -46.86607716807490931, 55.67447128598399786 ) ) ;
#429 = DIRECTION ( 'NONE',  ( -2.980490962685554734E-18, 1.000000000000000000, 1.993632831901714969E-16 ) ) ;
#430 = ORIENTED_EDGE ( 'NONE', *, *, #729, .T. ) ;
#431 = DIRECTION ( 'NONE',  ( 1.000000000000000000, -1.359479949940139901E-32, 0.000000000000000000 ) ) ;
#432 = VERTEX_POINT ( 'NONE', #949 ) ;
#433 = EDGE_CURVE ( 'NONE', #1393, #1666, #690, .T. ) ;
#434 = DIRECTION ( 'NONE',  ( 1.989453639943239750E-12, -5.391473278978969663E-15, 1.000000000000000000 ) ) ;
#435 = AXIS2_PLACEMENT_3D ( 'NONE', #989, #1164, #230 ) ;
#436 = VERTEX_POINT ( 'NONE', #151 ) ;
#437 = AXIS2_PLACEMENT_3D ( 'NONE', #381, #1550, #749 ) ;
#438 = DIRECTION ( 'NONE',  ( 9.749921256287442381E-14, -0.9987954562051726271, 0.04906767432741249851 ) ) ;
#439 = AXIS2_PLACEMENT_3D ( 'NONE', #1656, #256, #505 ) ;
#440 = ORIENTED_EDGE ( 'NONE', *, *, #755, .F. ) ;
#441 = DIRECTION ( 'NONE',  ( 1.989149585786739340E-12, -5.782411586589358822E-15, 1.000000000000000000 ) ) ;
#442 = EDGE_CURVE ( 'NONE', #1346, #673, #39, .T. ) ;
#443 = CARTESIAN_POINT ( 'NONE',  ( -214.2344988333102549, -28.85163134809161534, 41.44047012369766492 ) ) ;
#444 = ORIENTED_EDGE ( 'NONE', *, *, #299, .F. ) ;
#445 = CARTESIAN_POINT ( 'NONE',  ( -230.6639907576322344, -42.11607716807490220, 53.17447128598399786 ) ) ;
#446 = ORIENTED_EDGE ( 'NONE', *, *, #1136, .T. ) ;
#447 = DIRECTION ( 'NONE',  ( -1.168682822549645959E-31, -1.000000000000000000, -1.959217086709239661E-16 ) ) ;
#448 = CARTESIAN_POINT ( 'NONE',  ( -214.2344988333429967, -31.86607716807477431, 27.41346470376531741 ) ) ;
#449 = CARTESIAN_POINT ( 'NONE',  ( -216.2786365674583919, -39.28029073044793051, 36.42696741373944747 ) ) ;
#450 = DIRECTION ( 'NONE',  ( 0.7071067811865457964, 0.000000000000000000, -0.7071067811865492381 ) ) ;
#451 = EDGE_CURVE ( 'NONE', #584, #1658, #1325, .T. ) ;
#452 = VERTEX_POINT ( 'NONE', #1199 ) ;
#453 = CARTESIAN_POINT ( 'NONE',  ( -232.7344988333209983, -41.86607716807490931, 54.05509396824212587 ) ) ;
#454 = VERTEX_POINT ( 'NONE', #685 ) ;
#455 = CARTESIAN_POINT ( 'NONE',  ( -200.9702852709479259, -46.86607716807490931, 14.26025772361090382 ) ) ;
#456 = CARTESIAN_POINT ( 'NONE',  ( -214.2344988333102549, -34.83718552810810820, 41.44047012369766492 ) ) ;
#457 = B_SPLINE_CURVE_WITH_KNOTS ( 'NONE', 3,
 ( #547, #789, #1307, #1069, #302, #295, #561, #1581, #817, #1570 ),
 .UNSPECIFIED., .F., .F.,
 ( 4, 2, 2, 2, 4 ),
 ( 0.001388474776225901916, 0.001735275822069834396, 0.002082076867913766876, 0.002428877913757699139, 0.002775678959601631836 ),
 .UNSPECIFIED. ) ;
#458 = CARTESIAN_POINT ( 'NONE',  ( -202.3844988333210324, -45.61607716807490931, 15.67447128598400319 ) ) ;
#459 = CARTESIAN_POINT ( 'NONE',  ( -230.9844988333209983, -41.86607716807490220, 15.67447128598400319 ) ) ;
#460 = ORIENTED_EDGE ( 'NONE', *, *, #1389, .T. ) ;
#461 = CIRCLE ( 'NONE', #1028, 1.999999999999997780 ) ;
#462 = CARTESIAN_POINT ( 'NONE',  ( -214.2344988333023252, -31.86607716807501234, 45.44047012369765781 ) ) ;
#463 = DIRECTION ( 'NONE',  ( 1.984523656517468932E-12, -5.204170427930426016E-15, 1.000000000000000000 ) ) ;
#464 = ORIENTED_EDGE ( 'NONE', *, *, #433, .F. ) ;
#465 = EDGE_CURVE ( 'NONE', #73, #826, #413, .T. ) ;
#466 = CIRCLE ( 'NONE', #194, 2.500000000000011546 ) ;
#467 = CARTESIAN_POINT ( 'NONE',  ( -230.9844988333209983, -41.93930047277825679, 13.74769459068736843 ) ) ;
#468 = AXIS2_PLACEMENT_3D ( 'NONE', #347, #1086, #1370 ) ;
#469 = LINE ( 'NONE', #81, #509 ) ;
#470 = DIRECTION ( 'NONE',  ( -1.359479949940139901E-32, -1.000000000000000000, 0.000000000000000000 ) ) ;
#471 = ORIENTED_EDGE ( 'NONE', *, *, #403, .T. ) ;
#472 = DIRECTION ( 'NONE',  ( -1.058905249410465713E-26, -1.000000000000000000, -5.329070518200750605E-15 ) ) ;
#473 = DIRECTION ( 'NONE',  ( 1.000000000000000000, 0.000000000000000000, 0.000000000000000000 ) ) ;
#474 = ORIENTED_EDGE ( 'NONE', *, *, #274, .T. ) ;
#475 = LINE ( 'NONE', #341, #1427 ) ;
#476 = SURFACE_STYLE_FILL_AREA ( #1628 ) ;
#477 = EDGE_CURVE ( 'NONE', #305, #584, #1510, .T. ) ;
#478 = ADVANCED_FACE ( 'NONE', ( #917 ), #668, .T. ) ;
#479 = CARTESIAN_POINT ( 'NONE',  ( -200.3844988333210040, -42.11607716807490931, 54.10465528426891524 ) ) ;
#480 = EDGE_LOOP ( 'NONE', ( #1077, #1527, #1335, #721 ) ) ;
#481 = DIRECTION ( 'NONE',  ( -2.980490962685554734E-18, 1.000000000000000000, 1.993632831901714969E-16 ) ) ;
#482 = ORIENTED_EDGE ( 'NONE', *, *, #64, .F. ) ;
#483 = DIRECTION ( 'NONE',  ( 1.000000000000000000, -5.473822126268819114E-48, -8.776466597827340322E-17 ) ) ;
#484 = EDGE_CURVE ( 'NONE', #1321, #32, #1647, .T. ) ;
#485 = DIRECTION ( 'NONE',  ( -1.000000000000000000, 0.000000000000000000, 1.756682000989170009E-17 ) ) ;
#486 = ADVANCED_FACE ( 'NONE', ( #67 ), #1536, .T. ) ;
#487 = CARTESIAN_POINT ( 'NONE',  ( -214.2344988333350670, -41.86607716807490220, 31.41346470376530675 ) ) ;
#488 = ORIENTED_EDGE ( 'NONE', *, *, #1671, .T. ) ;
#489 = CIRCLE ( 'NONE', #970, 2.500000000000002220 ) ;
#490 = LINE ( 'NONE', #1514, #298 ) ;
#491 = CARTESIAN_POINT ( 'NONE',  ( -214.2344988333102549, -31.86607716807499102, 41.44047012369766492 ) ) ;
#492 = CIRCLE ( 'NONE', #303, 0.2500000000000002220 ) ;
#493 = CARTESIAN_POINT ( 'NONE',  ( -232.9571003360896100, -41.98512528025019463, 54.09939684672763605 ) ) ;
#494 = ORIENTED_EDGE ( 'NONE', *, *, #495, .F. ) ;
#495 = EDGE_CURVE ( 'NONE', #584, #997, #1107, .T. ) ;
#496 = CIRCLE ( 'NONE', #173, 0.2500000000000002220 ) ;
#497 = CARTESIAN_POINT ( 'NONE',  ( -214.2344988333350670, -46.86607716807490931, 31.41346470376521438 ) ) ;
#498 = CYLINDRICAL_SURFACE ( 'NONE', #942, 3.999999999999996447 ) ;
#499 = ORIENTED_EDGE ( 'NONE', *, *, #112, .F. ) ;
#500 = CARTESIAN_POINT ( 'NONE',  ( -202.3844988333210324, -42.11607716807490220, 13.92447128598400141 ) ) ;
#501 = DIRECTION ( 'NONE',  ( -0.000000000000000000, 1.000000000000000000, -0.000000000000000000 ) ) ;
#502 = DIRECTION ( 'NONE',  ( -1.058905249410465713E-26, -1.000000000000000000, -5.329070518200750605E-15 ) ) ;
#503 = ORIENTED_EDGE ( 'NONE', *, *, #238, .F. ) ;
#504 = CARTESIAN_POINT ( 'NONE',  ( -202.7050069090097963, -46.86607716807490931, 53.17447128598399786 ) ) ;
#505 = DIRECTION ( 'NONE',  ( 0.000000000000000000, 0.000000000000000000, -1.000000000000000000 ) ) ;
#506 = ORIENTED_EDGE ( 'NONE', *, *, #545, .F. ) ;
#507 = FACE_OUTER_BOUND ( 'NONE', #1094, .T. ) ;
#508 = CARTESIAN_POINT ( 'NONE',  ( -200.6344988333210040, -41.86607716807490220, 54.05509396824214008 ) ) ;
#509 = VECTOR ( 'NONE', #1493, 1000.000000000000000 ) ;
#510 = CARTESIAN_POINT ( 'NONE',  ( -200.4577221380243657, -41.93930047277826390, 15.67447128598400319 ) ) ;
#511 = ORIENTED_EDGE ( 'NONE', *, *, #1071, .T. ) ;
#512 = LINE ( 'NONE', #123, #841 ) ;
#513 = DIRECTION ( 'NONE',  ( -1.000000000000000000, 0.000000000000000000, 0.000000000000000000 ) ) ;
#514 = VERTEX_POINT ( 'NONE', #579 ) ;
#515 = LINE ( 'NONE', #1132, #1479 ) ;
#516 = CARTESIAN_POINT ( 'NONE',  ( -214.2344988333443609, -34.83718552810796609, 26.82536186178795035 ) ) ;
#517 = AXIS2_PLACEMENT_3D ( 'NONE', #1386, #910, #144 ) ;
#518 = EDGE_CURVE ( 'NONE', #348, #1318, #991, .T. ) ;
#519 = AXIS2_PLACEMENT_3D ( 'NONE', #148, #292, #806 ) ;
#520 = CIRCLE ( 'NONE', #1246, 2.249999999999995559 ) ;
#521 = B_SPLINE_CURVE_WITH_KNOTS ( 'NONE', 3,
 ( #920, #313, #1444, #828 ),
 .UNSPECIFIED., .F., .F.,
 ( 4, 4 ),
 ( 2.952302654469073802E-07, 0.001085781800357190100 ),
 .UNSPECIFIED. ) ;
#522 = VECTOR ( 'NONE', #167, 1000.000000000000000 ) ;
#523 = CARTESIAN_POINT ( 'NONE',  ( -211.3430082423195415, -39.64375676958445638, 36.42696741372441238 ) ) ;
#524 = DIRECTION ( 'NONE',  ( 1.058905249410465713E-26, 1.000000000000000000, 5.329070518200750605E-15 ) ) ;
#525 = ORIENTED_EDGE ( 'NONE', *, *, #585, .F. ) ;
#526 = DIRECTION ( 'NONE',  ( 1.098835820790605852E-16, 1.000000000000000000, 9.516197353929899117E-17 ) ) ;
#527 = ADVANCED_FACE ( 'NONE', ( #339 ), #201, .T. ) ;
#528 = DIRECTION ( 'NONE',  ( 0.000000000000000000, 0.7071067811865648922, -0.7071067811865302533 ) ) ;
#529 = DIRECTION ( 'NONE',  ( 1.989453639943239750E-12, -5.391473278978969663E-15, 1.000000000000000000 ) ) ;
#530 = EDGE_LOOP ( 'NONE', ( #503, #166, #859, #554 ) ) ;
#531 = DIRECTION ( 'NONE',  ( 1.989149585786739340E-12, -5.782411586589358822E-15, 1.000000000000000000 ) ) ;
#532 = ORIENTED_EDGE ( 'NONE', *, *, #825, .F. ) ;
#533 =( GEOMETRIC_REPRESENTATION_CONTEXT ( 3 ) GLOBAL_UNCERTAINTY_ASSIGNED_CONTEXT ( ( #663 ) ) GLOBAL_UNIT_ASSIGNED_CONTEXT ( ( #738, #204, #718 ) ) REPRESENTATION_CONTEXT ( 'NONE', 'WORKASPACE' ) );
#534 = EDGE_CURVE ( 'NONE', #1348, #1583, #28, .T. ) ;
#535 = ORIENTED_EDGE ( 'NONE', *, *, #375, .T. ) ;
#536 = CARTESIAN_POINT ( 'NONE',  ( -214.1177051399825757, -37.96129936726416787, 36.42696741373120517 ) ) ;
#537 = DIRECTION ( 'NONE',  ( 1.984523656517468932E-12, -5.204170427930426016E-15, 1.000000000000000000 ) ) ;
#538 = EDGE_LOOP ( 'NONE', ( #1290, #1179, #1575, #913 ) ) ;
#539 = CARTESIAN_POINT ( 'NONE',  ( -214.2344988333265405, -28.85163134809152652, 35.70751612475400094 ) ) ;
#540 = CIRCLE ( 'NONE', #811, 4.780361288064520764 ) ;
#541 = VECTOR ( 'NONE', #55, 1000.000000000000000 ) ;
#542 = DIRECTION ( 'NONE',  ( 1.058905249410465713E-26, 1.000000000000000000, 5.329070518200750605E-15 ) ) ;
#543 = CONICAL_SURFACE ( 'NONE', #50, 4.707106781186548794, 0.3926990816987233623 ) ;
#544 = AXIS2_PLACEMENT_3D ( 'NONE', #1416, #1259, #104 ) ;
#545 = EDGE_CURVE ( 'NONE', #770, #32, #627, .T. ) ;
#546 = ORIENTED_EDGE ( 'NONE', *, *, #183, .F. ) ;
#547 = CARTESIAN_POINT ( 'NONE',  ( -214.2344988333250910, -37.96129936726445209, 36.42696741373148228 ) ) ;
#548 = DIRECTION ( 'NONE',  ( 9.695610106392810070E-17, 1.000000000000000000, 8.396644657325319524E-17 ) ) ;
#549 = CARTESIAN_POINT ( 'NONE',  ( -204.0344988333210097, -42.11607716807490220, 13.92447128598400141 ) ) ;
#550 = PRODUCT_CONTEXT ( 'NONE', #1372, 'mechanical' ) ;
#551 = EDGE_LOOP ( 'NONE', ( #419, #1648, #78, #706 ) ) ;
#552 = EDGE_CURVE ( 'NONE', #45, #1612, #76, .T. ) ;
#553 = DIRECTION ( 'NONE',  ( -1.987035536110681733E-12, 5.329070518200750605E-15, -1.000000000000000000 ) ) ;
#554 = ORIENTED_EDGE ( 'NONE', *, *, #477, .T. ) ;
#555 = EDGE_CURVE ( 'NONE', #32, #282, #850, .T. ) ;
#556 = CARTESIAN_POINT ( 'NONE',  ( -214.2344988333102549, -35.75189646684190592, 41.44047012369766492 ) ) ;
#557 = B_SPLINE_CURVE_WITH_KNOTS ( 'NONE', 3,
 ( #395, #523, #1415, #1049 ),
 .UNSPECIFIED., .F., .F.,
 ( 4, 4 ),
 ( 4.144939147032267224E-07, 0.001382713673465040937 ),
 .UNSPECIFIED. ) ;
#558 = DIRECTION ( 'NONE',  ( -9.796085433546198305E-17, 1.000000000000000000, 9.796085433546188445E-17 ) ) ;
#559 = STYLED_ITEM ( 'NONE', ( #1470 ), #231 ) ;
#560 = ORIENTED_EDGE ( 'NONE', *, *, #670, .T. ) ;
#561 = CARTESIAN_POINT ( 'NONE',  ( -215.0754819541814982, -38.30993414462028568, 36.42696741373356417 ) ) ;
#562 = ORIENTED_EDGE ( 'NONE', *, *, #699, .F. ) ;
#563 = ORIENTED_EDGE ( 'NONE', *, *, #980, .F. ) ;
#564 = EDGE_CURVE ( 'NONE', #826, #1560, #675, .T. ) ;
#565 = DIRECTION ( 'NONE',  ( 9.796085433546198305E-17, 1.000000000000000000, 9.796085433546198305E-17 ) ) ;
#566 = AXIS2_PLACEMENT_3D ( 'NONE', #1178, #1043, #273 ) ;
#567 = AXIS2_PLACEMENT_3D ( 'NONE', #1156, #502, #1661 ) ;
#568 = ORIENTED_EDGE ( 'NONE', *, *, #226, .F. ) ;
#569 = AXIS2_PLACEMENT_3D ( 'NONE', #1017, #364, #1042 ) ;
#570 = AXIS2_PLACEMENT_3D ( 'NONE', #19, #11, #531 ) ;
#571 = FACE_OUTER_BOUND ( 'NONE', #730, .T. ) ;
#572 = EDGE_LOOP ( 'NONE', ( #1155, #925, #1101, #190 ) ) ;
#573 = CARTESIAN_POINT ( 'NONE',  ( -229.3344988333209926, -41.86607716807490220, 55.42447128598400496 ) ) ;
#574 = CARTESIAN_POINT ( 'NONE',  ( -200.3844988333210040, -44.36607716807490220, 38.67447128598400496 ) ) ;
#575 = LINE ( 'NONE', #1594, #896 ) ;
#576 = EDGE_LOOP ( 'NONE', ( #1229, #1079, #257, #735 ) ) ;
#577 = ORIENTED_EDGE ( 'NONE', *, *, #1431, .T. ) ;
#578 = CARTESIAN_POINT ( 'NONE',  ( -214.2344988333250910, -37.96129936726445209, 36.42696741373148228 ) ) ;
#579 = CARTESIAN_POINT ( 'NONE',  ( -214.2344988333400408, -46.86607716807490931, 28.91346470376519306 ) ) ;
#580 = VERTEX_POINT ( 'NONE', #88 ) ;
#581 = CARTESIAN_POINT ( 'NONE',  ( -232.7344988333209983, -41.86607716807490931, 54.05509396824212587 ) ) ;
#582 = CARTESIAN_POINT ( 'NONE',  ( -200.4577221380243657, -41.93930047277826390, 38.67447128598400496 ) ) ;
#583 = CARTESIAN_POINT ( 'NONE',  ( -214.2344988333102549, -28.85163134809161534, 41.44047012369766492 ) ) ;
#584 = VERTEX_POINT ( 'NONE', #184 ) ;
#585 = EDGE_CURVE ( 'NONE', #1346, #263, #1613, .T. ) ;
#586 = CARTESIAN_POINT ( 'NONE',  ( -202.3844988333210324, -41.86607716807490220, 15.67447128598400319 ) ) ;
#587 = ORIENTED_EDGE ( 'NONE', *, *, #654, .T. ) ;
#588 = DIRECTION ( 'NONE',  ( 1.984364153710150829E-12, -5.655761024418182776E-15, 1.000000000000000000 ) ) ;
#589 = DIRECTION ( 'NONE',  ( -1.058905249410465713E-26, -1.000000000000000000, -5.329070518200750605E-15 ) ) ;
#590 = DIRECTION ( 'NONE',  ( -1.000000000000000000, 0.000000000000000000, 0.000000000000000000 ) ) ;
#591 = EDGE_LOOP ( 'NONE', ( #1274, #324 ) ) ;
#592 = AXIS2_PLACEMENT_3D ( 'NONE', #1664, #513, #396 ) ;
#593 = DIRECTION ( 'NONE',  ( 9.695610106392810070E-17, 1.000000000000000000, 8.396644657325319524E-17 ) ) ;
#594 = EDGE_CURVE ( 'NONE', #873, #208, #1620, .T. ) ;
#595 = ORIENTED_EDGE ( 'NONE', *, *, #262, .F. ) ;
#596 = AXIS2_PLACEMENT_3D ( 'NONE', #497, #116, #890 ) ;
#597 = CARTESIAN_POINT ( 'NONE',  ( -200.9702852709479259, -42.11607716807490220, 14.26025772361090382 ) ) ;
#598 = AXIS2_PLACEMENT_3D ( 'NONE', #283, #1577, #1056 ) ;
#599 = CARTESIAN_POINT ( 'NONE',  ( -214.2344988333350670, -38.63771576560870358, 31.41346470376531741 ) ) ;
#600 = EDGE_CURVE ( 'NONE', #514, #667, #1038, .T. ) ;
#601 = LINE ( 'NONE', #1119, #679 ) ;
#602 = EDGE_LOOP ( 'NONE', ( #604, #411, #1184, #880, #934, #1530, #1144 ) ) ;
#603 = CARTESIAN_POINT ( 'NONE',  ( -214.2344988333350670, -16.86607716807499102, 31.41346470376531741 ) ) ;
#604 = ORIENTED_EDGE ( 'NONE', *, *, #274, .F. ) ;
#605 = DIRECTION ( 'NONE',  ( 1.987299214079028592E-12, -5.551115123125777969E-15, 1.000000000000000000 ) ) ;
#606 = CARTESIAN_POINT ( 'NONE',  ( -202.3844988333210324, -45.61607716807490931, 13.67447128598400141 ) ) ;
#607 = EDGE_CURVE ( 'NONE', #1396, #235, #1455, .T. ) ;
#608 = LINE ( 'NONE', #223, #1304 ) ;
#609 = EDGE_LOOP ( 'NONE', ( #482, #422, #1027, #1458 ) ) ;
#610 = DIRECTION ( 'NONE',  ( 1.058905249410465713E-26, 1.000000000000000000, 5.329070518200750605E-15 ) ) ;
#611 = CARTESIAN_POINT ( 'NONE',  ( -214.2344988333023252, -16.86607716807501234, 45.44047012369779992 ) ) ;
#612 = VERTEX_POINT ( 'NONE', #207 ) ;
#613 = DIRECTION ( 'NONE',  ( 1.987299214079028592E-12, -5.551115123125777969E-15, 1.000000000000000000 ) ) ;
#614 = CARTESIAN_POINT ( 'NONE',  ( -214.2344988333102549, -21.86607716807499457, 41.44047012369777150 ) ) ;
#615 = COLOUR_RGB ( '',0.7921568627450980005, 0.8196078431372548767, 0.9333333333333333481 ) ;
#616 = EDGE_CURVE ( 'NONE', #857, #1403, #1003, .T. ) ;
#617 = VECTOR ( 'NONE', #1146, 1000.000000000000000 ) ;
#618 = ORIENTED_EDGE ( 'NONE', *, *, #1010, .T. ) ;
#619 = DIRECTION ( 'NONE',  ( 0.6546536707079737560, 0.000000000000000000, 0.7559289460184573928 ) ) ;
#620 = DIRECTION ( 'NONE',  ( 0.000000000000000000, -1.000000000000000000, 0.000000000000000000 ) ) ;
#621 = ORIENTED_EDGE ( 'NONE', *, *, #1438, .T. ) ;
#622 = AXIS2_PLACEMENT_3D ( 'NONE', #1529, #1506, #355 ) ;
#623 = CYLINDRICAL_SURFACE ( 'NONE', #1375, 5.999999999999998224 ) ;
#624 = CYLINDRICAL_SURFACE ( 'NONE', #800, 0.2500000000000039968 ) ;
#625 = CONICAL_SURFACE ( 'NONE', #1538, 4.999999999999997335, 0.7853981633974476129 ) ;
#626 = VECTOR ( 'NONE', #1177, 1000.000000000000000 ) ;
#627 = CIRCLE ( 'NONE', #84, 1.749999999999992673 ) ;
#628 = ORIENTED_EDGE ( 'NONE', *, *, #1494, .F. ) ;
#629 = CARTESIAN_POINT ( 'NONE',  ( -214.2344988333193214, -35.75189646684187750, 36.86644497515003849 ) ) ;
#630 = ORIENTED_EDGE ( 'NONE', *, *, #856, .T. ) ;
#631 = ADVANCED_FACE ( 'NONE', ( #571 ), #737, .T. ) ;
#632 = CARTESIAN_POINT ( 'NONE',  ( -214.2344988333152287, -46.86607716807490931, 38.94047012369767913 ) ) ;
#633 = CARTESIAN_POINT ( 'NONE',  ( -201.0683727322398511, -46.86607716807490931, 55.06429365103014106 ) ) ;
#634 = ORIENTED_EDGE ( 'NONE', *, *, #998, .F. ) ;
#635 = CARTESIAN_POINT ( 'NONE',  ( -214.2344988333259721, -34.83718552810802294, 36.00156754574268803 ) ) ;
#636 = ORIENTED_EDGE ( 'NONE', *, *, #1092, .T. ) ;
#637 = FACE_OUTER_BOUND ( 'NONE', #530, .T. ) ;
#638 = EDGE_LOOP ( 'NONE', ( #628, #1152, #1213, #444 ) ) ;
#639 = CARTESIAN_POINT ( 'NONE',  ( -230.9844988333209983, -42.11607716807490220, 15.67447128598400319 ) ) ;
#640 = CARTESIAN_POINT ( 'NONE',  ( -200.3844988333210040, -46.86607716807490931, 54.10465528426773574 ) ) ;
#641 = EDGE_CURVE ( 'NONE', #751, #849, #74, .T. ) ;
#642 = VERTEX_POINT ( 'NONE', #191 ) ;
#643 = LINE ( 'NONE', #1161, #387 ) ;
#644 = CYLINDRICAL_SURFACE ( 'NONE', #1563, 2.499999999999993339 ) ;
#645 = DIRECTION ( 'NONE',  ( 0.000000000000000000, 0.000000000000000000, -1.000000000000000000 ) ) ;
#646 = VERTEX_POINT ( 'NONE', #1474 ) ;
#647 = CYLINDRICAL_SURFACE ( 'NONE', #331, 0.2500000000000039968 ) ;
#648 = CARTESIAN_POINT ( 'NONE',  ( -214.2344988333011315, -34.83718552810813662, 46.02857296567498935 ) ) ;
#649 = ORIENTED_EDGE ( 'NONE', *, *, #403, .F. ) ;
#650 = EDGE_CURVE ( 'NONE', #1148, #710, #327, .T. ) ;
#651 = LINE ( 'NONE', #1282, #46 ) ;
#652 = DIRECTION ( 'NONE',  ( 0.7071067811865614505, 0.7071067811865336949, 0.000000000000000000 ) ) ;
#653 = VECTOR ( 'NONE', #187, 1000.000000000000000 ) ;
#654 = EDGE_CURVE ( 'NONE', #1247, #876, #96, .T. ) ;
#655 = CONICAL_SURFACE ( 'NONE', #192, 4.294051420988681755, 0.04908738521234032315 ) ;
#656 = ORIENTED_EDGE ( 'NONE', *, *, #699, .T. ) ;
#657 = CARTESIAN_POINT ( 'NONE',  ( -213.0652202358187424, -38.63771576560877463, 36.42696741372821378 ) ) ;
#658 = CIRCLE ( 'NONE', #1591, 2.500000000000011546 ) ;
#659 = FACE_OUTER_BOUND ( 'NONE', #1472, .T. ) ;
#660 = FACE_OUTER_BOUND ( 'NONE', #983, .T. ) ;
#661 = VERTEX_POINT ( 'NONE', #611 ) ;
#662 = DIRECTION ( 'NONE',  ( 1.756682000989170009E-17, -1.959217086709239661E-16, 1.000000000000000000 ) ) ;
#663 = UNCERTAINTY_MEASURE_WITH_UNIT (LENGTH_MEASURE( 1.000000000000000082E-05 ), #738, 'distance_accuracy_value', 'NONE');
#664 = EDGE_CURVE ( 'NONE', #118, #833, #222, .T. ) ;
#665 = DIRECTION ( 'NONE',  ( 1.058905249410465713E-26, 1.000000000000000000, 5.329070518200750605E-15 ) ) ;
#666 = CARTESIAN_POINT ( 'NONE',  ( -213.7820148556908180, -38.05767894320307931, 36.42696741373037383 ) ) ;
#667 = VERTEX_POINT ( 'NONE', #1001 ) ;
#668 = CYLINDRICAL_SURFACE ( 'NONE', #1062, 1.999999999999997780 ) ;
#669 = DIRECTION ( 'NONE',  ( 0.000000000000000000, 1.000000000000000000, 0.000000000000000000 ) ) ;
#670 = EDGE_CURVE ( 'NONE', #1131, #1537, #1406, .T. ) ;
#671 = ORIENTED_EDGE ( 'NONE', *, *, #1495, .T. ) ;
#672 = DIRECTION ( 'NONE',  ( 0.000000000000000000, 1.000000000000000000, 0.000000000000000000 ) ) ;
#673 = VERTEX_POINT ( 'NONE', #648 ) ;
#674 = DIRECTION ( 'NONE',  ( 8.917744433051608987E-17, 8.917744433051489425E-17, -1.000000000000000000 ) ) ;
#675 = CIRCLE ( 'NONE', #1571, 2.499999999999993339 ) ;
#676 = CARTESIAN_POINT ( 'NONE',  ( -214.2344988333429967, -16.86607716807496971, 27.41346470376531741 ) ) ;
#677 = AXIS2_PLACEMENT_3D ( 'NONE', #871, #236, #1291 ) ;
#678 = ORIENTED_EDGE ( 'NONE', *, *, #1576, .T. ) ;
#679 = VECTOR ( 'NONE', #307, 1000.000000000000114 ) ;
#680 = ADVANCED_FACE ( 'NONE', ( #117 ), #281, .T. ) ;
#681 = CIRCLE ( 'NONE', #437, 5.414213562373086930 ) ;
#682 = AXIS2_PLACEMENT_3D ( 'NONE', #1238, #1102, #463 ) ;
#683 = ORIENTED_EDGE ( 'NONE', *, *, #650, .F. ) ;
#684 = ADVANCED_FACE ( 'NONE', ( #1540 ), #365, .T. ) ;
#685 = CARTESIAN_POINT ( 'NONE',  ( -213.0652202358187424, -38.63771576560877463, 36.42696741372821378 ) ) ;
#686 = ORIENTED_EDGE ( 'NONE', *, *, #1204, .T. ) ;
#687 = CARTESIAN_POINT ( 'NONE',  ( -232.3006249344021512, -46.86607716807490931, 55.06429365103014106 ) ) ;
#688 = CARTESIAN_POINT ( 'NONE',  ( -230.6639907576322344, -42.11607716807490220, 53.17447128598399786 ) ) ;
#689 = EDGE_LOOP ( 'NONE', ( #1507, #362, #60, #284, #1442, #1239, #29 ) ) ;
#690 = LINE ( 'NONE', #1311, #1541 ) ;
#691 = ADVANCED_FACE ( 'NONE', ( #1129 ), #196, .T. ) ;
#692 = ORIENTED_EDGE ( 'NONE', *, *, #1073, .F. ) ;
#693 = ORIENTED_EDGE ( 'NONE', *, *, #720, .T. ) ;
#694 = DIRECTION ( 'NONE',  ( 1.756682000989170009E-17, -1.959217086709239661E-16, 1.000000000000000000 ) ) ;
#695 = DIRECTION ( 'NONE',  ( 2.980490962685554734E-18, 1.000000000000000000, 1.993632831901714969E-16 ) ) ;
#696 = ORIENTED_EDGE ( 'NONE', *, *, #91, .T. ) ;
#697 = DIRECTION ( 'NONE',  ( -1.699243322734685064E-19, 1.000000000000000000, 1.960916330031974842E-16 ) ) ;
#698 = ORIENTED_EDGE ( 'NONE', *, *, #484, .T. ) ;
#699 = EDGE_CURVE ( 'NONE', #1583, #1658, #708, .T. ) ;
#700 = CARTESIAN_POINT ( 'NONE',  ( -214.2344988333350670, -21.86607716807480273, 31.41346470376531741 ) ) ;
#701 = DIRECTION ( 'NONE',  ( 1.699243322734685064E-19, 1.000000000000000000, 1.960916330031974842E-16 ) ) ;
#702 = EDGE_CURVE ( 'NONE', #18, #646, #842, .T. ) ;
#703 = CYLINDRICAL_SURFACE ( 'NONE', #142, 1.999999999999997780 ) ;
#704 = CIRCLE ( 'NONE', #622, 5.999999999999998224 ) ;
#705 = AXIS2_PLACEMENT_3D ( 'NONE', #1525, #1284, #1400 ) ;
#706 = ORIENTED_EDGE ( 'NONE', *, *, #797, .T. ) ;
#707 = AXIS2_PLACEMENT_3D ( 'NONE', #1158, #695, #1322 ) ;
#708 = CIRCLE ( 'NONE', #418, 5.999999999999998224 ) ;
#709 = CARTESIAN_POINT ( 'NONE',  ( -214.2344988333102549, -41.86607716807490220, 41.44047012369765071 ) ) ;
#710 = VERTEX_POINT ( 'NONE', #243 ) ;
#711 = DIRECTION ( 'NONE',  ( -1.058905249410465713E-26, -1.000000000000000000, -5.329070518200750605E-15 ) ) ;
#712 = CARTESIAN_POINT ( 'NONE',  ( -214.2344988333350670, -31.86607716807479562, 31.41346470376531741 ) ) ;
#713 = ADVANCED_FACE ( 'NONE', ( #1268 ), #225, .T. ) ;
#714 = ORIENTED_EDGE ( 'NONE', *, *, #1593, .F. ) ;
#715 = CARTESIAN_POINT ( 'NONE',  ( -214.2344988333263416, -32.82764772888132399, 35.80364534779757690 ) ) ;
#716 = EDGE_LOOP ( 'NONE', ( #889, #958, #224, #356, #757, #506, #649, #300 ) ) ;
#717 = PLANE ( 'NONE',  #1352 ) ;
#718 =( NAMED_UNIT ( * ) SI_UNIT ( $, .STERADIAN. ) SOLID_ANGLE_UNIT ( ) );
#719 = CYLINDRICAL_SURFACE ( 'NONE', #1058, 1.999999999999997780 ) ;
#720 = EDGE_CURVE ( 'NONE', #1595, #371, #114, .T. ) ;
#721 = ORIENTED_EDGE ( 'NONE', *, *, #886, .T. ) ;
#722 = ADVANCED_FACE ( 'NONE', ( #1277, #1650 ), #1289, .T. ) ;
#723 = CARTESIAN_POINT ( 'NONE',  ( -229.3344988333209926, -41.93930047277825679, 55.60124798128063617 ) ) ;
#724 = ORIENTED_EDGE ( 'NONE', *, *, #299, .T. ) ;
#725 = DIRECTION ( 'NONE',  ( 0.000000000000000000, -1.000000000000000000, 0.000000000000000000 ) ) ;
#726 = CARTESIAN_POINT ( 'NONE',  ( -232.7344988333209983, -42.11607716807490220, 15.67447128598400319 ) ) ;
#727 = CARTESIAN_POINT ( 'NONE',  ( -230.9844988333209983, -45.61607716807490931, 15.67447128598400319 ) ) ;
#728 = AXIS2_PLACEMENT_3D ( 'NONE', #700, #711, #605 ) ;
#729 = EDGE_CURVE ( 'NONE', #997, #305, #704, .T. ) ;
#730 = EDGE_LOOP ( 'NONE', ( #840, #36, #1319, #1339, #678 ) ) ;
#731 = CONICAL_SURFACE ( 'NONE', #1452, 4.574025148547628206, 0.1963495408493623751 ) ;
#732 = DIRECTION ( 'NONE',  ( 0.000000000000000000, 0.000000000000000000, 1.000000000000000000 ) ) ;
#733 = ADVANCED_FACE ( 'NONE', ( #382 ), #498, .T. ) ;
#734 = AXIS2_PLACEMENT_3D ( 'NONE', #75, #610, #215 ) ;
#735 = ORIENTED_EDGE ( 'NONE', *, *, #600, .F. ) ;
#736 = CARTESIAN_POINT ( 'NONE',  ( -200.3844988333210040, -42.11607716807490220, 15.67447128598400319 ) ) ;
#737 = CONICAL_SURFACE ( 'NONE', #793, 4.707106781186548794, 0.3926990816987233623 ) ;
#738 =( LENGTH_UNIT ( ) NAMED_UNIT ( * ) SI_UNIT ( .MILLI., .METRE. ) );
#739 = FACE_OUTER_BOUND ( 'NONE', #1096, .T. ) ;
#740 = VERTEX_POINT ( 'NONE', #640 ) ;
#741 = CARTESIAN_POINT ( 'NONE',  ( -200.6344988333210040, -42.11607716807490220, 15.67447128598400319 ) ) ;
#742 = DIRECTION ( 'NONE',  ( 1.058905249410465713E-26, 1.000000000000000000, 5.329070518200750605E-15 ) ) ;
#743 = EDGE_LOOP ( 'NONE', ( #1093, #1371, #1193, #1201 ) ) ;
#744 = EDGE_CURVE ( 'NONE', #45, #642, #1243, .T. ) ;
#745 = DIRECTION ( 'NONE',  ( 1.984263953859664044E-12, -6.068085485809370880E-15, 1.000000000000000000 ) ) ;
#746 = DIRECTION ( 'NONE',  ( 0.6546536707079800843, 0.000000000000000000, 0.7559289460184519527 ) ) ;
#747 = DIRECTION ( 'NONE',  ( 1.000000000000000000, 0.000000000000000000, -8.881784197001280722E-15 ) ) ;
#748 = ORIENTED_EDGE ( 'NONE', *, *, #1504, .F. ) ;
#749 = DIRECTION ( 'NONE',  ( 1.989054036158821350E-12, -5.126427928244384866E-15, 1.000000000000000000 ) ) ;
#750 = DIRECTION ( 'NONE',  ( 1.669508307707000005E-16, 1.959217086709239661E-16, -1.000000000000000000 ) ) ;
#751 = VERTEX_POINT ( 'NONE', #903 ) ;
#752 = CARTESIAN_POINT ( 'NONE',  ( -214.2344988332983178, -39.86607716807493773, 47.44047012369766492 ) ) ;
#753 = CARTESIAN_POINT ( 'NONE',  ( -214.2344988333102549, -16.86607716807499102, 41.44047012369779992 ) ) ;
#754 = EDGE_CURVE ( 'NONE', #849, #432, #266, .T. ) ;
#755 = EDGE_CURVE ( 'NONE', #263, #1346, #838, .T. ) ;
#756 = CARTESIAN_POINT ( 'NONE',  ( -214.2344988333255742, -36.78921828968783103, 36.19382599182981863 ) ) ;
#757 = ORIENTED_EDGE ( 'NONE', *, *, #555, .F. ) ;
#758 = CARTESIAN_POINT ( 'NONE',  ( -213.6792217573420487, -38.11074992708878995, 36.42696741373011804 ) ) ;
#759 = CARTESIAN_POINT ( 'NONE',  ( -201.0683727322398511, -46.86607716807490931, 55.06429365103013396 ) ) ;
#760 = CARTESIAN_POINT ( 'NONE',  ( -200.6344988333210040, -42.11607716807490220, 38.67447128598400496 ) ) ;
#761 = ORIENTED_EDGE ( 'NONE', *, *, #1412, .T. ) ;
#762 = AXIS2_PLACEMENT_3D ( 'NONE', #107, #1397, #1170 ) ;
#763 = CARTESIAN_POINT ( 'NONE',  ( -214.2344988333400408, -21.86607716807478852, 28.91346470376532096 ) ) ;
#764 = CARTESIAN_POINT ( 'NONE',  ( -200.5042621295355332, -41.89276048126709640, 54.08129671495807145 ) ) ;
#765 = AXIS2_PLACEMENT_3D ( 'NONE', #914, #1108, #450 ) ;
#766 = AXIS2_PLACEMENT_3D ( 'NONE', #1276, #1420, #619 ) ;
#767 = AXIS2_PLACEMENT_3D ( 'NONE', #1632, #964, #311 ) ;
#768 = FACE_OUTER_BOUND ( 'NONE', #1157, .T. ) ;
#769 = ADVANCED_FACE ( 'NONE', ( #660 ), #9, .F. ) ;
#770 = VERTEX_POINT ( 'NONE', #405 ) ;
#771 = CARTESIAN_POINT ( 'NONE',  ( -232.3006249344021512, -42.11607716807490220, 55.06429365103014817 ) ) ;
#772 = DIRECTION ( 'NONE',  ( 1.359479949940139901E-32, 1.000000000000000000, 1.959217086709239661E-16 ) ) ;
#773 = VERTEX_POINT ( 'NONE', #1551 ) ;
#774 = DIRECTION ( 'NONE',  ( 0.000000000000000000, 0.000000000000000000, 1.000000000000000000 ) ) ;
#775 = CARTESIAN_POINT ( 'NONE',  ( -202.3844988333210324, -45.61607716807490931, 15.67447128598400319 ) ) ;
#776 = DIRECTION ( 'NONE',  ( -1.000000000000000000, 1.359479949940139901E-32, 0.000000000000000000 ) ) ;
#777 = ORIENTED_EDGE ( 'NONE', *, *, #1314, .T. ) ;
#778 = EDGE_CURVE ( 'NONE', #1318, #1393, #109, .T. ) ;
#779 = DIRECTION ( 'NONE',  ( 3.876514025973131653E-13, -0.9807852804032313188, 0.1950903220161233353 ) ) ;
#780 = DIRECTION ( 'NONE',  ( 1.987129125655636496E-12, -5.896525595417318851E-15, 1.000000000000000000 ) ) ;
#781 = EDGE_LOOP ( 'NONE', ( #460, #329, #812, #1441 ) ) ;
#782 = FACE_OUTER_BOUND ( 'NONE', #1434, .T. ) ;
#783 = CARTESIAN_POINT ( 'NONE',  ( -202.7050069090097963, -41.86607716807490220, 53.17447128598399786 ) ) ;
#784 = ORIENTED_EDGE ( 'NONE', *, *, #534, .T. ) ;
#785 = DIRECTION ( 'NONE',  ( 1.098835820790605852E-16, 1.000000000000000000, 9.516197353929899117E-17 ) ) ;
#786 = CARTESIAN_POINT ( 'NONE',  ( -232.7344988333209983, -42.11607716807490220, 38.67447128598400496 ) ) ;
#787 = DIRECTION ( 'NONE',  ( 1.058905249410465713E-26, 1.000000000000000000, 5.329070518200750605E-15 ) ) ;
#788 = VERTEX_POINT ( 'NONE', #1614 ) ;
#789 = CARTESIAN_POINT ( 'NONE',  ( -214.3512078624499111, -37.96129936726473630, 36.42696741373178071 ) ) ;
#790 = EDGE_CURVE ( 'NONE', #263, #1120, #475, .T. ) ;
#791 = CIRCLE ( 'NONE', #247, 2.500000000000113243 ) ;
#792 = CIRCLE ( 'NONE', #1194, 5.148050297095273287 ) ;
#793 = AXIS2_PLACEMENT_3D ( 'NONE', #316, #832, #1347 ) ;
#794 = ORIENTED_EDGE ( 'NONE', *, *, #1367, .T. ) ;
#795 = PLANE ( 'NONE',  #205 ) ;
#796 = ORIENTED_EDGE ( 'NONE', *, *, #650, .T. ) ;
#797 = EDGE_CURVE ( 'NONE', #1222, #892, #540, .T. ) ;
#798 = CARTESIAN_POINT ( 'NONE',  ( -232.9844988333209983, -42.11607716807490220, 15.67447128598400319 ) ) ;
#799 = EDGE_LOOP ( 'NONE', ( #1526, #1070, #1019, #1368 ) ) ;
#800 = AXIS2_PLACEMENT_3D ( 'NONE', #137, #878, #652 ) ;
#801 = LINE ( 'NONE', #178, #3 ) ;
#802 = ORIENTED_EDGE ( 'NONE', *, *, #198, .F. ) ;
#803 = CARTESIAN_POINT ( 'NONE',  ( -214.2344988333052811, -16.86607716807500523, 43.94047012369780703 ) ) ;
#804 = EDGE_CURVE ( 'NONE', #1393, #1318, #325, .T. ) ;
#805 = DIRECTION ( 'NONE',  ( 0.000000000000000000, 0.7071067811865753283, 0.7071067811865198172 ) ) ;
#806 = DIRECTION ( 'NONE',  ( 1.984523656517468932E-12, -5.204170427930426016E-15, 1.000000000000000000 ) ) ;
#807 = ORIENTED_EDGE ( 'NONE', *, *, #856, .F. ) ;
#808 = LINE ( 'NONE', #1180, #370 ) ;
#809 = CARTESIAN_POINT ( 'NONE',  ( -230.9844988333209983, -42.11607716807490220, 13.67447128598400141 ) ) ;
#810 = AXIS2_PLACEMENT_3D ( 'NONE', #228, #98, #1262 ) ;
#811 = AXIS2_PLACEMENT_3D ( 'NONE', #1492, #1500, #1469 ) ;
#812 = ORIENTED_EDGE ( 'NONE', *, *, #15, .F. ) ;
#813 = AXIS2_PLACEMENT_3D ( 'NONE', #982, #1228, #1621 ) ;
#814 = EDGE_CURVE ( 'NONE', #823, #1148, #1301, .T. ) ;
#815 = APPLICATION_PROTOCOL_DEFINITION ( 'draft international standard', 'automotive_design', 1998, #139 ) ;
#816 = EDGE_LOOP ( 'NONE', ( #464, #95, #1641, #188, #244 ) ) ;
#817 = CARTESIAN_POINT ( 'NONE',  ( -215.3271172403248102, -38.55018044495099616, 36.42696741373418234 ) ) ;
#818 = ORIENTED_EDGE ( 'NONE', *, *, #23, .F. ) ;
#819 = CARTESIAN_POINT ( 'NONE',  ( -230.9844988333209983, -42.11607716807490220, 15.67447128598400319 ) ) ;
#820 = VECTOR ( 'NONE', #674, 1000.000000000000000 ) ;
#821 = LINE ( 'NONE', #1337, #1589 ) ;
#822 = DIRECTION ( 'NONE',  ( -0.6546536707079737560, 0.000000000000000000, 0.7559289460184573928 ) ) ;
#823 = VERTEX_POINT ( 'NONE', #455 ) ;
#824 = DIRECTION ( 'NONE',  ( -4.668768622736600410E-31, -1.000000000000000000, -1.959217086709234731E-16 ) ) ;
#825 = EDGE_CURVE ( 'NONE', #857, #667, #80, .T. ) ;
#826 = VERTEX_POINT ( 'NONE', #951 ) ;
#827 = FACE_OUTER_BOUND ( 'NONE', #576, .T. ) ;
#828 = CARTESIAN_POINT ( 'NONE',  ( -213.0652202358187424, -38.63771576560877463, 36.42696741372821378 ) ) ;
#829 = DIRECTION ( 'NONE',  ( -1.058905249410465713E-26, -1.000000000000000000, -5.329070518200750605E-15 ) ) ;
#830 = AXIS2_PLACEMENT_3D ( 'NONE', #70, #197, #1124 ) ;
#831 = ORIENTED_EDGE ( 'NONE', *, *, #262, .T. ) ;
#832 = DIRECTION ( 'NONE',  ( -1.058905249410465713E-26, -1.000000000000000000, -5.329070518200750605E-15 ) ) ;
#833 = VERTEX_POINT ( 'NONE', #467 ) ;
#834 = EDGE_CURVE ( 'NONE', #1318, #977, #51, .T. ) ;
#835 = DIRECTION ( 'NONE',  ( 1.058905249410465713E-26, 1.000000000000000000, 5.329070518200750605E-15 ) ) ;
#836 = CYLINDRICAL_SURFACE ( 'NONE', #1021, 2.500000000000011546 ) ;
#837 = CARTESIAN_POINT ( 'NONE',  ( -216.2786365674583919, -39.28029073044793051, 36.42696741373944747 ) ) ;
#838 = CIRCLE ( 'NONE', #517, 3.999999999999996447 ) ;
#839 = TOROIDAL_SURFACE ( 'NONE', #1275, 1.750000000000000000, 0.2500000000000000000 ) ;
#840 = ORIENTED_EDGE ( 'NONE', *, *, #1125, .F. ) ;
#841 = VECTOR ( 'NONE', #1, 1000.000000000000000 ) ;
#842 = CIRCLE ( 'NONE', #1195, 2.500000000000002220 ) ;
#843 = CARTESIAN_POINT ( 'NONE',  ( -214.2344988333102549, -38.86607716807499457, 41.44047012369766492 ) ) ;
#844 = CARTESIAN_POINT ( 'NONE',  ( -191.3844988333210040, -46.86607716807490931, 13.67447128598400141 ) ) ;
#845 = EDGE_LOOP ( 'NONE', ( #1417, #1505 ) ) ;
#846 = CARTESIAN_POINT ( 'NONE',  ( -230.6639907576322344, -46.86607716807490931, 53.17447128598399786 ) ) ;
#847 = EDGE_CURVE ( 'NONE', #826, #1215, #967, .T. ) ;
#848 = FACE_OUTER_BOUND ( 'NONE', #24, .T. ) ;
#849 = VERTEX_POINT ( 'NONE', #581 ) ;
#850 = LINE ( 'NONE', #1465, #169 ) ;
#851 = EDGE_LOOP ( 'NONE', ( #367, #1586, #916, #1326 ) ) ;
#852 = DIRECTION ( 'NONE',  ( 3.876514025973131653E-13, -0.9807852804032313188, 0.1950903220161233353 ) ) ;
#853 = FACE_OUTER_BOUND ( 'NONE', #1378, .T. ) ;
#854 = ADVANCED_FACE ( 'NONE', ( #218 ), #959, .T. ) ;
#855 = CARTESIAN_POINT ( 'NONE',  ( -200.3844988333150354, -42.04982766417079887, 54.10465528426889392 ) ) ;
#856 = EDGE_CURVE ( 'NONE', #1310, #1425, #1460, .T. ) ;
#857 = VERTEX_POINT ( 'NONE', #1605 ) ;
#858 = CARTESIAN_POINT ( 'NONE',  ( -200.6344988333210040, -42.11607716807490220, 15.67447128598400319 ) ) ;
#859 = ORIENTED_EDGE ( 'NONE', *, *, #1555, .F. ) ;
#860 = DIRECTION ( 'NONE',  ( -1.058905249410465713E-26, -1.000000000000000000, -5.329070518200750605E-15 ) ) ;
#861 = LINE ( 'NONE', #582, #271 ) ;
#862 = ADVANCED_BREP_SHAPE_REPRESENTATION ( 'penetrolyzer_gas_cap', ( #231, #1037 ), #83 ) ;
#863 = CARTESIAN_POINT ( 'NONE',  ( -214.2344988333350670, -22.86607716807489865, 31.41346470376531741 ) ) ;
#864 = AXIS2_PLACEMENT_3D ( 'NONE', #905, #1418, #1012 ) ;
#865 = EDGE_LOOP ( 'NONE', ( #150, #939 ) ) ;
#866 = ADVANCED_FACE ( 'NONE', ( #312 ), #1097, .T. ) ;
#867 = CONICAL_SURFACE ( 'NONE', #1353, 4.294051420988681755, 0.04908738521234032315 ) ;
#868 = DIRECTION ( 'NONE',  ( 1.058905249410465713E-26, 1.000000000000000000, 5.329070518200750605E-15 ) ) ;
#869 = AXIS2_PLACEMENT_3D ( 'NONE', #1309, #308, #149 ) ;
#870 = ORIENTED_EDGE ( 'NONE', *, *, #451, .T. ) ;
#871 = CARTESIAN_POINT ( 'NONE',  ( -214.2344988333350670, -34.83718552810799451, 31.41346470376531741 ) ) ;
#872 = DIRECTION ( 'NONE',  ( 0.000000000000000000, 1.000000000000000000, 0.000000000000000000 ) ) ;
#873 = VERTEX_POINT ( 'NONE', #597 ) ;
#874 = CARTESIAN_POINT ( 'NONE',  ( -214.2344988333003073, -38.86607716807502300, 46.44047012369765781 ) ) ;
#875 = CARTESIAN_POINT ( 'NONE',  ( -214.2344988333102549, -16.86607716807499102, 41.44047012369779992 ) ) ;
#876 = VERTEX_POINT ( 'NONE', #736 ) ;
#877 = DIRECTION ( 'NONE',  ( 1.000000000000000000, 0.000000000000000000, 0.000000000000000000 ) ) ;
#878 = DIRECTION ( 'NONE',  ( 1.448543895011199821E-17, -1.448543895011199821E-17, 1.000000000000000000 ) ) ;
#879 = FACE_OUTER_BOUND ( 'NONE', #602, .T. ) ;
#880 = ORIENTED_EDGE ( 'NONE', *, *, #412, .F. ) ;
#881 = DIRECTION ( 'NONE',  ( 1.405046302042501430E-12, -0.7071067811865517916, 0.7071067811865432429 ) ) ;
#882 = DIRECTION ( 'NONE',  ( 1.984523656517468932E-12, -5.204170427930426016E-15, 1.000000000000000000 ) ) ;
#883 = ORIENTED_EDGE ( 'NONE', *, *, #1431, .F. ) ;
#884 = CYLINDRICAL_SURFACE ( 'NONE', #762, 2.500000000000002220 ) ;
#885 = FACE_OUTER_BOUND ( 'NONE', #990, .T. ) ;
#886 = EDGE_CURVE ( 'NONE', #1639, #642, #195, .T. ) ;
#887 = EDGE_LOOP ( 'NONE', ( #1361, #494, #870, #535 ) ) ;
#888 = DIRECTION ( 'NONE',  ( 1.984263953859664044E-12, -6.068085485809370880E-15, 1.000000000000000000 ) ) ;
#889 = ORIENTED_EDGE ( 'NONE', *, *, #754, .F. ) ;
#890 = DIRECTION ( 'NONE',  ( 0.000000000000000000, 0.000000000000000000, 1.000000000000000000 ) ) ;
#891 = DIRECTION ( 'NONE',  ( -1.058905249410465713E-26, -1.000000000000000000, -5.329070518200750605E-15 ) ) ;
#892 = VERTEX_POINT ( 'NONE', #321 ) ;
#893 = VECTOR ( 'NONE', #1088, 1000.000000000000000 ) ;
#894 = DIRECTION ( 'NONE',  ( 1.359479949940139901E-32, 1.000000000000000000, 1.959217086709239661E-16 ) ) ;
#895 = DIRECTION ( 'NONE',  ( 1.168682822549645959E-31, -1.000000000000000000, -1.959217086709239661E-16 ) ) ;
#896 = VECTOR ( 'NONE', #1355, 1000.000000000000000 ) ;
#897 = CIRCLE ( 'NONE', #734, 4.780361288064520764 ) ;
#898 = VECTOR ( 'NONE', #438, 1000.000000000000227 ) ;
#899 = ADVANCED_FACE ( 'NONE', ( #332, #986 ), #717, .T. ) ;
#900 = DIRECTION ( 'NONE',  ( -1.058905249410465713E-26, -1.000000000000000000, -5.329070518200750605E-15 ) ) ;
#901 = ORIENTED_EDGE ( 'NONE', *, *, #908, .T. ) ;
#902 = DIRECTION ( 'NONE',  ( -0.7071067811865614505, 0.7071067811865336949, 0.000000000000000000 ) ) ;
#903 = CARTESIAN_POINT ( 'NONE',  ( -232.9112755286176082, -41.93930047277822126, 54.09041685583619596 ) ) ;
#904 = ORIENTED_EDGE ( 'NONE', *, *, #1611, .F. ) ;
#905 = CARTESIAN_POINT ( 'NONE',  ( -214.2344988333350670, -16.86607716807499102, 31.41346470376531741 ) ) ;
#906 = DIRECTION ( 'NONE',  ( 0.7071067811865457964, 0.000000000000000000, -0.7071067811865492381 ) ) ;
#907 = ADVANCED_FACE ( 'NONE', ( #827 ), #1253, .F. ) ;
#908 = EDGE_CURVE ( 'NONE', #118, #710, #203, .T. ) ;
#909 = DIRECTION ( 'NONE',  ( -9.695610106392810070E-17, 1.000000000000000000, 8.396644657325329385E-17 ) ) ;
#910 = DIRECTION ( 'NONE',  ( -1.058905249410465713E-26, -1.000000000000000000, -5.329070518200750605E-15 ) ) ;
#911 = ORIENTED_EDGE ( 'NONE', *, *, #564, .T. ) ;
#912 = CARTESIAN_POINT ( 'NONE',  ( -214.2344988333102549, -39.86607716807490220, 41.44047012369766492 ) ) ;
#913 = ORIENTED_EDGE ( 'NONE', *, *, #965, .F. ) ;
#914 = CARTESIAN_POINT ( 'NONE',  ( -202.3844988333210324, -42.11607716807490220, 15.67447128598400319 ) ) ;
#915 = ADVANCED_FACE ( 'NONE', ( #1598 ), #1565, .T. ) ;
#916 = ORIENTED_EDGE ( 'NONE', *, *, #1467, .T. ) ;
#917 = FACE_OUTER_BOUND ( 'NONE', #538, .T. ) ;
#918 = AXIS2_PLACEMENT_3D ( 'NONE', #978, #1364, #725 ) ;
#919 = AXIS2_PLACEMENT_3D ( 'NONE', #1127, #1293, #129 ) ;
#920 = CARTESIAN_POINT ( 'NONE',  ( -212.1903610991798814, -39.28029073044793051, 36.42696741372644453 ) ) ;
#921 = CARTESIAN_POINT ( 'NONE',  ( -214.2344988333400408, -16.86607716807497681, 28.91346470376532096 ) ) ;
#922 = AXIS2_PLACEMENT_3D ( 'NONE', #14, #1564, #929 ) ;
#923 = VECTOR ( 'NONE', #1596, 1000.000000000000227 ) ;
#924 =( NAMED_UNIT ( * ) PLANE_ANGLE_UNIT ( ) SI_UNIT ( $, .RADIAN. ) );
#925 = ORIENTED_EDGE ( 'NONE', *, *, #720, .F. ) ;
#926 = DIRECTION ( 'NONE',  ( 0.000000000000000000, 1.000000000000000000, 0.000000000000000000 ) ) ;
#927 = EDGE_CURVE ( 'NONE', #1120, #892, #651, .T. ) ;
#928 = CARTESIAN_POINT ( 'NONE',  ( -214.2344988333015294, -32.82764772888142346, 45.83065076772992086 ) ) ;
#929 = DIRECTION ( 'NONE',  ( 1.989054036158821350E-12, -5.126427928244384866E-15, 1.000000000000000000 ) ) ;
#930 = CARTESIAN_POINT ( 'NONE',  ( -230.9844988333209983, -46.86607716807490931, 15.67447128598400319 ) ) ;
#931 = DIRECTION ( 'NONE',  ( -0.7071067811865457964, 0.000000000000000000, -0.7071067811865492381 ) ) ;
#932 = ORIENTED_EDGE ( 'NONE', *, *, #1039, .T. ) ;
#933 = DIRECTION ( 'NONE',  ( 1.058905249410465713E-26, 1.000000000000000000, 5.329070518200750605E-15 ) ) ;
#934 = ORIENTED_EDGE ( 'NONE', *, *, #1593, .T. ) ;
#935 = AXIS2_PLACEMENT_3D ( 'NONE', #1515, #1391, #237 ) ;
#936 = LINE ( 'NONE', #210, #92 ) ;
#937 = EDGE_CURVE ( 'NONE', #408, #35, #515, .T. ) ;
#938 = DIRECTION ( 'NONE',  ( 0.000000000000000000, 0.000000000000000000, -1.000000000000000000 ) ) ;
#939 = ORIENTED_EDGE ( 'NONE', *, *, #1558, .T. ) ;
#940 = PLANE ( 'NONE',  #1503 ) ;
#941 = DIRECTION ( 'NONE',  ( -0.6546536707079737560, 0.000000000000000000, 0.7559289460184573928 ) ) ;
#942 = AXIS2_PLACEMENT_3D ( 'NONE', #1030, #868, #1379 ) ;
#943 = TOROIDAL_SURFACE ( 'NONE', #435, 2.250000000000000000, 0.2500000000000000000 ) ;
#944 = ADVANCED_FACE ( 'NONE', ( #507 ), #1137, .T. ) ;
#945 = AXIS2_PLACEMENT_3D ( 'NONE', #1623, #472, #1655 ) ;
#946 = VECTOR ( 'NONE', #1009, 1000.000000000000000 ) ;
#947 = EDGE_CURVE ( 'NONE', #1303, #770, #164, .T. ) ;
#948 = ORIENTED_EDGE ( 'NONE', *, *, #1136, .F. ) ;
#949 = CARTESIAN_POINT ( 'NONE',  ( -232.7344988333209983, -41.86607716807490220, 15.67447128598400319 ) ) ;
#950 = EDGE_LOOP ( 'NONE', ( #1552, #1046, #802, #656 ) ) ;
#951 = CARTESIAN_POINT ( 'NONE',  ( -232.9844988333209983, -42.11607716807490220, 54.10465528426773574 ) ) ;
#952 = CARTESIAN_POINT ( 'NONE',  ( -230.6639907576322344, -41.93930047277825679, 55.60124798128063617 ) ) ;
#953 = FACE_OUTER_BOUND ( 'NONE', #950, .T. ) ;
#954 = EDGE_CURVE ( 'NONE', #436, #1425, #357, .T. ) ;
#955 = ORIENTED_EDGE ( 'NONE', *, *, #1367, .F. ) ;
#956 = ADVANCED_FACE ( 'NONE', ( #1022 ), #884, .F. ) ;
#957 = DIRECTION ( 'NONE',  ( 1.359479949940139901E-32, 1.000000000000000000, 1.959217086709239661E-16 ) ) ;
#958 = ORIENTED_EDGE ( 'NONE', *, *, #1412, .F. ) ;
#959 = PLANE ( 'NONE',  #918 ) ;
#960 = SURFACE_STYLE_USAGE ( .BOTH. , #1478 ) ;
#961 = DIRECTION ( 'NONE',  ( 1.984364153710150829E-12, -5.655761024418182776E-15, 1.000000000000000000 ) ) ;
#962 = ORIENTED_EDGE ( 'NONE', *, *, #1533, .T. ) ;
#963 = LINE ( 'NONE', #462, #252 ) ;
#964 = DIRECTION ( 'NONE',  ( 1.058905249410465713E-26, 1.000000000000000000, 5.329070518200750605E-15 ) ) ;
#965 = EDGE_CURVE ( 'NONE', #1063, #73, #461, .T. ) ;
#966 = ORIENTED_EDGE ( 'NONE', *, *, #389, .F. ) ;
#967 = LINE ( 'NONE', #1373, #653 ) ;
#968 = FILL_AREA_STYLE_COLOUR ( '', #615 ) ;
#969 = DIRECTION ( 'NONE',  ( -1.058905249410465713E-26, -1.000000000000000000, -5.329070518200750605E-15 ) ) ;
#970 = AXIS2_PLACEMENT_3D ( 'NONE', #384, #1523, #613 ) ;
#971 = CIRCLE ( 'NONE', #765, 1.999999999999997780 ) ;
#972 = EDGE_LOOP ( 'NONE', ( #424, #1181, #1203, #546 ) ) ;
#973 = CIRCLE ( 'NONE', #417, 4.588102841977366175 ) ;
#974 = ORIENTED_EDGE ( 'NONE', *, *, #797, .F. ) ;
#975 = AXIS2_PLACEMENT_3D ( 'NONE', #1357, #1231, #1610 ) ;
#976 = CARTESIAN_POINT ( 'NONE',  ( -202.3844988333210324, -42.11607716807490220, 15.67447128598400319 ) ) ;
#977 = VERTEX_POINT ( 'NONE', #1033 ) ;
#978 = CARTESIAN_POINT ( 'NONE',  ( -191.3844988333210040, -46.86607716807490931, 13.67447128598400141 ) ) ;
#979 = FACE_OUTER_BOUND ( 'NONE', #1168, .T. ) ;
#980 = EDGE_CURVE ( 'NONE', #235, #35, #136, .T. ) ;
#981 = CONICAL_SURFACE ( 'NONE', #260, 4.574025148547628206, 0.1963495408493623751 ) ;
#982 = CARTESIAN_POINT ( 'NONE',  ( -214.2344988333102549, -16.86607716807499102, 41.44047012369779992 ) ) ;
#983 = EDGE_LOOP ( 'NONE', ( #20, #1085, #904, #532 ) ) ;
#984 = DIRECTION ( 'NONE',  ( -1.669508307707000005E-16, -1.959217086709239661E-16, 1.000000000000000000 ) ) ;
#985 = ORIENTED_EDGE ( 'NONE', *, *, #834, .F. ) ;
#986 = FACE_OUTER_BOUND ( 'NONE', #716, .T. ) ;
#987 = FACE_OUTER_BOUND ( 'NONE', #340, .T. ) ;
#988 = EDGE_CURVE ( 'NONE', #1403, #857, #489, .T. ) ;
#989 = CARTESIAN_POINT ( 'NONE',  ( -202.7050069090097963, -42.11607716807490220, 53.17447128598399786 ) ) ;
#990 = EDGE_LOOP ( 'NONE', ( #1436, #202, #1266, #777 ) ) ;
#991 = LINE ( 'NONE', #715, #923 ) ;
#992 = ORIENTED_EDGE ( 'NONE', *, *, #442, .T. ) ;
#993 = LINE ( 'NONE', #763, #277 ) ;
#994 = CARTESIAN_POINT ( 'NONE',  ( -214.2344988333102549, -32.82764772888140214, 41.44047012369766492 ) ) ;
#995 = EDGE_CURVE ( 'NONE', #159, #1499, #791, .T. ) ;
#996 = AXIS2_PLACEMENT_3D ( 'NONE', #1421, #787, #1302 ) ;
#997 = VERTEX_POINT ( 'NONE', #752 ) ;
#998 = EDGE_CURVE ( 'NONE', #1358, #106, #1192, .T. ) ;
#999 = CIRCLE ( 'NONE', #1218, 3.999999999999996447 ) ;
#1000 = DIRECTION ( 'NONE',  ( 1.984225095966406735E-12, -6.049466755995143159E-15, 1.000000000000000000 ) ) ;
#1001 = CARTESIAN_POINT ( 'NONE',  ( -214.2344988333350670, -46.86607716807490931, 33.91346470376523570 ) ) ;
#1002 = AXIS2_PLACEMENT_3D ( 'NONE', #639, #1394, #157 ) ;
#1003 = CIRCLE ( 'NONE', #1324, 2.500000000000002220 ) ;
#1004 = EDGE_LOOP ( 'NONE', ( #13, #1115 ) ) ;
#1005 = CARTESIAN_POINT ( 'NONE',  ( -241.9844988333210267, -46.86607716807490931, 55.67447128598399786 ) ) ;
#1006 = FACE_OUTER_BOUND ( 'NONE', #851, .T. ) ;
#1007 = FACE_OUTER_BOUND ( 'NONE', #1025, .T. ) ;
#1008 = FACE_OUTER_BOUND ( 'NONE', #1582, .T. ) ;
#1009 = DIRECTION ( 'NONE',  ( -1.000000000000000000, 2.530531321450600196E-32, 4.957860203438909314E-48 ) ) ;
#1010 = EDGE_CURVE ( 'NONE', #348, #254, #1109, .T. ) ;
#1011 = ORIENTED_EDGE ( 'NONE', *, *, #421, .F. ) ;
#1012 = DIRECTION ( 'NONE',  ( 1.984523656517468932E-12, -5.204170427930426016E-15, 1.000000000000000000 ) ) ;
#1013 = CYLINDRICAL_SURFACE ( 'NONE', #1481, 0.2500000000000027756 ) ;
#1014 = DIRECTION ( 'NONE',  ( 0.7071067811865457964, 0.000000000000000000, -0.7071067811865492381 ) ) ;
#1015 = VECTOR ( 'NONE', #1643, 1000.000000000000000 ) ;
#1016 = ORIENTED_EDGE ( 'NONE', *, *, #814, .F. ) ;
#1017 = CARTESIAN_POINT ( 'NONE',  ( -214.2344988333350670, -16.86607716807499102, 31.41346470376531741 ) ) ;
#1018 = DIRECTION ( 'NONE',  ( -1.987035536110681733E-12, 5.329070518200750605E-15, -1.000000000000000000 ) ) ;
#1019 = ORIENTED_EDGE ( 'NONE', *, *, #814, .T. ) ;
#1020 = EDGE_CURVE ( 'NONE', #1403, #514, #993, .T. ) ;
#1021 = AXIS2_PLACEMENT_3D ( 'NONE', #53, #1351, #746 ) ;
#1022 = FACE_OUTER_BOUND ( 'NONE', #638, .T. ) ;
#1023 = CARTESIAN_POINT ( 'NONE',  ( -230.6639907576322344, -46.86607716807490931, 53.17447128598399786 ) ) ;
#1024 = EDGE_CURVE ( 'NONE', #1310, #254, #643, .T. ) ;
#1025 = EDGE_LOOP ( 'NONE', ( #1428, #374, #200, #397 ) ) ;
#1026 = DIRECTION ( 'NONE',  ( -3.876752942711740503E-13, -0.9807852804032293204, -0.1950903220161337714 ) ) ;
#1027 = ORIENTED_EDGE ( 'NONE', *, *, #518, .T. ) ;
#1028 = AXIS2_PLACEMENT_3D ( 'NONE', #245, #258, #1531 ) ;
#1029 = CARTESIAN_POINT ( 'NONE',  ( -202.7050069090097963, -41.93930047277825679, 55.60124798128063617 ) ) ;
#1030 = CARTESIAN_POINT ( 'NONE',  ( -214.2344988333102549, -31.86607716807499102, 41.44047012369766492 ) ) ;
#1031 = ORIENTED_EDGE ( 'NONE', *, *, #908, .F. ) ;
#1032 = CONICAL_SURFACE ( 'NONE', #360, 4.390180644032258606, 0.09817477042468172876 ) ;
#1033 = CARTESIAN_POINT ( 'NONE',  ( -214.2344988333250910, -37.96129936726445209, 36.42696741373148228 ) ) ;
#1034 = FACE_OUTER_BOUND ( 'NONE', #799, .T. ) ;
#1035 = CIRCLE ( 'NONE', #328, 5.148050297095273287 ) ;
#1036 = ADVANCED_FACE ( 'NONE', ( #1299, #1668, #782 ), #1382, .F. ) ;
#1037 = AXIS2_PLACEMENT_3D ( 'NONE', #1559, #1566, #1448 ) ;
#1038 = CIRCLE ( 'NONE', #1330, 2.500000000000023093 ) ;
#1039 = EDGE_CURVE ( 'NONE', #1312, #408, #490, .T. ) ;
#1040 = DIRECTION ( 'NONE',  ( 1.359479949940139901E-32, 1.000000000000000000, 1.959217086709239661E-16 ) ) ;
#1041 = AXIS2_PLACEMENT_3D ( 'NONE', #414, #1454, #423 ) ;
#1042 = DIRECTION ( 'NONE',  ( 1.984523656517468932E-12, -5.204170427930426016E-15, 1.000000000000000000 ) ) ;
#1043 = DIRECTION ( 'NONE',  ( -1.058905249410465713E-26, -1.000000000000000000, -5.329070518200750605E-15 ) ) ;
#1044 = ORIENTED_EDGE ( 'NONE', *, *, #433, .T. ) ;
#1045 = DIRECTION ( 'NONE',  ( 0.6546536707079769757, 0.000000000000000000, 0.7559289460184547282 ) ) ;
#1046 = ORIENTED_EDGE ( 'NONE', *, *, #477, .F. ) ;
#1047 = ADVANCED_FACE ( 'NONE', ( #1390 ), #623, .T. ) ;
#1048 = DIRECTION ( 'NONE',  ( -9.796085433546198305E-17, 1.000000000000000000, 9.796085433546188445E-17 ) ) ;
#1049 = CARTESIAN_POINT ( 'NONE',  ( -212.1903610991798814, -39.28029073044793051, 36.42696741372644453 ) ) ;
#1050 = EDGE_LOOP ( 'NONE', ( #152, #911, #488, #446, #1608, #761, #135 ) ) ;
#1051 = FACE_BOUND ( 'NONE', #845, .T. ) ;
#1052 = CARTESIAN_POINT ( 'NONE',  ( -232.7344988333209983, -42.11607716807490220, 15.67447128598400319 ) ) ;
#1053 = AXIS2_PLACEMENT_3D ( 'NONE', #726, #1501, #350 ) ;
#1054 =( NAMED_UNIT ( * ) SI_UNIT ( $, .STERADIAN. ) SOLID_ANGLE_UNIT ( ) );
#1055 = EDGE_LOOP ( 'NONE', ( #748, #634, #1475, #1554 ) ) ;
#1056 = DIRECTION ( 'NONE',  ( 0.000000000000000000, 0.000000000000000000, 1.000000000000000000 ) ) ;
#1057 = ORIENTED_EDGE ( 'NONE', *, *, #138, .F. ) ;
#1058 = AXIS2_PLACEMENT_3D ( 'NONE', #727, #1244, #85 ) ;
#1059 = CARTESIAN_POINT ( 'NONE',  ( -232.3987123956941048, -46.86607716807490931, 14.26025772361090382 ) ) ;
#1060 = CARTESIAN_POINT ( 'NONE',  ( -229.3344988333209926, -42.11607716807490220, 55.42447128598400496 ) ) ;
#1061 = AXIS2_PLACEMENT_3D ( 'NONE', #17, #558, #931 ) ;
#1062 = AXIS2_PLACEMENT_3D ( 'NONE', #420, #926, #1317 ) ;
#1063 = VERTEX_POINT ( 'NONE', #1585 ) ;
#1064 = CARTESIAN_POINT ( 'NONE',  ( -241.9844988333210267, -46.86607716807490931, 55.67447128598399786 ) ) ;
#1065 = ADVANCED_FACE ( 'NONE', ( #1209 ), #867, .T. ) ;
#1066 = VECTOR ( 'NONE', #229, 1000.000000000000000 ) ;
#1067 = LINE ( 'NONE', #928, #1548 ) ;
#1068 = ORIENTED_EDGE ( 'NONE', *, *, #335, .F. ) ;
#1069 = CARTESIAN_POINT ( 'NONE',  ( -214.6867960230768517, -38.05760736963129887, 36.42696741373259073 ) ) ;
#1070 = ORIENTED_EDGE ( 'NONE', *, *, #421, .T. ) ;
#1071 = EDGE_CURVE ( 'NONE', #432, #612, #416, .T. ) ;
#1072 = DIRECTION ( 'NONE',  ( 1.984263953859664044E-12, -6.068085485809370880E-15, 1.000000000000000000 ) ) ;
#1073 = EDGE_CURVE ( 'NONE', #263, #580, #141, .T. ) ;
#1074 = AXIS2_PLACEMENT_3D ( 'NONE', #712, #1089, #1254 ) ;
#1075 = LINE ( 'NONE', #687, #1569 ) ;
#1076 = FACE_OUTER_BOUND ( 'NONE', #480, .T. ) ;
#1077 = ORIENTED_EDGE ( 'NONE', *, *, #744, .F. ) ;
#1078 = CARTESIAN_POINT ( 'NONE',  ( -200.3844988333210040, -46.86607716807490931, 15.67447128598400319 ) ) ;
#1079 = ORIENTED_EDGE ( 'NONE', *, *, #616, .F. ) ;
#1080 = ORIENTED_EDGE ( 'NONE', *, *, #375, .F. ) ;
#1081 = VECTOR ( 'NONE', #860, 1000.000000000000000 ) ;
#1082 = AXIS2_PLACEMENT_3D ( 'NONE', #1208, #565, #1014 ) ;
#1083 = EDGE_CURVE ( 'NONE', #40, #788, #1480, .T. ) ;
#1084 = AXIS2_PLACEMENT_3D ( 'NONE', #1225, #1040, #1547 ) ;
#1085 = ORIENTED_EDGE ( 'NONE', *, *, #1020, .T. ) ;
#1086 = DIRECTION ( 'NONE',  ( -1.058905249410465713E-26, -1.000000000000000000, -5.329070518200750605E-15 ) ) ;
#1087 = ORIENTED_EDGE ( 'NONE', *, *, #1445, .T. ) ;
#1088 = DIRECTION ( 'NONE',  ( 0.000000000000000000, -1.000000000000000000, 0.000000000000000000 ) ) ;
#1089 = DIRECTION ( 'NONE',  ( 1.058905249410465713E-26, 1.000000000000000000, 5.329070518200750605E-15 ) ) ;
#1090 = AXIS2_PLACEMENT_3D ( 'NONE', #26, #33, #1588 ) ;
#1091 = CARTESIAN_POINT ( 'NONE',  ( -232.9844988333209983, -46.86607716807490931, 54.10465528426773574 ) ) ;
#1092 = EDGE_CURVE ( 'NONE', #1396, #1560, #1075, .T. ) ;
#1093 = ORIENTED_EDGE ( 'NONE', *, *, #1092, .F. ) ;
#1094 = EDGE_LOOP ( 'NONE', ( #4, #974, #1111, #671, #621 ) ) ;
#1095 = DIRECTION ( 'NONE',  ( 1.987299214079028592E-12, -5.551115123125777969E-15, 1.000000000000000000 ) ) ;
#1096 = EDGE_LOOP ( 'NONE', ( #1590, #1198, #232, #1269 ) ) ;
#1097 = CYLINDRICAL_SURFACE ( 'NONE', #1273, 2.499999999999993339 ) ;
#1098 = DIRECTION ( 'NONE',  ( 1.448543895011199821E-17, -1.448543895011199821E-17, 1.000000000000000000 ) ) ;
#1099 = DIRECTION ( 'NONE',  ( 0.000000000000000000, 0.000000000000000000, -1.000000000000000000 ) ) ;
#1100 = EDGE_CURVE ( 'NONE', #1666, #1595, #1035, .T. ) ;
#1101 = ORIENTED_EDGE ( 'NONE', *, *, #1125, .T. ) ;
#1102 = DIRECTION ( 'NONE',  ( -1.058905249410465713E-26, -1.000000000000000000, -5.329070518200750605E-15 ) ) ;
#1103 = EDGE_CURVE ( 'NONE', #1310, #1534, #25, .T. ) ;
#1104 = ORIENTED_EDGE ( 'NONE', *, *, #15, .T. ) ;
#1105 = DIRECTION ( 'NONE',  ( 0.7071067811865457964, 0.000000000000000000, -0.7071067811865492381 ) ) ;
#1106 = CARTESIAN_POINT ( 'NONE',  ( -216.7109706573249923, -39.44351857815936313, 36.42696741373769243 ) ) ;
#1107 = CIRCLE ( 'NONE', #767, 5.999999999999998224 ) ;
#1108 = DIRECTION ( 'NONE',  ( -1.699243322734685064E-19, 1.000000000000000000, 1.960916330031974842E-16 ) ) ;
#1109 = CIRCLE ( 'NONE', #677, 4.588102841977366175 ) ;
#1110 = VECTOR ( 'NONE', #665, 1000.000000000000000 ) ;
#1111 = ORIENTED_EDGE ( 'NONE', *, *, #1567, .T. ) ;
#1112 = AXIS2_PLACEMENT_3D ( 'NONE', #37, #165, #938 ) ;
#1113 = VECTOR ( 'NONE', #1624, 1000.000000000000000 ) ;
#1114 = DIRECTION ( 'NONE',  ( 0.000000000000000000, 0.000000000000000000, 1.000000000000000000 ) ) ;
#1115 = ORIENTED_EDGE ( 'NONE', *, *, #1494, .T. ) ;
#1116 = ADVANCED_FACE ( 'NONE', ( #659 ), #1196, .T. ) ;
#1117 = CARTESIAN_POINT ( 'NONE',  ( -216.6844988333209869, -41.86607716807490220, 38.67447128598400496 ) ) ;
#1118 = DIRECTION ( 'NONE',  ( 1.989453639943239750E-12, -5.391473278978969663E-15, 1.000000000000000000 ) ) ;
#1119 = CARTESIAN_POINT ( 'NONE',  ( -214.2344988333009042, -37.57318394926152649, 46.14757690488421105 ) ) ;
#1120 = VERTEX_POINT ( 'NONE', #409 ) ;
#1121 = DIRECTION ( 'NONE',  ( -1.058905249410465713E-26, -1.000000000000000000, -5.329070518200750605E-15 ) ) ;
#1122 = ORIENTED_EDGE ( 'NONE', *, *, #6, .F. ) ;
#1123 = CARTESIAN_POINT ( 'NONE',  ( -214.2344988333350670, -36.78921828968780261, 31.41346470376531741 ) ) ;
#1124 = DIRECTION ( 'NONE',  ( 0.6546536707079800843, 0.000000000000000000, 0.7559289460184519527 ) ) ;
#1125 = EDGE_CURVE ( 'NONE', #1595, #1358, #239, .T. ) ;
#1126 = EDGE_CURVE ( 'NONE', #876, #873, #971, .T. ) ;
#1127 = CARTESIAN_POINT ( 'NONE',  ( -214.2344988333102549, -32.82764772888140214, 41.44047012369766492 ) ) ;
#1128 = ORIENTED_EDGE ( 'NONE', *, *, #980, .T. ) ;
#1129 = FACE_OUTER_BOUND ( 'NONE', #572, .T. ) ;
#1130 = AXIS2_PLACEMENT_3D ( 'NONE', #599, #334, #1118 ) ;
#1131 = VERTEX_POINT ( 'NONE', #189 ) ;
#1132 = CARTESIAN_POINT ( 'NONE',  ( -202.7050069090097963, -46.86607716807490931, 55.67447128598399786 ) ) ;
#1133 = CARTESIAN_POINT ( 'NONE',  ( -214.2344988333181846, -22.86607716807497681, 37.44047012369766492 ) ) ;
#1134 = CIRCLE ( 'NONE', #598, 0.2500000000000002220 ) ;
#1135 = CARTESIAN_POINT ( 'NONE',  ( -232.9844988333209983, -42.04979640691783516, 54.10465528426773574 ) ) ;
#1136 = EDGE_CURVE ( 'NONE', #1312, #45, #1377, .T. ) ;
#1137 = CONICAL_SURFACE ( 'NONE', #1587, 4.574025148547628206, 0.1963495408493623751 ) ;
#1138 = EDGE_LOOP ( 'NONE', ( #10, #383, #724, #883 ) ) ;
#1139 = AXIS2_PLACEMENT_3D ( 'NONE', #930, #1048, #174 ) ;
#1140 = DIRECTION ( 'NONE',  ( -1.058905249410465713E-26, -1.000000000000000000, -5.329070518200750605E-15 ) ) ;
#1141 = DIRECTION ( 'NONE',  ( 1.448543895011199821E-17, -1.448543895011199821E-17, 1.000000000000000000 ) ) ;
#1142 = AXIS2_PLACEMENT_3D ( 'NONE', #1060, #1440, #805 ) ;
#1143 = AXIS2_PLACEMENT_3D ( 'NONE', #1640, #1167, #780 ) ;
#1144 = ORIENTED_EDGE ( 'NONE', *, *, #1217, .F. ) ;
#1145 = CARTESIAN_POINT ( 'NONE',  ( -214.2344988333102549, -39.86607716807490220, 41.44047012369766492 ) ) ;
#1146 = DIRECTION ( 'NONE',  ( -1.058905249410465713E-26, -1.000000000000000000, -5.329070518200750605E-15 ) ) ;
#1147 = CARTESIAN_POINT ( 'NONE',  ( -230.6639907576322344, -42.11607716807490220, 55.67447128598399786 ) ) ;
#1148 = VERTEX_POINT ( 'NONE', #71 ) ;
#1149 = ADVANCED_FACE ( 'NONE', ( #1630 ), #655, .T. ) ;
#1150 = LINE ( 'NONE', #1288, #626 ) ;
#1151 = CARTESIAN_POINT ( 'NONE',  ( -214.2344988333350670, -32.82764772888130267, 31.41346470376531741 ) ) ;
#1152 = ORIENTED_EDGE ( 'NONE', *, *, #134, .T. ) ;
#1153 = DIRECTION ( 'NONE',  ( -1.947755446205128622E-13, -0.9951847266721962626, -0.09801714032956658496 ) ) ;
#1154 = FACE_OUTER_BOUND ( 'NONE', #1387, .T. ) ;
#1155 = ORIENTED_EDGE ( 'NONE', *, *, #1255, .F. ) ;
#1156 = CARTESIAN_POINT ( 'NONE',  ( -214.2344988333350670, -38.86607716807480273, 31.41346470376531741 ) ) ;
#1157 = EDGE_LOOP ( 'NONE', ( #568, #1294, #1286, #499 ) ) ;
#1158 = CARTESIAN_POINT ( 'NONE',  ( -202.7050069090097963, -42.11607716807490220, 53.17447128598399786 ) ) ;
#1159 = CARTESIAN_POINT ( 'NONE',  ( -200.3844988333210040, -42.11607716807490220, 38.67447128598400496 ) ) ;
#1160 = ORIENTED_EDGE ( 'NONE', *, *, #1611, .T. ) ;
#1161 = CARTESIAN_POINT ( 'NONE',  ( -214.2344988333435936, -28.85163134809147678, 27.11941328277663743 ) ) ;
#1162 = DIRECTION ( 'NONE',  ( -0.6546536707079737560, 0.000000000000000000, 0.7559289460184573928 ) ) ;
#1163 = EDGE_CURVE ( 'NONE', #580, #661, #301, .T. ) ;
#1164 = DIRECTION ( 'NONE',  ( -1.359479949940139901E-32, -1.000000000000000000, 0.000000000000000000 ) ) ;
#1165 = ORIENTED_EDGE ( 'NONE', *, *, #1264, .F. ) ;
#1166 = DIRECTION ( 'NONE',  ( -1.948767058352310072E-32, 1.000000000000000000, 0.000000000000000000 ) ) ;
#1167 = DIRECTION ( 'NONE',  ( -1.058905249410465713E-26, -1.000000000000000000, -5.329070518200750605E-15 ) ) ;
#1168 = EDGE_LOOP ( 'NONE', ( #807, #177, #315, #1597 ) ) ;
#1169 = B_SPLINE_CURVE_WITH_KNOTS ( 'NONE', 3,
 ( #508, #1532, #764, #108 ),
 .UNSPECIFIED., .F., .F.,
 ( 4, 4 ),
 ( -5.054949141387574264E-06, 0.0001935020836155842831 ),
 .UNSPECIFIED. ) ;
#1170 = DIRECTION ( 'NONE',  ( 1.987299214079028592E-12, -5.551115123125777969E-15, 1.000000000000000000 ) ) ;
#1171 = AXIS2_PLACEMENT_3D ( 'NONE', #753, #1271, #537 ) ;
#1172 = LINE ( 'NONE', #1398, #1015 ) ;
#1173 = VECTOR ( 'NONE', #779, 1000.000000000000114 ) ;
#1174 = ADVANCED_FACE ( 'NONE', ( #314 ), #839, .T. ) ;
#1175 = AXIS2_PLACEMENT_3D ( 'NONE', #858, #1498, #473 ) ;
#1176 = DIRECTION ( 'NONE',  ( 1.000000000000000000, -6.797399749700460025E-33, -6.797399749700699505E-33 ) ) ;
#1177 = DIRECTION ( 'NONE',  ( 0.000000000000000000, 0.000000000000000000, -1.000000000000000000 ) ) ;
#1178 = CARTESIAN_POINT ( 'NONE',  ( -214.2344988333350670, -21.86607716807480273, 31.41346470376531741 ) ) ;
#1179 = ORIENTED_EDGE ( 'NONE', *, *, #1083, .T. ) ;
#1180 = CARTESIAN_POINT ( 'NONE',  ( -204.0344988333210097, -41.86607716807490220, 13.92447128598400141 ) ) ;
#1181 = ORIENTED_EDGE ( 'NONE', *, *, #641, .T. ) ;
#1182 = PRODUCT ( 'penetrolyzer_gas_cap', 'penetrolyzer_gas_cap', '', ( #550 ) ) ;
#1183 = CARTESIAN_POINT ( 'NONE',  ( -202.7050069090097963, -41.86607716807490220, 55.42447128598400496 ) ) ;
#1184 = ORIENTED_EDGE ( 'NONE', *, *, #34, .F. ) ;
#1185 = CARTESIAN_POINT ( 'NONE',  ( -232.9844988333209983, -42.11607716807490220, 38.67447128598400496 ) ) ;
#1186 = ORIENTED_EDGE ( 'NONE', *, *, #1073, .T. ) ;
#1187 = LINE ( 'NONE', #539, #1626 ) ;
#1188 = CARTESIAN_POINT ( 'NONE',  ( -232.3006249344021512, -46.86607716807490931, 55.06429365103014817 ) ) ;
#1189 = ADVANCED_FACE ( 'NONE', ( #1344 ), #703, .T. ) ;
#1190 = ORIENTED_EDGE ( 'NONE', *, *, #937, .T. ) ;
#1191 = CARTESIAN_POINT ( 'NONE',  ( -214.2344988333017284, -28.85163134809163665, 45.73452154468634490 ) ) ;
#1192 = CIRCLE ( 'NONE', #1402, 5.414213562373086930 ) ;
#1193 = ORIENTED_EDGE ( 'NONE', *, *, #1546, .T. ) ;
#1194 = AXIS2_PLACEMENT_3D ( 'NONE', #1539, #1663, #529 ) ;
#1195 = AXIS2_PLACEMENT_3D ( 'NONE', #875, #891, #234 ) ;
#1196 = CYLINDRICAL_SURFACE ( 'NONE', #250, 0.2500000000000027756 ) ;
#1197 = ADVANCED_FACE ( 'NONE', ( #44 ), #625, .T. ) ;
#1198 = ORIENTED_EDGE ( 'NONE', *, *, #465, .F. ) ;
#1199 = CARTESIAN_POINT ( 'NONE',  ( -200.4577221380243373, -41.93930047277830653, 54.09041685583621728 ) ) ;
#1200 = CIRCLE ( 'NONE', #1491, 4.588102841977366175 ) ;
#1201 = ORIENTED_EDGE ( 'NONE', *, *, #1671, .F. ) ;
#1202 = CARTESIAN_POINT ( 'NONE',  ( -200.6344988333210040, -41.86607716807490220, 15.67447128598400319 ) ) ;
#1203 = ORIENTED_EDGE ( 'NONE', *, *, #754, .T. ) ;
#1204 = EDGE_CURVE ( 'NONE', #997, #1348, #1456, .T. ) ;
#1205 = DIRECTION ( 'NONE',  ( -3.876752942711740503E-13, -0.9807852804032293204, -0.1950903220161337714 ) ) ;
#1206 = EDGE_CURVE ( 'NONE', #876, #377, #575, .T. ) ;
#1207 = ORIENTED_EDGE ( 'NONE', *, *, #1103, .F. ) ;
#1208 = CARTESIAN_POINT ( 'NONE',  ( -202.3844988333210324, -46.86607716807490931, 15.67447128598400319 ) ) ;
#1209 = FACE_OUTER_BOUND ( 'NONE', #1572, .T. ) ;
#1210 = SHAPE_DEFINITION_REPRESENTATION ( #1388, #862 ) ;
#1211 = ORIENTED_EDGE ( 'NONE', *, *, #389, .T. ) ;
#1212 = DIRECTION ( 'NONE',  ( 0.7071067811865457964, 0.000000000000000000, -0.7071067811865492381 ) ) ;
#1213 = ORIENTED_EDGE ( 'NONE', *, *, #995, .F. ) ;
#1214 = CARTESIAN_POINT ( 'NONE',  ( -230.9844988333209983, -45.61607716807490931, 13.67447128598400141 ) ) ;
#1215 = VERTEX_POINT ( 'NONE', #1091 ) ;
#1216 = VECTOR ( 'NONE', #483, 1000.000000000000000 ) ;
#1217 = EDGE_CURVE ( 'NONE', #452, #1247, #158, .T. ) ;
#1218 = AXIS2_PLACEMENT_3D ( 'NONE', #863, #900, #1411 ) ;
#1219 = ORIENTED_EDGE ( 'NONE', *, *, #555, .T. ) ;
#1220 = AXIS2_PLACEMENT_3D ( 'NONE', #1151, #2, #1521 ) ;
#1221 = CARTESIAN_POINT ( 'NONE',  ( -214.2344988332983178, -39.86607716807493773, 47.44047012369766492 ) ) ;
#1222 = VERTEX_POINT ( 'NONE', #1600 ) ;
#1223 = CARTESIAN_POINT ( 'NONE',  ( -232.9112755286176082, -41.93930047277822126, 54.09041685583619596 ) ) ;
#1224 = ORIENTED_EDGE ( 'NONE', *, *, #1163, .F. ) ;
#1225 = CARTESIAN_POINT ( 'NONE',  ( -214.2344988333102549, -46.86607716807490931, 41.44047012369779281 ) ) ;
#1226 = DIRECTION ( 'NONE',  ( 1.058905249410465713E-26, 1.000000000000000000, 5.329070518200750605E-15 ) ) ;
#1227 = LINE ( 'NONE', #606, #1066 ) ;
#1228 = DIRECTION ( 'NONE',  ( 1.058905249410465713E-26, 1.000000000000000000, 5.329070518200750605E-15 ) ) ;
#1229 = ORIENTED_EDGE ( 'NONE', *, *, #1020, .F. ) ;
#1230 = DIRECTION ( 'NONE',  ( 1.935829361929038903E-15, 1.000000000000000000, 5.329070518196904119E-15 ) ) ;
#1231 = DIRECTION ( 'NONE',  ( 8.917744433051608987E-17, 8.917744433051489425E-17, -1.000000000000000000 ) ) ;
#1232 = ORIENTED_EDGE ( 'NONE', *, *, #654, .F. ) ;
#1233 = CARTESIAN_POINT ( 'NONE',  ( -214.2344988333350670, -28.85163134809150165, 31.41346470376531741 ) ) ;
#1234 = DIRECTION ( 'NONE',  ( 0.000000000000000000, 0.000000000000000000, 1.000000000000000000 ) ) ;
#1235 = ORIENTED_EDGE ( 'NONE', *, *, #1546, .F. ) ;
#1236 = ADVANCED_FACE ( 'NONE', ( #953 ), #212, .T. ) ;
#1237 = DIRECTION ( 'NONE',  ( 1.000000000000000000, 0.000000000000000000, 0.000000000000000000 ) ) ;
#1238 = CARTESIAN_POINT ( 'NONE',  ( -214.2344988333102549, -22.86607716807499813, 41.44047012369766492 ) ) ;
#1239 = ORIENTED_EDGE ( 'NONE', *, *, #1126, .T. ) ;
#1240 = DIRECTION ( 'NONE',  ( 1.098835820790605852E-16, 1.000000000000000000, 9.516197353929899117E-17 ) ) ;
#1241 = VECTOR ( 'NONE', #501, 1000.000000000000000 ) ;
#1242 = CYLINDRICAL_SURFACE ( 'NONE', #830, 2.500000000000011546 ) ;
#1243 = CIRCLE ( 'NONE', #592, 0.2500000000000002220 ) ;
#1244 = DIRECTION ( 'NONE',  ( 0.000000000000000000, 1.000000000000000000, 0.000000000000000000 ) ) ;
#1245 = TOROIDAL_SURFACE ( 'NONE', #705, 2.250000000000000000, 0.2500000000000000000 ) ;
#1246 = AXIS2_PLACEMENT_3D ( 'NONE', #286, #447, #22 ) ;
#1247 = VERTEX_POINT ( 'NONE', #336 ) ;
#1248 = B_SPLINE_CURVE_WITH_KNOTS ( 'NONE', 3,
 ( #100, #1135, #493, #1518 ),
 .UNSPECIFIED., .F., .F.,
 ( 4, 4 ),
 ( 1.971545522064477211E-07, 0.0001962240443124931520 ),
 .UNSPECIFIED. ) ;
#1249 = CIRCLE ( 'NONE', #569, 3.999999999999996447 ) ;
#1250 = DIRECTION ( 'NONE',  ( -0.6546536707079737560, 0.000000000000000000, 0.7559289460184573928 ) ) ;
#1251 = ADVANCED_FACE ( 'NONE', ( #848 ), #719, .T. ) ;
#1252 = ORIENTED_EDGE ( 'NONE', *, *, #1100, .T. ) ;
#1253 = CYLINDRICAL_SURFACE ( 'NONE', #728, 2.500000000000002220 ) ;
#1254 = DIRECTION ( 'NONE',  ( 1.984523656517468932E-12, -5.204170427930426016E-15, 1.000000000000000000 ) ) ;
#1255 = EDGE_CURVE ( 'NONE', #371, #106, #601, .T. ) ;
#1256 = CARTESIAN_POINT ( 'NONE',  ( -232.9844988333209983, -44.36607716807490220, 38.67447128598400496 ) ) ;
#1257 = ORIENTED_EDGE ( 'NONE', *, *, #1533, .F. ) ;
#1258 = DIRECTION ( 'NONE',  ( 0.000000000000000000, 0.000000000000000000, 1.000000000000000000 ) ) ;
#1259 = DIRECTION ( 'NONE',  ( 1.058905249410465713E-26, 1.000000000000000000, 5.329070518200750605E-15 ) ) ;
#1260 = EDGE_LOOP ( 'NONE', ( #309, #948, #932, #388 ) ) ;
#1261 = EDGE_CURVE ( 'NONE', #788, #1215, #821, .T. ) ;
#1262 = DIRECTION ( 'NONE',  ( 0.000000000000000000, 1.959217086709239661E-16, -1.000000000000000000 ) ) ;
#1263 = DIRECTION ( 'NONE',  ( 1.989149585786739340E-12, -5.782411586589358822E-15, 1.000000000000000000 ) ) ;
#1264 = EDGE_CURVE ( 'NONE', #377, #823, #1618, .T. ) ;
#1265 = CARTESIAN_POINT ( 'NONE',  ( -214.2344988333445599, -36.78921828968777419, 26.63310341570077711 ) ) ;
#1266 = ORIENTED_EDGE ( 'NONE', *, *, #1636, .F. ) ;
#1267 = FACE_OUTER_BOUND ( 'NONE', #1414, .T. ) ;
#1268 = FACE_OUTER_BOUND ( 'NONE', #1633, .T. ) ;
#1269 = ORIENTED_EDGE ( 'NONE', *, *, #1261, .T. ) ;
#1270 = DIRECTION ( 'NONE',  ( 1.058905249410465713E-26, 1.000000000000000000, 5.329070518200750605E-15 ) ) ;
#1271 = DIRECTION ( 'NONE',  ( 1.058905249410465713E-26, 1.000000000000000000, 5.329070518200750605E-15 ) ) ;
#1272 = ADVANCED_FACE ( 'NONE', ( #1007 ), #1032, .T. ) ;
#1273 = AXIS2_PLACEMENT_3D ( 'NONE', #846, #1240, #1359 ) ;
#1274 = ORIENTED_EDGE ( 'NONE', *, *, #354, .T. ) ;
#1275 = AXIS2_PLACEMENT_3D ( 'NONE', #1607, #470, #1099 ) ;
#1276 = CARTESIAN_POINT ( 'NONE',  ( -202.7050069090097963, -42.11607716807490220, 53.17447128598399786 ) ) ;
#1277 = FACE_BOUND ( 'NONE', #1004, .T. ) ;
#1278 = CIRCLE ( 'NONE', #251, 2.249999999999995559 ) ;
#1279 = VECTOR ( 'NONE', #881, 1000.000000000000000 ) ;
#1280 = AXIS2_PLACEMENT_3D ( 'NONE', #760, #1141, #1512 ) ;
#1281 = EDGE_LOOP ( 'NONE', ( #213, #714, #1190, #1517 ) ) ;
#1282 = CARTESIAN_POINT ( 'NONE',  ( -214.2344988333189519, -32.82764772888138083, 37.05028947966540187 ) ) ;
#1283 = DIRECTION ( 'NONE',  ( 1.058905249410465713E-26, 1.000000000000000000, 5.329070518200750605E-15 ) ) ;
#1284 = DIRECTION ( 'NONE',  ( -1.359479949940139901E-32, -1.000000000000000000, 0.000000000000000000 ) ) ;
#1285 = ADVANCED_FACE ( 'NONE', ( #378 ), #1245, .T. ) ;
#1286 = ORIENTED_EDGE ( 'NONE', *, *, #1446, .T. ) ;
#1287 = ADVANCED_FACE ( 'NONE', ( #768 ), #391, .T. ) ;
#1288 = CARTESIAN_POINT ( 'NONE',  ( -200.3844988333210040, -46.86607716807490931, 21.67447128598400141 ) ) ;
#1289 = PLANE ( 'NONE',  #253 ) ;
#1290 = ORIENTED_EDGE ( 'NONE', *, *, #427, .F. ) ;
#1291 = DIRECTION ( 'NONE',  ( 1.984225095966406735E-12, -6.049466755995143159E-15, 1.000000000000000000 ) ) ;
#1292 = CARTESIAN_POINT ( 'NONE',  ( -200.6344988333210040, -41.86607716807490220, 54.05509396824214008 ) ) ;
#1293 = DIRECTION ( 'NONE',  ( -1.058905249410465713E-26, -1.000000000000000000, -5.329070518200750605E-15 ) ) ;
#1294 = ORIENTED_EDGE ( 'NONE', *, *, #927, .T. ) ;
#1295 = DIRECTION ( 'NONE',  ( 8.917744433051608987E-17, 8.917744433051489425E-17, -1.000000000000000000 ) ) ;
#1296 = CARTESIAN_POINT ( 'NONE',  ( -232.7344988333209983, -41.86607716807490220, 38.67447128598400496 ) ) ;
#1297 = ADVANCED_FACE ( 'NONE', ( #94 ), #731, .T. ) ;
#1298 = ORIENTED_EDGE ( 'NONE', *, *, #427, .T. ) ;
#1299 = FACE_BOUND ( 'NONE', #1464, .T. ) ;
#1300 = CARTESIAN_POINT ( 'NONE',  ( -214.2344988333052811, -21.86607716807500879, 43.94047012369777860 ) ) ;
#1301 = CIRCLE ( 'NONE', #1644, 1.999999999999997780 ) ;
#1302 = DIRECTION ( 'NONE',  ( 1.985709089445912408E-12, -5.806166928204422415E-15, 1.000000000000000000 ) ) ;
#1303 = VERTEX_POINT ( 'NONE', #120 ) ;
#1304 = VECTOR ( 'NONE', #776, 1000.000000000000000 ) ;
#1305 = PRODUCT_DEFINITION ( 'UNKNOWN', '', #171, #12 ) ;
#1306 = DIRECTION ( 'NONE',  ( -1.058905249410465713E-26, -1.000000000000000000, -5.329070518200750605E-15 ) ) ;
#1307 = CARTESIAN_POINT ( 'NONE',  ( -214.4661036670943872, -37.98210852522949210, 36.42696741373207203 ) ) ;
#1308 = CIRCLE ( 'NONE', #1084, 2.500000000000113243 ) ;
#1309 = CARTESIAN_POINT ( 'NONE',  ( -229.3344988333209926, -42.11607716807490220, 55.42447128598400496 ) ) ;
#1310 = VERTEX_POINT ( 'NONE', #1653 ) ;
#1311 = CARTESIAN_POINT ( 'NONE',  ( -214.2344988333441336, -35.75189646684177802, 26.83943955521769098 ) ) ;
#1312 = VERTEX_POINT ( 'NONE', #1147 ) ;
#1313 = ORIENTED_EDGE ( 'NONE', *, *, #198, .T. ) ;
#1314 = EDGE_CURVE ( 'NONE', #208, #118, #608, .T. ) ;
#1315 = CARTESIAN_POINT ( 'NONE',  ( -214.2344988333452704, -38.63771576560867516, 26.26541440667004679 ) ) ;
#1316 = ORIENTED_EDGE ( 'NONE', *, *, #729, .F. ) ;
#1317 = DIRECTION ( 'NONE',  ( -0.7071067811865457964, 0.000000000000000000, -0.7071067811865492381 ) ) ;
#1318 = VERTEX_POINT ( 'NONE', #756 ) ;
#1319 = ORIENTED_EDGE ( 'NONE', *, *, #214, .F. ) ;
#1320 = ADVANCED_FACE ( 'NONE', ( #637 ), #219, .T. ) ;
#1321 = VERTEX_POINT ( 'NONE', #510 ) ;
#1322 = DIRECTION ( 'NONE',  ( 0.6546536707079737560, 0.000000000000000000, 0.7559289460184573928 ) ) ;
#1323 = EDGE_LOOP ( 'NONE', ( #267, #1044, #1252, #966, #985 ) ) ;
#1324 = AXIS2_PLACEMENT_3D ( 'NONE', #603, #1121, #1095 ) ;
#1325 = LINE ( 'NONE', #1459, #522 ) ;
#1326 = ORIENTED_EDGE ( 'NONE', *, *, #91, .F. ) ;
#1327 = AXIS2_PLACEMENT_3D ( 'NONE', #994, #372, #240 ) ;
#1328 = CARTESIAN_POINT ( 'NONE',  ( -232.9112755286176366, -41.93930047277826390, 38.67447128598400496 ) ) ;
#1329 = CIRCLE ( 'NONE', #1061, 1.999999999999997780 ) ;
#1330 = AXIS2_PLACEMENT_3D ( 'NONE', #1488, #957, #1114 ) ;
#1331 = CARTESIAN_POINT ( 'NONE',  ( -217.5306770107217460, -41.86607716807490220, 36.42696741373963221 ) ) ;
#1332 = ORIENTED_EDGE ( 'NONE', *, *, #790, .T. ) ;
#1333 = ADVANCED_FACE ( 'NONE', ( #879 ), #943, .T. ) ;
#1334 = LINE ( 'NONE', #288, #386 ) ;
#1335 = ORIENTED_EDGE ( 'NONE', *, *, #34, .T. ) ;
#1336 = DIRECTION ( 'NONE',  ( -0.7071067811865457964, 0.000000000000000000, -0.7071067811865492381 ) ) ;
#1337 = CARTESIAN_POINT ( 'NONE',  ( -232.9844988333209983, -46.86607716807490931, 38.67447128598400496 ) ) ;
#1338 =( LENGTH_UNIT ( ) NAMED_UNIT ( * ) SI_UNIT ( .MILLI., .METRE. ) );
#1339 = ORIENTED_EDGE ( 'NONE', *, *, #54, .F. ) ;
#1340 = DIRECTION ( 'NONE',  ( 0.7071067811865440200, 0.000000000000000000, -0.7071067811865510144 ) ) ;
#1341 = EDGE_CURVE ( 'NONE', #892, #977, #110, .T. ) ;
#1342 = DIRECTION ( 'NONE',  ( -9.750522161992623017E-14, -0.9987954562051720719, -0.04906767432742313584 ) ) ;
#1343 = CARTESIAN_POINT ( 'NONE',  ( -214.2344988333102549, -34.83718552810810820, 41.44047012369766492 ) ) ;
#1344 = FACE_OUTER_BOUND ( 'NONE', #306, .T. ) ;
#1345 = AXIS2_PLACEMENT_3D ( 'NONE', #614, #1424, #1660 ) ;
#1346 = VERTEX_POINT ( 'NONE', #1535 ) ;
#1347 = DIRECTION ( 'NONE',  ( 1.987129125655636496E-12, -5.896525595417318851E-15, 1.000000000000000000 ) ) ;
#1348 = VERTEX_POINT ( 'NONE', #390 ) ;
#1349 = EDGE_CURVE ( 'NONE', #1534, #1310, #999, .T. ) ;
#1350 = CARTESIAN_POINT ( 'NONE',  ( -214.2344988333260005, -35.75189646684183487, 35.98748985231294739 ) ) ;
#1351 = DIRECTION ( 'NONE',  ( 0.000000000000000000, -1.000000000000000000, 0.000000000000000000 ) ) ;
#1352 = AXIS2_PLACEMENT_3D ( 'NONE', #1117, #1477, #1627 ) ;
#1353 = AXIS2_PLACEMENT_3D ( 'NONE', #443, #1463, #65 ) ;
#1354 = CIRCLE ( 'NONE', #945, 2.500000000000002220 ) ;
#1355 = DIRECTION ( 'NONE',  ( 0.000000000000000000, -1.000000000000000000, 0.000000000000000000 ) ) ;
#1356 = EDGE_LOOP ( 'NONE', ( #440, #1186, #1631, #1449 ) ) ;
#1357 = CARTESIAN_POINT ( 'NONE',  ( -232.7344988333209983, -42.11607716807490220, 38.67447128598400496 ) ) ;
#1358 = VERTEX_POINT ( 'NONE', #1637 ) ;
#1359 = DIRECTION ( 'NONE',  ( -0.6546536707079737560, 0.000000000000000000, 0.7559289460184573928 ) ) ;
#1360 = ADVANCED_FACE ( 'NONE', ( #261 ), #1429, .T. ) ;
#1361 = ORIENTED_EDGE ( 'NONE', *, *, #1204, .F. ) ;
#1362 = DIRECTION ( 'NONE',  ( -0.6546536707079737560, 0.000000000000000000, 0.7559289460184573928 ) ) ;
#1363 = ORIENTED_EDGE ( 'NONE', *, *, #186, .T. ) ;
#1364 = DIRECTION ( 'NONE',  ( 0.000000000000000000, 0.000000000000000000, -1.000000000000000000 ) ) ;
#1365 = FACE_OUTER_BOUND ( 'NONE', #1281, .T. ) ;
#1366 = DIRECTION ( 'NONE',  ( 0.000000000000000000, -1.000000000000000000, 0.000000000000000000 ) ) ;
#1367 = EDGE_CURVE ( 'NONE', #833, #612, #492, .T. ) ;
#1368 = ORIENTED_EDGE ( 'NONE', *, *, #138, .T. ) ;
#1369 = EDGE_CURVE ( 'NONE', #35, #1537, #466, .T. ) ;
#1370 = DIRECTION ( 'NONE',  ( 1.984263953859664044E-12, -6.068085485809370880E-15, 1.000000000000000000 ) ) ;
#1371 = ORIENTED_EDGE ( 'NONE', *, *, #607, .T. ) ;
#1372 = APPLICATION_CONTEXT ( 'automotive_design' ) ;
#1373 = CARTESIAN_POINT ( 'NONE',  ( -232.9844988333209983, -46.86607716807490931, 54.10465528426773574 ) ) ;
#1374 = DIRECTION ( 'NONE',  ( 1.984225095966406735E-12, -6.049466755995143159E-15, 1.000000000000000000 ) ) ;
#1375 = AXIS2_PLACEMENT_3D ( 'NONE', #1145, #1306, #1447 ) ;
#1376 = DIRECTION ( 'NONE',  ( -9.695610106392810070E-17, 1.000000000000000000, 8.396644657325329385E-17 ) ) ;
#1377 = CIRCLE ( 'NONE', #111, 0.2500000000000002220 ) ;
#1378 = EDGE_LOOP ( 'NONE', ( #1232, #595, #962, #287 ) ) ;
#1379 = DIRECTION ( 'NONE',  ( 1.984523656517468932E-12, -5.204170427930426016E-15, 1.000000000000000000 ) ) ;
#1380 = ADVANCED_FACE ( 'NONE', ( #739 ), #1645, .T. ) ;
#1381 = ORIENTED_EDGE ( 'NONE', *, *, #847, .T. ) ;
#1382 = PLANE ( 'NONE',  #810 ) ;
#1383 = CARTESIAN_POINT ( 'NONE',  ( -232.9112755286176366, -41.93930047277826390, 15.67447128598400319 ) ) ;
#1384 = CARTESIAN_POINT ( 'NONE',  ( -214.2344988333350670, -35.75189646684180644, 31.41346470376531741 ) ) ;
#1385 = ORIENTED_EDGE ( 'NONE', *, *, #1369, .F. ) ;
#1386 = CARTESIAN_POINT ( 'NONE',  ( -214.2344988333102549, -22.86607716807499813, 41.44047012369766492 ) ) ;
#1387 = EDGE_LOOP ( 'NONE', ( #1087, #1363, #121, #587 ) ) ;
#1388 = PRODUCT_DEFINITION_SHAPE ( 'NONE', 'NONE',  #1305 ) ;
#1389 = EDGE_CURVE ( 'NONE', #826, #751, #1248, .T. ) ;
#1390 = FACE_OUTER_BOUND ( 'NONE', #1625, .T. ) ;
#1391 = DIRECTION ( 'NONE',  ( -1.058905249410465713E-26, -1.000000000000000000, -5.329070518200750605E-15 ) ) ;
#1392 = CARTESIAN_POINT ( 'NONE',  ( -214.2344988333350670, -32.82764772888130267, 31.41346470376531741 ) ) ;
#1393 = VERTEX_POINT ( 'NONE', #1265 ) ;
#1394 = DIRECTION ( 'NONE',  ( -1.359479949940139901E-32, -1.000000000000000000, 0.000000000000000000 ) ) ;
#1395 = DIRECTION ( 'NONE',  ( 0.000000000000000000, 0.000000000000000000, 1.000000000000000000 ) ) ;
#1396 = VERTEX_POINT ( 'NONE', #1188 ) ;
#1397 = DIRECTION ( 'NONE',  ( -1.058905249410465713E-26, -1.000000000000000000, -5.329070518200750605E-15 ) ) ;
#1398 = CARTESIAN_POINT ( 'NONE',  ( -204.0344988333210097, -41.93930047277825679, 13.74769459068736666 ) ) ;
#1399 = EDGE_CURVE ( 'NONE', #106, #773, #1646, .T. ) ;
#1400 = DIRECTION ( 'NONE',  ( 0.000000000000000000, 0.000000000000000000, -1.000000000000000000 ) ) ;
#1401 = VECTOR ( 'NONE', #662, 1000.000000000000000 ) ;
#1402 = AXIS2_PLACEMENT_3D ( 'NONE', #1409, #1270, #268 ) ;
#1403 = VERTEX_POINT ( 'NONE', #921 ) ;
#1404 = AXIS2_PLACEMENT_3D ( 'NONE', #1496, #1484, #441 ) ;
#1405 = LINE ( 'NONE', #8, #221 ) ;
#1406 = LINE ( 'NONE', #633, #333 ) ;
#1407 = AXIS2_PLACEMENT_3D ( 'NONE', #843, #1609, #1487 ) ;
#1408 = ORIENTED_EDGE ( 'NONE', *, *, #1103, .T. ) ;
#1409 = CARTESIAN_POINT ( 'NONE',  ( -214.2344988333102549, -39.28029073044810104, 41.44047012369766492 ) ) ;
#1410 = CARTESIAN_POINT ( 'NONE',  ( -217.5306770107216323, -39.86607716807483115, 36.42696741373971747 ) ) ;
#1411 = DIRECTION ( 'NONE',  ( 1.984523656517468932E-12, -5.204170427930426016E-15, 1.000000000000000000 ) ) ;
#1412 = EDGE_CURVE ( 'NONE', #642, #849, #520, .T. ) ;
#1413 = VECTOR ( 'NONE', #669, 1000.000000000000000 ) ;
#1414 = EDGE_LOOP ( 'NONE', ( #1654, #217, #1651, #115 ) ) ;
#1415 = CARTESIAN_POINT ( 'NONE',  ( -211.7580270093164927, -39.44351857816122475, 36.42696741372544267 ) ) ;
#1416 = CARTESIAN_POINT ( 'NONE',  ( -214.2344988333102549, -38.63771576560880305, 41.44047012369766492 ) ) ;
#1417 = ORIENTED_EDGE ( 'NONE', *, *, #616, .T. ) ;
#1418 = DIRECTION ( 'NONE',  ( 1.058905249410465713E-26, 1.000000000000000000, 5.329070518200750605E-15 ) ) ;
#1419 = DIRECTION ( 'NONE',  ( 0.000000000000000000, 0.7071067811865648922, -0.7071067811865302533 ) ) ;
#1420 = DIRECTION ( 'NONE',  ( 2.980490962685554734E-18, 1.000000000000000000, 1.993632831901714969E-16 ) ) ;
#1421 = CARTESIAN_POINT ( 'NONE',  ( -214.2344988333350670, -36.78921828968780261, 31.41346470376531741 ) ) ;
#1422 = EDGE_LOOP ( 'NONE', ( #1160, #66 ) ) ;
#1423 = ADVANCED_FACE ( 'NONE', ( #270 ), #291, .T. ) ;
#1424 = DIRECTION ( 'NONE',  ( -1.058905249410465713E-26, -1.000000000000000000, -5.329070518200750605E-15 ) ) ;
#1425 = VERTEX_POINT ( 'NONE', #676 ) ;
#1426 = CARTESIAN_POINT ( 'NONE',  ( -215.4037774308281712, -38.63771576560873200, 36.42696741373438840 ) ) ;
#1427 = VECTOR ( 'NONE', #1342, 1000.000000000000114 ) ;
#1428 = ORIENTED_EDGE ( 'NONE', *, *, #1467, .F. ) ;
#1429 = CONICAL_SURFACE ( 'NONE', #919, 4.390180644032258606, 0.09817477042468172876 ) ;
#1430 = FACE_OUTER_BOUND ( 'NONE', #865, .T. ) ;
#1431 = EDGE_CURVE ( 'NONE', #1499, #159, #1308, .T. ) ;
#1432 = AXIS2_PLACEMENT_3D ( 'NONE', #1256, #485, #872 ) ;
#1433 = AXIS2_PLACEMENT_3D ( 'NONE', #709, #216, #732 ) ;
#1434 = EDGE_LOOP ( 'NONE', ( #1165, #1257, #1662, #1385, #563, #1490, #818, #1622, #21, #1468, #683, #1016 ) ) ;
#1435 = DIRECTION ( 'NONE',  ( 1.935829361929038903E-15, 1.000000000000000000, 5.329070518196904119E-15 ) ) ;
#1436 = ORIENTED_EDGE ( 'NONE', *, *, #664, .T. ) ;
#1437 = DIRECTION ( 'NONE',  ( 1.000000000000000000, 0.000000000000000000, -8.776466597827340322E-17 ) ) ;
#1438 = EDGE_CURVE ( 'NONE', #454, #977, #343, .T. ) ;
#1439 = DIRECTION ( 'NONE',  ( 1.947635409827751982E-13, -0.9951847266721972618, 0.09801714032955598233 ) ) ;
#1440 = DIRECTION ( 'NONE',  ( 1.000000000000000000, 4.388233298913669545E-17, -4.388233298914035009E-17 ) ) ;
#1441 = ORIENTED_EDGE ( 'NONE', *, *, #465, .T. ) ;
#1442 = ORIENTED_EDGE ( 'NONE', *, *, #1445, .F. ) ;
#1443 = CARTESIAN_POINT ( 'NONE',  ( -214.2344988333350670, -16.86607716807499102, 31.41346470376531741 ) ) ;
#1444 = CARTESIAN_POINT ( 'NONE',  ( -212.7451776966260013, -38.81320828621301189, 36.42696741372780878 ) ) ;
#1445 = EDGE_CURVE ( 'NONE', #876, #1321, #1482, .T. ) ;
#1446 = EDGE_CURVE ( 'NONE', #892, #1222, #897, .T. ) ;
#1447 = DIRECTION ( 'NONE',  ( 1.989149585786739340E-12, -5.782411586589358822E-15, 1.000000000000000000 ) ) ;
#1448 = DIRECTION ( 'NONE',  ( 1.000000000000000000, 0.000000000000000000, 0.000000000000000000 ) ) ;
#1449 = ORIENTED_EDGE ( 'NONE', *, *, #1457, .F. ) ;
#1450 = AXIS2_PLACEMENT_3D ( 'NONE', #1123, #1226, #209 ) ;
#1451 = DIRECTION ( 'NONE',  ( 8.776466597827340322E-17, 0.000000000000000000, 1.000000000000000000 ) ) ;
#1452 = AXIS2_PLACEMENT_3D ( 'NONE', #1384, #249, #888 ) ;
#1453 = AXIS2_PLACEMENT_3D ( 'NONE', #741, #1258, #1237 ) ;
#1454 = DIRECTION ( 'NONE',  ( -1.000000000000000000, 0.000000000000000000, 0.000000000000000000 ) ) ;
#1455 = CIRCLE ( 'NONE', #304, 2.499999999999993339 ) ;
#1456 = LINE ( 'NONE', #1221, #541 ) ;
#1457 = EDGE_CURVE ( 'NONE', #1346, #661, #963, .T. ) ;
#1458 = ORIENTED_EDGE ( 'NONE', *, *, #778, .T. ) ;
#1459 = CARTESIAN_POINT ( 'NONE',  ( -217.5306770107217460, -43.36607716807485957, 36.42696741373963221 ) ) ;
#1460 = LINE ( 'NONE', #448, #140 ) ;
#1461 = DIRECTION ( 'NONE',  ( -1.947755446205128622E-13, -0.9951847266721962626, -0.09801714032956658496 ) ) ;
#1462 = CARTESIAN_POINT ( 'NONE',  ( -216.0097247489489121, -39.03518111545576375, 36.42696741373588054 ) ) ;
#1463 = DIRECTION ( 'NONE',  ( -1.058905249410465713E-26, -1.000000000000000000, -5.329070518200750605E-15 ) ) ;
#1464 = EDGE_LOOP ( 'NONE', ( #1520, #577 ) ) ;
#1465 = CARTESIAN_POINT ( 'NONE',  ( -200.6344988333210040, -41.86607716807490220, 38.67447128598400496 ) ) ;
#1466 = CONICAL_SURFACE ( 'NONE', #935, 4.294051420988681755, 0.04908738521234032315 ) ;
#1467 = EDGE_CURVE ( 'NONE', #254, #348, #973, .T. ) ;
#1468 = ORIENTED_EDGE ( 'NONE', *, *, #1657, .F. ) ;
#1469 = DIRECTION ( 'NONE',  ( 1.985709089445912408E-12, -5.806166928204422415E-15, 1.000000000000000000 ) ) ;
#1470 = PRESENTATION_STYLE_ASSIGNMENT (( #960 ) ) ;
#1471 = CARTESIAN_POINT ( 'NONE',  ( -214.2344988333102549, -38.86607716807499457, 41.44047012369766492 ) ) ;
#1472 = EDGE_LOOP ( 'NONE', ( #1068, #794, #471, #170 ) ) ;
#1473 = DIRECTION ( 'NONE',  ( 1.058905249410465713E-26, 1.000000000000000000, 5.329070518200750605E-15 ) ) ;
#1474 = CARTESIAN_POINT ( 'NONE',  ( -214.2344988333152287, -16.86607716807497681, 38.94047012369779992 ) ) ;
#1475 = ORIENTED_EDGE ( 'NONE', *, *, #238, .T. ) ;
#1476 = ADVANCED_FACE ( 'NONE', ( #326 ), #1674, .T. ) ;
#1477 = DIRECTION ( 'NONE',  ( 1.359479949940139901E-32, 1.000000000000000000, 1.959217086709239661E-16 ) ) ;
#1478 = SURFACE_SIDE_STYLE ('',( #476 ) ) ;
#1479 = VECTOR ( 'NONE', #1543, 1000.000000000000000 ) ;
#1480 = CIRCLE ( 'NONE', #1139, 1.999999999999997780 ) ;
#1481 = AXIS2_PLACEMENT_3D ( 'NONE', #127, #1524, #1419 ) ;
#1482 = CIRCLE ( 'NONE', #1453, 0.2500000000000002220 ) ;
#1483 = AXIS2_PLACEMENT_3D ( 'NONE', #373, #742, #882 ) ;
#1484 = DIRECTION ( 'NONE',  ( -1.058905249410465713E-26, -1.000000000000000000, -5.329070518200750605E-15 ) ) ;
#1485 = ORIENTED_EDGE ( 'NONE', *, *, #534, .F. ) ;
#1486 = ORIENTED_EDGE ( 'NONE', *, *, #664, .F. ) ;
#1487 = DIRECTION ( 'NONE',  ( 1.987299214079031419E-12, -5.551115123125785858E-15, 1.000000000000000000 ) ) ;
#1488 = CARTESIAN_POINT ( 'NONE',  ( -214.2344988333350670, -46.86607716807490931, 31.41346470376521438 ) ) ;
#1489 = AXIS2_PLACEMENT_3D ( 'NONE', #1592, #548, #941 ) ;
#1490 = ORIENTED_EDGE ( 'NONE', *, *, #607, .F. ) ;
#1491 = AXIS2_PLACEMENT_3D ( 'NONE', #1343, #1435, #285 ) ;
#1492 = CARTESIAN_POINT ( 'NONE',  ( -214.2344988333102549, -36.78921828968790919, 41.44047012369766492 ) ) ;
#1493 = DIRECTION ( 'NONE',  ( 1.058905249410465713E-26, 1.000000000000000000, 5.329070518200750605E-15 ) ) ;
#1494 = EDGE_CURVE ( 'NONE', #646, #18, #1354, .T. ) ;
#1495 = EDGE_CURVE ( 'NONE', #371, #454, #792, .T. ) ;
#1496 = CARTESIAN_POINT ( 'NONE',  ( -214.2344988333350670, -39.86607716807480273, 31.41346470376531741 ) ) ;
#1497 = ORIENTED_EDGE ( 'NONE', *, *, #1457, .T. ) ;
#1498 = DIRECTION ( 'NONE',  ( 0.000000000000000000, 0.000000000000000000, 1.000000000000000000 ) ) ;
#1499 = VERTEX_POINT ( 'NONE', #632 ) ;
#1500 = DIRECTION ( 'NONE',  ( 1.058905249410465713E-26, 1.000000000000000000, 5.329070518200750605E-15 ) ) ;
#1501 = DIRECTION ( 'NONE',  ( 0.000000000000000000, 0.000000000000000000, -1.000000000000000000 ) ) ;
#1502 = DIRECTION ( 'NONE',  ( 0.6546536707079800843, 0.000000000000000000, 0.7559289460184519527 ) ) ;
#1503 = AXIS2_PLACEMENT_3D ( 'NONE', #1064, #1451, #1437 ) ;
#1504 = EDGE_CURVE ( 'NONE', #106, #997, #265, .T. ) ;
#1505 = ORIENTED_EDGE ( 'NONE', *, *, #988, .T. ) ;
#1506 = DIRECTION ( 'NONE',  ( 1.058905249410465713E-26, 1.000000000000000000, 5.329070518200750605E-15 ) ) ;
#1507 = ORIENTED_EDGE ( 'NONE', *, *, #1636, .T. ) ;
#1508 = CARTESIAN_POINT ( 'NONE',  ( -214.2344988333102549, -46.86607716807490931, 41.44047012369779281 ) ) ;
#1509 = DIRECTION ( 'NONE',  ( -1.058905249410465713E-26, -1.000000000000000000, -5.329070518200750605E-15 ) ) ;
#1510 = CIRCLE ( 'NONE', #570, 5.999999999999998224 ) ;
#1511 = ADVANCED_FACE ( 'NONE', ( #132 ), #647, .T. ) ;
#1512 = DIRECTION ( 'NONE',  ( 0.7071067811865614505, 0.7071067811865336949, 0.000000000000000000 ) ) ;
#1513 = EDGE_LOOP ( 'NONE', ( #206, #1057, #796, #1031 ) ) ;
#1514 = CARTESIAN_POINT ( 'NONE',  ( -229.3344988333209926, -42.11607716807490220, 55.67447128598399786 ) ) ;
#1515 = CARTESIAN_POINT ( 'NONE',  ( -214.2344988333350670, -28.85163134809150165, 31.41346470376531741 ) ) ;
#1516 = CLOSED_SHELL ( 'NONE', ( #1602, #42, #1287, #1149, #956, #344, #1476, #1047, #1297, #352, #1272, #769, #684, #1511, #1667, #330, #310, #264, #155, #866, #1251, #854, #478, #1380, #290, #410, #163, #147, #1189, #1036, #1616, #1116, #1174, #713, #1333, #1423, #1285, #527, #899, #1236, #1320, #631, #486, #907, #176, #366, #680, #915, #722, #733, #297, #1065, #1360, #944, #691, #1197, #248 ) ) ;
#1517 = ORIENTED_EDGE ( 'NONE', *, *, #1369, .T. ) ;
#1518 = CARTESIAN_POINT ( 'NONE',  ( -232.9112755286176082, -41.93930047277822126, 54.09041685583619596 ) ) ;
#1519 = ORIENTED_EDGE ( 'NONE', *, *, #1206, .T. ) ;
#1520 = ORIENTED_EDGE ( 'NONE', *, *, #995, .T. ) ;
#1521 = DIRECTION ( 'NONE',  ( 1.985169051108285068E-12, -4.741645822710872390E-15, 1.000000000000000000 ) ) ;
#1522 = ORIENTED_EDGE ( 'NONE', *, *, #1341, .T. ) ;
#1523 = DIRECTION ( 'NONE',  ( -1.058905249410465713E-26, -1.000000000000000000, -5.329070518200750605E-15 ) ) ;
#1524 = DIRECTION ( 'NONE',  ( 1.000000000000000000, -6.797399749700460025E-33, -6.797399749700699505E-33 ) ) ;
#1525 = CARTESIAN_POINT ( 'NONE',  ( -230.6639907576322344, -42.11607716807490220, 53.17447128598399786 ) ) ;
#1526 = ORIENTED_EDGE ( 'NONE', *, *, #594, .F. ) ;
#1527 = ORIENTED_EDGE ( 'NONE', *, *, #552, .T. ) ;
#1528 = CARTESIAN_POINT ( 'NONE',  ( -214.2344988333011599, -35.75189646684193434, 46.01449527224529135 ) ) ;
#1529 = CARTESIAN_POINT ( 'NONE',  ( -214.2344988333102549, -39.86607716807490220, 41.44047012369766492 ) ) ;
#1530 = ORIENTED_EDGE ( 'NONE', *, *, #1629, .T. ) ;
#1531 = DIRECTION ( 'NONE',  ( -0.7071067811865457964, 0.000000000000000000, -0.7071067811865492381 ) ) ;
#1532 = CARTESIAN_POINT ( 'NONE',  ( -200.5696420282748988, -41.86607716807489510, 54.06830576473933547 ) ) ;
#1533 = EDGE_CURVE ( 'NONE', #740, #377, #1150, .T. ) ;
#1534 = VERTEX_POINT ( 'NONE', #255 ) ;
#1535 = CARTESIAN_POINT ( 'NONE',  ( -214.2344988333023252, -22.86607716807501944, 45.44047012369765781 ) ) ;
#1536 = CONICAL_SURFACE ( 'NONE', #468, 4.574025148547628206, 0.1963495408493623751 ) ;
#1537 = VERTEX_POINT ( 'NONE', #759 ) ;
#1538 = AXIS2_PLACEMENT_3D ( 'NONE', #1471, #829, #323 ) ;
#1539 = CARTESIAN_POINT ( 'NONE',  ( -214.2344988333102549, -38.63771576560880305, 41.44047012369766492 ) ) ;
#1540 = FACE_OUTER_BOUND ( 'NONE', #145, .T. ) ;
#1541 = VECTOR ( 'NONE', #1205, 1000.000000000000114 ) ;
#1542 = EDGE_LOOP ( 'NONE', ( #128, #636, #394, #1381 ) ) ;
#1543 = DIRECTION ( 'NONE',  ( 0.000000000000000000, -1.000000000000000000, 0.000000000000000000 ) ) ;
#1544 = CYLINDRICAL_SURFACE ( 'NONE', #1345, 2.500000000000002220 ) ;
#1545 = B_SPLINE_CURVE_WITH_KNOTS ( 'NONE', 3,
 ( #449, #1106, #259, #1410 ),
 .UNSPECIFIED., .F., .F.,
 ( 4, 4 ),
 ( 5.646216781060984288E-07, 0.001382863801234844765 ),
 .UNSPECIFIED. ) ;
#1546 = EDGE_CURVE ( 'NONE', #235, #1312, #1405, .T. ) ;
#1547 = DIRECTION ( 'NONE',  ( 0.000000000000000000, 0.000000000000000000, 1.000000000000000000 ) ) ;
#1548 = VECTOR ( 'NONE', #1439, 1000.000000000000227 ) ;
#1549 = EDGE_CURVE ( 'NONE', #1534, #436, #512, .T. ) ;
#1550 = DIRECTION ( 'NONE',  ( 1.058905249410465713E-26, 1.000000000000000000, 5.329070518200750605E-15 ) ) ;
#1551 = CARTESIAN_POINT ( 'NONE',  ( -212.1903610991798814, -39.28029073044793051, 36.42696741372644453 ) ) ;
#1552 = ORIENTED_EDGE ( 'NONE', *, *, #451, .F. ) ;
#1553 = CYLINDRICAL_SURFACE ( 'NONE', #1670, 5.999999999999998224 ) ;
#1554 = ORIENTED_EDGE ( 'NONE', *, *, #495, .T. ) ;
#1555 = EDGE_CURVE ( 'NONE', #305, #773, #557, .T. ) ;
#1556 = DIRECTION ( 'NONE',  ( -2.253888300631460424E-31, -1.000000000000000000, -1.959217086709239661E-16 ) ) ;
#1557 = ORIENTED_EDGE ( 'NONE', *, *, #72, .T. ) ;
#1558 = EDGE_CURVE ( 'NONE', #1425, #436, #1249, .T. ) ;
#1559 = CARTESIAN_POINT ( 'NONE',  ( 0.000000000000000000, 0.000000000000000000, 0.000000000000000000 ) ) ;
#1560 = VERTEX_POINT ( 'NONE', #771 ) ;
#1561 = CARTESIAN_POINT ( 'NONE',  ( -202.7050069090097963, -42.11607716807490220, 55.67447128598399786 ) ) ;
#1562 = DIRECTION ( 'NONE',  ( -1.000000000000000000, 0.000000000000000000, 0.000000000000000000 ) ) ;
#1563 = AXIS2_PLACEMENT_3D ( 'NONE', #1023, #526, #1162 ) ;
#1564 = DIRECTION ( 'NONE',  ( 1.058905249410465713E-26, 1.000000000000000000, 5.329070518200750605E-15 ) ) ;
#1565 = CONICAL_SURFACE ( 'NONE', #79, 4.294051420988681755, 0.04908738521234032315 ) ;
#1566 = DIRECTION ( 'NONE',  ( 0.000000000000000000, 0.000000000000000000, 1.000000000000000000 ) ) ;
#1567 = EDGE_CURVE ( 'NONE', #1222, #371, #233, .T. ) ;
#1568 = ORIENTED_EDGE ( 'NONE', *, *, #1126, .F. ) ;
#1569 = VECTOR ( 'NONE', #785, 1000.000000000000000 ) ;
#1570 = CARTESIAN_POINT ( 'NONE',  ( -215.4037774308281712, -38.63771576560873200, 36.42696741373438840 ) ) ;
#1571 = AXIS2_PLACEMENT_3D ( 'NONE', #445, #481, #1250 ) ;
#1572 = EDGE_LOOP ( 'NONE', ( #90, #426, #992, #1557 ) ) ;
#1573 = CARTESIAN_POINT ( 'NONE',  ( -214.2344988332988862, -39.28029073044812947, 46.85468368607075007 ) ) ;
#1574 = AXIS2_PLACEMENT_3D ( 'NONE', #574, #62, #342 ) ;
#1575 = ORIENTED_EDGE ( 'NONE', *, *, #77, .T. ) ;
#1576 = EDGE_CURVE ( 'NONE', #773, #1358, #681, .T. ) ;
#1577 = DIRECTION ( 'NONE',  ( -1.000000000000000000, 0.000000000000000000, 0.000000000000000000 ) ) ;
#1578 = LINE ( 'NONE', #153, #1413 ) ;
#1579 = CIRCLE ( 'NONE', #1090, 5.999999999999998224 ) ;
#1580 = ORIENTED_EDGE ( 'NONE', *, *, #1504, .T. ) ;
#1581 = CARTESIAN_POINT ( 'NONE',  ( -215.2467752326817845, -38.46644679921111987, 36.42696741373397629 ) ) ;
#1582 = EDGE_LOOP ( 'NONE', ( #1104, #406, #511, #955, #1486, #68, #294 ) ) ;
#1583 = VERTEX_POINT ( 'NONE', #404 ) ;
#1584 = EDGE_CURVE ( 'NONE', #1537, #740, #658, .T. ) ;
#1585 = CARTESIAN_POINT ( 'NONE',  ( -232.3987123956941048, -42.11607716807490220, 14.26025772361090382 ) ) ;
#1586 = ORIENTED_EDGE ( 'NONE', *, *, #1024, .T. ) ;
#1587 = AXIS2_PLACEMENT_3D ( 'NONE', #1659, #1642, #745 ) ;
#1588 = DIRECTION ( 'NONE',  ( 0.000000000000000000, 0.000000000000000000, 1.000000000000000000 ) ) ;
#1589 = VECTOR ( 'NONE', #694, 1000.000000000000000 ) ;
#1590 = ORIENTED_EDGE ( 'NONE', *, *, #847, .F. ) ;
#1591 = AXIS2_PLACEMENT_3D ( 'NONE', #504, #909, #242 ) ;
#1592 = CARTESIAN_POINT ( 'NONE',  ( -230.6639907576322344, -46.86607716807490931, 53.17447128598399786 ) ) ;
#1593 = EDGE_CURVE ( 'NONE', #408, #1131, #113, .T. ) ;
#1594 = CARTESIAN_POINT ( 'NONE',  ( -200.3844988333210040, -45.61607716807490931, 15.67447128598400319 ) ) ;
#1595 = VERTEX_POINT ( 'NONE', #272 ) ;
#1596 = DIRECTION ( 'NONE',  ( 1.947635409827751982E-13, -0.9951847266721972618, 0.09801714032955598233 ) ) ;
#1597 = ORIENTED_EDGE ( 'NONE', *, *, #1558, .F. ) ;
#1598 = FACE_OUTER_BOUND ( 'NONE', #402, .T. ) ;
#1599 = DIRECTION ( 'NONE',  ( 1.935829361929038903E-15, 1.000000000000000000, 5.329070518196904119E-15 ) ) ;
#1600 = CARTESIAN_POINT ( 'NONE',  ( -214.2344988333007620, -36.78921828968793761, 46.22083141176216259 ) ) ;
#1601 = ORIENTED_EDGE ( 'NONE', *, *, #1399, .F. ) ;
#1602 = ADVANCED_FACE ( 'NONE', ( #1267 ), #543, .T. ) ;
#1603 = CARTESIAN_POINT ( 'NONE',  ( -232.7993009464694580, -41.86607716807489510, 54.06829462360731497 ) ) ;
#1604 = EDGE_LOOP ( 'NONE', ( #179, #1522, #1211, #693, #227 ) ) ;
#1605 = CARTESIAN_POINT ( 'NONE',  ( -214.2344988333300932, -16.86607716807500523, 33.91346470376532096 ) ) ;
#1606 = CARTESIAN_POINT ( 'NONE',  ( -202.3844988333210324, -42.11607716807490220, 13.67447128598400141 ) ) ;
#1607 = CARTESIAN_POINT ( 'NONE',  ( -202.3844988333210324, -42.11607716807490220, 15.67447128598400319 ) ) ;
#1608 = ORIENTED_EDGE ( 'NONE', *, *, #744, .T. ) ;
#1609 = DIRECTION ( 'NONE',  ( -1.058905249410465713E-26, -1.000000000000000000, -5.329070518200750605E-15 ) ) ;
#1610 = DIRECTION ( 'NONE',  ( -0.7071067811865614505, 0.7071067811865336949, 0.000000000000000000 ) ) ;
#1611 = EDGE_CURVE ( 'NONE', #667, #514, #280, .T. ) ;
#1612 = VERTEX_POINT ( 'NONE', #1029 ) ;
#1613 = CIRCLE ( 'NONE', #682, 3.999999999999996447 ) ;
#1614 = CARTESIAN_POINT ( 'NONE',  ( -232.9844988333209983, -46.86607716807490931, 15.67447128598400319 ) ) ;
#1615 = CARTESIAN_POINT ( 'NONE',  ( -214.2344988333102549, -46.86607716807490931, 43.94047012369790650 ) ) ;
#1616 = ADVANCED_FACE ( 'NONE', ( #1008 ), #1619, .T. ) ;
#1617 = VECTOR ( 'NONE', #852, 1000.000000000000114 ) ;
#1618 = CIRCLE ( 'NONE', #1082, 1.999999999999997780 ) ;
#1619 = TOROIDAL_SURFACE ( 'NONE', #1002, 1.750000000000000000, 0.2500000000000000000 ) ;
#1620 = CIRCLE ( 'NONE', #393, 1.999999999999997780 ) ;
#1621 = DIRECTION ( 'NONE',  ( 1.984523656517468932E-12, -5.204170427930426016E-15, 1.000000000000000000 ) ) ;
#1622 = ORIENTED_EDGE ( 'NONE', *, *, #1261, .F. ) ;
#1623 = CARTESIAN_POINT ( 'NONE',  ( -214.2344988333102549, -16.86607716807499102, 41.44047012369779992 ) ) ;
#1624 = DIRECTION ( 'NONE',  ( 1.000000000000000000, 4.388233298913670161E-17, -4.388233298914035009E-17 ) ) ;
#1625 = EDGE_LOOP ( 'NONE', ( #1316, #686, #784, #1313 ) ) ;
#1626 = VECTOR ( 'NONE', #162, 1000.000000000000227 ) ;
#1627 = DIRECTION ( 'NONE',  ( 0.000000000000000000, 1.959217086709239661E-16, -1.000000000000000000 ) ) ;
#1628 = FILL_AREA_STYLE ('',( #968 ) ) ;
#1629 = EDGE_CURVE ( 'NONE', #1131, #1247, #168, .T. ) ;
#1630 = FACE_OUTER_BOUND ( 'NONE', #275, .T. ) ;
#1631 = ORIENTED_EDGE ( 'NONE', *, *, #354, .F. ) ;
#1632 = CARTESIAN_POINT ( 'NONE',  ( -214.2344988333102549, -39.86607716807490220, 41.44047012369766492 ) ) ;
#1633 = EDGE_LOOP ( 'NONE', ( #182, #698, #1219, #474 ) ) ;
#1634 = CARTESIAN_POINT ( 'NONE',  ( -214.2344988333300932, -21.86607716807481694, 33.91346470376532096 ) ) ;
#1635 = CYLINDRICAL_SURFACE ( 'NONE', #1074, 3.999999999999996447 ) ;
#1636 = EDGE_CURVE ( 'NONE', #208, #1303, #392, .T. ) ;
#1637 = CARTESIAN_POINT ( 'NONE',  ( -216.2786365674583919, -39.28029073044793051, 36.42696741373944747 ) ) ;
#1638 = PRESENTATION_LAYER_ASSIGNMENT (  '', '', ( #559 ) ) ;
#1639 = VERTEX_POINT ( 'NONE', #1183 ) ;
#1640 = CARTESIAN_POINT ( 'NONE',  ( -214.2344988333102549, -37.57318394926149807, 41.44047012369766492 ) ) ;
#1641 = ORIENTED_EDGE ( 'NONE', *, *, #834, .T. ) ;
#1642 = DIRECTION ( 'NONE',  ( -1.058905249410465713E-26, -1.000000000000000000, -5.329070518200750605E-15 ) ) ;
#1643 = DIRECTION ( 'NONE',  ( 1.000000000000000000, -6.797399749700460025E-33, -6.797399749700699505E-33 ) ) ;
#1644 = AXIS2_PLACEMENT_3D ( 'NONE', #61, #349, #1105 ) ;
#1645 = PLANE ( 'NONE',  #1432 ) ;
#1646 = CIRCLE ( 'NONE', #922, 5.414213562373086930 ) ;
#1647 = CIRCLE ( 'NONE', #1175, 0.2500000000000002220 ) ;
#1648 = ORIENTED_EDGE ( 'NONE', *, *, #72, .F. ) ;
#1649 = DIRECTION ( 'NONE',  ( 1.987129125655636496E-12, -5.896525595417318851E-15, 1.000000000000000000 ) ) ;
#1650 = FACE_OUTER_BOUND ( 'NONE', #591, .T. ) ;
#1651 = ORIENTED_EDGE ( 'NONE', *, *, #1399, .T. ) ;
#1652 = FACE_OUTER_BOUND ( 'NONE', #743, .T. ) ;
#1653 = CARTESIAN_POINT ( 'NONE',  ( -214.2344988333429967, -22.86607716807487733, 27.41346470376531741 ) ) ;
#1654 = ORIENTED_EDGE ( 'NONE', *, *, #1495, .F. ) ;
#1655 = DIRECTION ( 'NONE',  ( 1.987299214079028592E-12, -5.551115123125777969E-15, 1.000000000000000000 ) ) ;
#1656 = CARTESIAN_POINT ( 'NONE',  ( -230.9844988333209983, -42.11607716807490220, 13.92447128598400141 ) ) ;
#1657 = EDGE_CURVE ( 'NONE', #710, #40, #1329, .T. ) ;
#1658 = VERTEX_POINT ( 'NONE', #1331 ) ;
#1659 = CARTESIAN_POINT ( 'NONE',  ( -214.2344988333102549, -35.75189646684190592, 41.44047012369766492 ) ) ;
#1660 = DIRECTION ( 'NONE',  ( 1.987299214079028592E-12, -5.551115123125777969E-15, 1.000000000000000000 ) ) ;
#1661 = DIRECTION ( 'NONE',  ( 1.987299214079031419E-12, -5.551115123125785858E-15, 1.000000000000000000 ) ) ;
#1662 = ORIENTED_EDGE ( 'NONE', *, *, #1584, .F. ) ;
#1663 = DIRECTION ( 'NONE',  ( 1.058905249410465713E-26, 1.000000000000000000, 5.329070518200750605E-15 ) ) ;
#1664 = CARTESIAN_POINT ( 'NONE',  ( -230.6639907576322344, -42.11607716807490220, 55.42447128598400496 ) ) ;
#1665 = CARTESIAN_POINT ( 'NONE',  ( -214.2344988333181846, -31.86607716807496971, 37.44047012369766492 ) ) ;
#1666 = VERTEX_POINT ( 'NONE', #1315 ) ;
#1667 = ADVANCED_FACE ( 'NONE', ( #1076 ), #175, .T. ) ;
#1668 = FACE_BOUND ( 'NONE', #1422, .T. ) ;
#1669 = CYLINDRICAL_SURFACE ( 'NONE', #105, 1.999999999999997780 ) ;
#1670 = AXIS2_PLACEMENT_3D ( 'NONE', #912, #246, #1263 ) ;
#1671 = EDGE_CURVE ( 'NONE', #1560, #1312, #27, .T. ) ;
#1672 = CARTESIAN_POINT ( 'NONE',  ( -202.7050069090097963, -46.86607716807490931, 53.17447128598399786 ) ) ;
#1673 = AXIS2_PLACEMENT_3D ( 'NONE', #500, #877, #398 ) ;
#1674 = CONICAL_SURFACE ( 'NONE', #1407, 4.999999999999997335, 0.7853981633974476129 ) ;
ENDSEC;
END-ISO-10303-21;
