ISO-10303-21;
HEADER;
FILE_DESCRIPTION (( 'STEP AP214' ),
    '1' );
FILE_NAME ('penetrolyzer_actuator_frame.STEP',
    '2026-08-31T04:36:31',
    ( '' ),
    ( '' ),
    'SwSTEP 2.0',
    'SolidWorks 2026',
    '' );
FILE_SCHEMA (( 'AUTOMOTIVE_DESIGN' ));
ENDSEC;

DATA;
#1 = CARTESIAN_POINT ( 'NONE',  ( -3.000007551704839681, 286.5000000000000000, -42.50001216797689807 ) ) ;
#2 = DIRECTION ( 'NONE',  ( -4.625929269275932131E-15, 0.000000000000000000, 1.000000000000000000 ) ) ;
#3 = CARTESIAN_POINT ( 'NONE',  ( -10.30006760591538573, 67.50000000000000000, 22.50000506991860050 ) ) ;
#4 = CARTESIAN_POINT ( 'NONE',  ( -8.000000044703460489, 87.50000000000000000, 16.37898681621939900 ) ) ;
#5 = ORIENTED_EDGE ( 'NONE', *, *, #1284, .T. ) ;
#6 = ORIENTED_EDGE ( 'NONE', *, *, #2397, .T. ) ;
#7 = CARTESIAN_POINT ( 'NONE',  ( 29.00046957425429994, 87.50000000000000000, -49.99952881642030178 ) ) ;
#8 = EDGE_LOOP ( 'NONE', ( #845, #1424, #2004, #1303, #2163 ) ) ;
#9 = AXIS2_PLACEMENT_3D ( 'NONE', #2156, #1939, #406 ) ;
#10 = ORIENTED_EDGE ( 'NONE', *, *, #1816, .T. ) ;
#11 = CARTESIAN_POINT ( 'NONE',  ( 18.82951665521056128, 77.50000000000000000, -15.22481090541625548 ) ) ;
#12 = ORIENTED_EDGE ( 'NONE', *, *, #1551, .F. ) ;
#13 = EDGE_CURVE ( 'NONE', #2111, #927, #1817, .T. ) ;
#14 = DIRECTION ( 'NONE',  ( 0.9999999999994859667, 0.000000000000000000, 1.013997426764959830E-06 ) ) ;
#15 = EDGE_CURVE ( 'NONE', #2194, #2428, #1515, .T. ) ;
#16 = DIRECTION ( 'NONE',  ( 0.000000000000000000, -1.000000000000000000, 0.000000000000000000 ) ) ;
#17 = DIRECTION ( 'NONE',  ( -0.000000000000000000, 1.000000000000000000, -0.000000000000000000 ) ) ;
#18 = DIRECTION ( 'NONE',  ( 0.7390008955602369589, 0.000000000000000000, 0.6737044428836489462 ) ) ;
#19 = ORIENTED_EDGE ( 'NONE', *, *, #1664, .T. ) ;
#20 = ORIENTED_EDGE ( 'NONE', *, *, #2271, .T. ) ;
#21 = DIRECTION ( 'NONE',  ( 0.000000000000000000, -1.000000000000000000, -2.049642507000289605E-16 ) ) ;
#22 = CIRCLE ( 'NONE', #1775, 3.000470043640853124 ) ;
#23 = ORIENTED_EDGE ( 'NONE', *, *, #1282, .F. ) ;
#24 = AXIS2_PLACEMENT_3D ( 'NONE', #1506, #114, #2255 ) ;
#25 = ORIENTED_EDGE ( 'NONE', *, *, #51, .F. ) ;
#26 = ADVANCED_FACE ( 'NONE', ( #525 ), #736, .T. ) ;
#27 = CARTESIAN_POINT ( 'NONE',  ( 25.80791904905739997, 77.50000000000000000, 17.50000000000000000 ) ) ;
#28 = VERTEX_POINT ( 'NONE', #2079 ) ;
#29 = CARTESIAN_POINT ( 'NONE',  ( 15.49999999999899991, 77.50000000000000000, -36.00000000000099476 ) ) ;
#30 = DIRECTION ( 'NONE',  ( -1.000000000000000000, 0.000000000000000000, 7.888609052210119806E-31 ) ) ;
#31 = DIRECTION ( 'NONE',  ( 1.000000000000000000, 0.000000000000000000, 9.250409173207264408E-15 ) ) ;
#32 = CARTESIAN_POINT ( 'NONE',  ( -1.309513680005122582, -46.27508152002117470, -39.49999714346282076 ) ) ;
#33 = LINE ( 'NONE', #2391, #2364 ) ;
#34 = VERTEX_POINT ( 'NONE', #178 ) ;
#35 = ORIENTED_EDGE ( 'NONE', *, *, #2104, .T. ) ;
#36 = CARTESIAN_POINT ( 'NONE',  ( 22.25000000000000000, 291.8999999999999773, -31.09820586241760054 ) ) ;
#37 = CARTESIAN_POINT ( 'NONE',  ( 29.00046196973080015, 286.5000000000000000, -42.49997971958320875 ) ) ;
#38 = VERTEX_POINT ( 'NONE', #2298 ) ;
#39 = VECTOR ( 'NONE', #1021, 1000.000000000000000 ) ;
#40 = ORIENTED_EDGE ( 'NONE', *, *, #925, .T. ) ;
#41 = MANIFOLD_SOLID_BREP ( 'Body1[1]', #2360 ) ;
#42 = CARTESIAN_POINT ( 'NONE',  ( 34.00000043213349699, 87.50000000000000000, 16.37898642878939981 ) ) ;
#43 = ORIENTED_EDGE ( 'NONE', *, *, #1325, .F. ) ;
#44 = LINE ( 'NONE', #1389, #1687 ) ;
#45 = DIRECTION ( 'NONE',  ( 0.7071067811865474617, -2.245313391817868217E-62, -0.7071067811865474617 ) ) ;
#46 = DIRECTION ( 'NONE',  ( 0.000000000000000000, 1.000000000000000000, 0.000000000000000000 ) ) ;
#47 = EDGE_CURVE ( 'NONE', #264, #2039, #141, .T. ) ;
#48 = DIRECTION ( 'NONE',  ( -1.000000000000000000, 1.350876544136369934E-32, -1.216761526407840019E-15 ) ) ;
#49 = AXIS2_PLACEMENT_3D ( 'NONE', #2299, #2480, #540 ) ;
#50 = EDGE_LOOP ( 'NONE', ( #1860, #960, #2490, #5 ) ) ;
#51 = EDGE_CURVE ( 'NONE', #229, #991, #1383, .T. ) ;
#52 = CARTESIAN_POINT ( 'NONE',  ( 31.29667966274205071, 77.50000000000000000, 3.269602312199499039 ) ) ;
#53 = ORIENTED_EDGE ( 'NONE', *, *, #320, .T. ) ;
#54 = CIRCLE ( 'NONE', #1550, 2.499454798020404933 ) ;
#55 = DIRECTION ( 'NONE',  ( 0.000000000000000000, -1.000000000000000000, 0.000000000000000000 ) ) ;
#56 = ORIENTED_EDGE ( 'NONE', *, *, #2273, .F. ) ;
#57 = EDGE_LOOP ( 'NONE', ( #1982, #201, #1614, #1849 ) ) ;
#58 = CARTESIAN_POINT ( 'NONE',  ( 34.00000043213349699, 87.50000000000000000, 16.37898642878939981 ) ) ;
#59 = CARTESIAN_POINT ( 'NONE',  ( 22.25000000000000000, 286.5000000000000000, -42.49998656453430357 ) ) ;
#60 = LINE ( 'NONE', #1173, #737 ) ;
#61 = CARTESIAN_POINT ( 'NONE',  ( 8.000000000110189191, 87.50000000000000000, -36.00000000000000000 ) ) ;
#62 = DIRECTION ( 'NONE',  ( 0.000000000000000000, 1.000000000000000000, 0.000000000000000000 ) ) ;
#63 = ADVANCED_FACE ( 'NONE', ( #1706 ), #917, .T. ) ;
#64 = VERTEX_POINT ( 'NONE', #2325 ) ;
#65 = ORIENTED_EDGE ( 'NONE', *, *, #291, .T. ) ;
#66 = CARTESIAN_POINT ( 'NONE',  ( 36.29667966274204360, -46.27508152002117470, 3.854727108453919637 ) ) ;
#67 = EDGE_CURVE ( 'NONE', #113, #2523, #488, .T. ) ;
#68 = VERTEX_POINT ( 'NONE', #941 ) ;
#69 = FACE_OUTER_BOUND ( 'NONE', #1286, .T. ) ;
#70 = ADVANCED_FACE ( 'NONE', ( #2507, #560 ), #365, .T. ) ;
#71 = VERTEX_POINT ( 'NONE', #1929 ) ;
#72 = CARTESIAN_POINT ( 'NONE',  ( 36.29667966274204360, -46.27508152002117470, 3.854727108453919637 ) ) ;
#73 = LINE ( 'NONE', #1821, #280 ) ;
#74 = DIRECTION ( 'NONE',  ( -1.000000000000000000, 0.000000000000000000, 3.172065784642910061E-14 ) ) ;
#75 = DIRECTION ( 'NONE',  ( 0.000000000000000000, 1.000000000000000000, 0.000000000000000000 ) ) ;
#76 = VERTEX_POINT ( 'NONE', #126 ) ;
#77 = VERTEX_POINT ( 'NONE', #902 ) ;
#78 = CARTESIAN_POINT ( 'NONE',  ( 14.61221363986586752, 77.50000000000000000, 10.86387164178326614 ) ) ;
#79 = AXIS2_PLACEMENT_3D ( 'NONE', #147, #1698, #1333 ) ;
#80 = VECTOR ( 'NONE', #2105, 1000.000000000000000 ) ;
#81 = DIRECTION ( 'NONE',  ( -8.436869267507561019E-33, -1.000000000000000000, 6.217122771415110451E-43 ) ) ;
#82 = ORIENTED_EDGE ( 'NONE', *, *, #67, .F. ) ;
#83 = EDGE_CURVE ( 'NONE', #2361, #34, #2376, .T. ) ;
#84 = LINE ( 'NONE', #2211, #2101 ) ;
#85 = DIRECTION ( 'NONE',  ( 0.000000000000000000, -1.000000000000000000, -2.049642507000289605E-16 ) ) ;
#86 = DIRECTION ( 'NONE',  ( -3.750086511940739506E-14, 0.000000000000000000, -1.000000000000000000 ) ) ;
#87 = CARTESIAN_POINT ( 'NONE',  ( -3.000011107052739767, 87.50000000000000000, -38.99374301880279603 ) ) ;
#88 = EDGE_LOOP ( 'NONE', ( #225, #112, #2087, #1601, #2416, #1403, #572, #2487, #1058, #1008, #616, #1353 ) ) ;
#89 = ORIENTED_EDGE ( 'NONE', *, *, #1593, .T. ) ;
#90 = MECHANICAL_DESIGN_GEOMETRIC_PRESENTATION_REPRESENTATION (  '', ( #1598 ), #1502 ) ;
#91 = FACE_OUTER_BOUND ( 'NONE', #2170, .T. ) ;
#92 =( GEOMETRIC_REPRESENTATION_CONTEXT ( 3 ) GLOBAL_UNCERTAINTY_ASSIGNED_CONTEXT ( ( #2062 ) ) GLOBAL_UNIT_ASSIGNED_CONTEXT ( ( #1380, #187, #2348 ) ) REPRESENTATION_CONTEXT ( 'NONE', 'WORKASPACE' ) );
#93 = VECTOR ( 'NONE', #1479, 1000.000000000000000 ) ;
#94 = LINE ( 'NONE', #1818, #1971 ) ;
#96 = EDGE_CURVE ( 'NONE', #1219, #2361, #1892, .T. ) ;
#95 = ORIENTED_EDGE ( 'NONE', *, *, #769, .F. ) ;
#97 = CARTESIAN_POINT ( 'NONE',  ( -3.000000044703459601, -46.27508152002117470, 2.366582750927847724E-30 ) ) ;
#98 = CARTESIAN_POINT ( 'NONE',  ( 6.499999999999639400, 87.50000000000000000, -37.50000000000000000 ) ) ;
#99 = EDGE_CURVE ( 'NONE', #2392, #1578, #1499, .T. ) ;
#100 = VECTOR ( 'NONE', #2056, 1000.000000000000000 ) ;
#101 = DIRECTION ( 'NONE',  ( -7.888551657556060360E-31, 2.049642507000289605E-16, -1.000000000000000000 ) ) ;
#102 = VERTEX_POINT ( 'NONE', #2495 ) ;
#103 = ORIENTED_EDGE ( 'NONE', *, *, #2441, .F. ) ;
#104 = CARTESIAN_POINT ( 'NONE',  ( 18.00000000000029843, 87.50000000000000000, -47.50000000000000000 ) ) ;
#105 = FACE_OUTER_BOUND ( 'NONE', #1953, .T. ) ;
#106 = ORIENTED_EDGE ( 'NONE', *, *, #380, .T. ) ;
#107 = EDGE_CURVE ( 'NONE', #189, #1559, #329, .T. ) ;
#108 = CARTESIAN_POINT ( 'NONE',  ( 20.99999953061340108, 77.50000000000000000, -52.99999886006120420 ) ) ;
#109 = AXIS2_PLACEMENT_3D ( 'NONE', #1358, #1761, #2 ) ;
#110 = VECTOR ( 'NONE', #578, 1000.000000000000000 ) ;
#111 = DIRECTION ( 'NONE',  ( -0.6721949989449299556, 0.000000000000000000, 0.7403741509489818462 ) ) ;
#112 = ORIENTED_EDGE ( 'NONE', *, *, #635, .T. ) ;
#113 = VERTEX_POINT ( 'NONE', #1540 ) ;
#114 = DIRECTION ( 'NONE',  ( 0.000000000000000000, -1.000000000000000000, 0.000000000000000000 ) ) ;
#115 = CARTESIAN_POINT ( 'NONE',  ( 22.24999999999949907, 228.9000000000000057, -50.00000000000140687 ) ) ;
#116 = DIRECTION ( 'NONE',  ( 0.7071067811865475727, 0.000000000000000000, 0.7071067811865475727 ) ) ;
#117 = DIRECTION ( 'NONE',  ( 0.000000000000000000, 1.000000000000000000, 0.000000000000000000 ) ) ;
#118 = DIRECTION ( 'NONE',  ( -7.888609052210119806E-31, 0.000000000000000000, -1.000000000000000000 ) ) ;
#119 = VECTOR ( 'NONE', #549, 1000.000000000000000 ) ;
#120 = CARTESIAN_POINT ( 'NONE',  ( 28.99991904905740014, 77.50000000000000000, 14.30799999999999983 ) ) ;
#121 = ORIENTED_EDGE ( 'NONE', *, *, #1134, .F. ) ;
#122 = DIRECTION ( 'NONE',  ( -2.636779683487788947E-14, 0.000000000000000000, -1.000000000000000000 ) ) ;
#123 = EDGE_CURVE ( 'NONE', #464, #449, #1839, .T. ) ;
#124 = CARTESIAN_POINT ( 'NONE',  ( 18.00000000000029843, 228.9000000000000057, -48.99999999999909761 ) ) ;
#125 = DIRECTION ( 'NONE',  ( -1.000000000000000000, 0.000000000000000000, 0.000000000000000000 ) ) ;
#126 = CARTESIAN_POINT ( 'NONE',  ( 4.993750666299909824, -46.27508152002117470, -57.99999886006118999 ) ) ;
#127 = CARTESIAN_POINT ( 'NONE',  ( 20.99999953061340108, 77.50000000000000000, -52.99999886006120420 ) ) ;
#128 = VECTOR ( 'NONE', #2241, 1000.000000000000000 ) ;
#129 = CARTESIAN_POINT ( 'NONE',  ( 4.993739499638040868, 228.9000000000000057, -38.99373325058999740 ) ) ;
#130 = ORIENTED_EDGE ( 'NONE', *, *, #1661, .F. ) ;
#131 = AXIS2_PLACEMENT_3D ( 'NONE', #649, #1827, #2031 ) ;
#132 = VERTEX_POINT ( 'NONE', #2520 ) ;
#133 = EDGE_CURVE ( 'NONE', #477, #1301, #411, .T. ) ;
#134 = CARTESIAN_POINT ( 'NONE',  ( 3.750000000000460076, 291.8999999999999773, -50.00000000000070344 ) ) ;
#135 = ORIENTED_EDGE ( 'NONE', *, *, #784, .T. ) ;
#136 = EDGE_CURVE ( 'NONE', #2116, #373, #143, .T. ) ;
#137 = DIRECTION ( 'NONE',  ( 0.000000000000000000, 1.000000000000000000, 0.000000000000000000 ) ) ;
#138 = ORIENTED_EDGE ( 'NONE', *, *, #1780, .T. ) ;
#139 = EDGE_CURVE ( 'NONE', #64, #1787, #2107, .T. ) ;
#140 = DIRECTION ( 'NONE',  ( 0.000000000000000000, 1.000000000000000000, 0.000000000000000000 ) ) ;
#141 = LINE ( 'NONE', #2106, #489 ) ;
#142 = CIRCLE ( 'NONE', #1896, 8.000470043640850903 ) ;
#143 = LINE ( 'NONE', #1487, #2046 ) ;
#144 = CARTESIAN_POINT ( 'NONE',  ( -2.999919049057430342, 128.5999999999999943, 9.307999999999999829 ) ) ;
#145 = AXIS2_PLACEMENT_3D ( 'NONE', #1410, #2449, #1090 ) ;
#146 = EDGE_LOOP ( 'NONE', ( #446, #1016, #482, #1206 ) ) ;
#147 = CARTESIAN_POINT ( 'NONE',  ( -3.000007551704839681, 286.5000000000000000, -42.50001216797689807 ) ) ;
#148 = ORIENTED_EDGE ( 'NONE', *, *, #2216, .F. ) ;
#149 = EDGE_CURVE ( 'NONE', #1113, #2040, #353, .T. ) ;
#150 = CYLINDRICAL_SURFACE ( 'NONE', #938, 2.499454798020404933 ) ;
#151 = EDGE_LOOP ( 'NONE', ( #986, #818, #130, #1176 ) ) ;
#152 = DIRECTION ( 'NONE',  ( 0.000000000000000000, 0.000000000000000000, 1.000000000000000000 ) ) ;
#153 = EDGE_CURVE ( 'NONE', #2392, #2528, #1097, .T. ) ;
#154 = DIRECTION ( 'NONE',  ( -0.7071067811865470176, 0.000000000000000000, 0.7071067811865480168 ) ) ;
#155 = VECTOR ( 'NONE', #956, 1000.000000000000000 ) ;
#156 = CARTESIAN_POINT ( 'NONE',  ( 14.61221363986586752, 87.50000000000000000, 13.36332643980367330 ) ) ;
#157 = CIRCLE ( 'NONE', #887, 1.249999999998557820 ) ;
#158 = CARTESIAN_POINT ( 'NONE',  ( 0.000000000000000000, -46.27508152002117470, 0.000000000000000000 ) ) ;
#159 = ORIENTED_EDGE ( 'NONE', *, *, #2261, .F. ) ;
#160 = ORIENTED_EDGE ( 'NONE', *, *, #536, .T. ) ;
#161 = DIRECTION ( 'NONE',  ( 9.169740977663330499E-15, 0.000000000000000000, -1.000000000000000000 ) ) ;
#162 = CIRCLE ( 'NONE', #1594, 7.993750606696748306 ) ;
#163 = ORIENTED_EDGE ( 'NONE', *, *, #1826, .F. ) ;
#164 = EDGE_CURVE ( 'NONE', #1867, #1382, #1882, .T. ) ;
#165 = VECTOR ( 'NONE', #1516, 1000.000000000000000 ) ;
#166 = CARTESIAN_POINT ( 'NONE',  ( 13.00022923359779981, 291.8999999999999773, -44.54866517330650311 ) ) ;
#167 = LINE ( 'NONE', #2508, #1448 ) ;
#168 = EDGE_CURVE ( 'NONE', #1441, #1819, #167, .T. ) ;
#169 = FACE_OUTER_BOUND ( 'NONE', #1503, .T. ) ;
#170 = CIRCLE ( 'NONE', #2213, 4.999999999999999112 ) ;
#171 = DIRECTION ( 'NONE',  ( -2.068221298520915213E-18, -1.000000000000000000, -2.049433788896639936E-16 ) ) ;
#172 = ADVANCED_FACE ( 'NONE', ( #1695 ), #516, .F. ) ;
#173 = EDGE_LOOP ( 'NONE', ( #1633, #853, #1938, #906 ) ) ;
#174 = ORIENTED_EDGE ( 'NONE', *, *, #1869, .T. ) ;
#175 = FACE_BOUND ( 'NONE', #2448, .T. ) ;
#176 = EDGE_LOOP ( 'NONE', ( #2015, #1014, #729, #506 ) ) ;
#177 = CARTESIAN_POINT ( 'NONE',  ( 19.50000000000039790, 87.50000000000000000, -37.50000000011029755 ) ) ;
#178 = CARTESIAN_POINT ( 'NONE',  ( 19.49999999999889866, 228.9000000000000057, -47.50000000000000000 ) ) ;
#179 = DIRECTION ( 'NONE',  ( 1.501021529309699972E-13, 0.000000000000000000, 1.000000000000000000 ) ) ;
#180 = ADVANCED_FACE ( 'NONE', ( #1294 ), #943, .T. ) ;
#181 = FACE_OUTER_BOUND ( 'NONE', #1241, .T. ) ;
#182 = CARTESIAN_POINT ( 'NONE',  ( -5.299999852478400442, 77.50000000000000000, -39.50000118980550212 ) ) ;
#183 = LINE ( 'NONE', #1922, #155 ) ;
#184 = EDGE_LOOP ( 'NONE', ( #2514, #2366, #821, #864, #1458, #2405, #2336, #2407 ) ) ;
#185 = ORIENTED_EDGE ( 'NONE', *, *, #301, .T. ) ;
#186 = EDGE_CURVE ( 'NONE', #1428, #786, #2326, .T. ) ;
#187 =( NAMED_UNIT ( * ) PLANE_ANGLE_UNIT ( ) SI_UNIT ( $, .RADIAN. ) );
#188 = ORIENTED_EDGE ( 'NONE', *, *, #809, .F. ) ;
#189 = VERTEX_POINT ( 'NONE', #749 ) ;
#190 = CARTESIAN_POINT ( 'NONE',  ( -10.30004868240825644, 87.50000000000000000, 3.837721882954967523 ) ) ;
#191 = DIRECTION ( 'NONE',  ( 1.000000000000000000, 0.000000000000000000, -1.501021529309699972E-13 ) ) ;
#192 = FACE_OUTER_BOUND ( 'NONE', #386, .T. ) ;
#193 = DIRECTION ( 'NONE',  ( 0.000000000000000000, 0.000000000000000000, 1.000000000000000000 ) ) ;
#194 = VECTOR ( 'NONE', #2344, 1000.000000000000000 ) ;
#195 = CARTESIAN_POINT ( 'NONE',  ( 2.000000059604639890, 87.50000000000000000, -40.79828314055789917 ) ) ;
#196 = VERTEX_POINT ( 'NONE', #1147 ) ;
#197 = EDGE_LOOP ( 'NONE', ( #148, #1363, #798, #471 ) ) ;
#198 = EDGE_CURVE ( 'NONE', #1935, #2197, #2069, .T. ) ;
#199 = DIRECTION ( 'NONE',  ( -2.049642507000289605E-16, -1.000000000000000000, 0.000000000000000000 ) ) ;
#200 = ORIENTED_EDGE ( 'NONE', *, *, #1225, .T. ) ;
#201 = ORIENTED_EDGE ( 'NONE', *, *, #789, .T. ) ;
#202 = DIRECTION ( 'NONE',  ( 1.529887327950269838E-13, -2.627434620635319775E-47, 1.000000000000000000 ) ) ;
#203 = VERTEX_POINT ( 'NONE', #526 ) ;
#204 = ORIENTED_EDGE ( 'NONE', *, *, #1952, .T. ) ;
#205 = CARTESIAN_POINT ( 'NONE',  ( 29.00045981498626801, 286.5000000000000000, -40.37497971958441667 ) ) ;
#206 = CARTESIAN_POINT ( 'NONE',  ( 4.993750666299909824, 77.50000000000000000, -57.99999886006119709 ) ) ;
#207 = DIRECTION ( 'NONE',  ( -1.013997426771979615E-06, 0.000000000000000000, 0.9999999999994858557 ) ) ;
#208 = CIRCLE ( 'NONE', #2049, 4.500000000000000000 ) ;
#209 = CARTESIAN_POINT ( 'NONE',  ( 4.993739499638040868, 291.8999999999999773, -38.99373325058999740 ) ) ;
#210 = ORIENTED_EDGE ( 'NONE', *, *, #846, .T. ) ;
#211 = ORIENTED_EDGE ( 'NONE', *, *, #2032, .T. ) ;
#212 = ADVANCED_FACE ( 'NONE', ( #181 ), #930, .T. ) ;
#213 = ADVANCED_FACE ( 'NONE', ( #1734 ), #762, .T. ) ;
#214 = DIRECTION ( 'NONE',  ( -3.014299720074920036E-17, 0.000000000000000000, 1.000000000000000000 ) ) ;
#215 = ORIENTED_EDGE ( 'NONE', *, *, #2285, .T. ) ;
#216 = AXIS2_PLACEMENT_3D ( 'NONE', #1981, #1007, #1997 ) ;
#217 = ORIENTED_EDGE ( 'NONE', *, *, #809, .T. ) ;
#218 = DIRECTION ( 'NONE',  ( 0.000000000000000000, -1.000000000000000000, 0.000000000000000000 ) ) ;
#219 = DIRECTION ( 'NONE',  ( -1.013997426669781490E-06, 0.000000000000000000, 0.9999999999994858557 ) ) ;
#220 = DIRECTION ( 'NONE',  ( -0.9999999999992533750, 0.000000000000000000, -1.221981178530897831E-06 ) ) ;
#221 = EDGE_CURVE ( 'NONE', #1715, #64, #22, .T. ) ;
#222 = PLANE ( 'NONE',  #356 ) ;
#223 = DIRECTION ( 'NONE',  ( 0.000000000000000000, -1.000000000000000000, 0.000000000000000000 ) ) ;
#224 = ORIENTED_EDGE ( 'NONE', *, *, #2041, .T. ) ;
#225 = ORIENTED_EDGE ( 'NONE', *, *, #600, .T. ) ;
#226 = LINE ( 'NONE', #1800, #374 ) ;
#227 = DIRECTION ( 'NONE',  ( -2.027994854715399443E-06, 0.000000000000000000, 0.9999999999979436449 ) ) ;
#228 = ORIENTED_EDGE ( 'NONE', *, *, #1521, .F. ) ;
#229 = VERTEX_POINT ( 'NONE', #777 ) ;
#230 = CIRCLE ( 'NONE', #1319, 2.125000000000973444 ) ;
#231 = CARTESIAN_POINT ( 'NONE',  ( 3.750000000000469846, 228.9000000000000057, -37.79865300411690043 ) ) ;
#232 = ORIENTED_EDGE ( 'NONE', *, *, #1295, .F. ) ;
#233 = ADVANCED_FACE ( 'NONE', ( #2354 ), #1372, .F. ) ;
#234 = LINE ( 'NONE', #29, #388 ) ;
#235 = LINE ( 'NONE', #1793, #1527 ) ;
#236 = DIRECTION ( 'NONE',  ( 1.013997426771979827E-06, 0.000000000000000000, -0.9999999999994859667 ) ) ;
#237 = ADVANCED_FACE ( 'NONE', ( #1970 ), #824, .F. ) ;
#238 = CARTESIAN_POINT ( 'NONE',  ( 7.999999999999699796, 87.50000000000000000, -37.50000000000000000 ) ) ;
#239 = ORIENTED_EDGE ( 'NONE', *, *, #683, .F. ) ;
#240 = ORIENTED_EDGE ( 'NONE', *, *, #1143, .T. ) ;
#241 = CARTESIAN_POINT ( 'NONE',  ( -10.29999966807629974, 87.50000000000000000, -44.50000625979500057 ) ) ;
#242 = EDGE_LOOP ( 'NONE', ( #160, #1377, #1609, #510 ) ) ;
#243 = AXIS2_PLACEMENT_3D ( 'NONE', #98, #698, #272 ) ;
#244 = DIRECTION ( 'NONE',  ( 1.000000000000000000, 0.000000000000000000, -3.750086505941800052E-14 ) ) ;
#245 = EDGE_LOOP ( 'NONE', ( #1053, #40 ) ) ;
#246 = DIRECTION ( 'NONE',  ( 0.9999999999994858557, 0.000000000000000000, 1.013997426764959618E-06 ) ) ;
#247 = CARTESIAN_POINT ( 'NONE',  ( -5.300042857127183815, -46.27508152002117470, 3.258109548864112526 ) ) ;
#248 = ADVANCED_FACE ( 'NONE', ( #1777 ), #394, .F. ) ;
#249 = CARTESIAN_POINT ( 'NONE',  ( 6.499999999999629630, 87.50000000000000000, -47.49999999989000088 ) ) ;
#250 = CARTESIAN_POINT ( 'NONE',  ( -3.218389753078952854E-14, -46.27508152002117470, -57.99999886006118999 ) ) ;
#251 = LINE ( 'NONE', #998, #1259 ) ;
#252 = ORIENTED_EDGE ( 'NONE', *, *, #1769, .T. ) ;
#253 = CARTESIAN_POINT ( 'NONE',  ( -8.000000044703462265, -46.27508152002117470, 8.400192632374940516 ) ) ;
#254 = ORIENTED_EDGE ( 'NONE', *, *, #466, .F. ) ;
#255 = LINE ( 'NONE', #1417, #1108 ) ;
#256 = AXIS2_PLACEMENT_3D ( 'NONE', #1663, #1266, #682 ) ;
#257 = EDGE_LOOP ( 'NONE', ( #873, #1467, #569, #626 ) ) ;
#258 = CARTESIAN_POINT ( 'NONE',  ( 18.82951665521056128, 87.50000000000000000, -15.22481090541625370 ) ) ;
#259 = PLANE ( 'NONE',  #928 ) ;
#260 = LINE ( 'NONE', #1049, #2468 ) ;
#261 = AXIS2_PLACEMENT_3D ( 'NONE', #816, #2417, #21 ) ;
#262 = LINE ( 'NONE', #1036, #2489 ) ;
#263 = VERTEX_POINT ( 'NONE', #965 ) ;
#264 = VERTEX_POINT ( 'NONE', #1804 ) ;
#265 = CARTESIAN_POINT ( 'NONE',  ( -0.9794919243112131246, 87.50000000000000000, 2.000000000000000000 ) ) ;
#266 = EDGE_CURVE ( 'NONE', #2040, #28, #1390, .T. ) ;
#267 = ADVANCED_BREP_SHAPE_REPRESENTATION ( 'penetrolyzer_actuator_frame', ( #41, #1465 ), #92 ) ;
#268 = VECTOR ( 'NONE', #246, 1000.000000000000000 ) ;
#269 = DIRECTION ( 'NONE',  ( -3.014299720074920036E-17, 0.000000000000000000, 1.000000000000000000 ) ) ;
#270 = ORIENTED_EDGE ( 'NONE', *, *, #136, .F. ) ;
#271 = CYLINDRICAL_SURFACE ( 'NONE', #1989, 8.000470043640852680 ) ;
#272 = DIRECTION ( 'NONE',  ( 0.000000000000000000, 1.000000000000000000, 0.000000000000000000 ) ) ;
#273 = DIRECTION ( 'NONE',  ( 1.000000000000000000, 0.000000000000000000, -5.548947959195800427E-16 ) ) ;
#274 = CARTESIAN_POINT ( 'NONE',  ( 31.29667966274205071, -46.27508152002117470, 3.269602312199494598 ) ) ;
#275 = CIRCLE ( 'NONE', #2149, 1.499999999998558042 ) ;
#276 = ORIENTED_EDGE ( 'NONE', *, *, #886, .T. ) ;
#277 = EDGE_LOOP ( 'NONE', ( #1547, #2367, #2474, #2333 ) ) ;
#278 = DIRECTION ( 'NONE',  ( 0.000000000000000000, -1.000000000000000000, 0.000000000000000000 ) ) ;
#279 = ADVANCED_FACE ( 'NONE', ( #1157 ), #2157, .T. ) ;
#280 = VECTOR ( 'NONE', #118, 1000.000000000000000 ) ;
#281 = LINE ( 'NONE', #1057, #1190 ) ;
#282 = ORIENTED_EDGE ( 'NONE', *, *, #855, .F. ) ;
#283 = LINE ( 'NONE', #1046, #2307 ) ;
#284 = CARTESIAN_POINT ( 'NONE',  ( -10.30000130925389357, -46.27508152002117470, -3.798680749478134312E-07 ) ) ;
#285 = DIRECTION ( 'NONE',  ( 0.000000000000000000, 0.000000000000000000, 1.000000000000000000 ) ) ;
#286 = AXIS2_PLACEMENT_3D ( 'NONE', #238, #1012, #2193 ) ;
#287 = ORIENTED_EDGE ( 'NONE', *, *, #1006, .T. ) ;
#288 = ORIENTED_EDGE ( 'NONE', *, *, #1042, .F. ) ;
#289 = FACE_OUTER_BOUND ( 'NONE', #151, .T. ) ;
#290 = AXIS2_PLACEMENT_3D ( 'NONE', #37, #1729, #1352 ) ;
#291 = EDGE_CURVE ( 'NONE', #1127, #714, #1524, .T. ) ;
#292 = LINE ( 'NONE', #1073, #1513 ) ;
#293 = AXIS2_PLACEMENT_3D ( 'NONE', #305, #1251, #285 ) ;
#294 = DIRECTION ( 'NONE',  ( 0.000000000000000000, 1.000000000000000000, 0.000000000000000000 ) ) ;
#295 = VECTOR ( 'NONE', #1864, 1000.000000000000000 ) ;
#296 = PLANE ( 'NONE',  #898 ) ;
#297 = ORIENTED_EDGE ( 'NONE', *, *, #2167, .T. ) ;
#298 = DIRECTION ( 'NONE',  ( -1.606111199752450443E-31, 1.000000000000000000, 1.959217102279370191E-16 ) ) ;
#299 = LINE ( 'NONE', #1083, #1888 ) ;
#300 = CARTESIAN_POINT ( 'NONE',  ( 20.40000000000090097, 291.8999999999999773, -51.25000000000000000 ) ) ;
#301 = EDGE_CURVE ( 'NONE', #2039, #927, #378, .T. ) ;
#302 = FACE_OUTER_BOUND ( 'NONE', #399, .T. ) ;
#303 = VECTOR ( 'NONE', #1060, 1000.000000000000000 ) ;
#304 = ADVANCED_FACE ( 'NONE', ( #192 ), #1020, .F. ) ;
#305 = CARTESIAN_POINT ( 'NONE',  ( 15.45000000000064411, 67.49899999999999523, -10.26710305025186010 ) ) ;
#306 = EDGE_CURVE ( 'NONE', #957, #408, #410, .T. ) ;
#307 = ORIENTED_EDGE ( 'NONE', *, *, #2261, .T. ) ;
#308 = ORIENTED_EDGE ( 'NONE', *, *, #2232, .T. ) ;
#309 = LINE ( 'NONE', #1670, #674 ) ;
#310 = DIRECTION ( 'NONE',  ( 1.000000000000000000, 0.000000000000000000, 0.000000000000000000 ) ) ;
#311 = LINE ( 'NONE', #1118, #1850 ) ;
#312 = LINE ( 'NONE', #1916, #1587 ) ;
#313 = AXIS2_PLACEMENT_3D ( 'NONE', #166, #1721, #1329 ) ;
#314 = ADVANCED_FACE ( 'NONE', ( #1988 ), #1187, .F. ) ;
#315 = CARTESIAN_POINT ( 'NONE',  ( -1.309513680005120140, 77.50000000000000000, -39.49999714346280655 ) ) ;
#316 = EDGE_CURVE ( 'NONE', #969, #1018, #792, .T. ) ;
#317 = CARTESIAN_POINT ( 'NONE',  ( -3.000007551704839681, 286.5000000000000000, -42.50001216797689807 ) ) ;
#318 = ORIENTED_EDGE ( 'NONE', *, *, #1485, .T. ) ;
#319 = ORIENTED_EDGE ( 'NONE', *, *, #1677, .T. ) ;
#320 = EDGE_CURVE ( 'NONE', #408, #1204, #1863, .T. ) ;
#321 = CIRCLE ( 'NONE', #2529, 2.499454798020404933 ) ;
#322 = CARTESIAN_POINT ( 'NONE',  ( 19.49999999999889866, 228.9000000000000057, -37.50000000011039702 ) ) ;
#323 = DIRECTION ( 'NONE',  ( 0.000000000000000000, 1.000000000000000000, 0.000000000000000000 ) ) ;
#324 = ORIENTED_EDGE ( 'NONE', *, *, #640, .F. ) ;
#325 = EDGE_CURVE ( 'NONE', #1219, #1051, #2147, .T. ) ;
#326 = CARTESIAN_POINT ( 'NONE',  ( -0.9794919243112151230, -46.27508152002117470, 2.000000000000000000 ) ) ;
#327 = DIRECTION ( 'NONE',  ( -3.688039094290997829E-08, 0.000000000000000000, 0.9999999999999993339 ) ) ;
#328 = SURFACE_STYLE_USAGE ( .BOTH. , #1538 ) ;
#329 = LINE ( 'NONE', #739, #165 ) ;
#330 = CIRCLE ( 'NONE', #2453, 9.500000000000000000 ) ;
#331 = PLANE ( 'NONE',  #830 ) ;
#332 = VECTOR ( 'NONE', #2020, 1000.000000000000114 ) ;
#333 = ORIENTED_EDGE ( 'NONE', *, *, #320, .F. ) ;
#334 = CARTESIAN_POINT ( 'NONE',  ( 26.97949192431119769, 77.50000000000000000, 2.000000000000000000 ) ) ;
#335 = VERTEX_POINT ( 'NONE', #247 ) ;
#336 = EDGE_CURVE ( 'NONE', #2377, #1935, #230, .T. ) ;
#337 = CARTESIAN_POINT ( 'NONE',  ( -2.999999940394989739, 87.50000000000000000, -44.49999885761410212 ) ) ;
#338 = ORIENTED_EDGE ( 'NONE', *, *, #678, .T. ) ;
#339 = CARTESIAN_POINT ( 'NONE',  ( -0.9794919243112131246, 77.50000000000000000, 2.000000000000000000 ) ) ;
#340 = CARTESIAN_POINT ( 'NONE',  ( 27.30923938676749785, 87.50000000000000000, -39.50000000000000000 ) ) ;
#341 = AXIS2_PLACEMENT_3D ( 'NONE', #2340, #14, #776 ) ;
#342 = DIRECTION ( 'NONE',  ( 0.000000000000000000, 0.000000000000000000, 1.000000000000000000 ) ) ;
#343 = CARTESIAN_POINT ( 'NONE',  ( 34.00000043213349699, -46.27508152002117470, 0.000000000000000000 ) ) ;
#344 = AXIS2_PLACEMENT_3D ( 'NONE', #1454, #117, #1270 ) ;
#345 = CARTESIAN_POINT ( 'NONE',  ( 27.36144456897879707, -46.27508152002117470, -44.49972745446670075 ) ) ;
#346 = EDGE_LOOP ( 'NONE', ( #667, #1038, #2486, #1771 ) ) ;
#347 = EDGE_LOOP ( 'NONE', ( #935, #217, #833, #1699 ) ) ;
#348 = DIRECTION ( 'NONE',  ( -1.013997426669781490E-06, 0.000000000000000000, 0.9999999999994858557 ) ) ;
#349 = ORIENTED_EDGE ( 'NONE', *, *, #561, .F. ) ;
#350 = EDGE_CURVE ( 'NONE', #1384, #755, #426, .T. ) ;
#351 = DIRECTION ( 'NONE',  ( 0.000000000000000000, -1.000000000000000000, -2.049642507000289605E-16 ) ) ;
#352 = CARTESIAN_POINT ( 'NONE',  ( -2.999919049057420128, 67.50000000000000000, 9.307999999999999829 ) ) ;
#353 = LINE ( 'NONE', #2466, #731 ) ;
#354 = EDGE_CURVE ( 'NONE', #755, #675, #235, .T. ) ;
#355 = LINE ( 'NONE', #144, #1228 ) ;
#356 = AXIS2_PLACEMENT_3D ( 'NONE', #1990, #236, #2158 ) ;
#357 = FACE_OUTER_BOUND ( 'NONE', #1532, .T. ) ;
#358 = DIRECTION ( 'NONE',  ( -3.973282200276199783E-22, -1.000000000000000000, -8.057795856881529625E-28 ) ) ;
#359 = ORIENTED_EDGE ( 'NONE', *, *, #2104, .F. ) ;
#360 = ORIENTED_EDGE ( 'NONE', *, *, #846, .F. ) ;
#361 = CARTESIAN_POINT ( 'NONE',  ( 27.30923938676749785, -46.27508152002117470, -39.49999999999978684 ) ) ;
#362 = EDGE_CURVE ( 'NONE', #1798, #1204, #84, .T. ) ;
#363 = ORIENTED_EDGE ( 'NONE', *, *, #1518, .T. ) ;
#364 = CYLINDRICAL_SURFACE ( 'NONE', #2294, 2.499454798020404933 ) ;
#365 = PLANE ( 'NONE',  #1712 ) ;
#366 = CARTESIAN_POINT ( 'NONE',  ( 28.99991904905740014, 77.50000000000000000, 9.307999999999999829 ) ) ;
#367 = FACE_OUTER_BOUND ( 'NONE', #710, .T. ) ;
#368 = VECTOR ( 'NONE', #2052, 1000.000000000000000 ) ;
#369 = PLANE ( 'NONE',  #2238 ) ;
#370 = VECTOR ( 'NONE', #2129, 1000.000000000000000 ) ;
#371 = ORIENTED_EDGE ( 'NONE', *, *, #528, .F. ) ;
#372 = VERTEX_POINT ( 'NONE', #2200 ) ;
#373 = VERTEX_POINT ( 'NONE', #1235 ) ;
#374 = VECTOR ( 'NONE', #445, 1000.000000000000114 ) ;
#375 = LINE ( 'NONE', #231, #2012 ) ;
#376 = ORIENTED_EDGE ( 'NONE', *, *, #871, .F. ) ;
#377 = CARTESIAN_POINT ( 'NONE',  ( 4.993723288352939882, 228.9000000000000057, -30.99998264390969993 ) ) ;
#378 = LINE ( 'NONE', #1941, #2305 ) ;
#379 = DIRECTION ( 'NONE',  ( -1.616882843451709956E-46, 1.000000000000000000, 0.000000000000000000 ) ) ;
#380 = EDGE_CURVE ( 'NONE', #76, #1819, #641, .T. ) ;
#381 = CARTESIAN_POINT ( 'NONE',  ( 7.999999999999690026, 228.9000000000000057, -48.99999999999909761 ) ) ;
#382 = EDGE_LOOP ( 'NONE', ( #2382, #371, #35, #1264 ) ) ;
#383 = ORIENTED_EDGE ( 'NONE', *, *, #496, .F. ) ;
#384 = EDGE_CURVE ( 'NONE', #2361, #835, #283, .T. ) ;
#385 = DIRECTION ( 'NONE',  ( -0.7071067811865470176, 1.449316115708099850E-16, -0.7071067811865480168 ) ) ;
#386 = EDGE_LOOP ( 'NONE', ( #387, #523, #1349, #211 ) ) ;
#387 = ORIENTED_EDGE ( 'NONE', *, *, #519, .F. ) ;
#388 = VECTOR ( 'NONE', #191, 1000.000000000000000 ) ;
#389 = CARTESIAN_POINT ( 'NONE',  ( 19.49999999999889866, 228.9000000000000057, -47.50000000000000000 ) ) ;
#390 = EDGE_LOOP ( 'NONE', ( #2071, #2161, #1285, #25 ) ) ;
#391 = ORIENTED_EDGE ( 'NONE', *, *, #1225, .F. ) ;
#392 = DIRECTION ( 'NONE',  ( -6.938893903913898985E-15, 0.000000000000000000, 1.000000000000000000 ) ) ;
#393 = DIRECTION ( 'NONE',  ( 0.000000000000000000, 1.000000000000000000, 0.000000000000000000 ) ) ;
#394 = CYLINDRICAL_SURFACE ( 'NONE', #997, 6.000000000000000000 ) ;
#395 = FACE_OUTER_BOUND ( 'NONE', #893, .T. ) ;
#396 = EDGE_CURVE ( 'NONE', #477, #1787, #1222, .T. ) ;
#397 = VECTOR ( 'NONE', #1463, 1000.000000000000000 ) ;
#398 = CARTESIAN_POINT ( 'NONE',  ( -2.999919049057420128, 77.50000000000000000, 9.307999999999999829 ) ) ;
#399 = EDGE_LOOP ( 'NONE', ( #2304, #639, #1669, #783, #770 ) ) ;
#400 = VERTEX_POINT ( 'NONE', #1855 ) ;
#401 = CARTESIAN_POINT ( 'NONE',  ( 36.29999705292320300, 87.50000000000000000, -44.50000000000000000 ) ) ;
#402 = DIRECTION ( 'NONE',  ( 0.000000000000000000, 1.000000000000000000, 0.000000000000000000 ) ) ;
#403 = ORIENTED_EDGE ( 'NONE', *, *, #1593, .F. ) ;
#404 = EDGE_CURVE ( 'NONE', #985, #400, #751, .T. ) ;
#405 = ORIENTED_EDGE ( 'NONE', *, *, #1673, .F. ) ;
#406 = DIRECTION ( 'NONE',  ( -9.169740977663330499E-15, 0.000000000000000000, 1.000000000000000000 ) ) ;
#407 = ORIENTED_EDGE ( 'NONE', *, *, #291, .F. ) ;
#408 = VERTEX_POINT ( 'NONE', #72 ) ;
#409 = PLANE ( 'NONE',  #589 ) ;
#410 = LINE ( 'NONE', #1554, #541 ) ;
#411 = CIRCLE ( 'NONE', #936, 2.993750606696737648 ) ;
#412 = LINE ( 'NONE', #1188, #1495 ) ;
#413 = PRODUCT_DEFINITION_FORMATION_WITH_SPECIFIED_SOURCE ( 'ANY', '', #493, .NOT_KNOWN. ) ;
#414 = CIRCLE ( 'NONE', #733, 8.000470043640852680 ) ;
#415 = DIRECTION ( 'NONE',  ( 1.013997426771979615E-06, -0.000000000000000000, -0.9999999999994858557 ) ) ;
#416 = ORIENTED_EDGE ( 'NONE', *, *, #1100, .T. ) ;
#417 = VERTEX_POINT ( 'NONE', #2022 ) ;
#418 = CARTESIAN_POINT ( 'NONE',  ( 36.29667966274204360, -46.27508152002117470, -44.49999999999998579 ) ) ;
#419 = APPLICATION_PROTOCOL_DEFINITION ( 'draft international standard', 'automotive_design', 1998, #1439 ) ;
#420 = ORIENTED_EDGE ( 'NONE', *, *, #1943, .F. ) ;
#421 = AXIS2_PLACEMENT_3D ( 'NONE', #877, #1656, #2442 ) ;
#422 = ORIENTED_EDGE ( 'NONE', *, *, #2212, .F. ) ;
#423 = ADVANCED_FACE ( 'NONE', ( #663 ), #271, .T. ) ;
#424 = CARTESIAN_POINT ( 'NONE',  ( -8.000000044703460489, 87.50000000000000000, 8.400192632374940516 ) ) ;
#425 = LINE ( 'NONE', #1539, #1047 ) ;
#426 = LINE ( 'NONE', #563, #543 ) ;
#427 = DIRECTION ( 'NONE',  ( -2.027994854305798874E-06, 0.000000000000000000, 0.9999999999979437559 ) ) ;
#428 = DIRECTION ( 'NONE',  ( 0.000000000000000000, 0.000000000000000000, 1.000000000000000000 ) ) ;
#429 = EDGE_LOOP ( 'NONE', ( #1560, #159, #185, #1659, #2349 ) ) ;
#430 = PLANE ( 'NONE',  #863 ) ;
#431 = VERTEX_POINT ( 'NONE', #497 ) ;
#432 = EDGE_CURVE ( 'NONE', #2527, #1316, #2223, .T. ) ;
#433 = VECTOR ( 'NONE', #2000, 1000.000000000000000 ) ;
#434 = CARTESIAN_POINT ( 'NONE',  ( 19.49999999999889866, 87.50000000000000000, -47.50000000000000000 ) ) ;
#435 = ORIENTED_EDGE ( 'NONE', *, *, #221, .T. ) ;
#436 = CARTESIAN_POINT ( 'NONE',  ( 6.499999999999639400, 77.50000000000000000, -28.87499971501520335 ) ) ;
#437 = LINE ( 'NONE', #577, #912 ) ;
#438 = DIRECTION ( 'NONE',  ( -0.000000000000000000, 1.000000000000000000, -0.000000000000000000 ) ) ;
#439 = CARTESIAN_POINT ( 'NONE',  ( 25.18949343046144662, -46.27508152002117470, 25.18949343046144662 ) ) ;
#440 = EDGE_CURVE ( 'NONE', #2141, #758, #1657, .T. ) ;
#441 = LINE ( 'NONE', #61, #2139 ) ;
#442 = CARTESIAN_POINT ( 'NONE',  ( 8.000000000110189191, 228.9000000000000057, -36.00000000000000000 ) ) ;
#443 = EDGE_LOOP ( 'NONE', ( #1052, #618, #1192, #2091 ) ) ;
#444 = VERTEX_POINT ( 'NONE', #676 ) ;
#445 = DIRECTION ( 'NONE',  ( 1.013997426771979615E-06, -0.000000000000000000, -0.9999999999994858557 ) ) ;
#446 = ORIENTED_EDGE ( 'NONE', *, *, #1277, .T. ) ;
#447 = AXIS2_PLACEMENT_3D ( 'NONE', #339, #1144, #514 ) ;
#448 = LINE ( 'NONE', #672, #100 ) ;
#449 = VERTEX_POINT ( 'NONE', #258 ) ;
#450 = AXIS2_PLACEMENT_3D ( 'NONE', #1519, #1348, #752 ) ;
#451 = DIRECTION ( 'NONE',  ( 0.000000000000000000, -1.000000000000000000, 0.000000000000000000 ) ) ;
#452 = CARTESIAN_POINT ( 'NONE',  ( 4.993750666299909824, 291.8999999999999773, -57.99999886006119709 ) ) ;
#453 = ADVANCED_FACE ( 'NONE', ( #1842 ), #652, .F. ) ;
#454 = FACE_OUTER_BOUND ( 'NONE', #701, .T. ) ;
#455 = VERTEX_POINT ( 'NONE', #2236 ) ;
#456 = CARTESIAN_POINT ( 'NONE',  ( 22.24999999999949907, 291.8999999999999773, -50.00000000000140687 ) ) ;
#457 = AXIS2_PLACEMENT_3D ( 'NONE', #1589, #2373, #207 ) ;
#458 = CARTESIAN_POINT ( 'NONE',  ( 29.00000043213348988, -46.27508152002117470, 6.020888629372582734 ) ) ;
#459 = VECTOR ( 'NONE', #202, 1000.000000000000000 ) ;
#460 = ORIENTED_EDGE ( 'NONE', *, *, #1308, .T. ) ;
#461 = CARTESIAN_POINT ( 'NONE',  ( 16.99999976530669699, 77.50000000000000000, -52.99999886006120420 ) ) ;
#462 = DIRECTION ( 'NONE',  ( -1.013997426957899747E-06, -1.959217102278359217E-16, 0.9999999999994858557 ) ) ;
#463 = LINE ( 'NONE', #1464, #659 ) ;
#464 = VERTEX_POINT ( 'NONE', #483 ) ;
#465 = ORIENTED_EDGE ( 'NONE', *, *, #2357, .T. ) ;
#466 = EDGE_CURVE ( 'NONE', #1716, #911, #1778, .T. ) ;
#467 = CARTESIAN_POINT ( 'NONE',  ( -1.878986860922870150, 87.50000000000000000, 22.50000000000000000 ) ) ;
#468 = VECTOR ( 'NONE', #2519, 1000.000000000000000 ) ;
#469 = CARTESIAN_POINT ( 'NONE',  ( 34.00000043213349699, 77.50000000000000000, 16.37898642878939981 ) ) ;
#470 = CIRCLE ( 'NONE', #24, 7.993750606696749195 ) ;
#471 = ORIENTED_EDGE ( 'NONE', *, *, #1028, .F. ) ;
#472 = DIRECTION ( 'NONE',  ( 0.000000000000000000, 1.000000000000000000, 0.000000000000000000 ) ) ;
#473 = CARTESIAN_POINT ( 'NONE',  ( 24.00046957425429994, 77.50000000000000000, -49.99952881642030178 ) ) ;
#474 = CARTESIAN_POINT ( 'NONE',  ( 27.87898686092290035, 87.50000000000000000, 22.50000000000000000 ) ) ;
#475 = DIRECTION ( 'NONE',  ( 3.688039093805997352E-08, 0.000000000000000000, -0.9999999999999993339 ) ) ;
#476 = EDGE_CURVE ( 'NONE', #972, #1716, #1086, .T. ) ;
#477 = VERTEX_POINT ( 'NONE', #889 ) ;
#478 = DIRECTION ( 'NONE',  ( 0.000000000000000000, -1.000000000000000000, 0.000000000000000000 ) ) ;
#479 = VECTOR ( 'NONE', #223, 1000.000000000000000 ) ;
#480 = VECTOR ( 'NONE', #17, 1000.000000000000000 ) ;
#481 = DIRECTION ( 'NONE',  ( 1.216761526407840216E-15, 0.000000000000000000, -1.000000000000000000 ) ) ;
#482 = ORIENTED_EDGE ( 'NONE', *, *, #1421, .T. ) ;
#483 = CARTESIAN_POINT ( 'NONE',  ( 15.45000000000064411, 87.50000000000008527, -4.267103050251854768 ) ) ;
#484 = LINE ( 'NONE', #2050, #1912 ) ;
#485 = DIRECTION ( 'NONE',  ( 0.000000000000000000, 1.000000000000000000, 0.000000000000000000 ) ) ;
#486 = VERTEX_POINT ( 'NONE', #2400 ) ;
#487 = ORIENTED_EDGE ( 'NONE', *, *, #1481, .T. ) ;
#488 = B_SPLINE_CURVE_WITH_KNOTS ( 'NONE', 3,
 ( #1692, #1340, #1917, #1904 ),
 .UNSPECIFIED., .F., .F.,
 ( 4, 4 ),
 ( 0.000000000000000000, 1.000000000000000000 ),
 .UNSPECIFIED. ) ;
#489 = VECTOR ( 'NONE', #2518, 1000.000000000000000 ) ;
#490 = CYLINDRICAL_SURFACE ( 'NONE', #1808, 1.249999999998557820 ) ;
#491 = EDGE_CURVE ( 'NONE', #1998, #77, #309, .T. ) ;
#492 = DIRECTION ( 'NONE',  ( 0.000000000000000000, 1.000000000000000000, 0.000000000000000000 ) ) ;
#493 = PRODUCT ( 'penetrolyzer_actuator_frame', 'penetrolyzer_actuator_frame', '', ( #1964 ) ) ;
#494 = CIRCLE ( 'NONE', #2250, 7.993750606696748306 ) ;
#495 = EDGE_LOOP ( 'NONE', ( #1884, #2065 ) ) ;
#496 = EDGE_CURVE ( 'NONE', #1434, #518, #234, .T. ) ;
#497 = CARTESIAN_POINT ( 'NONE',  ( -2.999919049057420128, 77.50000000000000000, 9.307999999999999829 ) ) ;
#498 = DIRECTION ( 'NONE',  ( 3.688039093805997352E-08, 0.000000000000000000, -0.9999999999999993339 ) ) ;
#499 = DIRECTION ( 'NONE',  ( -1.000000000000000000, 0.000000000000000000, -3.727088734919889908E-16 ) ) ;
#500 = ORIENTED_EDGE ( 'NONE', *, *, #2476, .T. ) ;
#501 = ORIENTED_EDGE ( 'NONE', *, *, #1829, .T. ) ;
#502 = CARTESIAN_POINT ( 'NONE',  ( -5.299999852478398665, -46.27508152002117470, -39.50000118980551633 ) ) ;
#503 = CARTESIAN_POINT ( 'NONE',  ( 7.999999999999699796, 77.50000000000000000, -47.50000000000000000 ) ) ;
#504 = EDGE_CURVE ( 'NONE', #2263, #1782, #1790, .T. ) ;
#505 = DIRECTION ( 'NONE',  ( -1.000000000000000000, 0.000000000000000000, 7.888609052210119806E-31 ) ) ;
#506 = ORIENTED_EDGE ( 'NONE', *, *, #1457, .T. ) ;
#507 = CARTESIAN_POINT ( 'NONE',  ( 27.36144456897879707, 77.50000000000000000, -44.49972745446670075 ) ) ;
#508 = CARTESIAN_POINT ( 'NONE',  ( 20.99998837754559844, 87.50000000000000000, -39.00042022694369592 ) ) ;
#509 = ORIENTED_EDGE ( 'NONE', *, *, #896, .F. ) ;
#510 = ORIENTED_EDGE ( 'NONE', *, *, #1707, .F. ) ;
#511 = FACE_OUTER_BOUND ( 'NONE', #836, .T. ) ;
#512 = DIRECTION ( 'NONE',  ( 0.9999999999994858557, 0.000000000000000000, 1.013997426764959618E-06 ) ) ;
#513 = CIRCLE ( 'NONE', #79, 2.124999999999880096 ) ;
#514 = DIRECTION ( 'NONE',  ( -0.9897433186107854608, 0.000000000000000000, 0.1428571428571540347 ) ) ;
#515 = DIRECTION ( 'NONE',  ( 0.000000000000000000, 0.000000000000000000, 1.000000000000000000 ) ) ;
#516 = CYLINDRICAL_SURFACE ( 'NONE', #2186, 5.999999999999996447 ) ;
#517 = DIRECTION ( 'NONE',  ( -2.049642507000289605E-16, 1.000000000000000000, 0.000000000000000000 ) ) ;
#518 = VERTEX_POINT ( 'NONE', #592 ) ;
#519 = EDGE_CURVE ( 'NONE', #518, #2263, #275, .T. ) ;
#520 = PLANE ( 'NONE',  #970 ) ;
#521 = EDGE_LOOP ( 'NONE', ( #2180, #1690, #1216, #1117, #1634, #1453, #204 ) ) ;
#522 = CARTESIAN_POINT ( 'NONE',  ( 14.61221363986586752, 87.50000000000000000, 8.364416843762862541 ) ) ;
#523 = ORIENTED_EDGE ( 'NONE', *, *, #1664, .F. ) ;
#524 = FACE_BOUND ( 'NONE', #1076, .T. ) ;
#525 = FACE_OUTER_BOUND ( 'NONE', #585, .T. ) ;
#526 = CARTESIAN_POINT ( 'NONE',  ( 2.000000059604643443, -46.27508152002117470, -40.79828314055789207 ) ) ;
#527 = DIRECTION ( 'NONE',  ( -1.947804704249429930E-31, -1.000000000000000000, -2.049642507000294781E-16 ) ) ;
#528 = EDGE_CURVE ( 'NONE', #449, #2100, #425, .T. ) ;
#529 = VERTEX_POINT ( 'NONE', #576 ) ;
#530 = ADVANCED_FACE ( 'NONE', ( #1370 ), #1405, .F. ) ;
#531 = CARTESIAN_POINT ( 'NONE',  ( -8.000000044703460489, 87.50000000000000000, 16.37898681621939900 ) ) ;
#532 = EDGE_LOOP ( 'NONE', ( #1543, #2254, #1512, #2021 ) ) ;
#533 = ADVANCED_FACE ( 'NONE', ( #562 ), #409, .T. ) ;
#534 = VERTEX_POINT ( 'NONE', #205 ) ;
#535 = FACE_BOUND ( 'NONE', #1324, .T. ) ;
#536 = EDGE_CURVE ( 'NONE', #1783, #1599, #627, .T. ) ;
#537 = VERTEX_POINT ( 'NONE', #1552 ) ;
#538 = CARTESIAN_POINT ( 'NONE',  ( 14.61221363986586752, 77.50000000000000000, 13.36332643980367152 ) ) ;
#539 =( LENGTH_UNIT ( ) NAMED_UNIT ( * ) SI_UNIT ( .MILLI., .METRE. ) );
#540 = DIRECTION ( 'NONE',  ( 0.000000000000000000, 0.000000000000000000, 1.000000000000000000 ) ) ;
#541 = VECTOR ( 'NONE', #2388, 1000.000000000000000 ) ;
#542 = LINE ( 'NONE', #552, #1435 ) ;
#543 = VECTOR ( 'NONE', #1199, 1000.000000000000000 ) ;
#544 = FACE_OUTER_BOUND ( 'NONE', #2296, .T. ) ;
#545 = ORIENTED_EDGE ( 'NONE', *, *, #2499, .T. ) ;
#546 = ORIENTED_EDGE ( 'NONE', *, *, #1858, .F. ) ;
#547 = LINE ( 'NONE', #706, #1676 ) ;
#548 = ORIENTED_EDGE ( 'NONE', *, *, #2016, .T. ) ;
#549 = DIRECTION ( 'NONE',  ( 0.000000000000000000, 3.052913791265239729E-49, -1.000000000000000000 ) ) ;
#550 =( NAMED_UNIT ( * ) PLANE_ANGLE_UNIT ( ) SI_UNIT ( $, .RADIAN. ) );
#551 = DIRECTION ( 'NONE',  ( 0.000000000000000000, -1.000000000000000000, 0.000000000000000000 ) ) ;
#552 = CARTESIAN_POINT ( 'NONE',  ( 24.00046957425429994, 87.50000000000000000, -49.99952881642030178 ) ) ;
#553 = VECTOR ( 'NONE', #140, 1000.000000000000000 ) ;
#554 = DIRECTION ( 'NONE',  ( 0.01009115787023659103, 0.000000000000000000, 0.9999490829701469519 ) ) ;
#555 = VERTEX_POINT ( 'NONE', #953 ) ;
#556 = ORIENTED_EDGE ( 'NONE', *, *, #2232, .F. ) ;
#557 = LINE ( 'NONE', #7, #1545 ) ;
#558 = VERTEX_POINT ( 'NONE', #1776 ) ;
#559 = DIRECTION ( 'NONE',  ( 3.274530163146411011E-07, 0.000000000000000000, 0.9999999999999463762 ) ) ;
#560 = FACE_OUTER_BOUND ( 'NONE', #1039, .T. ) ;
#561 = EDGE_CURVE ( 'NONE', #588, #1005, #806, .T. ) ;
#562 = FACE_OUTER_BOUND ( 'NONE', #2404, .T. ) ;
#563 = CARTESIAN_POINT ( 'NONE',  ( -1.878986860922870150, 87.50000000000000000, 22.50000000000000000 ) ) ;
#564 = LINE ( 'NONE', #713, #1674 ) ;
#565 = DIRECTION ( 'NONE',  ( 0.7071067811865480168, 0.000000000000000000, 0.7071067811865470176 ) ) ;
#566 = VECTOR ( 'NONE', #2266, 1000.000000000000000 ) ;
#567 = AXIS2_PLACEMENT_3D ( 'NONE', #575, #218, #992 ) ;
#568 = ORIENTED_EDGE ( 'NONE', *, *, #123, .T. ) ;
#569 = ORIENTED_EDGE ( 'NONE', *, *, #2112, .T. ) ;
#570 = DIRECTION ( 'NONE',  ( 0.000000000000000000, 1.000000000000000000, 0.000000000000000000 ) ) ;
#571 = ORIENTED_EDGE ( 'NONE', *, *, #990, .T. ) ;
#572 = ORIENTED_EDGE ( 'NONE', *, *, #1213, .T. ) ;
#573 = VECTOR ( 'NONE', #1784, 1000.000000000000000 ) ;
#574 = EDGE_CURVE ( 'NONE', #444, #71, #2339, .T. ) ;
#575 = CARTESIAN_POINT ( 'NONE',  ( 4.993750666299919594, 77.50000000000000000, -50.00624825336440438 ) ) ;
#576 = CARTESIAN_POINT ( 'NONE',  ( 20.40000000000090097, 228.9000000000000057, -51.25000000000000000 ) ) ;
#577 = CARTESIAN_POINT ( 'NONE',  ( 24.00046957425409744, 77.50000000000000000, -30.52392806487620192 ) ) ;
#578 = DIRECTION ( 'NONE',  ( 0.000000000000000000, -1.000000000000000000, 0.000000000000000000 ) ) ;
#579 = EDGE_CURVE ( 'NONE', #774, #1338, #715, .T. ) ;
#580 = FACE_OUTER_BOUND ( 'NONE', #184, .T. ) ;
#581 = AXIS2_PLACEMENT_3D ( 'NONE', #609, #1791, #979 ) ;
#582 = PLANE ( 'NONE',  #1253 ) ;
#583 = ADVANCED_FACE ( 'NONE', ( #1169 ), #1584, .F. ) ;
#584 = VERTEX_POINT ( 'NONE', #2131 ) ;
#585 = EDGE_LOOP ( 'NONE', ( #1728, #1160, #2385, #951 ) ) ;
#586 = DIRECTION ( 'NONE',  ( 0.000000000000000000, 0.000000000000000000, 1.000000000000000000 ) ) ;
#587 = ORIENTED_EDGE ( 'NONE', *, *, #1193, .T. ) ;
#588 = VERTEX_POINT ( 'NONE', #2370 ) ;
#589 = AXIS2_PLACEMENT_3D ( 'NONE', #2145, #1186, #775 ) ;
#590 = FACE_OUTER_BOUND ( 'NONE', #1622, .T. ) ;
#591 = ORIENTED_EDGE ( 'NONE', *, *, #859, .F. ) ;
#592 = CARTESIAN_POINT ( 'NONE',  ( 18.00000000000029843, 77.50000000000000000, -36.00000000000129319 ) ) ;
#593 = DIRECTION ( 'NONE',  ( 0.000000000000000000, 0.000000000000000000, 1.000000000000000000 ) ) ;
#594 = CARTESIAN_POINT ( 'NONE',  ( 34.00000043213349699, 87.50000000000000000, 8.400192207394651334 ) ) ;
#595 = VECTOR ( 'NONE', #48, 1000.000000000000000 ) ;
#596 = VECTOR ( 'NONE', #559, 1000.000000000000114 ) ;
#597 = CARTESIAN_POINT ( 'NONE',  ( 8.000000000110189191, 77.50000000000000000, -36.00000000000000000 ) ) ;
#598 = ORIENTED_EDGE ( 'NONE', *, *, #1794, .T. ) ;
#599 = ORIENTED_EDGE ( 'NONE', *, *, #1472, .F. ) ;
#600 = EDGE_CURVE ( 'NONE', #911, #989, #2386, .T. ) ;
#601 = CARTESIAN_POINT ( 'NONE',  ( -10.29999966807631040, 67.50000000000000000, -44.50000625979501478 ) ) ;
#602 = DIRECTION ( 'NONE',  ( 0.000000000000000000, 1.000000000000000000, 0.000000000000000000 ) ) ;
#603 = EDGE_LOOP ( 'NONE', ( #1436, #1915, #2505, #1786 ) ) ;
#604 = ORIENTED_EDGE ( 'NONE', *, *, #1331, .T. ) ;
#605 = CIRCLE ( 'NONE', #1061, 9.500000000000000000 ) ;
#606 = DIRECTION ( 'NONE',  ( 0.000000000000000000, 0.000000000000000000, 1.000000000000000000 ) ) ;
#607 = ORIENTED_EDGE ( 'NONE', *, *, #2243, .T. ) ;
#608 = LINE ( 'NONE', #377, #2224 ) ;
#609 = CARTESIAN_POINT ( 'NONE',  ( 4.993739499638040868, 87.50000000000000000, -38.99373325058999740 ) ) ;
#610 = DIRECTION ( 'NONE',  ( 2.394126423163265094E-22, -1.000000000000000000, -1.959217102276444750E-16 ) ) ;
#611 = VECTOR ( 'NONE', #342, 1000.000000000000000 ) ;
#612 = DIRECTION ( 'NONE',  ( 0.7071067811865480168, 0.000000000000000000, -0.7071067811865470176 ) ) ;
#613 = AXIS2_PLACEMENT_3D ( 'NONE', #1596, #385, #1163 ) ;
#614 = CARTESIAN_POINT ( 'NONE',  ( 7.999999999999690026, 87.50000000000000000, -48.99999999999909761 ) ) ;
#615 = EDGE_CURVE ( 'NONE', #1567, #1105, #608, .T. ) ;
#616 = ORIENTED_EDGE ( 'NONE', *, *, #476, .T. ) ;
#617 = AXIS2_PLACEMENT_3D ( 'NONE', #2038, #655, #1870 ) ;
#618 = ORIENTED_EDGE ( 'NONE', *, *, #336, .F. ) ;
#619 = CARTESIAN_POINT ( 'NONE',  ( -6.153959524528690217, -46.27508152002117470, 6.153959524528699099 ) ) ;
#620 = EDGE_CURVE ( 'NONE', #2351, #2428, #628, .T. ) ;
#621 = ORIENTED_EDGE ( 'NONE', *, *, #2112, .F. ) ;
#622 = AXIS2_PLACEMENT_3D ( 'NONE', #1788, #2143, #2172 ) ;
#623 = ORIENTED_EDGE ( 'NONE', *, *, #2073, .F. ) ;
#624 = LINE ( 'NONE', #42, #2176 ) ;
#625 = ADVANCED_FACE ( 'NONE', ( #807 ), #1585, .F. ) ;
#626 = ORIENTED_EDGE ( 'NONE', *, *, #2058, .F. ) ;
#627 = LINE ( 'NONE', #994, #1825 ) ;
#628 = LINE ( 'NONE', #1209, #1564 ) ;
#629 = DIRECTION ( 'NONE',  ( -5.548947959195800427E-16, 0.000000000000000000, -1.000000000000000000 ) ) ;
#630 = LINE ( 'NONE', #439, #1873 ) ;
#631 = DIRECTION ( 'NONE',  ( 0.000000000000000000, -1.000000000000000000, 0.000000000000000000 ) ) ;
#632 = LINE ( 'NONE', #2178, #2035 ) ;
#633 = ORIENTED_EDGE ( 'NONE', *, *, #1714, .T. ) ;
#634 = ORIENTED_EDGE ( 'NONE', *, *, #689, .F. ) ;
#635 = EDGE_CURVE ( 'NONE', #989, #584, #1772, .T. ) ;
#636 = CARTESIAN_POINT ( 'NONE',  ( 28.99991904905740014, 77.50000000000000000, 9.307999999999999829 ) ) ;
#637 = ORIENTED_EDGE ( 'NONE', *, *, #1829, .F. ) ;
#638 = DIRECTION ( 'NONE',  ( -0.7071067811865480168, 0.000000000000000000, -0.7071067811865470176 ) ) ;
#639 = ORIENTED_EDGE ( 'NONE', *, *, #2530, .T. ) ;
#640 = EDGE_CURVE ( 'NONE', #2346, #1382, #142, .T. ) ;
#641 = LINE ( 'NONE', #1648, #1084 ) ;
#642 = DIRECTION ( 'NONE',  ( 1.000000000000000000, 0.000000000000000000, -2.466868151817460236E-14 ) ) ;
#643 = CARTESIAN_POINT ( 'NONE',  ( 8.996872544615332146, 87.50000000000000000, -30.99997452554359612 ) ) ;
#644 = CARTESIAN_POINT ( 'NONE',  ( 29.00046957425424665, -46.27508152002117470, -49.99952881642030178 ) ) ;
#645 = ORIENTED_EDGE ( 'NONE', *, *, #2032, .F. ) ;
#646 = ORIENTED_EDGE ( 'NONE', *, *, #404, .F. ) ;
#647 = LINE ( 'NONE', #2379, #907 ) ;
#648 = ORIENTED_EDGE ( 'NONE', *, *, #354, .F. ) ;
#649 = CARTESIAN_POINT ( 'NONE',  ( 4.993750666299909824, 77.50000000000000000, -50.00624825336440438 ) ) ;
#650 = ADVANCED_FACE ( 'NONE', ( #1553 ), #2371, .T. ) ;
#651 = EDGE_LOOP ( 'NONE', ( #509, #2291, #1396, #1414, #422, #308 ) ) ;
#652 = CYLINDRICAL_SURFACE ( 'NONE', #344, 1.993999999998870232 ) ;
#653 = CARTESIAN_POINT ( 'NONE',  ( 18.00000000000029843, 228.9000000000000057, -36.00000000000139977 ) ) ;
#654 = PRODUCT_DEFINITION ( 'UNKNOWN', '', #413, #2240 ) ;
#655 = DIRECTION ( 'NONE',  ( 0.000000000000000000, -1.000000000000000000, 0.000000000000000000 ) ) ;
#656 = ORIENTED_EDGE ( 'NONE', *, *, #946, .T. ) ;
#657 = ORIENTED_EDGE ( 'NONE', *, *, #504, .T. ) ;
#658 = CARTESIAN_POINT ( 'NONE',  ( 4.999999999998990141, 228.9000000000000057, -51.24999999999920419 ) ) ;
#659 = VECTOR ( 'NONE', #2251, 1000.000000000000000 ) ;
#660 = CARTESIAN_POINT ( 'NONE',  ( -2.999999940405907228, -46.27508152002117470, -7.364513447230794656E-13 ) ) ;
#661 = CIRCLE ( 'NONE', #1644, 6.000000000000000000 ) ;
#662 = ORIENTED_EDGE ( 'NONE', *, *, #1504, .F. ) ;
#663 = FACE_OUTER_BOUND ( 'NONE', #2110, .T. ) ;
#664 = EDGE_CURVE ( 'NONE', #1753, #1099, #44, .T. ) ;
#665 = LINE ( 'NONE', #1443, #1092 ) ;
#666 = LINE ( 'NONE', #1433, #1805 ) ;
#667 = ORIENTED_EDGE ( 'NONE', *, *, #2414, .F. ) ;
#668 = ADVANCED_FACE ( 'NONE', ( #1603 ), #2387, .T. ) ;
#669 = CARTESIAN_POINT ( 'NONE',  ( 22.24999999999949907, 228.9000000000000057, -50.00000000000140687 ) ) ;
#670 = AXIS2_PLACEMENT_3D ( 'NONE', #1198, #1986, #392 ) ;
#671 = VECTOR ( 'NONE', #1343, 1000.000000000000000 ) ;
#672 = CARTESIAN_POINT ( 'NONE',  ( 20.40000000000090097, 228.9000000000000057, -51.25000000000000000 ) ) ;
#673 = ORIENTED_EDGE ( 'NONE', *, *, #886, .F. ) ;
#674 = VECTOR ( 'NONE', #761, 1000.000000000000000 ) ;
#675 = VERTEX_POINT ( 'NONE', #58 ) ;
#676 = CARTESIAN_POINT ( 'NONE',  ( 6.499999999999629630, 77.50000000000000000, -47.49999999989000088 ) ) ;
#677 = CARTESIAN_POINT ( 'NONE',  ( 6.499999999999639400, 87.50000000000000000, -37.50000000000000000 ) ) ;
#678 = EDGE_CURVE ( 'NONE', #2033, #1951, #437, .T. ) ;
#679 = CARTESIAN_POINT ( 'NONE',  ( -10.30000028121300026, 67.50000000000000000, -27.87500024609289895 ) ) ;
#680 = ORIENTED_EDGE ( 'NONE', *, *, #1116, .T. ) ;
#681 = ORIENTED_EDGE ( 'NONE', *, *, #496, .T. ) ;
#682 = DIRECTION ( 'NONE',  ( 0.9277833500499405028, 0.000000000000000000, -0.3731193580747446115 ) ) ;
#683 = EDGE_CURVE ( 'NONE', #2377, #534, #2353, .T. ) ;
#684 = LINE ( 'NONE', #2420, #2503 ) ;
#685 = DIRECTION ( 'NONE',  ( 0.000000000000000000, -1.000000000000000000, 0.000000000000000000 ) ) ;
#686 = CARTESIAN_POINT ( 'NONE',  ( 4.999999999999020339, 228.9000000000000057, -50.00000000000059686 ) ) ;
#687 = CARTESIAN_POINT ( 'NONE',  ( 3.750000000000469846, 291.8999999999999773, -31.09733148655180202 ) ) ;
#688 = EDGE_LOOP ( 'NONE', ( #1312, #1923, #1927, #874 ) ) ;
#689 = EDGE_CURVE ( 'NONE', #1787, #1368, #2347, .T. ) ;
#690 = FACE_BOUND ( 'NONE', #2103, .T. ) ;
#691 = EDGE_CURVE ( 'NONE', #969, #2351, #1631, .T. ) ;
#692 = CIRCLE ( 'NONE', #290, 2.124999999999880096 ) ;
#693 = EDGE_CURVE ( 'NONE', #537, #1848, #1640, .T. ) ;
#694 = LINE ( 'NONE', #1129, #2248 ) ;
#695 = AXIS2_PLACEMENT_3D ( 'NONE', #2300, #920, #1942 ) ;
#696 = AXIS2_PLACEMENT_3D ( 'NONE', #1071, #908, #1450 ) ;
#697 = CIRCLE ( 'NONE', #622, 2.499454798020404933 ) ;
#698 = DIRECTION ( 'NONE',  ( -1.000000000000000000, 0.000000000000000000, 6.661338147824129757E-16 ) ) ;
#699 = CARTESIAN_POINT ( 'NONE',  ( -2.999999940393639708, 87.50000000000000000, -50.00625469643669874 ) ) ;
#700 = ORIENTED_EDGE ( 'NONE', *, *, #2301, .F. ) ;
#701 = EDGE_LOOP ( 'NONE', ( #1203, #174, #891, #2210 ) ) ;
#702 = AXIS2_PLACEMENT_3D ( 'NONE', #78, #1577, #2363 ) ;
#703 = LINE ( 'NONE', #1477, #915 ) ;
#704 = LINE ( 'NONE', #1103, #1747 ) ;
#705 = CARTESIAN_POINT ( 'NONE',  ( -8.000000044703460489, 87.50000000000000000, 16.37898681621939900 ) ) ;
#706 = CARTESIAN_POINT ( 'NONE',  ( -3.000009706449371372, 286.5000000000000000, -40.37501216797811310 ) ) ;
#707 = VECTOR ( 'NONE', #2013, 1000.000000000000000 ) ;
#708 = FACE_OUTER_BOUND ( 'NONE', #88, .T. ) ;
#709 = SURFACE_STYLE_FILL_AREA ( #748 ) ;
#710 = EDGE_LOOP ( 'NONE', ( #2501, #1522, #420, #2164 ) ) ;
#711 = EDGE_CURVE ( 'NONE', #1350, #1434, #441, .T. ) ;
#712 = CARTESIAN_POINT ( 'NONE',  ( 20.99999953061340108, -46.27508152002117470, -49.99952881642030178 ) ) ;
#713 = CARTESIAN_POINT ( 'NONE',  ( -3.000000044703459601, 87.50000000000000000, 6.020888824057319511 ) ) ;
#714 = VERTEX_POINT ( 'NONE', #1810 ) ;
#715 = CIRCLE ( 'NONE', #670, 1.499999999998558042 ) ;
#716 = DIRECTION ( 'NONE',  ( 1.000000000000000000, 0.000000000000000000, 9.250409173207264408E-15 ) ) ;
#717 = FACE_BOUND ( 'NONE', #495, .T. ) ;
#718 = ORIENTED_EDGE ( 'NONE', *, *, #96, .T. ) ;
#719 = DIRECTION ( 'NONE',  ( -1.606111199752450005E-31, 1.000000000000000000, 1.959217102279369945E-16 ) ) ;
#720 = ORIENTED_EDGE ( 'NONE', *, *, #2394, .F. ) ;
#721 = VECTOR ( 'NONE', #2237, 1000.000000000000000 ) ;
#722 = CARTESIAN_POINT ( 'NONE',  ( -10.29999966807631040, -46.27508152002117470, -44.50000625979501478 ) ) ;
#723 = DIRECTION ( 'NONE',  ( 1.000000000000000000, 9.325039926272190081E-44, -1.554312234475119949E-13 ) ) ;
#724 = DIRECTION ( 'NONE',  ( 0.000000000000000000, 0.000000000000000000, 1.000000000000000000 ) ) ;
#725 = EDGE_CURVE ( 'NONE', #76, #2346, #1238, .T. ) ;
#726 = CARTESIAN_POINT ( 'NONE',  ( 26.97949192431119769, 77.50000000000000000, 2.000000000000000000 ) ) ;
#727 = ORIENTED_EDGE ( 'NONE', *, *, #1374, .F. ) ;
#728 = DIRECTION ( 'NONE',  ( -1.000000000000000000, 0.000000000000000000, -2.454837864508209994E-13 ) ) ;
#729 = ORIENTED_EDGE ( 'NONE', *, *, #266, .F. ) ;
#730 = ORIENTED_EDGE ( 'NONE', *, *, #725, .F. ) ;
#731 = VECTOR ( 'NONE', #1135, 1000.000000000000000 ) ;
#732 = DIRECTION ( 'NONE',  ( -0.000000000000000000, 1.000000000000000000, -0.000000000000000000 ) ) ;
#733 = AXIS2_PLACEMENT_3D ( 'NONE', #508, #358, #1278 ) ;
#734 = ORIENTED_EDGE ( 'NONE', *, *, #47, .F. ) ;
#735 = CARTESIAN_POINT ( 'NONE',  ( 6.499999999999639400, 228.9000000000000057, -37.50000000000000000 ) ) ;
#736 = PLANE ( 'NONE',  #1907 ) ;
#737 = VECTOR ( 'NONE', #1606, 1000.000000000000000 ) ;
#738 = EDGE_CURVE ( 'NONE', #555, #1031, #260, .T. ) ;
#739 = CARTESIAN_POINT ( 'NONE',  ( -6.389479642123719216, 77.50000000000000000, 10.91843940693370030 ) ) ;
#740 = DIRECTION ( 'NONE',  ( 0.000000000000000000, 0.000000000000000000, 1.000000000000000000 ) ) ;
#741 = AXIS2_PLACEMENT_3D ( 'NONE', #910, #2295, #1480 ) ;
#742 = CARTESIAN_POINT ( 'NONE',  ( 12.07048334478933782, 77.50000000000000000, -15.22481090541531046 ) ) ;
#743 = ORIENTED_EDGE ( 'NONE', *, *, #198, .T. ) ;
#744 = ORIENTED_EDGE ( 'NONE', *, *, #769, .T. ) ;
#745 = DIRECTION ( 'NONE',  ( -1.606111199752450443E-31, 1.000000000000000000, 1.959217102279370191E-16 ) ) ;
#746 = ORIENTED_EDGE ( 'NONE', *, *, #396, .F. ) ;
#747 = CARTESIAN_POINT ( 'NONE',  ( 36.30000102328989442, 67.50000000000000000, -32.37500352984369556 ) ) ;
#748 = FILL_AREA_STYLE ('',( #1722 ) ) ;
#749 = CARTESIAN_POINT ( 'NONE',  ( -2.999919049057420128, 77.50000000000000000, 14.30799999999999983 ) ) ;
#750 = LINE ( 'NONE', #2327, #1267 ) ;
#751 = CIRCLE ( 'NONE', #1413, 9.500000000000000000 ) ;
#752 = DIRECTION ( 'NONE',  ( 1.000000000000000000, 0.000000000000000000, 1.040772934498655399E-14 ) ) ;
#753 = EDGE_CURVE ( 'NONE', #529, #934, #2228, .T. ) ;
#754 = ORIENTED_EDGE ( 'NONE', *, *, #1246, .T. ) ;
#755 = VERTEX_POINT ( 'NONE', #474 ) ;
#756 = EDGE_CURVE ( 'NONE', #2528, #486, #1022, .T. ) ;
#757 = LINE ( 'NONE', #1950, #1385 ) ;
#758 = VERTEX_POINT ( 'NONE', #1250 ) ;
#759 = FACE_OUTER_BOUND ( 'NONE', #1924, .T. ) ;
#760 = CARTESIAN_POINT ( 'NONE',  ( 34.00000043213349699, 77.50000000000000000, 8.400192207394651334 ) ) ;
#761 = DIRECTION ( 'NONE',  ( -6.661338147824129757E-16, 0.000000000000000000, -1.000000000000000000 ) ) ;
#762 = PLANE ( 'NONE',  #1983 ) ;
#763 = DIRECTION ( 'NONE',  ( 0.000000000000000000, -1.000000000000000000, 0.000000000000000000 ) ) ;
#764 = VECTOR ( 'NONE', #1035, 1000.000000000000000 ) ;
#765 = DIRECTION ( 'NONE',  ( 0.000000000000000000, 0.000000000000000000, -1.000000000000000000 ) ) ;
#766 = ORIENTED_EDGE ( 'NONE', *, *, #1627, .T. ) ;
#767 = ORIENTED_EDGE ( 'NONE', *, *, #1876, .F. ) ;
#768 = VECTOR ( 'NONE', #478, 1000.000000000000000 ) ;
#769 = EDGE_CURVE ( 'NONE', #417, #1127, #2402, .T. ) ;
#770 = ORIENTED_EDGE ( 'NONE', *, *, #693, .F. ) ;
#771 = ORIENTED_EDGE ( 'NONE', *, *, #691, .T. ) ;
#772 = ADVANCED_FACE ( 'NONE', ( #1064 ), #2390, .T. ) ;
#773 = DIRECTION ( 'NONE',  ( -1.606111199752450005E-31, 1.000000000000000000, 1.959217102279369698E-16 ) ) ;
#774 = VERTEX_POINT ( 'NONE', #322 ) ;
#775 = DIRECTION ( 'NONE',  ( 0.000000000000000000, -1.000000000000000000, 0.000000000000000000 ) ) ;
#776 = DIRECTION ( 'NONE',  ( -1.013997426669781490E-06, 0.000000000000000000, 0.9999999999994858557 ) ) ;
#777 = CARTESIAN_POINT ( 'NONE',  ( 3.750000000000469846, 286.5000000000000000, -44.62500532348767024 ) ) ;
#778 = CARTESIAN_POINT ( 'NONE',  ( -2.999999940394229458, 291.8999999999999773, -50.00625469643669874 ) ) ;
#779 = AXIS2_PLACEMENT_3D ( 'NONE', #2342, #642, #1408 ) ;
#780 = LINE ( 'NONE', #1558, #1700 ) ;
#781 = VECTOR ( 'NONE', #1773, 1000.000000000000000 ) ;
#782 = ORIENTED_EDGE ( 'NONE', *, *, #2119, .F. ) ;
#783 = ORIENTED_EDGE ( 'NONE', *, *, #2409, .F. ) ;
#784 = EDGE_CURVE ( 'NONE', #786, #76, #470, .T. ) ;
#785 = ORIENTED_EDGE ( 'NONE', *, *, #2133, .T. ) ;
#786 = VERTEX_POINT ( 'NONE', #1662 ) ;
#787 = LINE ( 'NONE', #1369, #781 ) ;
#788 = ORIENTED_EDGE ( 'NONE', *, *, #528, .T. ) ;
#789 = EDGE_CURVE ( 'NONE', #2033, #1582, #2289, .T. ) ;
#790 = DIRECTION ( 'NONE',  ( 1.000000000000000000, 0.000000000000000000, 1.216761526407840019E-15 ) ) ;
#791 = DIRECTION ( 'NONE',  ( -7.888609052210119806E-31, 0.000000000000000000, -1.000000000000000000 ) ) ;
#792 = LINE ( 'NONE', #980, #433 ) ;
#793 = PLANE ( 'NONE',  #779 ) ;
#794 = EDGE_CURVE ( 'NONE', #868, #1005, #703, .T. ) ;
#795 = AXIS2_PLACEMENT_3D ( 'NONE', #1759, #179, #1602 ) ;
#796 = CARTESIAN_POINT ( 'NONE',  ( 4.993750666299909824, 291.8999999999999773, -50.00624825336440438 ) ) ;
#797 = VECTOR ( 'NONE', #2458, 1000.000000000000000 ) ;
#798 = ORIENTED_EDGE ( 'NONE', *, *, #2153, .F. ) ;
#799 = ORIENTED_EDGE ( 'NONE', *, *, #432, .T. ) ;
#800 = DIRECTION ( 'NONE',  ( -1.000000000000000000, 2.049642507000289605E-16, 0.000000000000000000 ) ) ;
#801 = SHAPE_DEFINITION_REPRESENTATION ( #1070, #267 ) ;
#802 = ORIENTED_EDGE ( 'NONE', *, *, #1858, .T. ) ;
#803 = ORIENTED_EDGE ( 'NONE', *, *, #1256, .F. ) ;
#804 = CARTESIAN_POINT ( 'NONE',  ( 36.29999999999999716, 87.50000000000000000, -20.19817807045699709 ) ) ;
#805 = EDGE_LOOP ( 'NONE', ( #2393, #89 ) ) ;
#806 = LINE ( 'NONE', #978, #2030 ) ;
#807 = FACE_OUTER_BOUND ( 'NONE', #2432, .T. ) ;
#808 = CARTESIAN_POINT ( 'NONE',  ( 36.29667966274204360, -46.27508152002117470, 0.000000000000000000 ) ) ;
#809 = EDGE_CURVE ( 'NONE', #969, #2194, #1288, .T. ) ;
#810 = CARTESIAN_POINT ( 'NONE',  ( -0.9794919243112151230, 77.50000000000000000, 2.000000000000000000 ) ) ;
#811 = VECTOR ( 'NONE', #1095, 1000.000000000000000 ) ;
#812 = AXIS2_PLACEMENT_3D ( 'NONE', #1310, #1748, #2097 ) ;
#813 = VECTOR ( 'NONE', #2492, 1000.000000000000000 ) ;
#814 = LINE ( 'NONE', #828, #1583 ) ;
#815 = ORIENTED_EDGE ( 'NONE', *, *, #440, .T. ) ;
#816 = CARTESIAN_POINT ( 'NONE',  ( -3.000000044703459601, 77.50000000000000000, 14.30791900435390041 ) ) ;
#817 = CARTESIAN_POINT ( 'NONE',  ( -10.30004737303144857, 67.50000000000000000, 3.837728523826552607 ) ) ;
#818 = ORIENTED_EDGE ( 'NONE', *, *, #1931, .T. ) ;
#819 = ORIENTED_EDGE ( 'NONE', *, *, #306, .F. ) ;
#820 = PLANE ( 'NONE',  #1029 ) ;
#821 = ORIENTED_EDGE ( 'NONE', *, *, #1914, .F. ) ;
#822 = DIRECTION ( 'NONE',  ( 0.9999999999994859667, 0.000000000000000000, 1.013997426764959830E-06 ) ) ;
#823 = DIRECTION ( 'NONE',  ( -0.9999999999994858557, 0.000000000000000000, -1.013997425894569737E-06 ) ) ;
#824 = PLANE ( 'NONE',  #1861 ) ;
#825 = AXIS2_PLACEMENT_3D ( 'NONE', #2118, #1880, #515 ) ;
#826 = CARTESIAN_POINT ( 'NONE',  ( 36.29999999999999716, 67.50000000000000000, -35.50000229217099701 ) ) ;
#827 = EDGE_CURVE ( 'NONE', #1951, #1854, #1244, .T. ) ;
#828 = CARTESIAN_POINT ( 'NONE',  ( 31.29667966274205071, 77.50000000000000000, 3.269602312199501704 ) ) ;
#829 = ORIENTED_EDGE ( 'NONE', *, *, #2441, .T. ) ;
#830 = AXIS2_PLACEMENT_3D ( 'NONE', #1932, #2469, #379 ) ;
#831 = ORIENTED_EDGE ( 'NONE', *, *, #1366, .T. ) ;
#832 = LINE ( 'NONE', #1426, #2455 ) ;
#833 = ORIENTED_EDGE ( 'NONE', *, *, #15, .T. ) ;
#834 = LINE ( 'NONE', #2431, #2215 ) ;
#835 = VERTEX_POINT ( 'NONE', #1492 ) ;
#836 = EDGE_LOOP ( 'NONE', ( #1280, #1799, #2288, #999 ) ) ;
#837 = DIRECTION ( 'NONE',  ( 1.000000000000000000, 0.000000000000000000, -3.750086505941800052E-14 ) ) ;
#838 = CARTESIAN_POINT ( 'NONE',  ( -2.999999940394989739, 87.50000000000000000, -44.49999885761410212 ) ) ;
#839 = CARTESIAN_POINT ( 'NONE',  ( 9.000114616798281730, 228.9000000000000057, -51.24999999999930367 ) ) ;
#840 = DIRECTION ( 'NONE',  ( -1.000000000000000000, 0.000000000000000000, 1.554312234475119949E-13 ) ) ;
#841 = ORIENTED_EDGE ( 'NONE', *, *, #350, .T. ) ;
#842 = ORIENTED_EDGE ( 'NONE', *, *, #2409, .T. ) ;
#843 = ADVANCED_FACE ( 'NONE', ( #1381 ), #1977, .T. ) ;
#844 = CARTESIAN_POINT ( 'NONE',  ( 27.87898686092290035, 87.50000000000000000, 22.50000000000000000 ) ) ;
#845 = ORIENTED_EDGE ( 'NONE', *, *, #149, .T. ) ;
#846 = EDGE_CURVE ( 'NONE', #2100, #2253, #2286, .T. ) ;
#847 = DIRECTION ( 'NONE',  ( 0.000000000000000000, -1.000000000000000000, 0.000000000000000000 ) ) ;
#848 = ORIENTED_EDGE ( 'NONE', *, *, #1608, .F. ) ;
#849 = CARTESIAN_POINT ( 'NONE',  ( 29.00046957425429994, 87.50000000000000000, -49.99952881642030178 ) ) ;
#850 = DIRECTION ( 'NONE',  ( 0.000000000000000000, -1.000000000000000000, -2.049642507000289605E-16 ) ) ;
#851 = AXIS2_PLACEMENT_3D ( 'NONE', #1507, #728, #947 ) ;
#852 = ORIENTED_EDGE ( 'NONE', *, *, #946, .F. ) ;
#853 = ORIENTED_EDGE ( 'NONE', *, *, #1837, .F. ) ;
#854 = DIRECTION ( 'NONE',  ( 2.466868151817460236E-14, 0.000000000000000000, 1.000000000000000000 ) ) ;
#855 = EDGE_CURVE ( 'NONE', #1301, #2028, #1451, .T. ) ;
#856 = DIRECTION ( 'NONE',  ( -1.040834085587108829E-14, 0.000000000000000000, -1.000000000000000000 ) ) ;
#857 = ORIENTED_EDGE ( 'NONE', *, *, #1120, .T. ) ;
#858 = LINE ( 'NONE', #653, #764 ) ;
#859 = EDGE_CURVE ( 'NONE', #1248, #2381, #1675, .T. ) ;
#860 = DIRECTION ( 'NONE',  ( 3.727088734919889908E-16, 0.000000000000000000, -1.000000000000000000 ) ) ;
#861 = VECTOR ( 'NONE', #745, 1000.000000000000000 ) ;
#862 = EDGE_LOOP ( 'NONE', ( #2169, #1139, #1085, #2072, #1164, #1946, #1026, #1258 ) ) ;
#863 = AXIS2_PLACEMENT_3D ( 'NONE', #636, #800, #2005 ) ;
#864 = ORIENTED_EDGE ( 'NONE', *, *, #67, .T. ) ;
#865 = PLANE ( 'NONE',  #2125 ) ;
#866 = LINE ( 'NONE', #660, #295 ) ;
#867 = CIRCLE ( 'NONE', #1345, 1.500000000000060396 ) ;
#868 = VERTEX_POINT ( 'NONE', #401 ) ;
#869 = ORIENTED_EDGE ( 'NONE', *, *, #2115, .F. ) ;
#870 = CARTESIAN_POINT ( 'NONE',  ( -5.299999865763015627, 77.50000000000000000, -39.13979308004163471 ) ) ;
#871 = EDGE_CURVE ( 'NONE', #1616, #464, #1844, .T. ) ;
#872 = CARTESIAN_POINT ( 'NONE',  ( 3.750000000000460076, 228.9000000000000057, -50.00000000000070344 ) ) ;
#873 = ORIENTED_EDGE ( 'NONE', *, *, #925, .F. ) ;
#874 = ORIENTED_EDGE ( 'NONE', *, *, #871, .T. ) ;
#875 = CARTESIAN_POINT ( 'NONE',  ( 20.99999953061340108, 87.50000000000000000, -57.99999886006119709 ) ) ;
#876 = AXIS2_PLACEMENT_3D ( 'NONE', #808, #1570, #1172 ) ;
#877 = CARTESIAN_POINT ( 'NONE',  ( 13.00000000000000000, 67.50000000000000000, -20.24999943003059855 ) ) ;
#878 = AXIS2_PLACEMENT_3D ( 'NONE', #1009, #2341, #31 ) ;
#879 = CARTESIAN_POINT ( 'NONE',  ( 26.97949192431119769, 67.50000000000000000, 2.000000000000000000 ) ) ;
#880 = CARTESIAN_POINT ( 'NONE',  ( 27.36144456897879707, 77.50000000000000000, -44.49972745446670075 ) ) ;
#881 = EDGE_CURVE ( 'NONE', #1848, #417, #414, .T. ) ;
#882 = CARTESIAN_POINT ( 'NONE',  ( 4.993723288352939882, 228.9000000000000057, -30.99998264390969993 ) ) ;
#883 = ORIENTED_EDGE ( 'NONE', *, *, #1482, .T. ) ;
#884 = ADVANCED_FACE ( 'NONE', ( #1041 ), #1397, .T. ) ;
#885 = DIRECTION ( 'NONE',  ( -1.000000000000000000, 0.000000000000000000, 3.750086511940739506E-14 ) ) ;
#886 = EDGE_CURVE ( 'NONE', #1559, #2195, #1245, .T. ) ;
#887 = AXIS2_PLACEMENT_3D ( 'NONE', #1891, #940, #1305 ) ;
#888 = LINE ( 'NONE', #1429, #332 ) ;
#889 = CARTESIAN_POINT ( 'NONE',  ( 4.993750666299909824, 77.50000000000000000, -52.99999886006120420 ) ) ;
#890 = DIRECTION ( 'NONE',  ( 0.000000000000000000, 1.000000000000000000, 0.000000000000000000 ) ) ;
#891 = ORIENTED_EDGE ( 'NONE', *, *, #1518, .F. ) ;
#892 = LINE ( 'NONE', #87, #368 ) ;
#893 = EDGE_LOOP ( 'NONE', ( #403, #680, #2144, #1765 ) ) ;
#894 = ORIENTED_EDGE ( 'NONE', *, *, #536, .F. ) ;
#895 = CYLINDRICAL_SURFACE ( 'NONE', #696, 5.000000000000001776 ) ;
#896 = EDGE_CURVE ( 'NONE', #1750, #985, #1438, .T. ) ;
#897 = DIRECTION ( 'NONE',  ( 8.673617379884035472E-16, 0.000000000000000000, -1.000000000000000000 ) ) ;
#898 = AXIS2_PLACEMENT_3D ( 'NONE', #904, #499, #1078 ) ;
#899 = CIRCLE ( 'NONE', #256, 1.993999999998870232 ) ;
#900 = CIRCLE ( 'NONE', #2456, 1.499999999998523403 ) ;
#901 = CARTESIAN_POINT ( 'NONE',  ( 13.00000000000000000, 87.50000000000000000, -20.24999943003059855 ) ) ;
#902 = CARTESIAN_POINT ( 'NONE',  ( 6.500000000001190159, 228.9000000000000057, -47.49999999989000088 ) ) ;
#903 = DIRECTION ( 'NONE',  ( -1.013997425894570161E-06, -2.049642506999241899E-16, 0.9999999999994859667 ) ) ;
#904 = CARTESIAN_POINT ( 'NONE',  ( -8.000000044703460489, 77.50000000000000000, 11.37898681621940078 ) ) ;
#905 = ORIENTED_EDGE ( 'NONE', *, *, #491, .T. ) ;
#906 = ORIENTED_EDGE ( 'NONE', *, *, #1869, .F. ) ;
#907 = VECTOR ( 'NONE', #2196, 1000.000000000000000 ) ;
#908 = DIRECTION ( 'NONE',  ( 3.204747427460400254E-33, -1.000000000000000000, -2.049642507000284674E-16 ) ) ;
#909 = ORIENTED_EDGE ( 'NONE', *, *, #362, .T. ) ;
#910 = CARTESIAN_POINT ( 'NONE',  ( 3.750000000000469846, 228.9000000000000057, -31.09733148655180202 ) ) ;
#911 = VERTEX_POINT ( 'NONE', #456 ) ;
#912 = VECTOR ( 'NONE', #1760, 1000.000000000000000 ) ;
#913 = ADVANCED_FACE ( 'NONE', ( #988 ), #430, .T. ) ;
#914 = EDGE_CURVE ( 'NONE', #2155, #2205, #2135, .T. ) ;
#915 = VECTOR ( 'NONE', #2265, 1000.000000000000000 ) ;
#916 = DIRECTION ( 'NONE',  ( 0.000000000000000000, 1.959217102279369698E-16, -1.000000000000000000 ) ) ;
#917 = PLANE ( 'NONE',  #1920 ) ;
#918 = DIRECTION ( 'NONE',  ( -5.794482252784831864E-16, 0.000000000000000000, -1.000000000000000000 ) ) ;
#919 = ADVANCED_FACE ( 'NONE', ( #1612 ), #1232, .T. ) ;
#920 = DIRECTION ( 'NONE',  ( -1.000000000000000000, 0.000000000000000000, -1.216761526407840216E-15 ) ) ;
#921 = VERTEX_POINT ( 'NONE', #253 ) ;
#922 = CYLINDRICAL_SURFACE ( 'NONE', #450, 8.000470043640850903 ) ;
#923 = ORIENTED_EDGE ( 'NONE', *, *, #1308, .F. ) ;
#924 = FACE_OUTER_BOUND ( 'NONE', #443, .T. ) ;
#925 = EDGE_CURVE ( 'NONE', #1719, #455, #1681, .T. ) ;
#926 = VECTOR ( 'NONE', #1590, 1000.000000000000000 ) ;
#927 = VERTEX_POINT ( 'NONE', #601 ) ;
#928 = AXIS2_PLACEMENT_3D ( 'NONE', #284, #1249, #498 ) ;
#929 = DIRECTION ( 'NONE',  ( -1.606111199752450005E-31, 1.000000000000000000, 1.959217102279369698E-16 ) ) ;
#930 = PLANE ( 'NONE',  #2513 ) ;
#931 = FACE_OUTER_BOUND ( 'NONE', #521, .T. ) ;
#932 = VECTOR ( 'NONE', #415, 1000.000000000000114 ) ;
#933 = DIRECTION ( 'NONE',  ( 0.000000000000000000, -1.000000000000000000, -2.049642507000289605E-16 ) ) ;
#934 = VERTEX_POINT ( 'NONE', #658 ) ;
#935 = ORIENTED_EDGE ( 'NONE', *, *, #691, .F. ) ;
#936 = AXIS2_PLACEMENT_3D ( 'NONE', #1528, #1320, #918 ) ;
#937 = CARTESIAN_POINT ( 'NONE',  ( 3.750000000000460076, 228.9000000000000057, -50.00000000000070344 ) ) ;
#938 = AXIS2_PLACEMENT_3D ( 'NONE', #1689, #719, #2475 ) ;
#939 = ORIENTED_EDGE ( 'NONE', *, *, #664, .T. ) ;
#940 = DIRECTION ( 'NONE',  ( 0.000000000000000000, -1.000000000000000000, 0.000000000000000000 ) ) ;
#941 = CARTESIAN_POINT ( 'NONE',  ( -3.000009706449371372, 286.5000000000000000, -40.37501216797811310 ) ) ;
#942 = AXIS2_PLACEMENT_3D ( 'NONE', #1136, #2082, #1894 ) ;
#943 = PLANE ( 'NONE',  #1653 ) ;
#944 = EDGE_CURVE ( 'NONE', #1384, #373, #2220, .T. ) ;
#945 = FACE_OUTER_BOUND ( 'NONE', #1575, .T. ) ;
#946 = EDGE_CURVE ( 'NONE', #755, #2116, #1379, .T. ) ;
#947 = DIRECTION ( 'NONE',  ( -2.454837864508209994E-13, 0.000000000000000000, 1.000000000000000000 ) ) ;
#948 = ORIENTED_EDGE ( 'NONE', *, *, #153, .F. ) ;
#949 = ORIENTED_EDGE ( 'NONE', *, *, #1996, .F. ) ;
#950 = FACE_OUTER_BOUND ( 'NONE', #862, .T. ) ;
#951 = ORIENTED_EDGE ( 'NONE', *, *, #1361, .F. ) ;
#952 = DIRECTION ( 'NONE',  ( -1.606111199752450005E-31, 1.000000000000000000, 1.959217102279369945E-16 ) ) ;
#953 = CARTESIAN_POINT ( 'NONE',  ( 22.25000000000000000, 228.9000000000000057, -31.09820586241760054 ) ) ;
#954 = DIRECTION ( 'NONE',  ( 0.000000000000000000, -1.000000000000000000, -2.049642507000289605E-16 ) ) ;
#955 = PLANE ( 'NONE',  #695 ) ;
#956 = DIRECTION ( 'NONE',  ( -2.049642507000289605E-16, 1.000000000000000000, 0.000000000000000000 ) ) ;
#957 = VERTEX_POINT ( 'NONE', #418 ) ;
#958 = ORIENTED_EDGE ( 'NONE', *, *, #1472, .T. ) ;
#959 = CARTESIAN_POINT ( 'NONE',  ( 10.49999999999760014, 77.50000000000000000, -48.99999999999939604 ) ) ;
#960 = ORIENTED_EDGE ( 'NONE', *, *, #990, .F. ) ;
#961 = EDGE_CURVE ( 'NONE', #264, #1833, #647, .T. ) ;
#962 = ORIENTED_EDGE ( 'NONE', *, *, #711, .F. ) ;
#963 = CIRCLE ( 'NONE', #812, 2.124999999999880096 ) ;
#964 = CARTESIAN_POINT ( 'NONE',  ( 21.65395952452867334, -46.27508152002117470, 21.65395952452870532 ) ) ;
#965 = CARTESIAN_POINT ( 'NONE',  ( 29.00000043213350054, 77.50000000000000000, 6.020888629372590728 ) ) ;
#966 = CARTESIAN_POINT ( 'NONE',  ( 18.00000000000029843, 77.50000000000000000, -47.50000000000000000 ) ) ;
#967 = FACE_OUTER_BOUND ( 'NONE', #968, .T. ) ;
#968 = EDGE_LOOP ( 'NONE', ( #1175, #700, #1643, #1154 ) ) ;
#969 = VERTEX_POINT ( 'NONE', #1194 ) ;
#970 = AXIS2_PLACEMENT_3D ( 'NONE', #158, #2328, #2084 ) ;
#971 = DIRECTION ( 'NONE',  ( 1.000000000000000000, 0.000000000000000000, 1.040772934498655399E-14 ) ) ;
#972 = VERTEX_POINT ( 'NONE', #1976 ) ;
#973 = ORIENTED_EDGE ( 'NONE', *, *, #1979, .T. ) ;
#974 = EDGE_CURVE ( 'NONE', #977, #1969, #226, .T. ) ;
#975 = VECTOR ( 'NONE', #1398, 1000.000000000000000 ) ;
#976 = CARTESIAN_POINT ( 'NONE',  ( 15.44999999999925855, 87.50000000000008527, -20.18251876057970406 ) ) ;
#977 = VERTEX_POINT ( 'NONE', #1030 ) ;
#978 = CARTESIAN_POINT ( 'NONE',  ( 21.00023478712710201, 67.50000000000000000, -44.50000000000000000 ) ) ;
#979 = DIRECTION ( 'NONE',  ( -0.9999999999992533750, 0.000000000000000000, -1.221981178530897831E-06 ) ) ;
#980 = CARTESIAN_POINT ( 'NONE',  ( 31.29667966274207913, 77.50000000000000000, -20.24999943003057723 ) ) ;
#981 = CARTESIAN_POINT ( 'NONE',  ( 4.993750666299909824, -46.27508152002117470, -52.99999886006114025 ) ) ;
#982 = CIRCLE ( 'NONE', #2423, 8.000470043640852680 ) ;
#983 = LINE ( 'NONE', #1411, #479 ) ;
#984 = CIRCLE ( 'NONE', #2126, 5.999999999999996447 ) ;
#985 = VERTEX_POINT ( 'NONE', #1814 ) ;
#986 = ORIENTED_EDGE ( 'NONE', *, *, #1178, .T. ) ;
#987 = DIRECTION ( 'NONE',  ( -1.606111199752450005E-31, 1.000000000000000000, 1.959217102279369698E-16 ) ) ;
#988 = FACE_OUTER_BOUND ( 'NONE', #1179, .T. ) ;
#989 = VERTEX_POINT ( 'NONE', #36 ) ;
#990 = EDGE_CURVE ( 'NONE', #1316, #2279, #1595, .T. ) ;
#991 = VERTEX_POINT ( 'NONE', #2017 ) ;
#992 = DIRECTION ( 'NONE',  ( -8.680398282746253499E-16, 0.000000000000000000, -1.000000000000000000 ) ) ;
#993 = EDGE_CURVE ( 'NONE', #2111, #2345, #1218, .T. ) ;
#994 = CARTESIAN_POINT ( 'NONE',  ( -3.000000044703459601, 77.50000000000000000, -7.114555302986650176 ) ) ;
#995 = CARTESIAN_POINT ( 'NONE',  ( 7.999999999999690026, 87.50000000000000000, -48.99999999999909761 ) ) ;
#996 = CYLINDRICAL_SURFACE ( 'NONE', #2085, 2.124999999999880096 ) ;
#997 = AXIS2_PLACEMENT_3D ( 'NONE', #2190, #1588, #593 ) ;
#998 = CARTESIAN_POINT ( 'NONE',  ( -2.999919049057420128, -46.27508152002117470, 0.000000000000000000 ) ) ;
#999 = ORIENTED_EDGE ( 'NONE', *, *, #384, .T. ) ;
#1000 = AXIS2_PLACEMENT_3D ( 'NONE', #1419, #685, #2059 ) ;
#1001 = EDGE_LOOP ( 'NONE', ( #288, #1697, #254, #1813 ) ) ;
#1002 = DIRECTION ( 'NONE',  ( 1.000000000000000000, -6.178236835104631088E-33, 3.014299720074920036E-17 ) ) ;
#1003 = CARTESIAN_POINT ( 'NONE',  ( 4.993723288352939882, 87.50000000000000000, -30.99998264390969993 ) ) ;
#1004 = EDGE_LOOP ( 'NONE', ( #1956, #82, #599, #1548, #1412 ) ) ;
#1005 = VERTEX_POINT ( 'NONE', #2406 ) ;
#1006 = EDGE_CURVE ( 'NONE', #408, #400, #1994, .T. ) ;
#1007 = DIRECTION ( 'NONE',  ( 3.172065784642910061E-14, 0.000000000000000000, 1.000000000000000000 ) ) ;
#1008 = ORIENTED_EDGE ( 'NONE', *, *, #2057, .T. ) ;
#1009 = CARTESIAN_POINT ( 'NONE',  ( 20.99999953061340108, 77.50000000000000000, -49.99952881642030178 ) ) ;
#1010 = CARTESIAN_POINT ( 'NONE',  ( 20.99997215263350014, 87.50000000000000000, -30.99995018331929941 ) ) ;
#1011 = VECTOR ( 'NONE', #2259, 1000.000000000000114 ) ;
#1012 = DIRECTION ( 'NONE',  ( 0.000000000000000000, -1.000000000000000000, 0.000000000000000000 ) ) ;
#1013 = ORIENTED_EDGE ( 'NONE', *, *, #1293, .F. ) ;
#1014 = ORIENTED_EDGE ( 'NONE', *, *, #1613, .F. ) ;
#1015 = DIRECTION ( 'NONE',  ( -0.000000000000000000, 1.000000000000000000, -0.000000000000000000 ) ) ;
#1016 = ORIENTED_EDGE ( 'NONE', *, *, #107, .T. ) ;
#1017 = DIRECTION ( 'NONE',  ( 0.000000000000000000, -1.000000000000000000, 0.000000000000000000 ) ) ;
#1018 = VERTEX_POINT ( 'NONE', #52 ) ;
#1019 = CARTESIAN_POINT ( 'NONE',  ( 20.99998837754559844, 291.8999999999999773, -39.00042022694369592 ) ) ;
#1020 = CYLINDRICAL_SURFACE ( 'NONE', #109, 1.499999999998558042 ) ;
#1021 = DIRECTION ( 'NONE',  ( 0.000000000000000000, -1.000000000000000000, 0.000000000000000000 ) ) ;
#1022 = LINE ( 'NONE', #1620, #1571 ) ;
#1023 = CARTESIAN_POINT ( 'NONE',  ( 4.999999999998990141, 228.9000000000000057, -51.24999999999920419 ) ) ;
#1024 = ORIENTED_EDGE ( 'NONE', *, *, #2273, .T. ) ;
#1025 = VECTOR ( 'NONE', #1088, 1000.000000000000000 ) ;
#1026 = ORIENTED_EDGE ( 'NONE', *, *, #753, .T. ) ;
#1027 = ORIENTED_EDGE ( 'NONE', *, *, #2058, .T. ) ;
#1028 = EDGE_CURVE ( 'NONE', #196, #1509, #832, .T. ) ;
#1029 = AXIS2_PLACEMENT_3D ( 'NONE', #1600, #2384, #1402 ) ;
#1030 = CARTESIAN_POINT ( 'NONE',  ( -5.300042857127182927, 77.50000000000000000, 3.258109548864113858 ) ) ;
#1031 = VERTEX_POINT ( 'NONE', #669 ) ;
#1032 = LINE ( 'NONE', #2234, #2335 ) ;
#1033 = AXIS2_PLACEMENT_3D ( 'NONE', #265, #1415, #1824 ) ;
#1034 = DIRECTION ( 'NONE',  ( 0.000000000000000000, -1.000000000000000000, 0.000000000000000000 ) ) ;
#1035 = DIRECTION ( 'NONE',  ( -1.000000000000000000, 3.697785493380939668E-33, 1.496580637211149868E-13 ) ) ;
#1036 = CARTESIAN_POINT ( 'NONE',  ( 0.1920809509425960016, 87.50000000000000000, 17.50000000000000000 ) ) ;
#1037 = EDGE_CURVE ( 'NONE', #1168, #1616, #2256, .T. ) ;
#1038 = ORIENTED_EDGE ( 'NONE', *, *, #325, .F. ) ;
#1039 = EDGE_LOOP ( 'NONE', ( #487, #1642, #318, #1962, #2142 ) ) ;
#1040 = VECTOR ( 'NONE', #273, 1000.000000000000000 ) ;
#1041 = FACE_OUTER_BOUND ( 'NONE', #1227, .T. ) ;
#1042 = EDGE_CURVE ( 'NONE', #1031, #529, #899, .T. ) ;
#1043 = CARTESIAN_POINT ( 'NONE',  ( 7.999999999999699796, 77.50000000000000000, -37.50000000000000000 ) ) ;
#1044 = ADVANCED_FACE ( 'NONE', ( #289 ), #895, .T. ) ;
#1045 = ORIENTED_EDGE ( 'NONE', *, *, #2128, .F. ) ;
#1046 = CARTESIAN_POINT ( 'NONE',  ( 18.00000000000029843, 87.50000000000000000, -49.00000000000059686 ) ) ;
#1047 = VECTOR ( 'NONE', #1744, 1000.000000000000000 ) ;
#1048 = CARTESIAN_POINT ( 'NONE',  ( -1.309513680005120140, 87.50000000000000000, -39.49999714346280655 ) ) ;
#1049 = CARTESIAN_POINT ( 'NONE',  ( 22.24999999999959854, 228.9000000000000057, -47.24998726084190537 ) ) ;
#1050 = CARTESIAN_POINT ( 'NONE',  ( -0.9794919243112131246, -46.27508152002117470, 2.000000000000000000 ) ) ;
#1051 = VERTEX_POINT ( 'NONE', #1851 ) ;
#1052 = ORIENTED_EDGE ( 'NONE', *, *, #198, .F. ) ;
#1053 = ORIENTED_EDGE ( 'NONE', *, *, #1134, .T. ) ;
#1054 = VECTOR ( 'NONE', #505, 1000.000000000000000 ) ;
#1055 = DIRECTION ( 'NONE',  ( 1.000000000000000000, 0.000000000000000000, 1.850371707710394309E-14 ) ) ;
#1056 = DIRECTION ( 'NONE',  ( -0.000000000000000000, -1.000000000000000000, -0.000000000000000000 ) ) ;
#1057 = CARTESIAN_POINT ( 'NONE',  ( 14.61221363986586752, 77.50000000000000000, 8.364416843762860765 ) ) ;
#1058 = ORIENTED_EDGE ( 'NONE', *, *, #2153, .T. ) ;
#1059 = EDGE_CURVE ( 'NONE', #584, #372, #1885, .T. ) ;
#1060 = DIRECTION ( 'NONE',  ( 0.000000000000000000, -1.000000000000000000, -2.049642507000289605E-16 ) ) ;
#1061 = AXIS2_PLACEMENT_3D ( 'NONE', #2403, #1226, #18 ) ;
#1062 = DIRECTION ( 'NONE',  ( 0.000000000000000000, 1.000000000000000000, 0.000000000000000000 ) ) ;
#1063 = PRESENTATION_LAYER_ASSIGNMENT (  '', '', ( #1598 ) ) ;
#1064 = FACE_OUTER_BOUND ( 'NONE', #1993, .T. ) ;
#1065 = FACE_OUTER_BOUND ( 'NONE', #688, .T. ) ;
#1066 = VERTEX_POINT ( 'NONE', #134 ) ;
#1067 = VECTOR ( 'NONE', #1205, 1000.000000000000000 ) ;
#1068 = ORIENTED_EDGE ( 'NONE', *, *, #855, .T. ) ;
#1069 = ORIENTED_EDGE ( 'NONE', *, *, #1432, .F. ) ;
#1070 = PRODUCT_DEFINITION_SHAPE ( 'NONE', 'NONE',  #654 ) ;
#1071 = CARTESIAN_POINT ( 'NONE',  ( -1.361444568978859904, 77.50000000000000000, -44.49972745446660127 ) ) ;
#1072 = AXIS2_PLACEMENT_3D ( 'NONE', #796, #1573, #2358 ) ;
#1073 = CARTESIAN_POINT ( 'NONE',  ( -10.30004868240825644, 77.50000000000000000, 3.837721882954967523 ) ) ;
#1074 = AXIS2_PLACEMENT_3D ( 'NONE', #1106, #2077, #1471 ) ;
#1075 = ADVANCED_FACE ( 'NONE', ( #91 ), #490, .F. ) ;
#1076 = EDGE_LOOP ( 'NONE', ( #405, #621 ) ) ;
#1077 = FACE_OUTER_BOUND ( 'NONE', #57, .T. ) ;
#1078 = DIRECTION ( 'NONE',  ( -3.727088734919889908E-16, 0.000000000000000000, 1.000000000000000000 ) ) ;
#1079 = ORIENTED_EDGE ( 'NONE', *, *, #2245, .T. ) ;
#1080 = VERTEX_POINT ( 'NONE', #2429 ) ;
#1081 = CARTESIAN_POINT ( 'NONE',  ( 4.999999999999020339, 228.9000000000000057, -50.00000000000059686 ) ) ;
#1082 = VECTOR ( 'NONE', #551, 1000.000000000000000 ) ;
#1083 = CARTESIAN_POINT ( 'NONE',  ( -8.653959524528705316, -46.27508152002117470, 8.653959524528717751 ) ) ;
#1084 = VECTOR ( 'NONE', #472, 1000.000000000000000 ) ;
#1085 = ORIENTED_EDGE ( 'NONE', *, *, #615, .T. ) ;
#1086 = LINE ( 'NONE', #300, #2437 ) ;
#1087 = PLANE ( 'NONE',  #1131 ) ;
#1088 = DIRECTION ( 'NONE',  ( -2.454837864508209994E-13, -2.884609631497449878E-38, 1.000000000000000000 ) ) ;
#1089 = ORIENTED_EDGE ( 'NONE', *, *, #1178, .F. ) ;
#1090 = DIRECTION ( 'NONE',  ( 1.000000000000000000, 0.000000000000000000, 0.000000000000000000 ) ) ;
#1091 = DIRECTION ( 'NONE',  ( -1.606111199752450005E-31, 1.000000000000000000, 1.959217102279369698E-16 ) ) ;
#1092 = VECTOR ( 'NONE', #2225, 1000.000000000000000 ) ;
#1093 = FACE_OUTER_BOUND ( 'NONE', #197, .T. ) ;
#1094 = PLANE ( 'NONE',  #9 ) ;
#1095 = DIRECTION ( 'NONE',  ( 0.000000000000000000, -1.000000000000000000, -2.049642507000289605E-16 ) ) ;
#1096 = VECTOR ( 'NONE', #2075, 1000.000000000000000 ) ;
#1097 = LINE ( 'NONE', #2313, #2099 ) ;
#1098 = DIRECTION ( 'NONE',  ( -1.013997426669781490E-06, 0.000000000000000000, 0.9999999999994858557 ) ) ;
#1099 = VERTEX_POINT ( 'NONE', #502 ) ;
#1100 = EDGE_CURVE ( 'NONE', #2346, #1441, #1460, .T. ) ;
#1101 = ORIENTED_EDGE ( 'NONE', *, *, #1331, .F. ) ;
#1102 = DIRECTION ( 'NONE',  ( -1.000000000000000000, 0.000000000000000000, 7.888609052210119806E-31 ) ) ;
#1103 = CARTESIAN_POINT ( 'NONE',  ( 28.99991904905740014, -46.27508152002117470, 0.000000000000000000 ) ) ;
#1104 = ADVANCED_FACE ( 'NONE', ( #717, #2440 ), #865, .T. ) ;
#1105 = VERTEX_POINT ( 'NONE', #1686 ) ;
#1106 = CARTESIAN_POINT ( 'NONE',  ( 15.44999999999925855, 77.50000000000000000, -20.18251876057970406 ) ) ;
#1107 = AXIS2_PLACEMENT_3D ( 'NONE', #1683, #1517, #2509 ) ;
#1108 = VECTOR ( 'NONE', #1636, 1000.000000000000000 ) ;
#1109 = FACE_OUTER_BOUND ( 'NONE', #1004, .T. ) ;
#1110 = DIRECTION ( 'NONE',  ( 1.000000000000000000, 0.000000000000000000, 1.850371707710394309E-14 ) ) ;
#1111 = CARTESIAN_POINT ( 'NONE',  ( -4.180962707746048654E-29, -46.27508152002117470, -52.99999886006120420 ) ) ;
#1112 = PLANE ( 'NONE',  #1605 ) ;
#1113 = VERTEX_POINT ( 'NONE', #1862 ) ;
#1114 = ADVANCED_FACE ( 'NONE', ( #511 ), #1289, .F. ) ;
#1115 = CARTESIAN_POINT ( 'NONE',  ( 36.29667966274204360, 67.50000000000000000, -0.000000000000000000 ) ) ;
#1116 = EDGE_CURVE ( 'NONE', #558, #229, #2244, .T. ) ;
#1117 = ORIENTED_EDGE ( 'NONE', *, *, #2044, .F. ) ;
#1118 = CARTESIAN_POINT ( 'NONE',  ( -8.000000044703460489, 87.50000000000000000, 13.40019263237490144 ) ) ;
#1119 = ORIENTED_EDGE ( 'NONE', *, *, #784, .F. ) ;
#1120 = EDGE_CURVE ( 'NONE', #2205, #921, #1478, .T. ) ;
#1121 = VECTOR ( 'NONE', #74, 1000.000000000000000 ) ;
#1122 = CARTESIAN_POINT ( 'NONE',  ( 4.993723288352939882, 87.50000000000000000, -30.99998264390969993 ) ) ;
#1123 = DIRECTION ( 'NONE',  ( -1.000000000000000000, 0.000000000000000000, 1.109789591839160085E-15 ) ) ;
#1124 = DIRECTION ( 'NONE',  ( 0.000000000000000000, -1.000000000000000000, -2.049642507000289605E-16 ) ) ;
#1125 = DIRECTION ( 'NONE',  ( 0.000000000000000000, -1.000000000000000000, 0.000000000000000000 ) ) ;
#1126 = ORIENTED_EDGE ( 'NONE', *, *, #1295, .T. ) ;
#1127 = VERTEX_POINT ( 'NONE', #2055 ) ;
#1128 = ADVANCED_FACE ( 'NONE', ( #2450, #690, #1468, #1275 ), #2066, .F. ) ;
#1129 = CARTESIAN_POINT ( 'NONE',  ( 24.00046957425381677, -46.27508152002117470, 2.200780893381972078E-13 ) ) ;
#1130 = ORIENTED_EDGE ( 'NONE', *, *, #2119, .T. ) ;
#1131 = AXIS2_PLACEMENT_3D ( 'NONE', #1261, #2434, #2023 ) ;
#1132 = CARTESIAN_POINT ( 'NONE',  ( 34.00000043213349699, 87.50000000000000000, 16.37898642878939981 ) ) ;
#1133 = DIRECTION ( 'NONE',  ( 0.000000000000000000, 1.000000000000000000, 0.000000000000000000 ) ) ;
#1134 = EDGE_CURVE ( 'NONE', #455, #1719, #321, .T. ) ;
#1135 = DIRECTION ( 'NONE',  ( -0.9999999999994858557, 0.000000000000000000, -1.013997425894569737E-06 ) ) ;
#1136 = CARTESIAN_POINT ( 'NONE',  ( -1.361444568978859904, -46.27508152002117470, -44.49972745446660127 ) ) ;
#1137 = DIRECTION ( 'NONE',  ( -9.690049268019630847E-15, 0.000000000000000000, 1.000000000000000000 ) ) ;
#1138 = ORIENTED_EDGE ( 'NONE', *, *, #2257, .T. ) ;
#1139 = ORIENTED_EDGE ( 'NONE', *, *, #1608, .T. ) ;
#1140 = VECTOR ( 'NONE', #1893, 1000.000000000000000 ) ;
#1141 = CARTESIAN_POINT ( 'NONE',  ( 29.00045842117000205, 87.50000000000000000, -39.00040400203170066 ) ) ;
#1142 = ORIENTED_EDGE ( 'NONE', *, *, #678, .F. ) ;
#1143 = EDGE_CURVE ( 'NONE', #2471, #1161, #704, .T. ) ;
#1144 = DIRECTION ( 'NONE',  ( 0.000000000000000000, -1.000000000000000000, 0.000000000000000000 ) ) ;
#1145 = DIRECTION ( 'NONE',  ( -0.9999999999994859667, 0.000000000000000000, -1.013997426772199844E-06 ) ) ;
#1146 = CIRCLE ( 'NONE', #942, 4.999999999999997335 ) ;
#1147 = CARTESIAN_POINT ( 'NONE',  ( 3.750000000000469846, 228.9000000000000057, -31.09733148655180202 ) ) ;
#1148 = ADVANCED_FACE ( 'NONE', ( #1493, #2275 ), #520, .T. ) ;
#1149 = FACE_OUTER_BOUND ( 'NONE', #50, .T. ) ;
#1150 = DIRECTION ( 'NONE',  ( 0.000000000000000000, 0.000000000000000000, -1.000000000000000000 ) ) ;
#1151 = CARTESIAN_POINT ( 'NONE',  ( 29.00046957425429994, 77.50000000000000000, -49.99952881642030178 ) ) ;
#1152 = ORIENTED_EDGE ( 'NONE', *, *, #1707, .T. ) ;
#1153 = EDGE_LOOP ( 'NONE', ( #2477, #1191, #2310, #2083, #1668, #2242, #744, #65, #252, #2359, #1647, #1789, #1544, #465, #1730, #841, #1327, #1911 ) ) ;
#1154 = ORIENTED_EDGE ( 'NONE', *, *, #1481, .F. ) ;
#1155 = CARTESIAN_POINT ( 'NONE',  ( 0.1920809509425962236, -46.27508152002117470, 17.50000000000000000 ) ) ;
#1156 = CARTESIAN_POINT ( 'NONE',  ( 19.50000000000099831, 77.50000000000000000, -33.87499971501609508 ) ) ;
#1157 = FACE_OUTER_BOUND ( 'NONE', #2138, .T. ) ;
#1158 = CARTESIAN_POINT ( 'NONE',  ( 14.61221363986586752, 77.50000000000000000, 8.364416843762860765 ) ) ;
#1159 = LINE ( 'NONE', #195, #2269 ) ;
#1160 = ORIENTED_EDGE ( 'NONE', *, *, #1337, .T. ) ;
#1161 = VERTEX_POINT ( 'NONE', #2500 ) ;
#1162 = ADVANCED_FACE ( 'NONE', ( #2511 ), #922, .T. ) ;
#1163 = DIRECTION ( 'NONE',  ( -0.7071067811865480168, 0.000000000000000000, 0.7071067811865470176 ) ) ;
#1164 = ORIENTED_EDGE ( 'NONE', *, *, #738, .T. ) ;
#1165 = ORIENTED_EDGE ( 'NONE', *, *, #1482, .F. ) ;
#1166 = CIRCLE ( 'NONE', #1491, 4.999999999999997335 ) ;
#1167 = CARTESIAN_POINT ( 'NONE',  ( 27.30923938676749785, 77.50000000000000000, -39.50000000000000000 ) ) ;
#1168 = VERTEX_POINT ( 'NONE', #742 ) ;
#1169 = FACE_OUTER_BOUND ( 'NONE', #1704, .T. ) ;
#1170 = DIRECTION ( 'NONE',  ( -0.000000000000000000, 1.000000000000000000, -0.000000000000000000 ) ) ;
#1171 = AXIS2_PLACEMENT_3D ( 'NONE', #3, #1959, #2201 ) ;
#1172 = DIRECTION ( 'NONE',  ( 0.000000000000000000, 0.000000000000000000, 1.000000000000000000 ) ) ;
#1173 = CARTESIAN_POINT ( 'NONE',  ( -3.000015026769149884, 87.50000000000000000, -35.12813517522840101 ) ) ;
#1174 = DIRECTION ( 'NONE',  ( -0.9999999999992533750, 0.000000000000000000, -1.221981178530897831E-06 ) ) ;
#1175 = ORIENTED_EDGE ( 'NONE', *, *, #186, .T. ) ;
#1176 = ORIENTED_EDGE ( 'NONE', *, *, #1193, .F. ) ;
#1177 = CARTESIAN_POINT ( 'NONE',  ( 15.45000000000064411, 87.50000000000008527, -10.26710305025185654 ) ) ;
#1178 = EDGE_CURVE ( 'NONE', #2028, #1113, #2076, .T. ) ;
#1179 = EDGE_LOOP ( 'NONE', ( #545, #1739, #1165, #1196 ) ) ;
#1180 = AXIS2_PLACEMENT_3D ( 'NONE', #1680, #1484, #1110 ) ;
#1181 = ORIENTED_EDGE ( 'NONE', *, *, #1313, .F. ) ;
#1182 = DIRECTION ( 'NONE',  ( 0.7071067811865480168, 0.000000000000000000, -0.7071067811865470176 ) ) ;
#1183 = ORIENTED_EDGE ( 'NONE', *, *, #961, .T. ) ;
#1184 = VECTOR ( 'NONE', #1268, 1000.000000000000000 ) ;
#1185 = ORIENTED_EDGE ( 'NONE', *, *, #600, .F. ) ;
#1186 = DIRECTION ( 'NONE',  ( 1.216761526407840019E-15, 0.000000000000000000, -1.000000000000000000 ) ) ;
#1187 = CYLINDRICAL_SURFACE ( 'NONE', #878, 3.000470043640849571 ) ;
#1188 = CARTESIAN_POINT ( 'NONE',  ( 19.15395952452867689, -46.27508152002117470, 19.15395952452870176 ) ) ;
#1189 = LINE ( 'NONE', #1660, #2051 ) ;
#1190 = VECTOR ( 'NONE', #2045, 1000.000000000000000 ) ;
#1191 = ORIENTED_EDGE ( 'NONE', *, *, #2212, .T. ) ;
#1192 = ORIENTED_EDGE ( 'NONE', *, *, #683, .T. ) ;
#1193 = EDGE_CURVE ( 'NONE', #2028, #203, #1159, .T. ) ;
#1194 = CARTESIAN_POINT ( 'NONE',  ( 31.29667966274210400, 77.50000000000000000, -39.50000000000000000 ) ) ;
#1195 = EDGE_LOOP ( 'NONE', ( #2064, #857, #662, #591 ) ) ;
#1196 = ORIENTED_EDGE ( 'NONE', *, *, #99, .F. ) ;
#1197 = DIRECTION ( 'NONE',  ( -2.466868151817460236E-14, 3.222086848073230355E-32, -1.000000000000000000 ) ) ;
#1198 = CARTESIAN_POINT ( 'NONE',  ( 18.00000000000029843, 228.9000000000000057, -37.50000000000000000 ) ) ;
#1199 = DIRECTION ( 'NONE',  ( 1.000000000000000000, 6.036386627800480103E-63, 0.000000000000000000 ) ) ;
#1200 = DIRECTION ( 'NONE',  ( -0.9897433186107844616, 0.000000000000000000, 0.1428571428571610846 ) ) ;
#1201 = VECTOR ( 'NONE', #1930, 1000.000000000000000 ) ;
#1202 = CYLINDRICAL_SURFACE ( 'NONE', #286, 1.500000000000060396 ) ;
#1203 = ORIENTED_EDGE ( 'NONE', *, *, #2308, .F. ) ;
#1204 = VERTEX_POINT ( 'NONE', #1908 ) ;
#1205 = DIRECTION ( 'NONE',  ( 1.000000000000000000, 0.000000000000000000, -7.888551657556060360E-31 ) ) ;
#1206 = ORIENTED_EDGE ( 'NONE', *, *, #2293, .F. ) ;
#1207 = FACE_OUTER_BOUND ( 'NONE', #1597, .T. ) ;
#1208 = ORIENTED_EDGE ( 'NONE', *, *, #2061, .T. ) ;
#1209 = CARTESIAN_POINT ( 'NONE',  ( -3.116000575622997192E-29, -46.27508152002117470, -39.50000000000000000 ) ) ;
#1210 = DIRECTION ( 'NONE',  ( 1.000000000000000000, 0.000000000000000000, -1.529887327950269838E-13 ) ) ;
#1211 = LINE ( 'NONE', #1763, #480 ) ;
#1212 = ADVANCED_FACE ( 'NONE', ( #2136 ), #1300, .T. ) ;
#1213 = EDGE_CURVE ( 'NONE', #1841, #132, #2302, .T. ) ;
#1214 = CIRCLE ( 'NONE', #1422, 4.499999999999999112 ) ;
#1215 = LINE ( 'NONE', #2002, #932 ) ;
#1216 = ORIENTED_EDGE ( 'NONE', *, *, #2041, .F. ) ;
#1217 = ORIENTED_EDGE ( 'NONE', *, *, #635, .F. ) ;
#1218 = LINE ( 'NONE', #241, #1815 ) ;
#1219 = VERTEX_POINT ( 'NONE', #381 ) ;
#1220 = LINE ( 'NONE', #1269, #1762 ) ;
#1221 = ORIENTED_EDGE ( 'NONE', *, *, #896, .T. ) ;
#1222 = LINE ( 'NONE', #2422, #303 ) ;
#1223 = ADVANCED_FACE ( 'NONE', ( #357 ), #1542, .T. ) ;
#1224 = FACE_OUTER_BOUND ( 'NONE', #429, .T. ) ;
#1225 = EDGE_CURVE ( 'NONE', #588, #400, #1945, .T. ) ;
#1226 = DIRECTION ( 'NONE',  ( -7.074184834259110259E-50, 1.000000000000000000, -6.449125814668281110E-50 ) ) ;
#1227 = EDGE_LOOP ( 'NONE', ( #1068, #587, #2329, #923 ) ) ;
#1228 = VECTOR ( 'NONE', #517, 1000.000000000000000 ) ;
#1229 = VERTEX_POINT ( 'NONE', #1726 ) ;
#1230 = EDGE_CURVE ( 'NONE', #68, #558, #513, .T. ) ;
#1231 = AXIS2_PLACEMENT_3D ( 'NONE', #469, #116, #847 ) ;
#1232 = PLANE ( 'NONE',  #261 ) ;
#1233 = DIRECTION ( 'NONE',  ( 0.000000000000000000, -1.000000000000000000, 0.000000000000000000 ) ) ;
#1234 = ORIENTED_EDGE ( 'NONE', *, *, #1100, .F. ) ;
#1235 = CARTESIAN_POINT ( 'NONE',  ( -1.878986860922877256, -46.27508152002117470, 22.50000000000000711 ) ) ;
#1236 = CARTESIAN_POINT ( 'NONE',  ( -2.999999940394989739, 87.50000000000000000, -44.49999885761410212 ) ) ;
#1237 = ADVANCED_FACE ( 'NONE', ( #967 ), #2485, .T. ) ;
#1238 = LINE ( 'NONE', #250, #1040 ) ;
#1239 = CARTESIAN_POINT ( 'NONE',  ( 34.00000043213348988, -46.27508152002117470, 16.37898642878940336 ) ) ;
#1240 = ORIENTED_EDGE ( 'NONE', *, *, #1028, .T. ) ;
#1241 = EDGE_LOOP ( 'NONE', ( #2152, #1367, #1242, #1520 ) ) ;
#1242 = ORIENTED_EDGE ( 'NONE', *, *, #139, .F. ) ;
#1243 = AXIS2_PLACEMENT_3D ( 'NONE', #2399, #1170, #1150 ) ;
#1244 = CIRCLE ( 'NONE', #1449, 3.000470043640849571 ) ;
#1245 = LINE ( 'NONE', #2182, #1067 ) ;
#1246 = EDGE_CURVE ( 'NONE', #2428, #1582, #1166, .T. ) ;
#1247 = FACE_OUTER_BOUND ( 'NONE', #1623, .T. ) ;
#1248 = VERTEX_POINT ( 'NONE', #531 ) ;
#1249 = DIRECTION ( 'NONE',  ( 0.9999999999999993339, 0.000000000000000000, 3.688039093805997352E-08 ) ) ;
#1250 = CARTESIAN_POINT ( 'NONE',  ( 25.80791904905739642, -46.27508152002117470, 17.49999999999999289 ) ) ;
#1251 = DIRECTION ( 'NONE',  ( -1.606111199752450443E-31, 1.000000000000000000, 1.959217102279370191E-16 ) ) ;
#1252 = ORIENTED_EDGE ( 'NONE', *, *, #519, .T. ) ;
#1253 = AXIS2_PLACEMENT_3D ( 'NONE', #614, #2375, #840 ) ;
#1254 = VECTOR ( 'NONE', #327, 1000.000000000000000 ) ;
#1255 = CARTESIAN_POINT ( 'NONE',  ( 29.00045842117000205, 291.8999999999999773, -39.00040400203170066 ) ) ;
#1256 = EDGE_CURVE ( 'NONE', #534, #2197, #963, .T. ) ;
#1257 = CYLINDRICAL_SURFACE ( 'NONE', #131, 2.993750606696737648 ) ;
#1258 = ORIENTED_EDGE ( 'NONE', *, *, #1876, .T. ) ;
#1259 = VECTOR ( 'NONE', #2204, 1000.000000000000000 ) ;
#1260 = ADVANCED_FACE ( 'NONE', ( #544 ), #369, .T. ) ;
#1261 = CARTESIAN_POINT ( 'NONE',  ( 29.00045842117000205, 87.50000000000000000, -39.00040400203170066 ) ) ;
#1262 = VECTOR ( 'NONE', #723, 1000.000000000000000 ) ;
#1263 = DIRECTION ( 'NONE',  ( 0.000000000000000000, 0.000000000000000000, -1.000000000000000000 ) ) ;
#1264 = ORIENTED_EDGE ( 'NONE', *, *, #1037, .F. ) ;
#1265 = ORIENTED_EDGE ( 'NONE', *, *, #689, .T. ) ;
#1266 = DIRECTION ( 'NONE',  ( 0.000000000000000000, 1.000000000000000000, 0.000000000000000000 ) ) ;
#1267 = VECTOR ( 'NONE', #763, 1000.000000000000000 ) ;
#1268 = DIRECTION ( 'NONE',  ( -3.014299720074920036E-17, 0.000000000000000000, 1.000000000000000000 ) ) ;
#1269 = CARTESIAN_POINT ( 'NONE',  ( -12.18949343046143952, -46.27508152002117470, 12.18949343046145728 ) ) ;
#1270 = DIRECTION ( 'NONE',  ( 0.9277833500499405028, 0.000000000000000000, -0.3731193580747446115 ) ) ;
#1271 = DIRECTION ( 'NONE',  ( -1.577721810442049754E-31, -1.000000000000000000, -2.049642507000289605E-16 ) ) ;
#1272 = DIRECTION ( 'NONE',  ( -2.049642507000289605E-16, -1.000000000000000000, 0.000000000000000000 ) ) ;
#1273 = ORIENTED_EDGE ( 'NONE', *, *, #574, .T. ) ;
#1274 = ORIENTED_EDGE ( 'NONE', *, *, #1256, .T. ) ;
#1275 = FACE_OUTER_BOUND ( 'NONE', #1430, .T. ) ;
#1276 = DIRECTION ( 'NONE',  ( 0.9999999999994859667, 0.000000000000000000, 1.013997426764959830E-06 ) ) ;
#1277 = EDGE_CURVE ( 'NONE', #1323, #189, #183, .T. ) ;
#1278 = DIRECTION ( 'NONE',  ( -2.027994854305798874E-06, 0.000000000000000000, 0.9999999999979437559 ) ) ;
#1279 = LINE ( 'NONE', #1236, #397 ) ;
#1280 = ORIENTED_EDGE ( 'NONE', *, *, #1780, .F. ) ;
#1281 = CARTESIAN_POINT ( 'NONE',  ( -2.999999940394240117, 87.50000000000000000, -50.00625469643669874 ) ) ;
#1282 = EDGE_CURVE ( 'NONE', #1248, #1384, #1736, .T. ) ;
#1283 = DIRECTION ( 'NONE',  ( -1.000000000000000000, 0.000000000000000000, 7.888551657556060360E-31 ) ) ;
#1284 = EDGE_CURVE ( 'NONE', #1599, #431, #780, .T. ) ;
#1285 = ORIENTED_EDGE ( 'NONE', *, *, #2355, .T. ) ;
#1286 = EDGE_LOOP ( 'NONE', ( #656, #637, #1757, #648 ) ) ;
#1287 = AXIS2_PLACEMENT_3D ( 'NONE', #1322, #2122, #933 ) ;
#1288 = LINE ( 'NONE', #2074, #2227 ) ;
#1289 = CYLINDRICAL_SURFACE ( 'NONE', #1427, 1.499999999998540723 ) ;
#1290 = CARTESIAN_POINT ( 'NONE',  ( 28.99991904905740014, 77.50000000000000000, 9.307999999999999829 ) ) ;
#1291 = DIRECTION ( 'NONE',  ( -1.013997426771979615E-06, 0.000000000000000000, 0.9999999999994858557 ) ) ;
#1292 = DIRECTION ( 'NONE',  ( 1.000000000000000000, 0.000000000000000000, 0.000000000000000000 ) ) ;
#1293 = EDGE_CURVE ( 'NONE', #868, #537, #1362, .T. ) ;
#1294 = FACE_OUTER_BOUND ( 'NONE', #2292, .T. ) ;
#1295 = EDGE_CURVE ( 'NONE', #555, #989, #1811, .T. ) ;
#1296 = LINE ( 'NONE', #2314, #1391 ) ;
#1297 = ORIENTED_EDGE ( 'NONE', *, *, #756, .F. ) ;
#1298 = ADVANCED_FACE ( 'NONE', ( #1973 ), #582, .F. ) ;
#1299 = AXIS2_PLACEMENT_3D ( 'NONE', #503, #1703, #2114 ) ;
#1300 = PLANE ( 'NONE',  #1287 ) ;
#1301 = VERTEX_POINT ( 'NONE', #1393 ) ;
#1302 = CARTESIAN_POINT ( 'NONE',  ( 20.99999953061340108, -46.27508152002117470, -57.99999886006115446 ) ) ;
#1303 = ORIENTED_EDGE ( 'NONE', *, *, #664, .F. ) ;
#1304 = AXIS2_PLACEMENT_3D ( 'NONE', #1743, #244, #1756 ) ;
#1305 = DIRECTION ( 'NONE',  ( -2.636779683487788947E-14, 0.000000000000000000, -1.000000000000000000 ) ) ;
#1306 = CARTESIAN_POINT ( 'NONE',  ( 29.00046957425429994, 87.50000000000000000, -49.99952881642030178 ) ) ;
#1307 = DIRECTION ( 'NONE',  ( 0.4490018906271652788, 0.000000000000000000, 0.8935308065272462574 ) ) ;
#1308 = EDGE_CURVE ( 'NONE', #1301, #1368, #33, .T. ) ;
#1309 = ORIENTED_EDGE ( 'NONE', *, *, #139, .T. ) ;
#1310 = CARTESIAN_POINT ( 'NONE',  ( 29.00046196973080015, 286.5000000000000000, -42.49997971958320875 ) ) ;
#1311 = EDGE_LOOP ( 'NONE', ( #376, #359, #2264 ) ) ;
#1312 = ORIENTED_EDGE ( 'NONE', *, *, #2460, .F. ) ;
#1313 = EDGE_CURVE ( 'NONE', #1018, #1497, #814, .T. ) ;
#1314 = DIRECTION ( 'NONE',  ( -2.898028538349229467E-17, 1.000000000000000000, 4.182943891838404983E-18 ) ) ;
#1315 = AXIS2_PLACEMENT_3D ( 'NONE', #206, #629, #2372 ) ;
#1316 = VERTEX_POINT ( 'NONE', #2150 ) ;
#1317 = LINE ( 'NONE', #1122, #553 ) ;
#1318 =( NAMED_UNIT ( * ) SI_UNIT ( $, .STERADIAN. ) SOLID_ANGLE_UNIT ( ) );
#1319 = AXIS2_PLACEMENT_3D ( 'NONE', #59, #837, #2175 ) ;
#1320 = DIRECTION ( 'NONE',  ( 1.140155244611192031E-31, 1.000000000000000000, 2.049642507000289605E-16 ) ) ;
#1321 = DIRECTION ( 'NONE',  ( 0.000000000000000000, -1.000000000000000000, -2.049642507000289605E-16 ) ) ;
#1322 = CARTESIAN_POINT ( 'NONE',  ( 31.29999869018799785, 77.50000000000000000, -39.50000000000000000 ) ) ;
#1323 = VERTEX_POINT ( 'NONE', #1822 ) ;
#1324 = EDGE_LOOP ( 'NONE', ( #973, #2006 ) ) ;
#1325 = EDGE_CURVE ( 'NONE', #1031, #911, #632, .T. ) ;
#1326 = CARTESIAN_POINT ( 'NONE',  ( 36.29999999999999716, 87.50000000000000000, -35.50000229217099701 ) ) ;
#1327 = ORIENTED_EDGE ( 'NONE', *, *, #354, .T. ) ;
#1328 = CIRCLE ( 'NONE', #1702, 2.125000000000973444 ) ;
#1329 = DIRECTION ( 'NONE',  ( 1.000000000000000000, 0.000000000000000000, 0.000000000000000000 ) ) ;
#1330 = DIRECTION ( 'NONE',  ( -1.000000000000000000, 0.000000000000000000, 0.000000000000000000 ) ) ;
#1331 = EDGE_CURVE ( 'NONE', #537, #1637, #983, .T. ) ;
#1332 = CARTESIAN_POINT ( 'NONE',  ( 20.40000000000090097, 291.8999999999999773, -51.25000000000000000 ) ) ;
#1333 = DIRECTION ( 'NONE',  ( -1.013997426669781490E-06, 0.000000000000000000, 0.9999999999994858557 ) ) ;
#1334 = ORIENTED_EDGE ( 'NONE', *, *, #99, .T. ) ;
#1335 = ORIENTED_EDGE ( 'NONE', *, *, #2414, .T. ) ;
#1336 = PLANE ( 'NONE',  #613 ) ;
#1337 = EDGE_CURVE ( 'NONE', #431, #189, #2014, .T. ) ;
#1338 = VERTEX_POINT ( 'NONE', #1423 ) ;
#1339 = CARTESIAN_POINT ( 'NONE',  ( 29.00046412447533228, 286.5000000000000000, -44.62497971958199372 ) ) ;
#1340 = CARTESIAN_POINT ( 'NONE',  ( -10.30004868242172478, -8.350054346680805040, 3.837735164693607981 ) ) ;
#1341 = VECTOR ( 'NONE', #475, 1000.000000000000000 ) ;
#1342 = DIRECTION ( 'NONE',  ( 6.661338147824129757E-16, 0.000000000000000000, 1.000000000000000000 ) ) ;
#1343 = DIRECTION ( 'NONE',  ( 0.000000000000000000, -1.000000000000000000, -2.049642507000289605E-16 ) ) ;
#1344 = VECTOR ( 'NONE', #298, 1000.000000000000000 ) ;
#1345 = AXIS2_PLACEMENT_3D ( 'NONE', #1043, #492, #1646 ) ;
#1346 = CARTESIAN_POINT ( 'NONE',  ( -3.000000044703459601, 77.50000000000000000, 9.307919004353930603 ) ) ;
#1347 = ADVANCED_FACE ( 'NONE', ( #454 ), #1202, .F. ) ;
#1348 = DIRECTION ( 'NONE',  ( 0.000000000000000000, -1.000000000000000000, 0.000000000000000000 ) ) ;
#1349 = ORIENTED_EDGE ( 'NONE', *, *, #579, .F. ) ;
#1350 = VERTEX_POINT ( 'NONE', #442 ) ;
#1351 = VECTOR ( 'NONE', #1015, 1000.000000000000000 ) ;
#1352 = DIRECTION ( 'NONE',  ( -1.013997426873866455E-06, 0.000000000000000000, 0.9999999999994858557 ) ) ;
#1353 = ORIENTED_EDGE ( 'NONE', *, *, #466, .T. ) ;
#1354 = ORIENTED_EDGE ( 'NONE', *, *, #136, .T. ) ;
#1355 = LINE ( 'NONE', #964, #2054 ) ;
#1356 = VECTOR ( 'NONE', #462, 1000.000000000000000 ) ;
#1357 = DIRECTION ( 'NONE',  ( 1.000000000000000000, 1.616882843451709956E-46, -7.888609052210119806E-31 ) ) ;
#1358 = CARTESIAN_POINT ( 'NONE',  ( 18.00000000000029843, 87.50000000000000000, -37.50000000000000000 ) ) ;
#1359 = DIRECTION ( 'NONE',  ( -1.013997426669781490E-06, 0.000000000000000000, 0.9999999999994858557 ) ) ;
#1360 = EDGE_CURVE ( 'NONE', #2155, #2345, #1215, .T. ) ;
#1361 = EDGE_CURVE ( 'NONE', #2279, #1323, #251, .T. ) ;
#1362 = LINE ( 'NONE', #1991, #595 ) ;
#1363 = ORIENTED_EDGE ( 'NONE', *, *, #1551, .T. ) ;
#1364 = ORIENTED_EDGE ( 'NONE', *, *, #164, .F. ) ;
#1365 = VECTOR ( 'NONE', #2174, 1000.000000000000000 ) ;
#1366 = EDGE_CURVE ( 'NONE', #934, #972, #1375, .T. ) ;
#1367 = ORIENTED_EDGE ( 'NONE', *, *, #396, .T. ) ;
#1368 = VERTEX_POINT ( 'NONE', #1764 ) ;
#1369 = CARTESIAN_POINT ( 'NONE',  ( 29.00000043213350054, -46.27508152002117470, -2.287696659230257237E-29 ) ) ;
#1370 = FACE_OUTER_BOUND ( 'NONE', #390, .T. ) ;
#1371 = AXIS2_PLACEMENT_3D ( 'NONE', #880, #1271, #1658 ) ;
#1372 = PLANE ( 'NONE',  #876 ) ;
#1373 = CARTESIAN_POINT ( 'NONE',  ( -5.299999865763013851, -46.27508152002117470, -39.13979308004163471 ) ) ;
#1374 = EDGE_CURVE ( 'NONE', #132, #1509, #162, .T. ) ;
#1375 = LINE ( 'NONE', #1023, #1708 ) ;
#1376 = ORIENTED_EDGE ( 'NONE', *, *, #2285, .F. ) ;
#1377 = ORIENTED_EDGE ( 'NONE', *, *, #1470, .T. ) ;
#1378 = CIRCLE ( 'NONE', #1072, 7.993750606696742089 ) ;
#1379 = LINE ( 'NONE', #844, #2018 ) ;
#1380 =( LENGTH_UNIT ( ) NAMED_UNIT ( * ) SI_UNIT ( .MILLI., .METRE. ) );
#1381 = FACE_OUTER_BOUND ( 'NONE', #1937, .T. ) ;
#1382 = VERTEX_POINT ( 'NONE', #644 ) ;
#1383 = CIRCLE ( 'NONE', #825, 2.125000000000973444 ) ;
#1384 = VERTEX_POINT ( 'NONE', #1621 ) ;
#1385 = VECTOR ( 'NONE', #199, 1000.000000000000000 ) ;
#1386 = LINE ( 'NONE', #1566, #2088 ) ;
#1387 = VECTOR ( 'NONE', #854, 1000.000000000000000 ) ;
#1388 = DIRECTION ( 'NONE',  ( 0.9999999999979436449, -2.735842568822179711E-47, 2.027994854715399443E-06 ) ) ;
#1389 = CARTESIAN_POINT ( 'NONE',  ( 4.005289407986366789E-05, -46.27508152002117470, -39.49999581557870698 ) ) ;
#1390 = LINE ( 'NONE', #1745, #671 ) ;
#1391 = VECTOR ( 'NONE', #2095, 1000.000000000000000 ) ;
#1392 = CARTESIAN_POINT ( 'NONE',  ( 19.49999999999889866, 77.50000000000000000, -47.50000000000000000 ) ) ;
#1393 = CARTESIAN_POINT ( 'NONE',  ( 2.000000059604659874, 77.50000000000000000, -50.00625122375109299 ) ) ;
#1394 = AXIS2_PLACEMENT_3D ( 'NONE', #1678, #1314, #1878 ) ;
#1395 = ORIENTED_EDGE ( 'NONE', *, *, #133, .T. ) ;
#1396 = ORIENTED_EDGE ( 'NONE', *, *, #794, .F. ) ;
#1397 = PLANE ( 'NONE',  #2165 ) ;
#1398 = DIRECTION ( 'NONE',  ( -1.000000000000000000, 0.000000000000000000, 1.554312234475119949E-13 ) ) ;
#1399 = ORIENTED_EDGE ( 'NONE', *, *, #2283, .F. ) ;
#1400 = ORIENTED_EDGE ( 'NONE', *, *, #1755, .F. ) ;
#1401 = EDGE_CURVE ( 'NONE', #1798, #1080, #605, .T. ) ;
#1402 = DIRECTION ( 'NONE',  ( -0.7071067811865480168, 0.000000000000000000, 0.7071067811865470176 ) ) ;
#1403 = ORIENTED_EDGE ( 'NONE', *, *, #1432, .T. ) ;
#1404 = ORIENTED_EDGE ( 'NONE', *, *, #1933, .F. ) ;
#1405 = CYLINDRICAL_SURFACE ( 'NONE', #1694, 2.124999999999880096 ) ;
#1406 = CARTESIAN_POINT ( 'NONE',  ( -3.000000044703459601, 77.50000000000000000, 6.020888824057319511 ) ) ;
#1407 = DIRECTION ( 'NONE',  ( 0.000000000000000000, 0.000000000000000000, -1.000000000000000000 ) ) ;
#1408 = DIRECTION ( 'NONE',  ( -2.466868151817460236E-14, 0.000000000000000000, -1.000000000000000000 ) ) ;
#1409 = VECTOR ( 'NONE', #1918, 1000.000000000000000 ) ;
#1410 = CARTESIAN_POINT ( 'NONE',  ( 27.87898686092290035, 77.50000000000000000, 22.50000000000000000 ) ) ;
#1411 = CARTESIAN_POINT ( 'NONE',  ( 29.00046957425420047, 87.50000000000000000, -44.50000000000000000 ) ) ;
#1412 = ORIENTED_EDGE ( 'NONE', *, *, #914, .F. ) ;
#1413 = AXIS2_PLACEMENT_3D ( 'NONE', #879, #1034, #1462 ) ;
#1414 = ORIENTED_EDGE ( 'NONE', *, *, #2408, .F. ) ;
#1415 = DIRECTION ( 'NONE',  ( -1.354419719184617854E-47, 1.000000000000000000, 1.954936473667599872E-48 ) ) ;
#1416 = ORIENTED_EDGE ( 'NONE', *, *, #1361, .T. ) ;
#1417 = CARTESIAN_POINT ( 'NONE',  ( 25.80791904905739997, 87.50000000000000000, 17.50000000000000000 ) ) ;
#1418 = ORIENTED_EDGE ( 'NONE', *, *, #2460, .T. ) ;
#1419 = CARTESIAN_POINT ( 'NONE',  ( 20.40000000000090097, 291.8999999999999773, -49.25600000000079604 ) ) ;
#1420 = CARTESIAN_POINT ( 'NONE',  ( 20.99998837754559844, 228.9000000000000057, -39.00042022694369592 ) ) ;
#1421 = EDGE_CURVE ( 'NONE', #1559, #2141, #262, .T. ) ;
#1422 = AXIS2_PLACEMENT_3D ( 'NONE', #2268, #2297, #2280 ) ;
#1423 = CARTESIAN_POINT ( 'NONE',  ( 18.00000000000029843, 228.9000000000000057, -36.00000000000139977 ) ) ;
#1424 = ORIENTED_EDGE ( 'NONE', *, *, #266, .T. ) ;
#1425 = ORIENTED_EDGE ( 'NONE', *, *, #827, .F. ) ;
#1426 = CARTESIAN_POINT ( 'NONE',  ( 3.750000000000469846, 228.9000000000000057, -31.09733148655180202 ) ) ;
#1427 = AXIS2_PLACEMENT_3D ( 'NONE', #104, #278, #1055 ) ;
#1428 = VERTEX_POINT ( 'NONE', #1632 ) ;
#1429 = CARTESIAN_POINT ( 'NONE',  ( 4.512288124838123360E-05, -46.27508152002117470, -44.49999581557609929 ) ) ;
#1430 = EDGE_LOOP ( 'NONE', ( #1840, #1466, #1766, #1089, #282, #2137, #1404, #1425, #1142, #2330, #188, #2316, #1834, #546, #948, #1334, #1961, #673, #2260, #1975, #1992, #894, #720 ) ) ;
#1431 = LINE ( 'NONE', #1048, #2445 ) ;
#1432 = EDGE_CURVE ( 'NONE', #1819, #1841, #1378, .T. ) ;
#1433 = CARTESIAN_POINT ( 'NONE',  ( -8.000000044703460489, -46.27508152002117470, -2.981671004597288094E-15 ) ) ;
#1434 = VERTEX_POINT ( 'NONE', #597 ) ;
#1435 = VECTOR ( 'NONE', #2134, 1000.000000000000000 ) ;
#1436 = ORIENTED_EDGE ( 'NONE', *, *, #2499, .F. ) ;
#1437 = VECTOR ( 'NONE', #55, 1000.000000000000000 ) ;
#1438 = LINE ( 'NONE', #1635, #1387 ) ;
#1439 = APPLICATION_CONTEXT ( 'automotive_design' ) ;
#1440 = PLANE ( 'NONE',  #1231 ) ;
#1441 = VERTEX_POINT ( 'NONE', #2160 ) ;
#1442 = DIRECTION ( 'NONE',  ( -2.027994854305798874E-06, 0.000000000000000000, 0.9999999999979437559 ) ) ;
#1443 = CARTESIAN_POINT ( 'NONE',  ( -5.299999852478398665, -46.27508152002117470, -39.50000118980551633 ) ) ;
#1444 = CARTESIAN_POINT ( 'NONE',  ( 29.00044891473080000, 87.50000000000000000, -29.62519360382899691 ) ) ;
#1445 = LINE ( 'NONE', #2070, #128 ) ;
#1446 = AXIS2_PLACEMENT_3D ( 'NONE', #1019, #393, #1617 ) ;
#1447 = EDGE_LOOP ( 'NONE', ( #276, #1024, #1684, #1909 ) ) ;
#1448 = VECTOR ( 'NONE', #1123, 1000.000000000000000 ) ;
#1449 = AXIS2_PLACEMENT_3D ( 'NONE', #1685, #2472, #716 ) ;
#1450 = DIRECTION ( 'NONE',  ( 0.01009115787023659103, 0.000000000000000000, 0.9999490829701469519 ) ) ;
#1451 = LINE ( 'NONE', #2233, #1184 ) ;
#1452 = CARTESIAN_POINT ( 'NONE',  ( 15.45000000000064411, 77.50000000000000000, -4.267103050251857432 ) ) ;
#1453 = ORIENTED_EDGE ( 'NONE', *, *, #1613, .T. ) ;
#1454 = CARTESIAN_POINT ( 'NONE',  ( 20.40000000000090097, 228.9000000000000057, -49.25600000000079604 ) ) ;
#1455 = CARTESIAN_POINT ( 'NONE',  ( -10.30004479095754988, -46.27508152002117470, -1.044421891367245627E-05 ) ) ;
#1456 = CARTESIAN_POINT ( 'NONE',  ( 28.99991904905740014, 128.5999999999999943, 14.30799999999999983 ) ) ;
#1457 = EDGE_CURVE ( 'NONE', #2040, #1969, #1189, .T. ) ;
#1458 = ORIENTED_EDGE ( 'NONE', *, *, #2323, .T. ) ;
#1459 = VECTOR ( 'NONE', #890, 1000.000000000000000 ) ;
#1460 = LINE ( 'NONE', #875, #2334 ) ;
#1461 = CARTESIAN_POINT ( 'NONE',  ( -10.30000000000000071, 87.50000000000000000, -35.50000020284199564 ) ) ;
#1462 = DIRECTION ( 'NONE',  ( 0.7390008955602369589, 0.000000000000000000, 0.6737044428836489462 ) ) ;
#1463 = DIRECTION ( 'NONE',  ( -0.9999999999994858557, 0.000000000000000000, -1.013997426771979827E-06 ) ) ;
#1464 = CARTESIAN_POINT ( 'NONE',  ( 29.00046957425420047, 87.50000000000000000, -44.50000000000000000 ) ) ;
#1465 = AXIS2_PLACEMENT_3D ( 'NONE', #2168, #586, #2526 ) ;
#1466 = ORIENTED_EDGE ( 'NONE', *, *, #1457, .F. ) ;
#1467 = ORIENTED_EDGE ( 'NONE', *, *, #2320, .T. ) ;
#1468 = FACE_BOUND ( 'NONE', #2411, .T. ) ;
#1469 = VECTOR ( 'NONE', #740, 1000.000000000000000 ) ;
#1470 = EDGE_CURVE ( 'NONE', #1599, #1316, #1445, .T. ) ;
#1471 = DIRECTION ( 'NONE',  ( 0.000000000000000000, 0.000000000000000000, 1.000000000000000000 ) ) ;
#1472 = EDGE_CURVE ( 'NONE', #921, #113, #330, .T. ) ;
#1473 = LINE ( 'NONE', #1455, #1011 ) ;
#1474 = CARTESIAN_POINT ( 'NONE',  ( 0.1920809509425960016, 77.50000000000000000, 17.50000000000000000 ) ) ;
#1475 = EDGE_LOOP ( 'NONE', ( #200, #1965, #819, #598 ) ) ;
#1476 = ORIENTED_EDGE ( 'NONE', *, *, #1485, .F. ) ;
#1477 = CARTESIAN_POINT ( 'NONE',  ( 36.29999705292320300, 87.50000000000000000, -44.50000000000000000 ) ) ;
#1478 = LINE ( 'NONE', #1654, #768 ) ;
#1479 = DIRECTION ( 'NONE',  ( 0.000000000000000000, -1.000000000000000000, 0.000000000000000000 ) ) ;
#1480 = DIRECTION ( 'NONE',  ( 0.000000000000000000, 1.000000000000000000, 0.000000000000000000 ) ) ;
#1481 = EDGE_CURVE ( 'NONE', #1428, #1754, #1832, .T. ) ;
#1482 = EDGE_CURVE ( 'NONE', #1578, #2471, #2427, .T. ) ;
#1483 = FACE_BOUND ( 'NONE', #1311, .T. ) ;
#1484 = DIRECTION ( 'NONE',  ( 1.751623080406019977E-46, -1.000000000000000000, -9.128977012054879046E-61 ) ) ;
#1485 = EDGE_CURVE ( 'NONE', #714, #132, #892, .T. ) ;
#1486 = VECTOR ( 'NONE', #1342, 1000.000000000000000 ) ;
#1487 = CARTESIAN_POINT ( 'NONE',  ( 0.000000000000000000, -46.27508152002117470, 22.50000000000000000 ) ) ;
#1488 = CYLINDRICAL_SURFACE ( 'NONE', #1886, 4.499999999999999112 ) ;
#1489 = ORIENTED_EDGE ( 'NONE', *, *, #362, .F. ) ;
#1490 = ORIENTED_EDGE ( 'NONE', *, *, #1677, .F. ) ;
#1491 = AXIS2_PLACEMENT_3D ( 'NONE', #345, #2290, #765 ) ;
#1492 = CARTESIAN_POINT ( 'NONE',  ( 18.00000000000029843, 77.50000000000000000, -49.00000000000059686 ) ) ;
#1493 = FACE_OUTER_BOUND ( 'NONE', #1738, .T. ) ;
#1494 = EDGE_LOOP ( 'NONE', ( #1901, #1741, #1152, #2047 ) ) ;
#1495 = VECTOR ( 'NONE', #612, 1000.000000000000000 ) ;
#1496 = DIRECTION ( 'NONE',  ( -3.727088734919889908E-16, 0.000000000000000000, 1.000000000000000000 ) ) ;
#1497 = VERTEX_POINT ( 'NONE', #274 ) ;
#1498 = LINE ( 'NONE', #1879, #1999 ) ;
#1499 = LINE ( 'NONE', #366, #611 ) ;
#1500 = CARTESIAN_POINT ( 'NONE',  ( -1.878986860922870150, 77.50000000000000000, 22.50000000000000000 ) ) ;
#1501 = FACE_OUTER_BOUND ( 'NONE', #176, .T. ) ;
#1502 =( GEOMETRIC_REPRESENTATION_CONTEXT ( 3 ) GLOBAL_UNCERTAINTY_ASSIGNED_CONTEXT ( ( #2159 ) ) GLOBAL_UNIT_ASSIGNED_CONTEXT ( ( #539, #550, #1318 ) ) REPRESENTATION_CONTEXT ( 'NONE', 'WORKASPACE' ) );
#1503 = EDGE_LOOP ( 'NONE', ( #802, #1208, #1045, #1297 ) ) ;
#1504 = EDGE_CURVE ( 'NONE', #2381, #921, #666, .T. ) ;
#1505 = VECTOR ( 'NONE', #1900, 1000.000000000000000 ) ;
#1506 = CARTESIAN_POINT ( 'NONE',  ( 4.993750666299919594, -46.27508152002117470, -50.00624825336440438 ) ) ;
#1507 = CARTESIAN_POINT ( 'NONE',  ( -2.999999940394989739, 77.50000000000000000, -44.49999885761410212 ) ) ;
#1508 = AXIS2_PLACEMENT_3D ( 'NONE', #1177, #987, #2252 ) ;
#1509 = VERTEX_POINT ( 'NONE', #687 ) ;
#1510 = ORIENTED_EDGE ( 'NONE', *, *, #794, .T. ) ;
#1511 = CYLINDRICAL_SURFACE ( 'NONE', #1921, 2.124999999999880096 ) ;
#1512 = ORIENTED_EDGE ( 'NONE', *, *, #221, .F. ) ;
#1513 = VECTOR ( 'NONE', #1853, 1000.000000000000000 ) ;
#1514 = CARTESIAN_POINT ( 'NONE',  ( -5.300001309253877579, -46.27508152002117470, -1.954661202832178504E-07 ) ) ;
#1515 = LINE ( 'NONE', #340, #811 ) ;
#1516 = DIRECTION ( 'NONE',  ( 0.7071067811865480168, 0.000000000000000000, 0.7071067811865470176 ) ) ;
#1517 = DIRECTION ( 'NONE',  ( 0.000000000000000000, -1.000000000000000000, 0.000000000000000000 ) ) ;
#1518 = EDGE_CURVE ( 'NONE', #1350, #1998, #2010, .T. ) ;
#1519 = CARTESIAN_POINT ( 'NONE',  ( 20.99999953061340108, 77.50000000000000000, -49.99952881642030178 ) ) ;
#1520 = ORIENTED_EDGE ( 'NONE', *, *, #2026, .F. ) ;
#1521 = EDGE_CURVE ( 'NONE', #537, #1867, #463, .T. ) ;
#1522 = ORIENTED_EDGE ( 'NONE', *, *, #1313, .T. ) ;
#1523 = PLANE ( 'NONE',  #741 ) ;
#1524 = CIRCLE ( 'NONE', #2435, 7.993750606696748306 ) ;
#1525 = ORIENTED_EDGE ( 'NONE', *, *, #2320, .F. ) ;
#1526 = LINE ( 'NONE', #1514, #1254 ) ;
#1527 = VECTOR ( 'NONE', #45, 1000.000000000000114 ) ;
#1528 = CARTESIAN_POINT ( 'NONE',  ( 4.993750666299909824, 77.50000000000000000, -50.00624825336440438 ) ) ;
#1529 = DIRECTION ( 'NONE',  ( 0.000000000000000000, -1.000000000000000000, -2.049642507000289605E-16 ) ) ;
#1530 = EDGE_CURVE ( 'NONE', #2194, #2033, #170, .T. ) ;
#1531 = CARTESIAN_POINT ( 'NONE',  ( -1.361444568978859904, 77.50000000000000000, -44.49972745446660127 ) ) ;
#1532 = EDGE_LOOP ( 'NONE', ( #556, #2369, #909, #333, #287, #646 ) ) ;
#1533 = VERTEX_POINT ( 'NONE', #1239 ) ;
#1534 = CARTESIAN_POINT ( 'NONE',  ( 20.99999953061340108, 291.8999999999999773, -49.99952881642040126 ) ) ;
#1535 = EDGE_LOOP ( 'NONE', ( #883, #2338, #56, #785 ) ) ;
#1536 = AXIS2_PLACEMENT_3D ( 'NONE', #966, #1779, #1795 ) ;
#1537 = LINE ( 'NONE', #747, #596 ) ;
#1538 = SURFACE_SIDE_STYLE ('',( #709 ) ) ;
#1539 = CARTESIAN_POINT ( 'NONE',  ( 18.82951665521056128, 82.50000000000004263, -15.22481090541625370 ) ) ;
#1540 = CARTESIAN_POINT ( 'NONE',  ( -10.30004606364517805, -46.27508152002117470, 3.837735164696272960 ) ) ;
#1541 = DIRECTION ( 'NONE',  ( -1.606111199752450005E-31, 1.000000000000000000, 1.959217102279369698E-16 ) ) ;
#1542 = CYLINDRICAL_SURFACE ( 'NONE', #1949, 9.500000000000000000 ) ;
#1543 = ORIENTED_EDGE ( 'NONE', *, *, #827, .T. ) ;
#1544 = ORIENTED_EDGE ( 'NONE', *, *, #914, .T. ) ;
#1545 = VECTOR ( 'NONE', #402, 1000.000000000000000 ) ;
#1546 = LINE ( 'NONE', #959, #975 ) ;
#1547 = ORIENTED_EDGE ( 'NONE', *, *, #2476, .F. ) ;
#1548 = ORIENTED_EDGE ( 'NONE', *, *, #1120, .F. ) ;
#1549 = DIRECTION ( 'NONE',  ( 0.7071067811865480168, 0.000000000000000000, -0.7071067811865470176 ) ) ;
#1550 = AXIS2_PLACEMENT_3D ( 'NONE', #2521, #1541, #193 ) ;
#1551 = EDGE_CURVE ( 'NONE', #2457, #1066, #2025, .T. ) ;
#1552 = CARTESIAN_POINT ( 'NONE',  ( 29.00046957425420047, 87.50000000000000000, -44.50000000000000000 ) ) ;
#1553 = FACE_OUTER_BOUND ( 'NONE', #2184, .T. ) ;
#1554 = CARTESIAN_POINT ( 'NONE',  ( 36.29667966274204360, -46.27508152002117470, 0.000000000000000000 ) ) ;
#1555 = CIRCLE ( 'NONE', #1074, 5.999999999999996447 ) ;
#1556 = PLANE ( 'NONE',  #457 ) ;
#1557 = ADVANCED_FACE ( 'NONE', ( #2229 ), #296, .T. ) ;
#1558 = CARTESIAN_POINT ( 'NONE',  ( -6.389479642123719216, 77.50000000000000000, 5.918439406933670099 ) ) ;
#1559 = VERTEX_POINT ( 'NONE', #2262 ) ;
#1560 = ORIENTED_EDGE ( 'NONE', *, *, #2426, .T. ) ;
#1561 = ORIENTED_EDGE ( 'NONE', *, *, #2308, .T. ) ;
#1562 = ORIENTED_EDGE ( 'NONE', *, *, #404, .T. ) ;
#1563 = APPLICATION_CONTEXT ( 'automotive_design' ) ;
#1564 = VECTOR ( 'NONE', #30, 1000.000000000000000 ) ;
#1565 = EDGE_CURVE ( 'NONE', #1833, #927, #2063, .T. ) ;
#1566 = CARTESIAN_POINT ( 'NONE',  ( 30.79343914430069873, 77.50000000000000000, 12.51447990475669947 ) ) ;
#1567 = VERTEX_POINT ( 'NONE', #882 ) ;
#1568 = CARTESIAN_POINT ( 'NONE',  ( 18.00000000000029843, 77.50000000000000000, -37.50000000000000000 ) ) ;
#1569 = DIRECTION ( 'NONE',  ( 0.000000000000000000, 0.000000000000000000, -1.000000000000000000 ) ) ;
#1570 = DIRECTION ( 'NONE',  ( -1.000000000000000000, 0.000000000000000000, 0.000000000000000000 ) ) ;
#1571 = VECTOR ( 'NONE', #1846, 1000.000000000000000 ) ;
#1572 = CYLINDRICAL_SURFACE ( 'NONE', #2482, 4.499999999999997335 ) ;
#1573 = DIRECTION ( 'NONE',  ( 0.000000000000000000, 1.000000000000000000, 0.000000000000000000 ) ) ;
#1574 = ADVANCED_FACE ( 'NONE', ( #1065 ), #1847, .F. ) ;
#1575 = EDGE_LOOP ( 'NONE', ( #1181, #1948, #771, #1399 ) ) ;
#1576 = ORIENTED_EDGE ( 'NONE', *, *, #350, .F. ) ;
#1577 = DIRECTION ( 'NONE',  ( -1.606111199752450005E-31, 1.000000000000000000, 1.959217102279369698E-16 ) ) ;
#1578 = VERTEX_POINT ( 'NONE', #120 ) ;
#1579 = ORIENTED_EDGE ( 'NONE', *, *, #306, .T. ) ;
#1580 = VECTOR ( 'NONE', #2093, 1000.000000000000000 ) ;
#1581 = DIRECTION ( 'NONE',  ( 0.000000000000000000, 0.000000000000000000, 1.000000000000000000 ) ) ;
#1582 = VERTEX_POINT ( 'NONE', #1651 ) ;
#1583 = VECTOR ( 'NONE', #1960, 1000.000000000000000 ) ;
#1584 = PLANE ( 'NONE',  #795 ) ;
#1585 = CYLINDRICAL_SURFACE ( 'NONE', #341, 2.124999999999880096 ) ;
#1586 = ADVANCED_FACE ( 'NONE', ( #1667 ), #2454, .T. ) ;
#1587 = VECTOR ( 'NONE', #351, 1000.000000000000000 ) ;
#1588 = DIRECTION ( 'NONE',  ( -1.606111199752450443E-31, 1.000000000000000000, 1.959217102279370191E-16 ) ) ;
#1589 = CARTESIAN_POINT ( 'NONE',  ( -5.300042960653654767, 77.50000000000000000, 3.360206919936540970 ) ) ;
#1590 = DIRECTION ( 'NONE',  ( 0.000000000000000000, 1.000000000000000000, 0.000000000000000000 ) ) ;
#1591 = ORIENTED_EDGE ( 'NONE', *, *, #164, .T. ) ;
#1592 = ORIENTED_EDGE ( 'NONE', *, *, #640, .T. ) ;
#1593 = EDGE_CURVE ( 'NONE', #558, #68, #2171, .T. ) ;
#1594 = AXIS2_PLACEMENT_3D ( 'NONE', #209, #75, #1174 ) ;
#1595 = LINE ( 'NONE', #619, #2461 ) ;
#1596 = CARTESIAN_POINT ( 'NONE',  ( 25.80791904905739997, 77.50000000000000000, 12.50000000000000000 ) ) ;
#1597 = EDGE_LOOP ( 'NONE', ( #2098, #1079, #2124, #1895 ) ) ;
#1598 = STYLED_ITEM ( 'NONE', ( #1732 ), #41 ) ;
#1599 = VERTEX_POINT ( 'NONE', #1883 ) ;
#1600 = CARTESIAN_POINT ( 'NONE',  ( 25.80791904905739997, 77.50000000000000000, 17.50000000000000000 ) ) ;
#1601 = ORIENTED_EDGE ( 'NONE', *, *, #2510, .T. ) ;
#1602 = DIRECTION ( 'NONE',  ( 1.000000000000000000, 0.000000000000000000, -1.501021529309699972E-13 ) ) ;
#1603 = FACE_OUTER_BOUND ( 'NONE', #242, .T. ) ;
#1604 = CARTESIAN_POINT ( 'NONE',  ( 4.993739499638040868, 87.50000000000000000, -38.99373325058999740 ) ) ;
#1605 = AXIS2_PLACEMENT_3D ( 'NONE', #1346, #2121, #1529 ) ;
#1606 = DIRECTION ( 'NONE',  ( 1.013997426772199632E-06, 1.959217102278359217E-16, -0.9999999999994858557 ) ) ;
#1607 = DIRECTION ( 'NONE',  ( 0.000000000000000000, 1.000000000000000000, 0.000000000000000000 ) ) ;
#1608 = EDGE_CURVE ( 'NONE', #196, #1567, #494, .T. ) ;
#1609 = ORIENTED_EDGE ( 'NONE', *, *, #432, .F. ) ;
#1610 = ADVANCED_FACE ( 'NONE', ( #1501 ), #2497, .T. ) ;
#1611 = ORIENTED_EDGE ( 'NONE', *, *, #1661, .T. ) ;
#1612 = FACE_OUTER_BOUND ( 'NONE', #146, .T. ) ;
#1613 = EDGE_CURVE ( 'NONE', #28, #102, #2108, .T. ) ;
#1614 = ORIENTED_EDGE ( 'NONE', *, *, #1246, .F. ) ;
#1615 = LINE ( 'NONE', #389, #459 ) ;
#1616 = VERTEX_POINT ( 'NONE', #1906 ) ;
#1617 = DIRECTION ( 'NONE',  ( 0.1562422727209800966, 0.000000000000000000, 0.9877187617004058451 ) ) ;
#1618 = CARTESIAN_POINT ( 'NONE',  ( 26.97949192431119769, -46.27508152002117470, 2.000000000000000000 ) ) ;
#1619 = FACE_OUTER_BOUND ( 'NONE', #651, .T. ) ;
#1620 = CARTESIAN_POINT ( 'NONE',  ( 29.00000043213350054, 87.50000000000000000, 9.307918616923940291 ) ) ;
#1621 = CARTESIAN_POINT ( 'NONE',  ( -1.878986860922870150, 87.50000000000000000, 22.50000000000000000 ) ) ;
#1622 = EDGE_LOOP ( 'NONE', ( #2516, #1119, #2027, #2154, #1069 ) ) ;
#1623 = EDGE_LOOP ( 'NONE', ( #1395, #460, #634, #746 ) ) ;
#1624 = DIRECTION ( 'NONE',  ( 0.7071067811865480168, 0.000000000000000000, 0.7071067811865470176 ) ) ;
#1625 = ORIENTED_EDGE ( 'NONE', *, *, #1914, .T. ) ;
#1626 = CARTESIAN_POINT ( 'NONE',  ( 19.50000000000039790, 77.50000000000000000, -37.50000000011029755 ) ) ;
#1627 = EDGE_CURVE ( 'NONE', #1637, #957, #1296, .T. ) ;
#1628 = DIRECTION ( 'NONE',  ( 0.000000000000000000, -1.000000000000000000, 0.000000000000000000 ) ) ;
#1629 = VECTOR ( 'NONE', #1897, 1000.000000000000000 ) ;
#1630 = FACE_BOUND ( 'NONE', #2378, .T. ) ;
#1631 = LINE ( 'NONE', #2217, #707 ) ;
#1632 = CARTESIAN_POINT ( 'NONE',  ( -2.999999940394240117, 87.50000000000000000, -50.00625469643669874 ) ) ;
#1633 = ORIENTED_EDGE ( 'NONE', *, *, #574, .F. ) ;
#1634 = ORIENTED_EDGE ( 'NONE', *, *, #1947, .T. ) ;
#1635 = CARTESIAN_POINT ( 'NONE',  ( 36.29999999999999716, 67.50000000000000000, -27.87500086110109976 ) ) ;
#1636 = DIRECTION ( 'NONE',  ( 0.000000000000000000, -1.000000000000000000, -2.049642507000289605E-16 ) ) ;
#1637 = VERTEX_POINT ( 'NONE', #1735 ) ;
#1638 = LINE ( 'NONE', #461, #1054 ) ;
#1639 = ADVANCED_FACE ( 'NONE', ( #169 ), #331, .T. ) ;
#1640 = LINE ( 'NONE', #1444, #1356 ) ;
#1641 = DIRECTION ( 'NONE',  ( 1.020057477697603853E-16, -1.000000000000000000, -1.123519499780443842E-16 ) ) ;
#1642 = ORIENTED_EDGE ( 'NONE', *, *, #1769, .F. ) ;
#1643 = ORIENTED_EDGE ( 'NONE', *, *, #2426, .F. ) ;
#1644 = AXIS2_PLACEMENT_3D ( 'NONE', #1838, #2410, #2209 ) ;
#1645 = CARTESIAN_POINT ( 'NONE',  ( 14.61221363986586752, 77.50000000000000000, 10.86387164178326614 ) ) ;
#1646 = DIRECTION ( 'NONE',  ( -1.000000000000000000, 0.000000000000000000, 1.850371707708519660E-14 ) ) ;
#1647 = ORIENTED_EDGE ( 'NONE', *, *, #993, .T. ) ;
#1648 = CARTESIAN_POINT ( 'NONE',  ( 4.993750666299909824, 87.50000000000000000, -57.99999886006119709 ) ) ;
#1649 = EDGE_CURVE ( 'NONE', #2279, #431, #355, .T. ) ;
#1650 = PLANE ( 'NONE',  #243 ) ;
#1651 = CARTESIAN_POINT ( 'NONE',  ( 24.00046957425419336, -46.27508152002117470, -40.79785669972180528 ) ) ;
#1652 = VERTEX_POINT ( 'NONE', #156 ) ;
#1653 = AXIS2_PLACEMENT_3D ( 'NONE', #1500, #154, #1724 ) ;
#1654 = CARTESIAN_POINT ( 'NONE',  ( -8.000000044703460489, 87.50000000000000000, 8.400192632374940516 ) ) ;
#1655 = AXIS2_PLACEMENT_3D ( 'NONE', #1618, #16, #1407 ) ;
#1656 = DIRECTION ( 'NONE',  ( 0.000000000000000000, -1.000000000000000000, 0.000000000000000000 ) ) ;
#1657 = LINE ( 'NONE', #2443, #2515 ) ;
#1658 = DIRECTION ( 'NONE',  ( -0.6721949989449299556, 0.000000000000000000, 0.7403741509489818462 ) ) ;
#1659 = ORIENTED_EDGE ( 'NONE', *, *, #13, .F. ) ;
#1660 = CARTESIAN_POINT ( 'NONE',  ( -5.300000207452180589, 77.50000000000000000, -29.87500064737360006 ) ) ;
#1661 = EDGE_CURVE ( 'NONE', #203, #1753, #1146, .T. ) ;
#1662 = CARTESIAN_POINT ( 'NONE',  ( -2.999999940394234343, -46.27508152002117470, -50.00625469643669874 ) ) ;
#1663 = CARTESIAN_POINT ( 'NONE',  ( 20.40000000000090097, 228.9000000000000057, -49.25600000000079604 ) ) ;
#1664 = EDGE_CURVE ( 'NONE', #1338, #518, #750, .T. ) ;
#1665 = PLANE ( 'NONE',  #421 ) ;
#1666 = DIRECTION ( 'NONE',  ( -2.636779683487788947E-14, 0.000000000000000000, -1.000000000000000000 ) ) ;
#1667 = FACE_OUTER_BOUND ( 'NONE', #1447, .T. ) ;
#1668 = ORIENTED_EDGE ( 'NONE', *, *, #693, .T. ) ;
#1669 = ORIENTED_EDGE ( 'NONE', *, *, #1059, .F. ) ;
#1670 = CARTESIAN_POINT ( 'NONE',  ( 6.499999999999639400, 228.9000000000000057, -37.50000000000000000 ) ) ;
#1671 = ADVANCED_FACE ( 'NONE', ( #1149 ), #1112, .T. ) ;
#1672 = CARTESIAN_POINT ( 'NONE',  ( 12.07048334478933960, 82.50000000000004263, -15.22481090541531046 ) ) ;
#1673 = EDGE_CURVE ( 'NONE', #1652, #2421, #54, .T. ) ;
#1674 = VECTOR ( 'NONE', #1124, 1000.000000000000000 ) ;
#1675 = LINE ( 'NONE', #705, #93 ) ;
#1676 = VECTOR ( 'NONE', #512, 1000.000000000000000 ) ;
#1677 = EDGE_CURVE ( 'NONE', #1204, #1533, #2481, .T. ) ;
#1678 = CARTESIAN_POINT ( 'NONE',  ( -0.9794919243112151230, 77.50000000000000000, 2.000000000000000000 ) ) ;
#1679 = LINE ( 'NONE', #1132, #119 ) ;
#1680 = CARTESIAN_POINT ( 'NONE',  ( 18.00000000000029843, 228.9000000000000057, -47.50000000000059686 ) ) ;
#1681 = CIRCLE ( 'NONE', #702, 2.499454798020404933 ) ;
#1682 = DIRECTION ( 'NONE',  ( -2.021348826591944908E-10, 1.000000000000000000, 0.000000000000000000 ) ) ;
#1683 = CARTESIAN_POINT ( 'NONE',  ( 7.999999999999699796, 87.50000000000000000, -47.50000000000000000 ) ) ;
#1684 = ORIENTED_EDGE ( 'NONE', *, *, #440, .F. ) ;
#1685 = CARTESIAN_POINT ( 'NONE',  ( 20.99999953061340108, 77.50000000000000000, -49.99952881642030178 ) ) ;
#1686 = CARTESIAN_POINT ( 'NONE',  ( 20.99997215263350014, 228.9000000000000057, -30.99995018331929941 ) ) ;
#1687 = VECTOR ( 'NONE', #823, 1000.000000000000114 ) ;
#1688 = ORIENTED_EDGE ( 'NONE', *, *, #2276, .F. ) ;
#1689 = CARTESIAN_POINT ( 'NONE',  ( 14.61221363986586752, 77.50000000000000000, 10.86387164178326614 ) ) ;
#1690 = ORIENTED_EDGE ( 'NONE', *, *, #2419, .T. ) ;
#1691 = LINE ( 'NONE', #2092, #813 ) ;
#1692 = CARTESIAN_POINT ( 'NONE',  ( -10.30004606364517805, -46.27508152002117470, 3.837735164696272960 ) ) ;
#1693 = ADVANCED_FACE ( 'NONE', ( #1919 ), #2272, .F. ) ;
#1694 = AXIS2_PLACEMENT_3D ( 'NONE', #1, #822, #219 ) ;
#1695 = FACE_OUTER_BOUND ( 'NONE', #382, .T. ) ;
#1696 = CARTESIAN_POINT ( 'NONE',  ( 24.00046957425425020, -46.27508152002117470, -49.99952881642030178 ) ) ;
#1697 = ORIENTED_EDGE ( 'NONE', *, *, #1325, .T. ) ;
#1698 = DIRECTION ( 'NONE',  ( 0.9999999999994858557, 0.000000000000000000, 1.013997426764959618E-06 ) ) ;
#1699 = ORIENTED_EDGE ( 'NONE', *, *, #620, .F. ) ;
#1700 = VECTOR ( 'NONE', #565, 1000.000000000000000 ) ;
#1701 = ORIENTED_EDGE ( 'NONE', *, *, #2530, .F. ) ;
#1702 = AXIS2_PLACEMENT_3D ( 'NONE', #2060, #125, #152 ) ;
#1703 = DIRECTION ( 'NONE',  ( 0.000000000000000000, 1.000000000000000000, 0.000000000000000000 ) ) ;
#1704 = EDGE_LOOP ( 'NONE', ( #383, #962, #1978, #19 ) ) ;
#1705 = LINE ( 'NONE', #177, #2318 ) ;
#1706 = FACE_OUTER_BOUND ( 'NONE', #2502, .T. ) ;
#1707 = EDGE_CURVE ( 'NONE', #1783, #2527, #564, .T. ) ;
#1708 = VECTOR ( 'NONE', #62, 1000.000000000000000 ) ;
#1709 = DIRECTION ( 'NONE',  ( 7.888609052210119806E-31, -2.049642507000289605E-16, 1.000000000000000000 ) ) ;
#1710 = ADVANCED_FACE ( 'NONE', ( #945 ), #955, .T. ) ;
#1711 = CARTESIAN_POINT ( 'NONE',  ( -5.300000207452180589, 67.50000000000000000, -29.87500064737360006 ) ) ;
#1712 = AXIS2_PLACEMENT_3D ( 'NONE', #2493, #1145, #2130 ) ;
#1713 = DIRECTION ( 'NONE',  ( 0.7390008955602369589, 0.000000000000000000, 0.6737044428836489462 ) ) ;
#1714 = EDGE_CURVE ( 'NONE', #1951, #1715, #542, .T. ) ;
#1715 = VERTEX_POINT ( 'NONE', #1696 ) ;
#1716 = VERTEX_POINT ( 'NONE', #1332 ) ;
#1717 = VECTOR ( 'NONE', #1272, 1000.000000000000000 ) ;
#1718 = LINE ( 'NONE', #2504, #861 ) ;
#1719 = VERTEX_POINT ( 'NONE', #1158 ) ;
#1720 = CIRCLE ( 'NONE', #1394, 4.499999999999997335 ) ;
#1721 = DIRECTION ( 'NONE',  ( -0.000000000000000000, 1.000000000000000000, 0.000000000000000000 ) ) ;
#1722 = FILL_AREA_STYLE_COLOUR ( '', #2491 ) ;
#1723 = ADVANCED_FACE ( 'NONE', ( #367 ), #1488, .F. ) ;
#1724 = DIRECTION ( 'NONE',  ( 0.000000000000000000, 1.000000000000000000, 0.000000000000000000 ) ) ;
#1725 = DIRECTION ( 'NONE',  ( 0.9999999999999993339, -7.559161695137676465E-24, 3.688039094290997168E-08 ) ) ;
#1726 = CARTESIAN_POINT ( 'NONE',  ( 36.29999999999999716, 87.50000000000000000, -35.50000229217099701 ) ) ;
#1727 = ORIENTED_EDGE ( 'NONE', *, *, #725, .T. ) ;
#1728 = ORIENTED_EDGE ( 'NONE', *, *, #1649, .T. ) ;
#1729 = DIRECTION ( 'NONE',  ( -0.9999999999994858557, 0.000000000000000000, -1.013997426764959618E-06 ) ) ;
#1730 = ORIENTED_EDGE ( 'NONE', *, *, #1282, .T. ) ;
#1731 = CARTESIAN_POINT ( 'NONE',  ( -5.299999852478400442, 77.50000000000000000, -39.50000118980550212 ) ) ;
#1732 = PRESENTATION_STYLE_ASSIGNMENT (( #328 ) ) ;
#1733 = CARTESIAN_POINT ( 'NONE',  ( 22.25000000000000000, 291.8999999999999773, -31.99999928474429822 ) ) ;
#1734 = FACE_OUTER_BOUND ( 'NONE', #8, .T. ) ;
#1735 = CARTESIAN_POINT ( 'NONE',  ( 29.00046957425420047, -46.27508152002117470, -44.49999999999999289 ) ) ;
#1736 = LINE ( 'NONE', #4, #1910 ) ;
#1737 = ADVANCED_FACE ( 'NONE', ( #931 ), #1556, .F. ) ;
#1738 = EDGE_LOOP ( 'NONE', ( #501, #1354, #20, #1872, #958, #1625, #1980, #307, #1936, #135, #1727, #1592, #215, #766, #1579, #53, #319 ) ) ;
#1739 = ORIENTED_EDGE ( 'NONE', *, *, #1143, .F. ) ;
#1740 = ADVANCED_FACE ( 'NONE', ( #395 ), #996, .F. ) ;
#1741 = ORIENTED_EDGE ( 'NONE', *, *, #2394, .T. ) ;
#1742 = EDGE_LOOP ( 'NONE', ( #2439, #645, #782, #2524 ) ) ;
#1743 = CARTESIAN_POINT ( 'NONE',  ( 22.25000000000000000, 286.5000000000000000, -42.49998656453430357 ) ) ;
#1744 = DIRECTION ( 'NONE',  ( 1.606111199752450443E-31, -1.000000000000000000, -1.959217102279370191E-16 ) ) ;
#1745 = CARTESIAN_POINT ( 'NONE',  ( -5.299999852478400442, 77.50000000000000000, -39.50000118980550212 ) ) ;
#1746 = DIRECTION ( 'NONE',  ( -0.7071067811865474617, 0.000000000000000000, 0.7071067811865474617 ) ) ;
#1747 = VECTOR ( 'NONE', #2473, 1000.000000000000000 ) ;
#1748 = DIRECTION ( 'NONE',  ( -0.9999999999994858557, 0.000000000000000000, -1.013997426764959618E-06 ) ) ;
#1749 = ORIENTED_EDGE ( 'NONE', *, *, #1996, .T. ) ;
#1750 = VERTEX_POINT ( 'NONE', #826 ) ;
#1751 = ADVANCED_FACE ( 'NONE', ( #1619 ), #793, .T. ) ;
#1752 = CARTESIAN_POINT ( 'NONE',  ( -3.000000044703459601, -46.27508152002117470, 6.020888824057318622 ) ) ;
#1753 = VERTEX_POINT ( 'NONE', #32 ) ;
#1754 = VERTEX_POINT ( 'NONE', #838 ) ;
#1755 = EDGE_CURVE ( 'NONE', #1105, #555, #982, .T. ) ;
#1756 = DIRECTION ( 'NONE',  ( 3.755166112701015158E-14, 0.000000000000000000, 1.000000000000000000 ) ) ;
#1757 = ORIENTED_EDGE ( 'NONE', *, *, #2202, .F. ) ;
#1758 = VECTOR ( 'NONE', #485, 1000.000000000000000 ) ;
#1759 = CARTESIAN_POINT ( 'NONE',  ( 18.00000000000029843, 87.50000000000000000, -36.00000000000129319 ) ) ;
#1760 = DIRECTION ( 'NONE',  ( 9.169740977663330499E-15, 0.000000000000000000, -1.000000000000000000 ) ) ;
#1761 = DIRECTION ( 'NONE',  ( 0.000000000000000000, -1.000000000000000000, 0.000000000000000000 ) ) ;
#1762 = VECTOR ( 'NONE', #638, 1000.000000000000000 ) ;
#1763 = CARTESIAN_POINT ( 'NONE',  ( 36.29667966274204360, -46.27508152002117470, -44.49999999999998579 ) ) ;
#1764 = CARTESIAN_POINT ( 'NONE',  ( 2.000000059604640334, -46.27508152002117470, -50.00625122375109299 ) ) ;
#1765 = ORIENTED_EDGE ( 'NONE', *, *, #2355, .F. ) ;
#1766 = ORIENTED_EDGE ( 'NONE', *, *, #149, .F. ) ;
#1767 = CARTESIAN_POINT ( 'NONE',  ( 2.000000059604639890, 77.50000000000000000, -50.00625122375109299 ) ) ;
#1768 = FACE_OUTER_BOUND ( 'NONE', #603, .T. ) ;
#1769 = EDGE_CURVE ( 'NONE', #714, #1754, #60, .T. ) ;
#1770 = ORIENTED_EDGE ( 'NONE', *, *, #2293, .T. ) ;
#1771 = ORIENTED_EDGE ( 'NONE', *, *, #1837, .T. ) ;
#1772 = CIRCLE ( 'NONE', #1446, 8.000470043640854456 ) ;
#1773 = DIRECTION ( 'NONE',  ( -7.888609052210119806E-31, 0.000000000000000000, -1.000000000000000000 ) ) ;
#1774 = ADVANCED_FACE ( 'NONE', ( #580 ), #1806, .F. ) ;
#1775 = AXIS2_PLACEMENT_3D ( 'NONE', #712, #2081, #2270 ) ;
#1776 = CARTESIAN_POINT ( 'NONE',  ( -3.000005396960307547, 286.5000000000000000, -44.62501216797569015 ) ) ;
#1777 = FACE_OUTER_BOUND ( 'NONE', #2053, .T. ) ;
#1778 = CIRCLE ( 'NONE', #1000, 1.993999999998870232 ) ;
#1779 = DIRECTION ( 'NONE',  ( 0.000000000000000000, 1.000000000000000000, 0.000000000000000000 ) ) ;
#1780 = EDGE_CURVE ( 'NONE', #1782, #835, #1831, .T. ) ;
#1781 = CARTESIAN_POINT ( 'NONE',  ( 22.25000000000000000, 228.9000000000000057, -31.09820586241760054 ) ) ;
#1782 = VERTEX_POINT ( 'NONE', #1392 ) ;
#1783 = VERTEX_POINT ( 'NONE', #2192 ) ;
#1784 = DIRECTION ( 'NONE',  ( 0.000000000000000000, -1.000000000000000000, 0.000000000000000000 ) ) ;
#1785 = DIRECTION ( 'NONE',  ( 1.000000000000000000, 0.000000000000000000, 0.000000000000000000 ) ) ;
#1786 = ORIENTED_EDGE ( 'NONE', *, *, #1816, .F. ) ;
#1787 = VERTEX_POINT ( 'NONE', #981 ) ;
#1788 = CARTESIAN_POINT ( 'NONE',  ( 14.61221363986586752, 87.50000000000000000, 10.86387164178326792 ) ) ;
#1789 = ORIENTED_EDGE ( 'NONE', *, *, #1360, .F. ) ;
#1790 = LINE ( 'NONE', #1156, #1365 ) ;
#1791 = DIRECTION ( 'NONE',  ( 0.000000000000000000, 1.000000000000000000, 0.000000000000000000 ) ) ;
#1792 = CIRCLE ( 'NONE', #2036, 1.249999999998557820 ) ;
#1793 = CARTESIAN_POINT ( 'NONE',  ( 27.87898686092290035, 87.50000000000000000, 22.50000000000000000 ) ) ;
#1794 = EDGE_CURVE ( 'NONE', #957, #588, #1211, .T. ) ;
#1795 = DIRECTION ( 'NONE',  ( 1.000000000000000000, 0.000000000000000000, 1.850371707710394309E-14 ) ) ;
#1796 = ADVANCED_FACE ( 'NONE', ( #2389 ), #1572, .F. ) ;
#1797 = DIRECTION ( 'NONE',  ( 0.000000000000000000, -1.000000000000000000, -2.049642507000289605E-16 ) ) ;
#1798 = VERTEX_POINT ( 'NONE', #594 ) ;
#1799 = ORIENTED_EDGE ( 'NONE', *, *, #2230, .F. ) ;
#1800 = CARTESIAN_POINT ( 'NONE',  ( -5.300042960653654767, 77.50000000000000000, 3.360206919936540970 ) ) ;
#1801 = VERTEX_POINT ( 'NONE', #1373 ) ;
#1802 = VECTOR ( 'NONE', #137, 1000.000000000000000 ) ;
#1803 = LINE ( 'NONE', #804, #2425 ) ;
#1804 = CARTESIAN_POINT ( 'NONE',  ( -10.29999986576284954, -46.27508152002117470, -39.13979815003389717 ) ) ;
#1805 = VECTOR ( 'NONE', #860, 1000.000000000000000 ) ;
#1806 = PLANE ( 'NONE',  #1171 ) ;
#1807 = ADVANCED_FACE ( 'NONE', ( #1224 ), #222, .T. ) ;
#1808 = AXIS2_PLACEMENT_3D ( 'NONE', #1081, #2231, #122 ) ;
#1809 = CIRCLE ( 'NONE', #1304, 2.125000000000973444 ) ;
#1810 = CARTESIAN_POINT ( 'NONE',  ( -3.000011107052739767, 87.50000000000000000, -38.99374301880279603 ) ) ;
#1811 = LINE ( 'NONE', #1781, #926 ) ;
#1812 = ORIENTED_EDGE ( 'NONE', *, *, #579, .T. ) ;
#1813 = ORIENTED_EDGE ( 'NONE', *, *, #2245, .F. ) ;
#1814 = CARTESIAN_POINT ( 'NONE',  ( 36.29999705292313905, 67.50000000000000000, 3.837983717968821207 ) ) ;
#1815 = VECTOR ( 'NONE', #2395, 1000.000000000000000 ) ;
#1816 = EDGE_CURVE ( 'NONE', #1161, #486, #412, .T. ) ;
#1817 = LINE ( 'NONE', #2281, #1580 ) ;
#1818 = CARTESIAN_POINT ( 'NONE',  ( 31.29667966274205781, -46.27508152002117470, 3.808059571793523581E-14 ) ) ;
#1819 = VERTEX_POINT ( 'NONE', #452 ) ;
#1820 = DIRECTION ( 'NONE',  ( 1.000000000000000000, 0.000000000000000000, -7.888551657556060360E-31 ) ) ;
#1821 = CARTESIAN_POINT ( 'NONE',  ( 29.00000043213350054, 77.50000000000000000, -5.471040406553340674 ) ) ;
#1822 = CARTESIAN_POINT ( 'NONE',  ( -2.999919049057417908, -46.27508152002117470, 14.30799999999999805 ) ) ;
#1823 = ORIENTED_EDGE ( 'NONE', *, *, #2374, .F. ) ;
#1824 = DIRECTION ( 'NONE',  ( -0.9897433186107854608, 0.000000000000000000, 0.1428571428571540347 ) ) ;
#1825 = VECTOR ( 'NONE', #2188, 1000.000000000000000 ) ;
#1826 = EDGE_CURVE ( 'NONE', #417, #1105, #2177, .T. ) ;
#1827 = DIRECTION ( 'NONE',  ( 0.000000000000000000, -1.000000000000000000, -2.049642507000289605E-16 ) ) ;
#1828 = ORIENTED_EDGE ( 'NONE', *, *, #2044, .T. ) ;
#1829 = EDGE_CURVE ( 'NONE', #1533, #2116, #630, .T. ) ;
#1830 = FACE_OUTER_BOUND ( 'NONE', #173, .T. ) ;
#1831 = CIRCLE ( 'NONE', #1536, 1.499999999998540723 ) ;
#1832 = LINE ( 'NONE', #699, #1025 ) ;
#1833 = VERTEX_POINT ( 'NONE', #2001 ) ;
#1834 = ORIENTED_EDGE ( 'NONE', *, *, #2048, .F. ) ;
#1835 = DIRECTION ( 'NONE',  ( -0.000000000000000000, 1.000000000000000000, 0.000000000000000000 ) ) ;
#1836 = DIRECTION ( 'NONE',  ( 0.000000000000000000, 0.000000000000000000, 1.000000000000000000 ) ) ;
#1837 = EDGE_CURVE ( 'NONE', #77, #444, #2011, .T. ) ;
#1838 = CARTESIAN_POINT ( 'NONE',  ( 15.45000000000064411, 77.50000000000000000, -10.26710305025185832 ) ) ;
#1839 = CIRCLE ( 'NONE', #49, 6.000000000000000000 ) ;
#1840 = ORIENTED_EDGE ( 'NONE', *, *, #974, .T. ) ;
#1841 = VERTEX_POINT ( 'NONE', #778 ) ;
#1842 = FACE_OUTER_BOUND ( 'NONE', #1001, .T. ) ;
#1843 = CIRCLE ( 'NONE', #2282, 8.000470043640850903 ) ;
#1844 = CIRCLE ( 'NONE', #1508, 6.000000000000000000 ) ;
#1845 = DIRECTION ( 'NONE',  ( -0.000000000000000000, 1.000000000000000000, -0.000000000000000000 ) ) ;
#1846 = DIRECTION ( 'NONE',  ( 0.000000000000000000, -1.000000000000000000, -2.049642507000289605E-16 ) ) ;
#1847 = CYLINDRICAL_SURFACE ( 'NONE', #293, 6.000000000000000000 ) ;
#1848 = VERTEX_POINT ( 'NONE', #2413 ) ;
#1849 = ORIENTED_EDGE ( 'NONE', *, *, #15, .F. ) ;
#1850 = VECTOR ( 'NONE', #1496, 1000.000000000000000 ) ;
#1851 = CARTESIAN_POINT ( 'NONE',  ( 7.999999999999690026, 77.50000000000000000, -48.99999999999909761 ) ) ;
#1852 = EDGE_CURVE ( 'NONE', #1338, #1350, #858, .T. ) ;
#1853 = DIRECTION ( 'NONE',  ( -0.000000000000000000, 1.000000000000000000, -0.000000000000000000 ) ) ;
#1854 = VERTEX_POINT ( 'NONE', #108 ) ;
#1855 = CARTESIAN_POINT ( 'NONE',  ( 36.29667966274204360, 67.50000000000000000, 3.854727108453919637 ) ) ;
#1856 = ADVANCED_FACE ( 'NONE', ( #1830 ), #1650, .F. ) ;
#1857 = CYLINDRICAL_SURFACE ( 'NONE', #1371, 4.999999999999999112 ) ;
#1858 = EDGE_CURVE ( 'NONE', #2528, #263, #73, .T. ) ;
#1859 = DIRECTION ( 'NONE',  ( 0.000000000000000000, -1.000000000000000000, 0.000000000000000000 ) ) ;
#1860 = ORIENTED_EDGE ( 'NONE', *, *, #1649, .F. ) ;
#1861 = AXIS2_PLACEMENT_3D ( 'NONE', #1958, #1210, #2132 ) ;
#1862 = CARTESIAN_POINT ( 'NONE',  ( -1.309513680005120140, 77.50000000000000000, -39.49999714346280655 ) ) ;
#1863 = CIRCLE ( 'NONE', #1655, 9.500000000000000000 ) ;
#1864 = DIRECTION ( 'NONE',  ( 2.454837864508209994E-13, 0.000000000000000000, -1.000000000000000000 ) ) ;
#1865 = DIRECTION ( 'NONE',  ( 1.000000000000000000, 0.000000000000000000, -3.172065784642910061E-14 ) ) ;
#1866 = LINE ( 'NONE', #677, #1459 ) ;
#1867 = VERTEX_POINT ( 'NONE', #849 ) ;
#1868 = ADVANCED_FACE ( 'NONE', ( #1630, #302 ), #1087, .T. ) ;
#1869 = EDGE_CURVE ( 'NONE', #71, #1998, #1866, .T. ) ;
#1870 = DIRECTION ( 'NONE',  ( -1.000000000000000000, 0.000000000000000000, 1.850371707708519660E-14 ) ) ;
#1871 = ORIENTED_EDGE ( 'NONE', *, *, #1852, .T. ) ;
#1872 = ORIENTED_EDGE ( 'NONE', *, *, #1504, .T. ) ;
#1873 = VECTOR ( 'NONE', #1746, 1000.000000000000114 ) ;
#1874 = CARTESIAN_POINT ( 'NONE',  ( 24.00046957425420047, 87.50000000000000000, -40.79785669972180528 ) ) ;
#1875 = DIRECTION ( 'NONE',  ( 0.000000000000000000, 0.000000000000000000, 1.000000000000000000 ) ) ;
#1876 = EDGE_CURVE ( 'NONE', #934, #2457, #1792, .T. ) ;
#1877 = AXIS2_PLACEMENT_3D ( 'NONE', #2459, #1835, #310 ) ;
#1878 = DIRECTION ( 'NONE',  ( -0.9897433186107844616, 0.000000000000000000, 0.1428571428571610846 ) ) ;
#1879 = CARTESIAN_POINT ( 'NONE',  ( -5.300039553407034809, -46.27508152002117470, -5.374226468947208167E-06 ) ) ;
#1880 = DIRECTION ( 'NONE',  ( -1.000000000000000000, 0.000000000000000000, 0.000000000000000000 ) ) ;
#1881 = VECTOR ( 'NONE', #2309, 1000.000000000000114 ) ;
#1882 = LINE ( 'NONE', #1306, #1409 ) ;
#1883 = CARTESIAN_POINT ( 'NONE',  ( -3.000000044703459601, 77.50000000000000000, 9.307919004353919945 ) ) ;
#1884 = ORIENTED_EDGE ( 'NONE', *, *, #336, .T. ) ;
#1885 = LINE ( 'NONE', #1255, #566 ) ;
#1886 = AXIS2_PLACEMENT_3D ( 'NONE', #726, #527, #1307 ) ;
#1887 = ORIENTED_EDGE ( 'NONE', *, *, #789, .F. ) ;
#1888 = VECTOR ( 'NONE', #2221, 1000.000000000000000 ) ;
#1889 = ADVANCED_FACE ( 'NONE', ( #2452 ), #259, .F. ) ;
#1890 = LINE ( 'NONE', #1326, #1881 ) ;
#1891 = CARTESIAN_POINT ( 'NONE',  ( 4.999999999999020339, 291.8999999999999773, -50.00000000000059686 ) ) ;
#1892 = LINE ( 'NONE', #2479, #1262 ) ;
#1893 = DIRECTION ( 'NONE',  ( -1.000000000000000000, 0.000000000000000000, 7.888609052210119806E-31 ) ) ;
#1894 = DIRECTION ( 'NONE',  ( 0.000000000000000000, 0.000000000000000000, -1.000000000000000000 ) ) ;
#1895 = ORIENTED_EDGE ( 'NONE', *, *, #1366, .F. ) ;
#1896 = AXIS2_PLACEMENT_3D ( 'NONE', #2189, #1987, #1569 ) ;
#1897 = DIRECTION ( 'NONE',  ( -1.013997427276269786E-06, 0.000000000000000000, 0.9999999999994858557 ) ) ;
#1898 = EDGE_LOOP ( 'NONE', ( #1995, #2447, #734, #1183 ) ) ;
#1899 = VECTOR ( 'NONE', #2037, 1000.000000000000114 ) ;
#1900 = DIRECTION ( 'NONE',  ( 0.000000000000000000, -1.000000000000000000, 0.000000000000000000 ) ) ;
#1901 = ORIENTED_EDGE ( 'NONE', *, *, #2419, .F. ) ;
#1902 = PRODUCT_RELATED_PRODUCT_CATEGORY ( 'part', '', ( #493 ) ) ;
#1903 = PLANE ( 'NONE',  #2525 ) ;
#1904 = CARTESIAN_POINT ( 'NONE',  ( -10.30004737303144857, 67.50000000000000000, 3.837728523826552607 ) ) ;
#1905 = CARTESIAN_POINT ( 'NONE',  ( 15.44999999999925855, 67.49899999999999523, -20.18251876057970762 ) ) ;
#1906 = CARTESIAN_POINT ( 'NONE',  ( 12.07048334478933960, 87.50000000000008527, -15.22481090541531046 ) ) ;
#1907 = AXIS2_PLACEMENT_3D ( 'NONE', #352, #2312, #2465 ) ;
#1908 = CARTESIAN_POINT ( 'NONE',  ( 34.00000043213349699, -46.27508152002117470, 8.400192207394651334 ) ) ;
#1909 = ORIENTED_EDGE ( 'NONE', *, *, #1421, .F. ) ;
#1910 = VECTOR ( 'NONE', #2522, 1000.000000000000000 ) ;
#1911 = ORIENTED_EDGE ( 'NONE', *, *, #2073, .T. ) ;
#1912 = VECTOR ( 'NONE', #294, 1000.000000000000000 ) ;
#1913 = LINE ( 'NONE', #1141, #1802 ) ;
#1914 = EDGE_CURVE ( 'NONE', #113, #264, #1473, .T. ) ;
#1915 = ORIENTED_EDGE ( 'NONE', *, *, #153, .T. ) ;
#1916 = CARTESIAN_POINT ( 'NONE',  ( 29.00000043213350054, 87.50000000000000000, 6.020888629372611156 ) ) ;
#1917 = CARTESIAN_POINT ( 'NONE',  ( -10.30004868242172478, 29.57497282665963567, 3.837735164693607981 ) ) ;
#1918 = DIRECTION ( 'NONE',  ( 0.000000000000000000, -1.000000000000000000, 0.000000000000000000 ) ) ;
#1919 = FACE_OUTER_BOUND ( 'NONE', #346, .T. ) ;
#1920 = AXIS2_PLACEMENT_3D ( 'NONE', #760, #1292, #1133 ) ;
#1921 = AXIS2_PLACEMENT_3D ( 'NONE', #2102, #1276, #348 ) ;
#1922 = CARTESIAN_POINT ( 'NONE',  ( -2.999919049057430342, 128.5999999999999943, 14.30799999999999983 ) ) ;
#1923 = ORIENTED_EDGE ( 'NONE', *, *, #2276, .T. ) ;
#1924 = EDGE_LOOP ( 'NONE', ( #338, #633, #103, #1887 ) ) ;
#1925 = AXIS2_PLACEMENT_3D ( 'NONE', #317, #2438, #1098 ) ;
#1926 = CARTESIAN_POINT ( 'NONE',  ( -5.300042857127182927, 77.50000000000000000, 3.258109548864113858 ) ) ;
#1927 = ORIENTED_EDGE ( 'NONE', *, *, #1037, .T. ) ;
#1928 = PLANE ( 'NONE',  #313 ) ;
#1929 = CARTESIAN_POINT ( 'NONE',  ( 6.499999999999639400, 77.50000000000000000, -37.50000000000000000 ) ) ;
#1930 = DIRECTION ( 'NONE',  ( 0.9999999999994858557, 0.000000000000000000, 1.013997426764959618E-06 ) ) ;
#1931 = EDGE_CURVE ( 'NONE', #1113, #1753, #1431, .T. ) ;
#1932 = CARTESIAN_POINT ( 'NONE',  ( 29.00000043213350054, 77.50000000000000000, 9.307918616923940291 ) ) ;
#1933 = EDGE_CURVE ( 'NONE', #1854, #477, #1638, .T. ) ;
#1934 = DIRECTION ( 'NONE',  ( 0.000000000000000000, -1.000000000000000000, -2.049642507000289605E-16 ) ) ;
#1935 = VERTEX_POINT ( 'NONE', #2444 ) ;
#1936 = ORIENTED_EDGE ( 'NONE', *, *, #2301, .T. ) ;
#1937 = EDGE_LOOP ( 'NONE', ( #95, #2179, #2187, #949 ) ) ;
#1938 = ORIENTED_EDGE ( 'NONE', *, *, #491, .F. ) ;
#1939 = DIRECTION ( 'NONE',  ( -1.000000000000000000, 1.879469088600120312E-30, -9.169740977663330499E-15 ) ) ;
#1940 = DIRECTION ( 'NONE',  ( 0.000000000000000000, 1.000000000000000000, 0.000000000000000000 ) ) ;
#1941 = CARTESIAN_POINT ( 'NONE',  ( -10.29999966807631040, -46.27508152002117470, -44.50000625979501478 ) ) ;
#1942 = DIRECTION ( 'NONE',  ( -1.216761526407840216E-15, 0.000000000000000000, 1.000000000000000000 ) ) ;
#1943 = EDGE_CURVE ( 'NONE', #2277, #1497, #2239, .T. ) ;
#1944 = EDGE_CURVE ( 'NONE', #1754, #2111, #1279, .T. ) ;
#1945 = LINE ( 'NONE', #1115, #194 ) ;
#1946 = ORIENTED_EDGE ( 'NONE', *, *, #1042, .T. ) ;
#1947 = EDGE_CURVE ( 'NONE', #1099, #28, #665, .T. ) ;
#1948 = ORIENTED_EDGE ( 'NONE', *, *, #316, .F. ) ;
#1949 = AXIS2_PLACEMENT_3D ( 'NONE', #334, #1125, #1713 ) ;
#1950 = CARTESIAN_POINT ( 'NONE',  ( 28.99991904905740014, 128.5999999999999943, 9.307999999999999829 ) ) ;
#1951 = VERTEX_POINT ( 'NONE', #473 ) ;
#1952 = EDGE_CURVE ( 'NONE', #102, #1969, #2034, .T. ) ;
#1953 = EDGE_LOOP ( 'NONE', ( #1562, #391, #2512, #548, #1221 ) ) ;
#1954 = CARTESIAN_POINT ( 'NONE',  ( -10.29999966807629974, 87.50000000000000000, -44.50000625979500057 ) ) ;
#1955 = ORIENTED_EDGE ( 'NONE', *, *, #1673, .T. ) ;
#1956 = ORIENTED_EDGE ( 'NONE', *, *, #2323, .F. ) ;
#1957 = DIRECTION ( 'NONE',  ( -4.625929269275932131E-15, 0.000000000000000000, 1.000000000000000000 ) ) ;
#1958 = CARTESIAN_POINT ( 'NONE',  ( 19.49999999999889866, 87.50000000000000000, -47.50000000000000000 ) ) ;
#1959 = DIRECTION ( 'NONE',  ( 0.9999999999994859667, -0.000000000000000000, 1.013997426771979827E-06 ) ) ;
#1960 = DIRECTION ( 'NONE',  ( -1.947804704249429930E-31, -1.000000000000000000, -2.049642507000294781E-16 ) ) ;
#1961 = ORIENTED_EDGE ( 'NONE', *, *, #2133, .F. ) ;
#1962 = ORIENTED_EDGE ( 'NONE', *, *, #1213, .F. ) ;
#1963 = EDGE_CURVE ( 'NONE', #1428, #1841, #484, .T. ) ;
#1964 = PRODUCT_CONTEXT ( 'NONE', #1439, 'mechanical' ) ;
#1965 = ORIENTED_EDGE ( 'NONE', *, *, #1006, .F. ) ;
#1966 = EDGE_LOOP ( 'NONE', ( #2396, #1126, #1185, #43 ) ) ;
#1967 = ADVANCED_FACE ( 'NONE', ( #1077 ), #1857, .T. ) ;
#1968 = CYLINDRICAL_SURFACE ( 'NONE', #567, 7.993750606696749195 ) ;
#1969 = VERTEX_POINT ( 'NONE', #2249 ) ;
#1970 = FACE_OUTER_BOUND ( 'NONE', #1742, .T. ) ;
#1971 = VECTOR ( 'NONE', #481, 1000.000000000000000 ) ;
#1972 = CARTESIAN_POINT ( 'NONE',  ( -3.000007551704839681, 286.5000000000000000, -42.50001216797689807 ) ) ;
#1973 = FACE_OUTER_BOUND ( 'NONE', #277, .T. ) ;
#1974 = ORIENTED_EDGE ( 'NONE', *, *, #944, .F. ) ;
#1975 = ORIENTED_EDGE ( 'NONE', *, *, #1337, .F. ) ;
#1976 = CARTESIAN_POINT ( 'NONE',  ( 4.999999999998990141, 291.8999999999999773, -51.24999999999920419 ) ) ;
#1977 = PLANE ( 'NONE',  #2350 ) ;
#1978 = ORIENTED_EDGE ( 'NONE', *, *, #1852, .F. ) ;
#1979 = EDGE_CURVE ( 'NONE', #991, #229, #1328, .T. ) ;
#1980 = ORIENTED_EDGE ( 'NONE', *, *, #47, .T. ) ;
#1981 = CARTESIAN_POINT ( 'NONE',  ( 4.999999999998990141, 228.9000000000000057, -51.24999999999920419 ) ) ;
#1982 = ORIENTED_EDGE ( 'NONE', *, *, #1530, .T. ) ;
#1983 = AXIS2_PLACEMENT_3D ( 'NONE', #315, #903, #1682 ) ;
#1984 = ORIENTED_EDGE ( 'NONE', *, *, #2271, .F. ) ;
#1985 = ADVANCED_FACE ( 'NONE', ( #1109 ), #2506, .T. ) ;
#1986 = DIRECTION ( 'NONE',  ( 1.089795631795909952E-32, -1.000000000000000000, -2.465190328895894987E-32 ) ) ;
#1987 = DIRECTION ( 'NONE',  ( 0.000000000000000000, -1.000000000000000000, 0.000000000000000000 ) ) ;
#1988 = FACE_OUTER_BOUND ( 'NONE', #532, .T. ) ;
#1989 = AXIS2_PLACEMENT_3D ( 'NONE', #2009, #2247, #1442 ) ;
#1990 = CARTESIAN_POINT ( 'NONE',  ( -10.29999966807629974, 77.50000000000000000, -44.50000625979500057 ) ) ;
#1991 = CARTESIAN_POINT ( 'NONE',  ( 36.29999705292320300, 87.50000000000000000, -44.50000000000000000 ) ) ;
#1992 = ORIENTED_EDGE ( 'NONE', *, *, #1284, .F. ) ;
#1993 = EDGE_LOOP ( 'NONE', ( #2208, #270, #852, #1576 ) ) ;
#1994 = LINE ( 'NONE', #66, #1351 ) ;
#1995 = ORIENTED_EDGE ( 'NONE', *, *, #1565, .T. ) ;
#1996 = EDGE_CURVE ( 'NONE', #1127, #1567, #1317, .T. ) ;
#1997 = DIRECTION ( 'NONE',  ( 1.000000000000000000, 0.000000000000000000, -3.172065784642910061E-14 ) ) ;
#1998 = VERTEX_POINT ( 'NONE', #735 ) ;
#1999 = VECTOR ( 'NONE', #1291, 1000.000000000000114 ) ;
#2000 = DIRECTION ( 'NONE',  ( -1.216761526407840216E-15, 0.000000000000000000, 1.000000000000000000 ) ) ;
#2001 = CARTESIAN_POINT ( 'NONE',  ( -10.30000510331353958, 67.50000000000000000, -39.13979815003406770 ) ) ;
#2002 = CARTESIAN_POINT ( 'NONE',  ( -10.30006760591538573, 87.50000000000000000, 22.50000506991860050 ) ) ;
#2003 = ORIENTED_EDGE ( 'NONE', *, *, #1943, .T. ) ;
#2004 = ORIENTED_EDGE ( 'NONE', *, *, #1947, .F. ) ;
#2005 = DIRECTION ( 'NONE',  ( 0.000000000000000000, 0.000000000000000000, 1.000000000000000000 ) ) ;
#2006 = ORIENTED_EDGE ( 'NONE', *, *, #51, .T. ) ;
#2007 = CARTESIAN_POINT ( 'NONE',  ( -2.999919049057420128, -46.27508152002117470, 9.307999999999999829 ) ) ;
#2008 = ORIENTED_EDGE ( 'NONE', *, *, #2467, .T. ) ;
#2009 = CARTESIAN_POINT ( 'NONE',  ( 20.99998837754559844, 87.50000000000000000, -39.00042022694369592 ) ) ;
#2010 = CIRCLE ( 'NONE', #617, 1.500000000000060396 ) ;
#2011 = LINE ( 'NONE', #249, #39 ) ;
#2012 = VECTOR ( 'NONE', #1581, 1000.000000000000000 ) ;
#2013 = DIRECTION ( 'NONE',  ( 2.493926145408064843E-31, -1.000000000000000000, -2.049642507000289605E-16 ) ) ;
#2014 = LINE ( 'NONE', #398, #2043 ) ;
#2015 = ORIENTED_EDGE ( 'NONE', *, *, #1952, .F. ) ;
#2016 = EDGE_CURVE ( 'NONE', #1005, #1750, #1537, .T. ) ;
#2017 = CARTESIAN_POINT ( 'NONE',  ( 3.750000000000469846, 286.5000000000000000, -40.37500532348572335 ) ) ;
#2018 = VECTOR ( 'NONE', #2166, 1000.000000000000000 ) ;
#2019 = ADVANCED_FACE ( 'NONE', ( #524, #2068, #1483 ), #1903, .T. ) ;
#2020 = DIRECTION ( 'NONE',  ( 0.9999999999994858557, 0.000000000000000000, 1.013997426771979615E-06 ) ) ;
#2021 = ORIENTED_EDGE ( 'NONE', *, *, #1714, .F. ) ;
#2022 = CARTESIAN_POINT ( 'NONE',  ( 20.99997215263350014, 87.50000000000000000, -30.99995018331929941 ) ) ;
#2023 = DIRECTION ( 'NONE',  ( 0.000000000000000000, -1.000000000000000000, 0.000000000000000000 ) ) ;
#2024 = AXIS2_PLACEMENT_3D ( 'NONE', #1406, #1357, #791 ) ;
#2025 = LINE ( 'NONE', #872, #1758 ) ;
#2026 = EDGE_CURVE ( 'NONE', #1854, #64, #1691, .T. ) ;
#2027 = ORIENTED_EDGE ( 'NONE', *, *, #186, .F. ) ;
#2028 = VERTEX_POINT ( 'NONE', #2324 ) ;
#2029 = CARTESIAN_POINT ( 'NONE',  ( -3.000005396960307991, 286.5000000000000000, -44.62501216797569015 ) ) ;
#2030 = VECTOR ( 'NONE', #790, 1000.000000000000000 ) ;
#2031 = DIRECTION ( 'NONE',  ( -5.794482252784831864E-16, 0.000000000000000000, -1.000000000000000000 ) ) ;
#2032 = EDGE_CURVE ( 'NONE', #774, #2263, #1705, .T. ) ;
#2033 = VERTEX_POINT ( 'NONE', #2478 ) ;
#2034 = LINE ( 'NONE', #870, #721 ) ;
#2035 = VECTOR ( 'NONE', #1607, 1000.000000000000000 ) ;
#2036 = AXIS2_PLACEMENT_3D ( 'NONE', #686, #1062, #1666 ) ;
#2037 = DIRECTION ( 'NONE',  ( -0.9999999999979436449, 3.973282201086868647E-22, -2.027994854715399443E-06 ) ) ;
#2038 = CARTESIAN_POINT ( 'NONE',  ( 7.999999999999699796, 228.9000000000000057, -37.50000000000000000 ) ) ;
#2039 = VERTEX_POINT ( 'NONE', #722 ) ;
#2040 = VERTEX_POINT ( 'NONE', #1731 ) ;
#2041 = EDGE_CURVE ( 'NONE', #1801, #335, #1498, .T. ) ;
#2042 = DIRECTION ( 'NONE',  ( 0.000000000000000000, 1.000000000000000000, 0.000000000000000000 ) ) ;
#2043 = VECTOR ( 'NONE', #428, 1000.000000000000000 ) ;
#2044 = EDGE_CURVE ( 'NONE', #1099, #1801, #1526, .T. ) ;
#2045 = DIRECTION ( 'NONE',  ( -1.606111199752450005E-31, 1.000000000000000000, 1.959217102279369945E-16 ) ) ;
#2046 = VECTOR ( 'NONE', #1330, 1000.000000000000000 ) ;
#2047 = ORIENTED_EDGE ( 'NONE', *, *, #2397, .F. ) ;
#2048 = EDGE_CURVE ( 'NONE', #263, #1018, #1214, .T. ) ;
#2049 = AXIS2_PLACEMENT_3D ( 'NONE', #326, #732, #897 ) ;
#2050 = CARTESIAN_POINT ( 'NONE',  ( -2.999999940394240117, 87.50000000000000000, -50.00625469643669874 ) ) ;
#2051 = VECTOR ( 'NONE', #2446, 1000.000000000000000 ) ;
#2052 = DIRECTION ( 'NONE',  ( 0.000000000000000000, 1.000000000000000000, 0.000000000000000000 ) ) ;
#2053 = EDGE_LOOP ( 'NONE', ( #210, #1418, #568, #788 ) ) ;
#2054 = VECTOR ( 'NONE', #1549, 1000.000000000000000 ) ;
#2055 = CARTESIAN_POINT ( 'NONE',  ( 4.993723288352939882, 87.50000000000000000, -30.99998264390969993 ) ) ;
#2056 = DIRECTION ( 'NONE',  ( 0.000000000000000000, 1.000000000000000000, 0.000000000000000000 ) ) ;
#2057 = EDGE_CURVE ( 'NONE', #1066, #972, #157, .T. ) ;
#2058 = EDGE_CURVE ( 'NONE', #455, #1652, #2311, .T. ) ;
#2059 = DIRECTION ( 'NONE',  ( 0.9277833500499405028, 0.000000000000000000, -0.3731193580747446115 ) ) ;
#2060 = CARTESIAN_POINT ( 'NONE',  ( 3.750000000000469846, 286.5000000000000000, -42.50000532348669680 ) ) ;
#2061 = EDGE_CURVE ( 'NONE', #263, #2277, #312, .T. ) ;
#2062 = UNCERTAINTY_MEASURE_WITH_UNIT (LENGTH_MEASURE( 1.000000000000000082E-05 ), #1380, 'distance_accuracy_value', 'NONE');
#2063 = LINE ( 'NONE', #679, #1341 ) ;
#2064 = ORIENTED_EDGE ( 'NONE', *, *, #2357, .F. ) ;
#2065 = ORIENTED_EDGE ( 'NONE', *, *, #2115, .T. ) ;
#2066 = PLANE ( 'NONE',  #1877 ) ;
#2067 = CARTESIAN_POINT ( 'NONE',  ( 31.29667966274205071, -46.27508152002117470, -39.50000000000000000 ) ) ;
#2068 = FACE_OUTER_BOUND ( 'NONE', #1153, .T. ) ;
#2069 = LINE ( 'NONE', #2284, #1201 ) ;
#2070 = CARTESIAN_POINT ( 'NONE',  ( -3.000000044703459601, 87.50000000000000000, 9.307919004353930603 ) ) ;
#2071 = ORIENTED_EDGE ( 'NONE', *, *, #1116, .F. ) ;
#2072 = ORIENTED_EDGE ( 'NONE', *, *, #1755, .T. ) ;
#2073 = EDGE_CURVE ( 'NONE', #675, #1798, #1679, .T. ) ;
#2074 = CARTESIAN_POINT ( 'NONE',  ( 22.14999934509400248, 77.50000000000000000, -39.50000000000000000 ) ) ;
#2075 = DIRECTION ( 'NONE',  ( 0.9999999999994858557, 0.000000000000000000, 1.013997426764959618E-06 ) ) ;
#2076 = CIRCLE ( 'NONE', #2203, 5.000000000000001776 ) ;
#2077 = DIRECTION ( 'NONE',  ( -0.000000000000000000, -1.000000000000000000, -0.000000000000000000 ) ) ;
#2078 = DIRECTION ( 'NONE',  ( 0.000000000000000000, -1.000000000000000000, 0.000000000000000000 ) ) ;
#2079 = CARTESIAN_POINT ( 'NONE',  ( -5.299999852478398665, 67.50000000000000000, -39.50000118980551633 ) ) ;
#2080 = AXIS2_PLACEMENT_3D ( 'NONE', #2140, #2332, #1785 ) ;
#2081 = DIRECTION ( 'NONE',  ( -0.000000000000000000, 1.000000000000000000, -0.000000000000000000 ) ) ;
#2082 = DIRECTION ( 'NONE',  ( 0.000000000000000000, -1.000000000000000000, 0.000000000000000000 ) ) ;
#2083 = ORIENTED_EDGE ( 'NONE', *, *, #1293, .T. ) ;
#2084 = DIRECTION ( 'NONE',  ( 0.000000000000000000, -0.000000000000000000, -1.000000000000000000 ) ) ;
#2085 = AXIS2_PLACEMENT_3D ( 'NONE', #1972, #2401, #1359 ) ;
#2086 = ADVANCED_FACE ( 'NONE', ( #708 ), #1928, .T. ) ;
#2087 = ORIENTED_EDGE ( 'NONE', *, *, #1059, .T. ) ;
#2088 = VECTOR ( 'NONE', #1182, 1000.000000000000000 ) ;
#2089 = LINE ( 'NONE', #337, #1505 ) ;
#2090 = ADVANCED_FACE ( 'NONE', ( #2117 ), #364, .F. ) ;
#2091 = ORIENTED_EDGE ( 'NONE', *, *, #2467, .F. ) ;
#2092 = CARTESIAN_POINT ( 'NONE',  ( 20.99999953061340108, 87.50000000000000000, -52.99999886006120420 ) ) ;
#2093 = DIRECTION ( 'NONE',  ( 0.000000000000000000, -1.000000000000000000, 0.000000000000000000 ) ) ;
#2094 = DIRECTION ( 'NONE',  ( 0.7071067811865480168, 0.000000000000000000, -0.7071067811865470176 ) ) ;
#2095 = DIRECTION ( 'NONE',  ( 1.000000000000000000, 0.000000000000000000, 1.216761526407840019E-15 ) ) ;
#2096 = ADVANCED_FACE ( 'NONE', ( #759 ), #1094, .T. ) ;
#2097 = DIRECTION ( 'NONE',  ( -1.013997426873866455E-06, 0.000000000000000000, 0.9999999999994858557 ) ) ;
#2098 = ORIENTED_EDGE ( 'NONE', *, *, #753, .F. ) ;
#2099 = VECTOR ( 'NONE', #2094, 1000.000000000000000 ) ;
#2100 = VERTEX_POINT ( 'NONE', #11 ) ;
#2101 = VECTOR ( 'NONE', #451, 1000.000000000000000 ) ;
#2102 = CARTESIAN_POINT ( 'NONE',  ( -3.000007551704839681, 286.5000000000000000, -42.50001216797689807 ) ) ;
#2103 = EDGE_LOOP ( 'NONE', ( #1561, #681, #1252, #657, #138, #500, #1335, #1273 ) ) ;
#2104 = EDGE_CURVE ( 'NONE', #449, #1616, #984, .T. ) ;
#2105 = DIRECTION ( 'NONE',  ( -1.606111199752450005E-31, 1.000000000000000000, 1.959217102279369945E-16 ) ) ;
#2106 = CARTESIAN_POINT ( 'NONE',  ( -10.30000130925389357, -46.27508152002117470, -3.798680749478134312E-07 ) ) ;
#2107 = LINE ( 'NONE', #1111, #1140 ) ;
#2108 = LINE ( 'NONE', #1711, #2383 ) ;
#2109 = DIRECTION ( 'NONE',  ( 1.000000000000000000, 0.000000000000000000, 9.690049268019630847E-15 ) ) ;
#2110 = EDGE_LOOP ( 'NONE', ( #2470, #842, #1217, #232, #1400, #163 ) ) ;
#2111 = VERTEX_POINT ( 'NONE', #1954 ) ;
#2112 = EDGE_CURVE ( 'NONE', #2421, #1652, #697, .T. ) ;
#2113 = VECTOR ( 'NONE', #46, 1000.000000000000000 ) ;
#2114 = DIRECTION ( 'NONE',  ( -4.625929269276082804E-15, 0.000000000000000000, -1.000000000000000000 ) ) ;
#2115 = EDGE_CURVE ( 'NONE', #1935, #2377, #1809, .T. ) ;
#2116 = VERTEX_POINT ( 'NONE', #2337 ) ;
#2117 = FACE_OUTER_BOUND ( 'NONE', #2206, .T. ) ;
#2118 = CARTESIAN_POINT ( 'NONE',  ( 3.750000000000469846, 286.5000000000000000, -42.50000532348669680 ) ) ;
#2119 = EDGE_CURVE ( 'NONE', #34, #774, #1615, .T. ) ;
#2120 = DIRECTION ( 'NONE',  ( -1.606111199752450443E-31, 1.000000000000000000, 1.959217102279370191E-16 ) ) ;
#2121 = DIRECTION ( 'NONE',  ( 0.7071067811865470176, 1.449316115708101576E-16, -0.7071067811865480168 ) ) ;
#2122 = DIRECTION ( 'NONE',  ( 7.888609052210119806E-31, -2.049642507000289605E-16, 1.000000000000000000 ) ) ;
#2123 = ORIENTED_EDGE ( 'NONE', *, *, #168, .F. ) ;
#2124 = ORIENTED_EDGE ( 'NONE', *, *, #476, .F. ) ;
#2125 = AXIS2_PLACEMENT_3D ( 'NONE', #115, #885, #2042 ) ;
#2126 = AXIS2_PLACEMENT_3D ( 'NONE', #976, #773, #606 ) ;
#2127 = ORIENTED_EDGE ( 'NONE', *, *, #2510, .F. ) ;
#2128 = EDGE_CURVE ( 'NONE', #486, #2277, #787, .T. ) ;
#2129 = DIRECTION ( 'NONE',  ( 0.000000000000000000, 0.000000000000000000, -1.000000000000000000 ) ) ;
#2130 = DIRECTION ( 'NONE',  ( -1.013997426772199632E-06, 0.000000000000000000, 0.9999999999994858557 ) ) ;
#2131 = CARTESIAN_POINT ( 'NONE',  ( 29.00045842117000205, 291.8999999999999773, -39.00040400203170066 ) ) ;
#2132 = DIRECTION ( 'NONE',  ( -1.529887327950269838E-13, 0.000000000000000000, -1.000000000000000000 ) ) ;
#2133 = EDGE_CURVE ( 'NONE', #2195, #1578, #1386, .T. ) ;
#2134 = DIRECTION ( 'NONE',  ( 0.000000000000000000, -1.000000000000000000, -2.049642507000289605E-16 ) ) ;
#2135 = CIRCLE ( 'NONE', #1033, 9.499999999999996447 ) ;
#2136 = FACE_OUTER_BOUND ( 'NONE', #347, .T. ) ;
#2137 = ORIENTED_EDGE ( 'NONE', *, *, #133, .F. ) ;
#2138 = EDGE_LOOP ( 'NONE', ( #1234, #730, #106, #2123 ) ) ;
#2139 = VECTOR ( 'NONE', #631, 1000.000000000000000 ) ;
#2140 = CARTESIAN_POINT ( 'NONE',  ( 13.00022923359779981, 228.9000000000000057, -44.49997452168199885 ) ) ;
#2141 = VERTEX_POINT ( 'NONE', #1155 ) ;
#2142 = ORIENTED_EDGE ( 'NONE', *, *, #1963, .F. ) ;
#2143 = DIRECTION ( 'NONE',  ( -1.606111199752450005E-31, 1.000000000000000000, 1.959217102279369698E-16 ) ) ;
#2144 = ORIENTED_EDGE ( 'NONE', *, *, #1979, .F. ) ;
#2145 = CARTESIAN_POINT ( 'NONE',  ( 29.00046957425420047, 77.50000000000000000, -44.50000000000000000 ) ) ;
#2146 = CARTESIAN_POINT ( 'NONE',  ( -3.000009706449371372, 286.5000000000000000, -40.37501216797811310 ) ) ;
#2147 = LINE ( 'NONE', #995, #110 ) ;
#2148 = DIRECTION ( 'NONE',  ( 0.000000000000000000, 1.000000000000000000, 0.000000000000000000 ) ) ;
#2149 = AXIS2_PLACEMENT_3D ( 'NONE', #1568, #1940, #1957 ) ;
#2150 = CARTESIAN_POINT ( 'NONE',  ( -3.000000044703456048, -46.27508152002117470, 9.307919004353928827 ) ) ;
#2151 = ORIENTED_EDGE ( 'NONE', *, *, #2283, .T. ) ;
#2152 = ORIENTED_EDGE ( 'NONE', *, *, #1933, .T. ) ;
#2153 = EDGE_CURVE ( 'NONE', #1509, #1066, #2531, .T. ) ;
#2154 = ORIENTED_EDGE ( 'NONE', *, *, #1963, .T. ) ;
#2155 = VERTEX_POINT ( 'NONE', #190 ) ;
#2156 = CARTESIAN_POINT ( 'NONE',  ( 24.00046957425420047, 77.50000000000000000, -40.79785669972180528 ) ) ;
#2157 = PLANE ( 'NONE',  #1315 ) ;
#2158 = DIRECTION ( 'NONE',  ( 0.000000000000000000, -1.000000000000000000, 0.000000000000000000 ) ) ;
#2159 = UNCERTAINTY_MEASURE_WITH_UNIT (LENGTH_MEASURE( 1.000000000000000082E-05 ), #539, 'distance_accuracy_value', 'NONE');
#2160 = CARTESIAN_POINT ( 'NONE',  ( 20.99999953061340108, 291.8999999999999773, -57.99999886006119709 ) ) ;
#2161 = ORIENTED_EDGE ( 'NONE', *, *, #1230, .F. ) ;
#2162 = ADVANCED_FACE ( 'NONE', ( #590 ), #1968, .T. ) ;
#2163 = ORIENTED_EDGE ( 'NONE', *, *, #1931, .F. ) ;
#2164 = ORIENTED_EDGE ( 'NONE', *, *, #2061, .F. ) ;
#2165 = AXIS2_PLACEMENT_3D ( 'NONE', #1767, #1002, #214 ) ;
#2166 = DIRECTION ( 'NONE',  ( 0.000000000000000000, -1.000000000000000000, 0.000000000000000000 ) ) ;
#2167 = EDGE_CURVE ( 'NONE', #758, #2471, #1355, .T. ) ;
#2168 = CARTESIAN_POINT ( 'NONE',  ( 0.000000000000000000, 0.000000000000000000, 0.000000000000000000 ) ) ;
#2169 = ORIENTED_EDGE ( 'NONE', *, *, #2216, .T. ) ;
#2170 = EDGE_LOOP ( 'NONE', ( #767, #831, #2173, #12 ) ) ;
#2171 = CIRCLE ( 'NONE', #1925, 2.124999999999880096 ) ;
#2172 = DIRECTION ( 'NONE',  ( 0.000000000000000000, 0.000000000000000000, 1.000000000000000000 ) ) ;
#2173 = ORIENTED_EDGE ( 'NONE', *, *, #2057, .F. ) ;
#2174 = DIRECTION ( 'NONE',  ( -1.529887327950269838E-13, 0.000000000000000000, -1.000000000000000000 ) ) ;
#2175 = DIRECTION ( 'NONE',  ( 3.755166112701015158E-14, 0.000000000000000000, 1.000000000000000000 ) ) ;
#2176 = VECTOR ( 'NONE', #1017, 1000.000000000000000 ) ;
#2177 = LINE ( 'NONE', #1010, #2113 ) ;
#2178 = CARTESIAN_POINT ( 'NONE',  ( 22.24999999999949907, 228.9000000000000057, -50.00000000000140687 ) ) ;
#2179 = ORIENTED_EDGE ( 'NONE', *, *, #1826, .T. ) ;
#2180 = ORIENTED_EDGE ( 'NONE', *, *, #974, .F. ) ;
#2181 = ADVANCED_FACE ( 'NONE', ( #1207 ), #2398, .T. ) ;
#2182 = CARTESIAN_POINT ( 'NONE',  ( 6.596040475471299125, 77.50000000000000000, 17.50000000000000000 ) ) ;
#2183 = ORIENTED_EDGE ( 'NONE', *, *, #620, .T. ) ;
#2184 = EDGE_LOOP ( 'NONE', ( #407, #1749, #848, #1240, #727, #1476 ) ) ;
#2185 = LINE ( 'NONE', #434, #1437 ) ;
#2186 = AXIS2_PLACEMENT_3D ( 'NONE', #1905, #2120, #724 ) ;
#2187 = ORIENTED_EDGE ( 'NONE', *, *, #615, .F. ) ;
#2188 = DIRECTION ( 'NONE',  ( 7.888609052210119806E-31, 0.000000000000000000, 1.000000000000000000 ) ) ;
#2189 = CARTESIAN_POINT ( 'NONE',  ( 20.99999953061340108, -46.27508152002117470, -49.99952881642030178 ) ) ;
#2190 = CARTESIAN_POINT ( 'NONE',  ( 15.45000000000064411, 67.49899999999999523, -10.26710305025186010 ) ) ;
#2191 = VECTOR ( 'NONE', #2433, 1000.000000000000000 ) ;
#2192 = CARTESIAN_POINT ( 'NONE',  ( -3.000000044703459601, 77.50000000000000000, 6.020888824057289312 ) ) ;
#2193 = DIRECTION ( 'NONE',  ( -1.000000000000000000, 0.000000000000000000, 1.850371707708519660E-14 ) ) ;
#2194 = VERTEX_POINT ( 'NONE', #1167 ) ;
#2195 = VERTEX_POINT ( 'NONE', #27 ) ;
#2196 = DIRECTION ( 'NONE',  ( -0.000000000000000000, 1.000000000000000000, -0.000000000000000000 ) ) ;
#2197 = VERTEX_POINT ( 'NONE', #1339 ) ;
#2198 = CARTESIAN_POINT ( 'NONE',  ( 7.999999999999708677, 228.9000000000000057, -47.50000000000059686 ) ) ;
#2199 = AXIS2_PLACEMENT_3D ( 'NONE', #2214, #1845, #2424 ) ;
#2200 = CARTESIAN_POINT ( 'NONE',  ( 29.00046957425429994, 291.8999999999999773, -49.99952881642030178 ) ) ;
#2201 = DIRECTION ( 'NONE',  ( 1.013997426771979615E-06, 0.000000000000000000, -0.9999999999994858557 ) ) ;
#2202 = EDGE_CURVE ( 'NONE', #675, #1533, #624, .T. ) ;
#2203 = AXIS2_PLACEMENT_3D ( 'NONE', #1531, #171, #554 ) ;
#2204 = DIRECTION ( 'NONE',  ( 0.000000000000000000, 0.000000000000000000, 1.000000000000000000 ) ) ;
#2205 = VERTEX_POINT ( 'NONE', #424 ) ;
#2206 = EDGE_LOOP ( 'NONE', ( #1525, #121, #1027, #1955 ) ) ;
#2207 = DIRECTION ( 'NONE',  ( 0.000000000000000000, 1.000000000000000000, 0.000000000000000000 ) ) ;
#2208 = ORIENTED_EDGE ( 'NONE', *, *, #944, .T. ) ;
#2209 = DIRECTION ( 'NONE',  ( 0.000000000000000000, 0.000000000000000000, 1.000000000000000000 ) ) ;
#2210 = ORIENTED_EDGE ( 'NONE', *, *, #711, .T. ) ;
#2211 = CARTESIAN_POINT ( 'NONE',  ( 34.00000043213349699, 87.50000000000000000, 8.400192207394651334 ) ) ;
#2212 = EDGE_CURVE ( 'NONE', #1080, #1229, #1803, .T. ) ;
#2213 = AXIS2_PLACEMENT_3D ( 'NONE', #507, #1641, #111 ) ;
#2214 = CARTESIAN_POINT ( 'NONE',  ( 26.97949192431119769, -46.27508152002117470, 2.000000000000000000 ) ) ;
#2215 = VECTOR ( 'NONE', #1233, 1000.000000000000000 ) ;
#2216 = EDGE_CURVE ( 'NONE', #2457, #196, #375, .T. ) ;
#2217 = CARTESIAN_POINT ( 'NONE',  ( 31.29667966274210400, 77.50000000000000000, -39.50000000000000000 ) ) ;
#2218 = DIRECTION ( 'NONE',  ( -0.9999999999992533750, 0.000000000000000000, -1.221981178530897831E-06 ) ) ;
#2219 = ORIENTED_EDGE ( 'NONE', *, *, #2202, .T. ) ;
#2220 = LINE ( 'NONE', #467, #573 ) ;
#2221 = DIRECTION ( 'NONE',  ( 0.7071067811865480168, 0.000000000000000000, 0.7071067811865470176 ) ) ;
#2222 = EDGE_LOOP ( 'NONE', ( #1828, #224, #6, #799, #571, #1416, #1770, #815, #297, #240, #10, #2235, #2003, #2151, #2183, #754, #829, #435, #1309, #1265, #1138, #1611, #939 ) ) ;
#2223 = LINE ( 'NONE', #97, #2191 ) ;
#2224 = VECTOR ( 'NONE', #1388, 1000.000000000000114 ) ;
#2225 = DIRECTION ( 'NONE',  ( -0.000000000000000000, 1.000000000000000000, -0.000000000000000000 ) ) ;
#2226 = ADVANCED_FACE ( 'NONE', ( #2368 ), #820, .T. ) ;
#2227 = VECTOR ( 'NONE', #1102, 1000.000000000000000 ) ;
#2228 = LINE ( 'NONE', #839, #1121 ) ;
#2229 = FACE_OUTER_BOUND ( 'NONE', #1195, .T. ) ;
#2230 = EDGE_CURVE ( 'NONE', #34, #1782, #2185, .T. ) ;
#2231 = DIRECTION ( 'NONE',  ( 0.000000000000000000, 1.000000000000000000, 0.000000000000000000 ) ) ;
#2232 = EDGE_CURVE ( 'NONE', #1080, #985, #834, .T. ) ;
#2233 = CARTESIAN_POINT ( 'NONE',  ( 2.000000059604639890, 77.50000000000000000, -35.12812532689090261 ) ) ;
#2234 = CARTESIAN_POINT ( 'NONE',  ( 2.000000059604639002, -46.27508152002117470, 6.028599619816087634E-17 ) ) ;
#2235 = ORIENTED_EDGE ( 'NONE', *, *, #2128, .T. ) ;
#2236 = CARTESIAN_POINT ( 'NONE',  ( 14.61221363986586752, 77.50000000000000000, 13.36332643980367152 ) ) ;
#2237 = DIRECTION ( 'NONE',  ( 7.559161695137398755E-24, 1.000000000000000000, 7.664970507534772270E-30 ) ) ;
#2238 = AXIS2_PLACEMENT_3D ( 'NONE', #1151, #2109, #1137 ) ;
#2239 = CIRCLE ( 'NONE', #2199, 4.500000000000000000 ) ;
#2240 = PRODUCT_DEFINITION_CONTEXT ( 'detailed design', #1563, 'design' ) ;
#2241 = DIRECTION ( 'NONE',  ( 0.000000000000000000, -1.000000000000000000, -2.049642507000289605E-16 ) ) ;
#2242 = ORIENTED_EDGE ( 'NONE', *, *, #881, .T. ) ;
#2243 = EDGE_CURVE ( 'NONE', #77, #1219, #900, .T. ) ;
#2244 = LINE ( 'NONE', #2029, #1096 ) ;
#2245 = EDGE_CURVE ( 'NONE', #529, #1716, #448, .T. ) ;
#2246 = DIRECTION ( 'NONE',  ( -9.690049268019630847E-15, 0.000000000000000000, 1.000000000000000000 ) ) ;
#2247 = DIRECTION ( 'NONE',  ( 0.000000000000000000, 1.000000000000000000, 0.000000000000000000 ) ) ;
#2248 = VECTOR ( 'NONE', #161, 1000.000000000000000 ) ;
#2249 = CARTESIAN_POINT ( 'NONE',  ( -5.299999865763017404, 77.50000000000000000, -39.13979308004162050 ) ) ;
#2250 = AXIS2_PLACEMENT_3D ( 'NONE', #129, #2415, #2218 ) ;
#2251 = DIRECTION ( 'NONE',  ( 9.690049268019630847E-15, -4.318076274347819682E-46, -1.000000000000000000 ) ) ;
#2252 = DIRECTION ( 'NONE',  ( 0.000000000000000000, 0.000000000000000000, 1.000000000000000000 ) ) ;
#2253 = VERTEX_POINT ( 'NONE', #1452 ) ;
#2254 = ORIENTED_EDGE ( 'NONE', *, *, #2026, .T. ) ;
#2255 = DIRECTION ( 'NONE',  ( 0.000000000000000000, 0.000000000000000000, -1.000000000000000000 ) ) ;
#2256 = LINE ( 'NONE', #1672, #1344 ) ;
#2257 = EDGE_CURVE ( 'NONE', #1368, #203, #1032, .T. ) ;
#2258 = CARTESIAN_POINT ( 'NONE',  ( 22.25000000000007816, 286.5000000000000000, -40.37498656453333012 ) ) ;
#2259 = DIRECTION ( 'NONE',  ( 1.013997426771979403E-06, 0.000000000000000000, -0.9999999999994858557 ) ) ;
#2260 = ORIENTED_EDGE ( 'NONE', *, *, #107, .F. ) ;
#2261 = EDGE_CURVE ( 'NONE', #2039, #38, #888, .T. ) ;
#2262 = CARTESIAN_POINT ( 'NONE',  ( 0.1920809509425950024, 77.50000000000000000, 17.50000000000000000 ) ) ;
#2263 = VERTEX_POINT ( 'NONE', #1626 ) ;
#2264 = ORIENTED_EDGE ( 'NONE', *, *, #123, .F. ) ;
#2265 = DIRECTION ( 'NONE',  ( 0.000000000000000000, -1.000000000000000000, 0.000000000000000000 ) ) ;
#2266 = DIRECTION ( 'NONE',  ( 1.013997426150399733E-06, 0.000000000000000000, -0.9999999999994858557 ) ) ;
#2267 = CARTESIAN_POINT ( 'NONE',  ( -8.000000044703467594, -46.27508152002117470, 16.37898681621939900 ) ) ;
#2268 = CARTESIAN_POINT ( 'NONE',  ( 26.97949192431119769, 77.50000000000000000, 2.000000000000000000 ) ) ;
#2269 = VECTOR ( 'NONE', #1934, 1000.000000000000000 ) ;
#2270 = DIRECTION ( 'NONE',  ( 0.000000000000000000, 0.000000000000000000, -1.000000000000000000 ) ) ;
#2271 = EDGE_CURVE ( 'NONE', #373, #2381, #1220, .T. ) ;
#2272 = CYLINDRICAL_SURFACE ( 'NONE', #1107, 1.499999999998509415 ) ;
#2273 = EDGE_CURVE ( 'NONE', #2195, #758, #255, .T. ) ;
#2274 = ORIENTED_EDGE ( 'NONE', *, *, #859, .T. ) ;
#2275 = FACE_BOUND ( 'NONE', #2222, .T. ) ;
#2276 = EDGE_CURVE ( 'NONE', #2253, #1168, #661, .T. ) ;
#2277 = VERTEX_POINT ( 'NONE', #458 ) ;
#2278 = DIRECTION ( 'NONE',  ( 9.252072345184710225E-32, -1.000000000000000000, -2.049642507000289605E-16 ) ) ;
#2279 = VERTEX_POINT ( 'NONE', #2007 ) ;
#2280 = DIRECTION ( 'NONE',  ( 0.4490018906271652788, 0.000000000000000000, 0.8935308065272462574 ) ) ;
#2281 = CARTESIAN_POINT ( 'NONE',  ( -10.29999966807629974, 87.50000000000000000, -44.50000625979500057 ) ) ;
#2282 = AXIS2_PLACEMENT_3D ( 'NONE', #1534, #570, #971 ) ;
#2283 = EDGE_CURVE ( 'NONE', #1497, #2351, #94, .T. ) ;
#2284 = CARTESIAN_POINT ( 'NONE',  ( -3.000005396960307991, 286.5000000000000000, -44.62501216797569015 ) ) ;
#2285 = EDGE_CURVE ( 'NONE', #1382, #1637, #684, .T. ) ;
#2286 = CIRCLE ( 'NONE', #2496, 6.000000000000000000 ) ;
#2287 = DIRECTION ( 'NONE',  ( -3.688039094290997168E-08, 0.000000000000000000, 0.9999999999999993339 ) ) ;
#2288 = ORIENTED_EDGE ( 'NONE', *, *, #83, .F. ) ;
#2289 = LINE ( 'NONE', #1874, #797 ) ;
#2290 = DIRECTION ( 'NONE',  ( 0.000000000000000000, -1.000000000000000000, 0.000000000000000000 ) ) ;
#2291 = ORIENTED_EDGE ( 'NONE', *, *, #2016, .F. ) ;
#2292 = EDGE_LOOP ( 'NONE', ( #2274, #1984, #1974, #23 ) ) ;
#2293 = EDGE_CURVE ( 'NONE', #1323, #2141, #299, .T. ) ;
#2294 = AXIS2_PLACEMENT_3D ( 'NONE', #2464, #952, #2517 ) ;
#2295 = DIRECTION ( 'NONE',  ( 1.000000000000000000, 0.000000000000000000, 0.000000000000000000 ) ) ;
#2296 = EDGE_LOOP ( 'NONE', ( #604, #1376, #1364, #228 ) ) ;
#2297 = DIRECTION ( 'NONE',  ( 8.223104688752398375E-17, 1.000000000000000000, 1.636429048090599671E-16 ) ) ;
#2298 = CARTESIAN_POINT ( 'NONE',  ( -2.999999940394983522, -46.27508152002117470, -44.49999885761410212 ) ) ;
#2299 = CARTESIAN_POINT ( 'NONE',  ( 15.45000000000064411, 87.50000000000008527, -10.26710305025185654 ) ) ;
#2300 = CARTESIAN_POINT ( 'NONE',  ( 31.29667966274205071, 67.50000000000000000, 3.500000000000016875 ) ) ;
#2301 = EDGE_CURVE ( 'NONE', #38, #786, #866, .T. ) ;
#2302 = LINE ( 'NONE', #2315, #1629 ) ;
#2303 = ADVANCED_FACE ( 'NONE', ( #69 ), #1440, .T. ) ;
#2304 = ORIENTED_EDGE ( 'NONE', *, *, #1521, .T. ) ;
#2305 = VECTOR ( 'NONE', #438, 1000.000000000000000 ) ;
#2306 = ORIENTED_EDGE ( 'NONE', *, *, #83, .T. ) ;
#2307 = VECTOR ( 'NONE', #1628, 1000.000000000000000 ) ;
#2308 = EDGE_CURVE ( 'NONE', #71, #1434, #867, .T. ) ;
#2309 = DIRECTION ( 'NONE',  ( -3.274530163146411011E-07, -6.573842455432751560E-32, -0.9999999999999463762 ) ) ;
#2310 = ORIENTED_EDGE ( 'NONE', *, *, #2408, .T. ) ;
#2311 = LINE ( 'NONE', #538, #80 ) ;
#2312 = DIRECTION ( 'NONE',  ( 1.000000000000000000, 2.049642507000289605E-16, 0.000000000000000000 ) ) ;
#2313 = CARTESIAN_POINT ( 'NONE',  ( 30.79343914430069873, 77.50000000000000000, 7.514479904756689699 ) ) ;
#2314 = CARTESIAN_POINT ( 'NONE',  ( 5.414588792514891754E-14, -46.27508152002117470, -44.50000000000002842 ) ) ;
#2315 = CARTESIAN_POINT ( 'NONE',  ( -2.999999940394229458, 291.8999999999999773, -50.00625469643669874 ) ) ;
#2316 = ORIENTED_EDGE ( 'NONE', *, *, #316, .T. ) ;
#2317 = ORIENTED_EDGE ( 'NONE', *, *, #1794, .F. ) ;
#2318 = VECTOR ( 'NONE', #2078, 1000.000000000000000 ) ;
#2319 = ADVANCED_FACE ( 'NONE', ( #1247 ), #1257, .F. ) ;
#2320 = EDGE_CURVE ( 'NONE', #1719, #2421, #281, .T. ) ;
#2321 = CARTESIAN_POINT ( 'NONE',  ( 29.00000043213350054, 77.50000000000000000, 9.307918616923920752 ) ) ;
#2322 = EDGE_LOOP ( 'NONE', ( #1591, #324, #416, #2127, #1701 ) ) ;
#2323 = EDGE_CURVE ( 'NONE', #2523, #2155, #292, .T. ) ;
#2324 = CARTESIAN_POINT ( 'NONE',  ( 2.000000059604639890, 77.50000000000000000, -40.79828314055789917 ) ) ;
#2325 = CARTESIAN_POINT ( 'NONE',  ( 20.99999953061340108, -46.27508152002117470, -52.99999886006120420 ) ) ;
#2326 = LINE ( 'NONE', #1281, #1082 ) ;
#2327 = CARTESIAN_POINT ( 'NONE',  ( 18.00000000000029843, 87.50000000000000000, -36.00000000000129319 ) ) ;
#2328 = DIRECTION ( 'NONE',  ( 0.000000000000000000, -1.000000000000000000, 0.000000000000000000 ) ) ;
#2329 = ORIENTED_EDGE ( 'NONE', *, *, #2257, .F. ) ;
#2330 = ORIENTED_EDGE ( 'NONE', *, *, #1530, .F. ) ;
#2331 = AXIS2_PLACEMENT_3D ( 'NONE', #182, #1725, #1321 ) ;
#2332 = DIRECTION ( 'NONE',  ( -0.000000000000000000, 1.000000000000000000, 0.000000000000000000 ) ) ;
#2333 = ORIENTED_EDGE ( 'NONE', *, *, #325, .T. ) ;
#2334 = VECTOR ( 'NONE', #323, 1000.000000000000000 ) ;
#2335 = VECTOR ( 'NONE', #269, 1000.000000000000000 ) ;
#2336 = ORIENTED_EDGE ( 'NONE', *, *, #993, .F. ) ;
#2337 = CARTESIAN_POINT ( 'NONE',  ( 27.87898686092290035, -46.27508152002117470, 22.50000000000000000 ) ) ;
#2338 = ORIENTED_EDGE ( 'NONE', *, *, #2167, .F. ) ;
#2339 = LINE ( 'NONE', #436, #1486 ) ;
#2340 = CARTESIAN_POINT ( 'NONE',  ( -3.000007551704839681, 286.5000000000000000, -42.50001216797689807 ) ) ;
#2341 = DIRECTION ( 'NONE',  ( -9.339063021444278218E-46, -1.000000000000000000, -2.049642507000289605E-16 ) ) ;
#2342 = CARTESIAN_POINT ( 'NONE',  ( 36.29999999999999716, 77.50000000000000000, -35.50000229217099701 ) ) ;
#2343 = ADVANCED_FACE ( 'NONE', ( #105 ), #1665, .T. ) ;
#2344 = DIRECTION ( 'NONE',  ( 0.000000000000000000, 0.000000000000000000, 1.000000000000000000 ) ) ;
#2345 = VERTEX_POINT ( 'NONE', #1461 ) ;
#2346 = VERTEX_POINT ( 'NONE', #1302 ) ;
#2347 = CIRCLE ( 'NONE', #1243, 2.993750606696737648 ) ;
#2348 =( NAMED_UNIT ( * ) SI_UNIT ( $, .STERADIAN. ) SOLID_ANGLE_UNIT ( ) );
#2349 = ORIENTED_EDGE ( 'NONE', *, *, #1944, .F. ) ;
#2350 = AXIS2_PLACEMENT_3D ( 'NONE', #1003, #227, #602 ) ;
#2351 = VERTEX_POINT ( 'NONE', #2067 ) ;
#2352 = CARTESIAN_POINT ( 'NONE',  ( 3.750000000000469846, 291.8999999999999773, -31.99999999999900169 ) ) ;
#2353 = LINE ( 'NONE', #2146, #268 ) ;
#2354 = FACE_OUTER_BOUND ( 'NONE', #1475, .T. ) ;
#2355 = EDGE_CURVE ( 'NONE', #68, #991, #547, .T. ) ;
#2356 = DIRECTION ( 'NONE',  ( 9.252072345184710225E-32, -1.000000000000000000, -2.049642507000289605E-16 ) ) ;
#2357 = EDGE_CURVE ( 'NONE', #2205, #1248, #311, .T. ) ;
#2358 = DIRECTION ( 'NONE',  ( -3.255149356029848020E-16, 0.000000000000000000, -1.000000000000000000 ) ) ;
#2359 = ORIENTED_EDGE ( 'NONE', *, *, #1944, .T. ) ;
#2360 = CLOSED_SHELL ( 'NONE', ( #2412, #248, #1740, #625, #2343, #1128, #1796, #1671, #1557, #2019, #2436, #530, #453, #2181, #1075, #2362, #1104, #2086, #1868, #423, #843, #650, #70, #2463, #1114, #1298, #1693, #1856, #1347, #583, #304, #237, #1967, #2096, #314, #212, #2319, #884, #1044, #213, #1610, #1723, #1212, #1807, #1237, #2162, #279, #1162, #1260, #533, #668, #2483, #1639, #1751, #1223, #63, #1985, #180, #772, #2303, #1586, #919, #2226, #26, #913, #1574, #172, #1774, #1710, #1737, #1889, #233, #1148, #2090 ) ) ;
#2361 = VERTEX_POINT ( 'NONE', #124 ) ;
#2362 = ADVANCED_FACE ( 'NONE', ( #535, #1093 ), #1523, .T. ) ;
#2363 = DIRECTION ( 'NONE',  ( 0.000000000000000000, 0.000000000000000000, 1.000000000000000000 ) ) ;
#2364 = VECTOR ( 'NONE', #1797, 1000.000000000000000 ) ;
#2365 = APPLICATION_PROTOCOL_DEFINITION ( 'draft international standard', 'automotive_design', 1998, #1563 ) ;
#2366 = ORIENTED_EDGE ( 'NONE', *, *, #961, .F. ) ;
#2367 = ORIENTED_EDGE ( 'NONE', *, *, #384, .F. ) ;
#2368 = FACE_OUTER_BOUND ( 'NONE', #1535, .T. ) ;
#2369 = ORIENTED_EDGE ( 'NONE', *, *, #1401, .F. ) ;
#2370 = CARTESIAN_POINT ( 'NONE',  ( 36.29667966274204360, 67.50000000000000000, -44.49999999999997868 ) ) ;
#2371 = CYLINDRICAL_SURFACE ( 'NONE', #581, 7.993750606696748306 ) ;
#2372 = DIRECTION ( 'NONE',  ( -1.000000000000000000, 0.000000000000000000, 5.548947959195800427E-16 ) ) ;
#2373 = DIRECTION ( 'NONE',  ( -0.9999999999994859667, 0.000000000000000000, -1.013997426771979827E-06 ) ) ;
#2374 = EDGE_CURVE ( 'NONE', #1168, #2100, #1555, .T. ) ;
#2375 = DIRECTION ( 'NONE',  ( -1.554312234475119949E-13, 0.000000000000000000, -1.000000000000000000 ) ) ;
#2376 = CIRCLE ( 'NONE', #1180, 1.499999999998540723 ) ;
#2377 = VERTEX_POINT ( 'NONE', #2258 ) ;
#2378 = EDGE_LOOP ( 'NONE', ( #1274, #2008 ) ) ;
#2379 = CARTESIAN_POINT ( 'NONE',  ( -10.29999986576284954, -46.27508152002117470, -39.13979815003389717 ) ) ;
#2380 = CARTESIAN_POINT ( 'NONE',  ( 28.99991904905740014, -46.27508152002117470, 14.30799999999999983 ) ) ;
#2381 = VERTEX_POINT ( 'NONE', #2267 ) ;
#2382 = ORIENTED_EDGE ( 'NONE', *, *, #2374, .T. ) ;
#2383 = VECTOR ( 'NONE', #2287, 1000.000000000000000 ) ;
#2384 = DIRECTION ( 'NONE',  ( -0.7071067811865470176, 1.449316115708099850E-16, -0.7071067811865480168 ) ) ;
#2385 = ORIENTED_EDGE ( 'NONE', *, *, #1277, .F. ) ;
#2386 = LINE ( 'NONE', #1733, #468 ) ;
#2387 = PLANE ( 'NONE',  #2024 ) ;
#2388 = DIRECTION ( 'NONE',  ( 0.000000000000000000, 0.000000000000000000, 1.000000000000000000 ) ) ;
#2389 = FACE_OUTER_BOUND ( 'NONE', #1494, .T. ) ;
#2390 = PLANE ( 'NONE',  #145 ) ;
#2391 = CARTESIAN_POINT ( 'NONE',  ( 2.000000059604649660, 87.50000000000000000, -50.00625122375109299 ) ) ;
#2392 = VERTEX_POINT ( 'NONE', #1290 ) ;
#2393 = ORIENTED_EDGE ( 'NONE', *, *, #1230, .T. ) ;
#2394 = EDGE_CURVE ( 'NONE', #977, #1783, #1720, .T. ) ;
#2395 = DIRECTION ( 'NONE',  ( -3.688039093805997352E-08, 0.000000000000000000, 0.9999999999999993339 ) ) ;
#2396 = ORIENTED_EDGE ( 'NONE', *, *, #738, .F. ) ;
#2397 = EDGE_CURVE ( 'NONE', #335, #2527, #208, .T. ) ;
#2398 = PLANE ( 'NONE',  #216 ) ;
#2399 = CARTESIAN_POINT ( 'NONE',  ( 4.993750666299909824, -46.27508152002117470, -50.00624825336440438 ) ) ;
#2400 = CARTESIAN_POINT ( 'NONE',  ( 29.00000043213350054, -46.27508152002117470, 9.307918616923929633 ) ) ;
#2401 = DIRECTION ( 'NONE',  ( 0.9999999999994859667, 0.000000000000000000, 1.013997426764959830E-06 ) ) ;
#2402 = LINE ( 'NONE', #643, #1899 ) ;
#2403 = CARTESIAN_POINT ( 'NONE',  ( 26.97949192431119769, 87.50000000000000000, 2.000000000000000000 ) ) ;
#2404 = EDGE_LOOP ( 'NONE', ( #1101, #1013, #1510, #349, #2317, #2484 ) ) ;
#2405 = ORIENTED_EDGE ( 'NONE', *, *, #1360, .T. ) ;
#2406 = CARTESIAN_POINT ( 'NONE',  ( 36.29999705292320300, 67.50000000000000000, -44.50000000000000000 ) ) ;
#2407 = ORIENTED_EDGE ( 'NONE', *, *, #13, .T. ) ;
#2408 = EDGE_CURVE ( 'NONE', #1229, #868, #1890, .T. ) ;
#2409 = EDGE_CURVE ( 'NONE', #1848, #584, #1913, .T. ) ;
#2410 = DIRECTION ( 'NONE',  ( -0.000000000000000000, -1.000000000000000000, -0.000000000000000000 ) ) ;
#2411 = EDGE_LOOP ( 'NONE', ( #1823, #1688, #360 ) ) ;
#2412 = ADVANCED_FACE ( 'NONE', ( #2462 ), #150, .F. ) ;
#2413 = CARTESIAN_POINT ( 'NONE',  ( 29.00045842117000205, 87.50000000000000000, -39.00040400203170066 ) ) ;
#2414 = EDGE_CURVE ( 'NONE', #1051, #444, #2494, .T. ) ;
#2415 = DIRECTION ( 'NONE',  ( 8.434626895571049927E-54, 1.000000000000000000, 5.478109015210919458E-47 ) ) ;
#2416 = ORIENTED_EDGE ( 'NONE', *, *, #168, .T. ) ;
#2417 = DIRECTION ( 'NONE',  ( 0.7071067811865470176, 1.449316115708101576E-16, -0.7071067811865480168 ) ) ;
#2418 = VECTOR ( 'NONE', #2278, 1000.000000000000000 ) ;
#2419 = EDGE_CURVE ( 'NONE', #977, #335, #2488, .T. ) ;
#2420 = CARTESIAN_POINT ( 'NONE',  ( 29.00046957425375993, -46.27508152002117470, 2.810159789702231856E-13 ) ) ;
#2421 = VERTEX_POINT ( 'NONE', #522 ) ;
#2422 = CARTESIAN_POINT ( 'NONE',  ( 4.993750666299909824, 87.50000000000000000, -52.99999886006120420 ) ) ;
#2423 = AXIS2_PLACEMENT_3D ( 'NONE', #1420, #2148, #427 ) ;
#2424 = DIRECTION ( 'NONE',  ( 1.541976423090495239E-15, 0.000000000000000000, -1.000000000000000000 ) ) ;
#2425 = VECTOR ( 'NONE', #1197, 1000.000000000000000 ) ;
#2426 = EDGE_CURVE ( 'NONE', #1754, #38, #2089, .T. ) ;
#2427 = LINE ( 'NONE', #1456, #1717 ) ;
#2428 = VERTEX_POINT ( 'NONE', #361 ) ;
#2429 = CARTESIAN_POINT ( 'NONE',  ( 36.29999705292313905, 87.50000000000000000, 3.837983717968822095 ) ) ;
#2430 = CARTESIAN_POINT ( 'NONE',  ( 15.45000000000064411, 77.50000000000000000, -10.26710305025185832 ) ) ;
#2431 = CARTESIAN_POINT ( 'NONE',  ( 36.29999705292313905, 77.50000000000000000, 3.837983717968839414 ) ) ;
#2432 = EDGE_LOOP ( 'NONE', ( #869, #743, #803, #239 ) ) ;
#2433 = DIRECTION ( 'NONE',  ( 7.888609052210119806E-31, 0.000000000000000000, 1.000000000000000000 ) ) ;
#2434 = DIRECTION ( 'NONE',  ( 0.9999999999994859667, 0.000000000000000000, 1.013997426957900171E-06 ) ) ;
#2435 = AXIS2_PLACEMENT_3D ( 'NONE', #1604, #610, #220 ) ;
#2436 = ADVANCED_FACE ( 'NONE', ( #924 ), #1511, .F. ) ;
#2437 = VECTOR ( 'NONE', #1865, 1000.000000000000000 ) ;
#2438 = DIRECTION ( 'NONE',  ( 0.9999999999994858557, 0.000000000000000000, 1.013997426764959618E-06 ) ) ;
#2439 = ORIENTED_EDGE ( 'NONE', *, *, #504, .F. ) ;
#2440 = FACE_OUTER_BOUND ( 'NONE', #1966, .T. ) ;
#2441 = EDGE_CURVE ( 'NONE', #1582, #1715, #694, .T. ) ;
#2442 = DIRECTION ( 'NONE',  ( 0.000000000000000000, 0.000000000000000000, -1.000000000000000000 ) ) ;
#2443 = CARTESIAN_POINT ( 'NONE',  ( 1.380496540072310607E-29, -46.27508152002117470, 17.50000000000000000 ) ) ;
#2444 = CARTESIAN_POINT ( 'NONE',  ( 22.24999999999991829, 286.5000000000000000, -44.62498656453527701 ) ) ;
#2445 = VECTOR ( 'NONE', #85, 1000.000000000000000 ) ;
#2446 = DIRECTION ( 'NONE',  ( -3.688039094290997168E-08, 0.000000000000000000, 0.9999999999999993339 ) ) ;
#2447 = ORIENTED_EDGE ( 'NONE', *, *, #301, .F. ) ;
#2448 = EDGE_LOOP ( 'NONE', ( #2306, #1130, #1812, #1871, #363, #905, #607, #718 ) ) ;
#2449 = DIRECTION ( 'NONE',  ( 0.000000000000000000, 0.000000000000000000, 1.000000000000000000 ) ) ;
#2450 = FACE_BOUND ( 'NONE', #245, .T. ) ;
#2451 = PLANE ( 'NONE',  #2080 ) ;
#2452 = FACE_OUTER_BOUND ( 'NONE', #1898, .T. ) ;
#2453 = AXIS2_PLACEMENT_3D ( 'NONE', #1050, #1859, #1263 ) ;
#2454 = PLANE ( 'NONE',  #2498 ) ;
#2455 = VECTOR ( 'NONE', #2207, 1000.000000000000000 ) ;
#2456 = AXIS2_PLACEMENT_3D ( 'NONE', #2198, #81, #856 ) ;
#2457 = VERTEX_POINT ( 'NONE', #937 ) ;
#2458 = DIRECTION ( 'NONE',  ( 0.000000000000000000, -1.000000000000000000, -2.049642507000289605E-16 ) ) ;
#2459 = CARTESIAN_POINT ( 'NONE',  ( 13.00000000000000000, 77.50000000000000000, -20.24999943003059855 ) ) ;
#2460 = EDGE_CURVE ( 'NONE', #2253, #464, #1718, .T. ) ;
#2461 = VECTOR ( 'NONE', #1624, 1000.000000000000000 ) ;
#2462 = FACE_OUTER_BOUND ( 'NONE', #257, .T. ) ;
#2463 = ADVANCED_FACE ( 'NONE', ( #175, #950 ), #2451, .T. ) ;
#2464 = CARTESIAN_POINT ( 'NONE',  ( 14.61221363986586752, 77.50000000000000000, 10.86387164178326614 ) ) ;
#2465 = DIRECTION ( 'NONE',  ( -2.049642507000289605E-16, 1.000000000000000000, 0.000000000000000000 ) ) ;
#2466 = CARTESIAN_POINT ( 'NONE',  ( 5.845252919714149620, 77.50000000000000000, -39.49998988854790127 ) ) ;
#2467 = EDGE_CURVE ( 'NONE', #2197, #534, #692, .T. ) ;
#2468 = VECTOR ( 'NONE', #86, 1000.000000000000000 ) ;
#2469 = DIRECTION ( 'NONE',  ( -1.000000000000000000, -1.616882843451709956E-46, 7.888609052210119806E-31 ) ) ;
#2470 = ORIENTED_EDGE ( 'NONE', *, *, #881, .F. ) ;
#2471 = VERTEX_POINT ( 'NONE', #2380 ) ;
#2472 = DIRECTION ( 'NONE',  ( 1.820163057460899999E-30, 1.000000000000000000, 1.616376292173055216E-44 ) ) ;
#2473 = DIRECTION ( 'NONE',  ( 0.000000000000000000, 0.000000000000000000, -1.000000000000000000 ) ) ;
#2474 = ORIENTED_EDGE ( 'NONE', *, *, #96, .F. ) ;
#2475 = DIRECTION ( 'NONE',  ( 0.000000000000000000, 0.000000000000000000, 1.000000000000000000 ) ) ;
#2476 = EDGE_CURVE ( 'NONE', #835, #1051, #1546, .T. ) ;
#2477 = ORIENTED_EDGE ( 'NONE', *, *, #1401, .T. ) ;
#2478 = CARTESIAN_POINT ( 'NONE',  ( 24.00046957425420047, 77.50000000000000000, -40.79785669972180528 ) ) ;
#2479 = CARTESIAN_POINT ( 'NONE',  ( 7.999999999999690026, 228.9000000000000057, -48.99999999999909761 ) ) ;
#2480 = DIRECTION ( 'NONE',  ( -1.606111199752450005E-31, 1.000000000000000000, 1.959217102279369698E-16 ) ) ;
#2481 = LINE ( 'NONE', #343, #1469 ) ;
#2482 = AXIS2_PLACEMENT_3D ( 'NONE', #810, #2356, #1200 ) ;
#2483 = ADVANCED_FACE ( 'NONE', ( #1768 ), #1336, .T. ) ;
#2484 = ORIENTED_EDGE ( 'NONE', *, *, #1627, .F. ) ;
#2485 = PLANE ( 'NONE',  #851 ) ;
#2486 = ORIENTED_EDGE ( 'NONE', *, *, #2243, .F. ) ;
#2487 = ORIENTED_EDGE ( 'NONE', *, *, #1374, .T. ) ;
#2488 = LINE ( 'NONE', #1926, #2418 ) ;
#2489 = VECTOR ( 'NONE', #850, 1000.000000000000000 ) ;
#2490 = ORIENTED_EDGE ( 'NONE', *, *, #1470, .F. ) ;
#2491 = COLOUR_RGB ( '',0.7921568627450980005, 0.8196078431372548767, 0.9333333333333333481 ) ;
#2492 = DIRECTION ( 'NONE',  ( 0.000000000000000000, -1.000000000000000000, -2.049642507000289605E-16 ) ) ;
#2493 = CARTESIAN_POINT ( 'NONE',  ( -2.999999940394240117, 87.50000000000000000, -50.00625469643669874 ) ) ;
#2494 = CIRCLE ( 'NONE', #1299, 1.499999999998509415 ) ;
#2495 = CARTESIAN_POINT ( 'NONE',  ( -5.299999865763017404, 67.50000000000000000, -39.13979308004162050 ) ) ;
#2496 = AXIS2_PLACEMENT_3D ( 'NONE', #2430, #1056, #1836 ) ;
#2497 = PLANE ( 'NONE',  #2331 ) ;
#2498 = AXIS2_PLACEMENT_3D ( 'NONE', #1474, #101, #1283 ) ;
#2499 = EDGE_CURVE ( 'NONE', #2392, #1161, #757, .T. ) ;
#2500 = CARTESIAN_POINT ( 'NONE',  ( 28.99991904905739659, -46.27508152002117470, 9.307999999999994500 ) ) ;
#2501 = ORIENTED_EDGE ( 'NONE', *, *, #2048, .T. ) ;
#2502 = EDGE_LOOP ( 'NONE', ( #2219, #1490, #1489, #623 ) ) ;
#2503 = VECTOR ( 'NONE', #2246, 1000.000000000000000 ) ;
#2504 = CARTESIAN_POINT ( 'NONE',  ( 15.45000000000064411, 67.49899999999999523, -4.267103050251859209 ) ) ;
#2505 = ORIENTED_EDGE ( 'NONE', *, *, #756, .T. ) ;
#2506 = CYLINDRICAL_SURFACE ( 'NONE', #447, 9.499999999999996447 ) ;
#2507 = FACE_BOUND ( 'NONE', #805, .T. ) ;
#2508 = CARTESIAN_POINT ( 'NONE',  ( 20.99999953061340108, 291.8999999999999773, -57.99999886006119709 ) ) ;
#2509 = DIRECTION ( 'NONE',  ( -4.625929269276082804E-15, 0.000000000000000000, -1.000000000000000000 ) ) ;
#2510 = EDGE_CURVE ( 'NONE', #372, #1441, #1843, .T. ) ;
#2511 = FACE_OUTER_BOUND ( 'NONE', #2322, .T. ) ;
#2512 = ORIENTED_EDGE ( 'NONE', *, *, #561, .T. ) ;
#2513 = AXIS2_PLACEMENT_3D ( 'NONE', #127, #1709, #954 ) ;
#2514 = ORIENTED_EDGE ( 'NONE', *, *, #1565, .F. ) ;
#2515 = VECTOR ( 'NONE', #1820, 1000.000000000000000 ) ;
#2516 = ORIENTED_EDGE ( 'NONE', *, *, #380, .F. ) ;
#2517 = DIRECTION ( 'NONE',  ( 0.000000000000000000, 0.000000000000000000, 1.000000000000000000 ) ) ;
#2518 = DIRECTION ( 'NONE',  ( 3.688039093805998013E-08, 0.000000000000000000, -0.9999999999999993339 ) ) ;
#2519 = DIRECTION ( 'NONE',  ( 3.750086511940739506E-14, 0.000000000000000000, 1.000000000000000000 ) ) ;
#2520 = CARTESIAN_POINT ( 'NONE',  ( -3.000011107052739767, 291.8999999999999773, -38.99374301880279603 ) ) ;
#2521 = CARTESIAN_POINT ( 'NONE',  ( 14.61221363986586752, 87.50000000000000000, 10.86387164178326792 ) ) ;
#2522 = DIRECTION ( 'NONE',  ( 0.7071067811865480168, 0.000000000000000000, 0.7071067811865470176 ) ) ;
#2523 = VERTEX_POINT ( 'NONE', #817 ) ;
#2524 = ORIENTED_EDGE ( 'NONE', *, *, #2230, .T. ) ;
#2525 = AXIS2_PLACEMENT_3D ( 'NONE', #901, #929, #916 ) ;
#2526 = DIRECTION ( 'NONE',  ( 1.000000000000000000, 0.000000000000000000, 0.000000000000000000 ) ) ;
#2527 = VERTEX_POINT ( 'NONE', #1752 ) ;
#2528 = VERTEX_POINT ( 'NONE', #2321 ) ;
#2529 = AXIS2_PLACEMENT_3D ( 'NONE', #1645, #1091, #1875 ) ;
#2530 = EDGE_CURVE ( 'NONE', #1867, #372, #557, .T. ) ;
#2531 = LINE ( 'NONE', #2352, #370 ) ;
ENDSEC;
END-ISO-10303-21;
