ISO-10303-21;
HEADER;
FILE_DESCRIPTION (( 'STEP AP203' ),
    '1' );
FILE_NAME ('penetrolyzer_main.STEP',
    '2026-08-31T04:32:07',
    ( '' ),
    ( '' ),
    'SwSTEP 2.0',
    'SolidWorks 2026',
    '' );
FILE_SCHEMA (( 'CONFIG_CONTROL_DESIGN' ));
ENDSEC;

DATA;
#1 = CARTESIAN_POINT ( 'NONE',  ( 9.233003983354372224, -8.303432143547262001, 41.77710781091108316 ) ) ;
#2 = DIRECTION ( 'NONE',  ( 9.355088397137460852E-31, -1.000000000000000000, -1.959217102279369698E-16 ) ) ;
#3 = ORIENTED_EDGE ( 'NONE', *, *, #2669, .T. ) ;
#4 = ORIENTED_EDGE ( 'NONE', *, *, #293, .T. ) ;
#5 = COORDINATED_UNIVERSAL_TIME_OFFSET ( 8, 0, .BEHIND. ) ;
#6 = ORIENTED_EDGE ( 'NONE', *, *, #449, .F. ) ;
#7 = LINE ( 'NONE', #2171, #927 ) ;
#8 = LINE ( 'NONE', #3543, #1756 ) ;
#9 = CARTESIAN_POINT ( 'NONE',  ( 19.28896607572734467, -34.32280151418458303, 39.00000000000007816 ) ) ;
#10 = DIRECTION ( 'NONE',  ( -0.6546536707079718687, 0.000000000000000000, -0.7559289460184589471 ) ) ;
#11 = EDGE_CURVE ( 'NONE', #2201, #1489, #3500, .T. ) ;
#12 = CYLINDRICAL_SURFACE ( 'NONE', #3323, 4.999999999999997335 ) ;
#13 = DIRECTION ( 'NONE',  ( 1.959217102279369698E-16, 1.000000000000000000, -3.144753976324933694E-28 ) ) ;
#14 = DIRECTION ( 'NONE',  ( 3.995004817367950856E-31, 1.000000000000000000, -3.165304382199309869E-29 ) ) ;
#15 = VERTEX_POINT ( 'NONE', #1967 ) ;
#16 = ORIENTED_EDGE ( 'NONE', *, *, #1544, .F. ) ;
#17 = AXIS2_PLACEMENT_3D ( 'NONE', #2211, #1348, #1388 ) ;
#18 = EDGE_CURVE ( 'NONE', #2272, #2878, #3086, .T. ) ;
#19 = B_SPLINE_CURVE_WITH_KNOTS ( 'NONE', 3,
 ( #2036, #2608, #2868, #2103, #2642, #2625, #1564, #1526, #953, #2316, #720, #1206, #2298, #3412, #1226, #666, #2905, #1759, #1509, #149 ),
 .UNSPECIFIED., .F., .F.,
 ( 4, 2, 2, 2, 2, 2, 2, 2, 2, 4 ),
 ( 0.000000000000000000, 6.340036551939824639E-05, 0.0001268007310387964928, 0.0002536014620775825772, 0.0005072029241551497588, 0.001014405848310289543, 0.002028811696620573448, 0.004057623393241143427, 0.006086435089861713839, 0.008115246786482285118 ),
 .UNSPECIFIED. ) ;
#20 = CONICAL_SURFACE ( 'NONE', #2599, 8.250000000000005329, 0.7853981633974476129 ) ;
#21 = FACE_OUTER_BOUND ( 'NONE', #2261, .T. ) ;
#22 = CARTESIAN_POINT ( 'NONE',  ( -9.037121567706197567, -116.4999999478459785, 28.30000000000000071 ) ) ;
#23 = ORIENTED_EDGE ( 'NONE', *, *, #2831, .F. ) ;
#24 = VECTOR ( 'NONE', #2852, 1000.000000000000000 ) ;
#25 = APPLICATION_CONTEXT ( 'configuration controlled 3d designs of mechanical parts and assemblies' ) ;
#26 = VERTEX_POINT ( 'NONE', #113 ) ;
#27 = DIRECTION ( 'NONE',  ( 1.000000000000000000, -3.599519737876700206E-31, 6.612135081886870379E-15 ) ) ;
#28 = CARTESIAN_POINT ( 'NONE',  ( 19.24237035658210004, 10.00000005215379950, -0.5000000000000720535 ) ) ;
#29 = DIRECTION ( 'NONE',  ( 0.000000000000000000, 0.000000000000000000, -1.000000000000000000 ) ) ;
#30 = LINE ( 'NONE', #3326, #1508 ) ;
#31 = DIRECTION ( 'NONE',  ( -1.000000000000000000, 0.000000000000000000, -6.938893903907228378E-15 ) ) ;
#32 = CARTESIAN_POINT ( 'NONE',  ( -3.480196636617418626, -9.659285654471682747, 41.82369924756676483 ) ) ;
#33 = EDGE_CURVE ( 'NONE', #3149, #214, #3376, .T. ) ;
#34 = PLANE ( 'NONE',  #3123 ) ;
#35 = EDGE_LOOP ( 'NONE', ( #2583, #2991, #541, #2463 ) ) ;
#36 = ORIENTED_EDGE ( 'NONE', *, *, #3273, .F. ) ;
#37 = CARTESIAN_POINT ( 'NONE',  ( 9.327692238826692517, -9.954597232443777699, 41.95545459304931057 ) ) ;
#38 = EDGE_CURVE ( 'NONE', #2694, #1863, #3121, .T. ) ;
#39 = FACE_OUTER_BOUND ( 'NONE', #2534, .T. ) ;
#40 = ORIENTED_EDGE ( 'NONE', *, *, #2254, .T. ) ;
#41 = EDGE_CURVE ( 'NONE', #1646, #2772, #1207, .T. ) ;
#42 = ORIENTED_EDGE ( 'NONE', *, *, #821, .T. ) ;
#43 = LINE ( 'NONE', #2016, #3527 ) ;
#44 = CIRCLE ( 'NONE', #3557, 9.500000000000003553 ) ;
#45 = CARTESIAN_POINT ( 'NONE',  ( 0.7724955128472364985, -11.08017074701004212, 43.25195711119192055 ) ) ;
#46 = CARTESIAN_POINT ( 'NONE',  ( -9.037121567729400340, 0.5485211521307939986, 37.00000000000000000 ) ) ;
#47 = CARTESIAN_POINT ( 'NONE',  ( 7.087469728886151898, -33.81302793978507992, 45.90306937392863063 ) ) ;
#48 = TOROIDAL_SURFACE ( 'NONE', #3209, 16.99999999999999289, 2.000000000000000000 ) ;
#49 = CARTESIAN_POINT ( 'NONE',  ( -9.116476596012798694, -114.8818310705087811, -2.967901757567116938 ) ) ;
#50 = CARTESIAN_POINT ( 'NONE',  ( -3.160752480939575282, -10.44237484703449326, 42.29223710508931333 ) ) ;
#51 = DIRECTION ( 'NONE',  ( 1.000000000000000000, 0.000000000000000000, -1.603068372491023297E-12 ) ) ;
#52 = ORIENTED_EDGE ( 'NONE', *, *, #2249, .T. ) ;
#53 = ORIENTED_EDGE ( 'NONE', *, *, #979, .F. ) ;
#54 = APPROVAL ( #539, 'UNSPECIFIED' ) ;
#55 = CARTESIAN_POINT ( 'NONE',  ( 9.663582204111961005, -6.910934613888772837, 42.84203120739380211 ) ) ;
#56 = DIRECTION ( 'NONE',  ( -1.000000000000000000, 1.959217102279369698E-16, 1.603068372491023297E-12 ) ) ;
#57 = ORIENTED_EDGE ( 'NONE', *, *, #76, .F. ) ;
#58 = DIRECTION ( 'NONE',  ( 0.000000000000000000, 0.000000000000000000, -1.000000000000000000 ) ) ;
#59 = ADVANCED_FACE ( 'NONE', ( #887 ), #1592, .T. ) ;
#60 = VERTEX_POINT ( 'NONE', #1798 ) ;
#61 = DIRECTION ( 'NONE',  ( 0.6546536707079827488, 0.000000000000000000, -0.7559289460184496212 ) ) ;
#62 = EDGE_CURVE ( 'NONE', #1868, #408, #2406, .T. ) ;
#63 = CARTESIAN_POINT ( 'NONE',  ( 18.06287843224945533, 10.00000005215379950, 0.6999999999793837802 ) ) ;
#64 = PLANE ( 'NONE',  #705 ) ;
#65 = DIRECTION ( 'NONE',  ( -2.220446049250000002E-16, -1.000000000000000000, 3.574656940018424056E-28 ) ) ;
#66 = CARTESIAN_POINT ( 'NONE',  ( -3.343105562143278142, -7.729272724007158146, 42.01400679849078301 ) ) ;
#67 = CARTESIAN_POINT ( 'NONE',  ( 9.470179391888335019, -10.41411184954768920, 45.73314381810792639 ) ) ;
#68 = ORIENTED_EDGE ( 'NONE', *, *, #1630, .T. ) ;
#69 = DIRECTION ( 'NONE',  ( 1.959217102279369698E-16, 1.000000000000000000, -3.144753976324933694E-28 ) ) ;
#70 = CIRCLE ( 'NONE', #2718, 2.000000000000001332 ) ;
#71 = LINE ( 'NONE', #1182, #2891 ) ;
#72 = EDGE_LOOP ( 'NONE', ( #595, #683, #1578, #1845 ) ) ;
#73 = ORIENTED_EDGE ( 'NONE', *, *, #1940, .F. ) ;
#74 = LINE ( 'NONE', #1168, #1028 ) ;
#75 = ORIENTED_EDGE ( 'NONE', *, *, #1046, .T. ) ;
#76 = EDGE_CURVE ( 'NONE', #2005, #2981, #2965, .T. ) ;
#77 = CARTESIAN_POINT ( 'NONE',  ( 0.8281828622124696171, -10.96316497015162561, 45.02761301477369926 ) ) ;
#78 = AXIS2_PLACEMENT_3D ( 'NONE', #928, #965, #2324 ) ;
#79 = CARTESIAN_POINT ( 'NONE',  ( 1.319454776816828323, -8.524520608557864421, 41.73015406025463392 ) ) ;
#80 = EDGE_CURVE ( 'NONE', #2568, #1063, #2674, .T. ) ;
#81 = PLANE ( 'NONE',  #935 ) ;
#82 = DIRECTION ( 'NONE',  ( -1.603068372491023297E-12, -3.995004817365800739E-31, -1.000000000000000000 ) ) ;
#83 = CARTESIAN_POINT ( 'NONE',  ( 0.1885803630434620126, -18.89999994784669823, 44.00000000000000000 ) ) ;
#84 = CARTESIAN_POINT ( 'NONE',  ( 6.737978032581313670, -32.80867877875620309, 44.94701087676227758 ) ) ;
#85 = ORIENTED_EDGE ( 'NONE', *, *, #2848, .F. ) ;
#86 = DIRECTION ( 'NONE',  ( -0.7003499891282519707, -0.7071067811865479058, -0.09751867886746941327 ) ) ;
#87 = CARTESIAN_POINT ( 'NONE',  ( 20.94081291750879004, -116.0640652286940906, -2.334738131929199767 ) ) ;
#88 = CARTESIAN_POINT ( 'NONE',  ( 12.88962701215656459, -11.19872213438647357, 44.09026975062450759 ) ) ;
#89 = ORIENTED_EDGE ( 'NONE', *, *, #2855, .T. ) ;
#90 = VERTEX_POINT ( 'NONE', #1315 ) ;
#91 = CARTESIAN_POINT ( 'NONE',  ( 19.62432300124939744, 10.00000005215329857, 45.99972745446670785 ) ) ;
#92 = VERTEX_POINT ( 'NONE', #722 ) ;
#93 = CARTESIAN_POINT ( 'NONE',  ( -7.237121567740835815, -12.49999914318350136, 6.800000000019915447 ) ) ;
#94 = EDGE_CURVE ( 'NONE', #3029, #960, #2221, .T. ) ;
#95 = CARTESIAN_POINT ( 'NONE',  ( 1.093637263857812236, -7.495939099880752465, 42.17714975068998484 ) ) ;
#96 = DIRECTION ( 'NONE',  ( -1.602749865885598077E-12, 0.000000000000000000, -1.000000000000000000 ) ) ;
#97 = CIRCLE ( 'NONE', #1817, 5.000000000000000000 ) ;
#98 = ADVANCED_FACE ( 'NONE', ( #2928 ), #185, .T. ) ;
#99 = CYLINDRICAL_SURFACE ( 'NONE', #848, 15.13358553068783863 ) ;
#100 = CARTESIAN_POINT ( 'NONE',  ( -3.037841744164174962, -7.153675851537146357, 42.49514898664187257 ) ) ;
#101 = CARTESIAN_POINT ( 'NONE',  ( 9.409974446253919211, -10.23851841431769571, 45.87246948491815601 ) ) ;
#102 = VERTEX_POINT ( 'NONE', #3482 ) ;
#103 = AXIS2_PLACEMENT_3D ( 'NONE', #2337, #2909, #436 ) ;
#104 = CARTESIAN_POINT ( 'NONE',  ( 19.54955763222958609, -114.5360817440920869, 38.99999059419161540 ) ) ;
#105 = CARTESIAN_POINT ( 'NONE',  ( 13.79488024231405063, -7.568652989844487422, 42.12438193931512842 ) ) ;
#106 = CARTESIAN_POINT ( 'NONE',  ( -2.137697992272831193, -6.947744845087539645, 45.22043803959439146 ) ) ;
#107 = ORIENTED_EDGE ( 'NONE', *, *, #3314, .F. ) ;
#108 = ORIENTED_EDGE ( 'NONE', *, *, #2465, .T. ) ;
#109 = VECTOR ( 'NONE', #1935, 1000.000000000000000 ) ;
#110 = VERTEX_POINT ( 'NONE', #1779 ) ;
#111 = CARTESIAN_POINT ( 'NONE',  ( 1.122065639101577750, -10.21601007971856134, 45.88581674849655911 ) ) ;
#112 = CARTESIAN_POINT ( 'NONE',  ( 8.111698190660176166, -22.86138738983187579, 38.99999999999978684 ) ) ;
#113 = CARTESIAN_POINT ( 'NONE',  ( 19.24237035658206807, 10.00000005215330745, -3.000000000000067057 ) ) ;
#114 = CARTESIAN_POINT ( 'NONE',  ( 6.899090026541282228, -33.34818998913045363, 45.74795505508508597 ) ) ;
#115 = DIRECTION ( 'NONE',  ( -1.000000000000000000, 2.220446049250000002E-16, 1.603068372491023297E-12 ) ) ;
#116 = CARTESIAN_POINT ( 'NONE',  ( -2.779653560768172493, -6.831291536312232182, 42.98398871702720214 ) ) ;
#117 = CARTESIAN_POINT ( 'NONE',  ( 20.60927594216022385, -115.7812217895553886, -2.593924502056843107 ) ) ;
#118 = EDGE_LOOP ( 'NONE', ( #1488, #2654, #718, #3418, #755, #3005, #2847 ) ) ;
#119 = EDGE_CURVE ( 'NONE', #395, #1863, #744, .T. ) ;
#120 = CARTESIAN_POINT ( 'NONE',  ( 7.392896464820020164, -114.7803147617527912, -8.738452088251269956 ) ) ;
#121 = CARTESIAN_POINT ( 'NONE',  ( -2.165454965477140004, -10.95429716785449870, 45.03434178679309952 ) ) ;
#122 = CARTESIAN_POINT ( 'NONE',  ( 12.86487332839853082, -11.19360484959274515, 44.17983764778561095 ) ) ;
#123 = ORIENTED_EDGE ( 'NONE', *, *, #3378, .T. ) ;
#124 = ORIENTED_EDGE ( 'NONE', *, *, #2403, .F. ) ;
#125 = EDGE_CURVE ( 'NONE', #291, #1655, #975, .T. ) ;
#126 = ORIENTED_EDGE ( 'NONE', *, *, #1346, .T. ) ;
#127 = DIRECTION ( 'NONE',  ( 0.000000000000000000, 0.000000000000000000, -1.000000000000000000 ) ) ;
#128 = VECTOR ( 'NONE', #27, 1000.000000000000000 ) ;
#129 = AXIS2_PLACEMENT_3D ( 'NONE', #3461, #2051, #573 ) ;
#130 = CARTESIAN_POINT ( 'NONE',  ( 5.262878432270875706, -116.4999999478460069, -5.862710456145668658 ) ) ;
#131 = LINE ( 'NONE', #399, #1962 ) ;
#132 = B_SPLINE_CURVE_WITH_KNOTS ( 'NONE', 3,
 ( #3061, #2787, #2223, #1936, #3044, #3350, #1362, #572, #1666, #1404, #3334, #140, #2842, #87, #2323, #926, #1749, #981 ),
 .UNSPECIFIED., .F., .F.,
 ( 4, 2, 2, 1, 1, 2, 2, 1, 1, 2, 4 ),
 ( 0.000000000000000000, 0.08851243102200687107, 0.1327686465330093490, 0.1770248620440118825, 0.2212810775550145270, 0.2434091853105151970, 0.2655372930660158115, 0.3097935085770170960, 0.3319216163325177660, 0.3429856702102661026, 0.3540497240880143281 ),
 .UNSPECIFIED. ) ;
#133 = AXIS2_PLACEMENT_3D ( 'NONE', #2174, #783, #1121 ) ;
#134 = LINE ( 'NONE', #186, #1931 ) ;
#135 = CARTESIAN_POINT ( 'NONE',  ( -7.537121567729707650, -10.24999994784620050, 13.75000000002044764 ) ) ;
#136 = CARTESIAN_POINT ( 'NONE',  ( 9.591963421269610990, -10.72652570421098162, 45.40641739045040737 ) ) ;
#137 = ORIENTED_EDGE ( 'NONE', *, *, #400, .F. ) ;
#138 = EDGE_CURVE ( 'NONE', #1091, #1600, #2371, .T. ) ;
#139 = CARTESIAN_POINT ( 'NONE',  ( 1.292695779160973446, -8.303184679016856862, 46.22278995731634410 ) ) ;
#140 = CARTESIAN_POINT ( 'NONE',  ( 21.04878482601068512, -116.1509034728614154, -2.228859397203469594 ) ) ;
#141 = CARTESIAN_POINT ( 'NONE',  ( -1.993849112710070592, -7.596423451971647367, 45.89496573199047447 ) ) ;
#142 = ORIENTED_EDGE ( 'NONE', *, *, #1949, .F. ) ;
#143 = VERTEX_POINT ( 'NONE', #1149 ) ;
#144 = B_SPLINE_CURVE_WITH_KNOTS ( 'NONE', 3,
 ( #393, #1451, #88, #122, #1734, #2275, #2861, #3437, #374 ),
 .UNSPECIFIED., .F., .F.,
 ( 4, 2, 1, 2, 4 ),
 ( 0.8749280622478768921, 0.8905620544668914063, 0.9061960466859058094, 0.9374640311239371693, 1.000000000000000000 ),
 .UNSPECIFIED. ) ;
#145 = EDGE_CURVE ( 'NONE', #592, #1957, #607, .T. ) ;
#146 = EDGE_LOOP ( 'NONE', ( #3065, #3281, #342, #1329 ) ) ;
#147 = CARTESIAN_POINT ( 'NONE',  ( -5.037121567709733405, 8.500000052153820818, 26.20000000001644125 ) ) ;
#148 = ADVANCED_FACE ( 'NONE', ( #2806 ), #48, .T. ) ;
#149 = CARTESIAN_POINT ( 'NONE',  ( -1.319932821992228833, -32.49999994784597135, 39.00000000000001421 ) ) ;
#150 = CARTESIAN_POINT ( 'NONE',  ( 18.06287843229425150, -11.49999994784619872, 28.52499999997941416 ) ) ;
#151 = DIRECTION ( 'NONE',  ( 0.000000000000000000, 0.000000000000000000, 1.000000000000000000 ) ) ;
#152 = CARTESIAN_POINT ( 'NONE',  ( -2.675652813053490231, -18.89999994784669823, 39.00000000000000000 ) ) ;
#153 = LINE ( 'NONE', #2319, #2334 ) ;
#154 = DIRECTION ( 'NONE',  ( -1.959217102279369698E-16, -1.000000000000000000, 3.154109064722071031E-28 ) ) ;
#155 = CYLINDRICAL_SURFACE ( 'NONE', #1189, 7.500000000000000000 ) ;
#156 = AXIS2_PLACEMENT_3D ( 'NONE', #1604, #2966, #491 ) ;
#157 = LINE ( 'NONE', #3403, #216 ) ;
#158 = CARTESIAN_POINT ( 'NONE',  ( -2.165454965477140004, -10.95429716785449870, 45.03434178679309952 ) ) ;
#159 = ORIENTED_EDGE ( 'NONE', *, *, #2419, .T. ) ;
#160 = ORIENTED_EDGE ( 'NONE', *, *, #1573, .T. ) ;
#161 = CARTESIAN_POINT ( 'NONE',  ( -11.03712156772908770, -116.4999999478460069, -1.155084182785721225 ) ) ;
#162 = ORIENTED_EDGE ( 'NONE', *, *, #1152, .F. ) ;
#163 = CARTESIAN_POINT ( 'NONE',  ( 5.492055925615126455, -116.2826776320208353, 46.74261254499005247 ) ) ;
#164 = EDGE_CURVE ( 'NONE', #3313, #1628, #132, .T. ) ;
#165 = DIRECTION ( 'NONE',  ( 0.7071067811865423547, 0.000000000000000000, 0.7071067811865526798 ) ) ;
#166 = CARTESIAN_POINT ( 'NONE',  ( -7.042839891083414017, -116.4999999478460211, 37.15113104973524827 ) ) ;
#167 = EDGE_CURVE ( 'NONE', #831, #2422, #308, .T. ) ;
#168 = DIRECTION ( 'NONE',  ( -1.000000000000000000, 1.959217102279369698E-16, 1.603068372491023297E-12 ) ) ;
#169 = FACE_OUTER_BOUND ( 'NONE', #948, .T. ) ;
#170 = CARTESIAN_POINT ( 'NONE',  ( 18.06287843227706347, -114.9999999478460069, 17.84999999997940279 ) ) ;
#171 = CARTESIAN_POINT ( 'NONE',  ( 19.50339412045092402, -114.7474656980235608, -2.986888574235715410 ) ) ;
#172 = DIRECTION ( 'NONE',  ( 1.959217102279369698E-16, 1.000000000000000000, -3.144753976324933694E-28 ) ) ;
#173 = DIRECTION ( 'NONE',  ( 9.355088397137441584E-31, -1.000000000000000000, -1.959217102279369698E-16 ) ) ;
#174 = CARTESIAN_POINT ( 'NONE',  ( 13.68652646821375463, -10.44235239400215143, 42.29221000706633049 ) ) ;
#175 = CARTESIAN_POINT ( 'NONE',  ( -2.090233363144704981, -10.66305949033528755, 45.47766066345568703 ) ) ;
#176 = ORIENTED_EDGE ( 'NONE', *, *, #2175, .F. ) ;
#177 = ORIENTED_EDGE ( 'NONE', *, *, #2640, .T. ) ;
#178 = CARTESIAN_POINT ( 'NONE',  ( 12.60791665609527534, -7.170801380595356100, 45.51721517759855118 ) ) ;
#179 = ORIENTED_EDGE ( 'NONE', *, *, #3340, .F. ) ;
#180 =( NAMED_UNIT ( * ) SI_UNIT ( $, .STERADIAN. ) SOLID_ANGLE_UNIT ( ) );
#181 = EDGE_CURVE ( 'NONE', #1646, #1469, #157, .T. ) ;
#182 = CARTESIAN_POINT ( 'NONE',  ( 0.7128784322705503662, -11.19999934768632244, 43.96168755322832311 ) ) ;
#183 = CARTESIAN_POINT ( 'NONE',  ( 9.739127893714000450, -6.749426280336819239, 44.81899987709952171 ) ) ;
#184 = EDGE_CURVE ( 'NONE', #1916, #1287, #2274, .T. ) ;
#185 = CYLINDRICAL_SURFACE ( 'NONE', #1359, 2.000000000000001332 ) ;
#186 = CARTESIAN_POINT ( 'NONE',  ( -10.45133513010250326, 0.5485211521307939986, 38.41421356237308515 ) ) ;
#187 = DIRECTION ( 'NONE',  ( -6.980944644407601102E-15, 3.165304382199309869E-29, 1.000000000000000000 ) ) ;
#188 = CARTESIAN_POINT ( 'NONE',  ( 5.262878432270859719, -116.4999999478460069, -0.3000000000001870060 ) ) ;
#189 = VECTOR ( 'NONE', #1258, 1000.000000000000000 ) ;
#190 = CARTESIAN_POINT ( 'NONE',  ( 2.825290208433941519, -23.22152908790408432, 38.99999999999996447 ) ) ;
#191 = CIRCLE ( 'NONE', #2482, 9.500000000000001776 ) ;
#192 = CARTESIAN_POINT ( 'NONE',  ( 0.7128784322705490339, -6.599999947856220572, 44.00000000000000000 ) ) ;
#193 = CARTESIAN_POINT ( 'NONE',  ( 6.916420972547173918, -116.4838013740999685, 43.40705065303175303 ) ) ;
#194 = DIRECTION ( 'NONE',  ( -1.959217102279369698E-16, -1.000000000000000000, 3.144753976324933694E-28 ) ) ;
#195 = ORIENTED_EDGE ( 'NONE', *, *, #3337, .F. ) ;
#196 = ORIENTED_EDGE ( 'NONE', *, *, #449, .T. ) ;
#197 = FACE_OUTER_BOUND ( 'NONE', #3207, .T. ) ;
#198 = ORIENTED_EDGE ( 'NONE', *, *, #716, .F. ) ;
#199 = CARTESIAN_POINT ( 'NONE',  ( 6.637779018895344940, -115.4794316061911132, 46.38889291339263110 ) ) ;
#200 = DIRECTION ( 'NONE',  ( 9.355088397137441584E-31, -1.000000000000000000, -1.959217102279369698E-16 ) ) ;
#201 = ORIENTED_EDGE ( 'NONE', *, *, #385, .T. ) ;
#202 = DIRECTION ( 'NONE',  ( 9.695610337554099168E-17, 1.000000000000000000, 8.396644857513789699E-17 ) ) ;
#203 = CARTESIAN_POINT ( 'NONE',  ( 4.523773600440890164, -116.3342090960290989, 45.59343481694769196 ) ) ;
#204 = CYLINDRICAL_SURFACE ( 'NONE', #3495, 4.549999999999999822 ) ;
#205 = DIRECTION ( 'NONE',  ( 0.000000000000000000, 0.000000000000000000, -1.000000000000000000 ) ) ;
#206 = FACE_OUTER_BOUND ( 'NONE', #2617, .T. ) ;
#207 = EDGE_CURVE ( 'NONE', #1809, #2272, #2043, .T. ) ;
#208 = CARTESIAN_POINT ( 'NONE',  ( 5.262878432291090647, -11.49999994784619872, 26.74999999999992895 ) ) ;
#209 = CARTESIAN_POINT ( 'NONE',  ( 6.701155066980049035, -116.1880983769695348, 45.00893976583635947 ) ) ;
#210 = CARTESIAN_POINT ( 'NONE',  ( -2.041619511461156389, -10.45385032750970566, 45.70843913070636688 ) ) ;
#211 = ORIENTED_EDGE ( 'NONE', *, *, #233, .T. ) ;
#212 = ORIENTED_EDGE ( 'NONE', *, *, #1325, .T. ) ;
#213 = CARTESIAN_POINT ( 'NONE',  ( 12.58360576300420597, -10.52405536136607367, 45.63188925916887229 ) ) ;
#214 = VERTEX_POINT ( 'NONE', #3111 ) ;
#215 = COORDINATED_UNIVERSAL_TIME_OFFSET ( 8, 0, .BEHIND. ) ;
#216 = VECTOR ( 'NONE', #3453, 1000.000000000000000 ) ;
#217 = AXIS2_PLACEMENT_3D ( 'NONE', #799, #2431, #3288 ) ;
#218 = ORIENTED_EDGE ( 'NONE', *, *, #727, .T. ) ;
#219 = CARTESIAN_POINT ( 'NONE',  ( 9.303015034566726627, -7.945308079059831385, 46.09287214524918141 ) ) ;
#220 = VECTOR ( 'NONE', #2012, 1000.000000000000000 ) ;
#221 = CARTESIAN_POINT ( 'NONE',  ( 5.262878432270539086, -116.4852899446984793, 45.74999999998661337 ) ) ;
#222 = DIRECTION ( 'NONE',  ( -1.601302108588210640E-12, -7.455499262895250755E-31, -1.000000000000000000 ) ) ;
#223 = CARTESIAN_POINT ( 'NONE',  ( 0.3510212027306841009, -20.33783352535897748, 40.49128799779435184 ) ) ;
#224 = CARTESIAN_POINT ( 'NONE',  ( 5.262878432270531981, -34.49999994784597135, 43.99999999999999289 ) ) ;
#225 = LINE ( 'NONE', #3487, #1653 ) ;
#226 = DIRECTION ( 'NONE',  ( -1.000000000000000000, -1.387778780780839855E-17, -6.827871601444720612E-15 ) ) ;
#227 = CARTESIAN_POINT ( 'NONE',  ( 6.779901009113181942, -116.4999999478490480, 43.12756518790163085 ) ) ;
#228 = ADVANCED_FACE ( 'NONE', ( #1486 ), #2602, .T. ) ;
#229 = DIRECTION ( 'NONE',  ( 1.000000000000000000, 3.165304382199309869E-29, -1.603068372491023297E-12 ) ) ;
#230 = ORIENTED_EDGE ( 'NONE', *, *, #1768, .F. ) ;
#231 = ORIENTED_EDGE ( 'NONE', *, *, #3279, .T. ) ;
#232 = CARTESIAN_POINT ( 'NONE',  ( 12.64004687493115497, -10.76070356208651191, 45.35254791952507958 ) ) ;
#233 = EDGE_CURVE ( 'NONE', #286, #2658, #1733, .T. ) ;
#234 = ORIENTED_EDGE ( 'NONE', *, *, #2048, .F. ) ;
#235 = APPROVAL_ROLE ( '' ) ;
#236 = ORIENTED_EDGE ( 'NONE', *, *, #889, .F. ) ;
#237 = CARTESIAN_POINT ( 'NONE',  ( -8.716613492040369948, -116.4999999478460069, -0.5000000000002919887 ) ) ;
#238 = DIRECTION ( 'NONE',  ( -1.959217102279369945E-16, -1.000000000000000000, -1.335009321450324145E-30 ) ) ;
#239 = CARTESIAN_POINT ( 'NONE',  ( 18.97722239122577292, -34.19865821944890882, 39.00000000000005684 ) ) ;
#240 = LINE ( 'NONE', #581, #994 ) ;
#241 = LOCAL_TIME ( 21, 32, 7.000000000000000000, #5 ) ;
#242 = CARTESIAN_POINT ( 'NONE',  ( 21.56287843227083201, -116.4937205697422087, -1.338490452447773205 ) ) ;
#243 = CARTESIAN_POINT ( 'NONE',  ( -10.35324766881029923, -116.4999999478460069, -2.389822365046439412 ) ) ;
#244 = CARTESIAN_POINT ( 'NONE',  ( 5.417047051900358845, -116.4689223471048791, 45.75000000000000711 ) ) ;
#245 = DIRECTION ( 'NONE',  ( 0.000000000000000000, 0.000000000000000000, 1.000000000000000000 ) ) ;
#246 = VERTEX_POINT ( 'NONE', #121 ) ;
#247 = VECTOR ( 'NONE', #356, 1000.000000000000000 ) ;
#248 = ORIENTED_EDGE ( 'NONE', *, *, #2426, .F. ) ;
#249 = EDGE_CURVE ( 'NONE', #483, #1556, #912, .T. ) ;
#250 = CIRCLE ( 'NONE', #1794, 1.750000000000001554 ) ;
#251 = CARTESIAN_POINT ( 'NONE',  ( 9.409974759962057789, -7.561480466816455248, 42.12753120987450473 ) ) ;
#252 = EDGE_LOOP ( 'NONE', ( #574, #123, #3014, #2288, #124, #1270, #301 ) ) ;
#253 = PERSON_AND_ORGANIZATION_ROLE ( 'design_owner' ) ;
#254 = EDGE_CURVE ( 'NONE', #2505, #1868, #1134, .T. ) ;
#255 = VERTEX_POINT ( 'NONE', #3146 ) ;
#256 = FACE_OUTER_BOUND ( 'NONE', #2680, .T. ) ;
#257 = EDGE_CURVE ( 'NONE', #1735, #3059, #3054, .T. ) ;
#258 = AXIS2_PLACEMENT_3D ( 'NONE', #2410, #3524, #1052 ) ;
#259 = LINE ( 'NONE', #2430, #2622 ) ;
#260 = LINE ( 'NONE', #870, #3385 ) ;
#261 = DIRECTION ( 'NONE',  ( 1.000000000000000000, 0.000000000000000000, 0.000000000000000000 ) ) ;
#262 = CARTESIAN_POINT ( 'NONE',  ( 2.854035891242009626, -115.7550405395594311, -7.735010897463777013 ) ) ;
#263 = CARTESIAN_POINT ( 'NONE',  ( -9.037121567729419880, -16.39999994784669823, 39.00000000000000000 ) ) ;
#264 = DIRECTION ( 'NONE',  ( 1.000000000000000000, 0.000000000000000000, -1.602852795204688366E-12 ) ) ;
#265 = VERTEX_POINT ( 'NONE', #1019 ) ;
#266 = CARTESIAN_POINT ( 'NONE',  ( 19.62432300124939744, -16.39999994784669823, 45.99972745446670785 ) ) ;
#267 = CARTESIAN_POINT ( 'NONE',  ( 9.773687323052271836, -11.12182523798252376, 43.39957754753344688 ) ) ;
#268 = DIRECTION ( 'NONE',  ( 0.7071067811865423547, 0.000000000000000000, 0.7071067811865526798 ) ) ;
#269 = DIRECTION ( 'NONE',  ( 3.995004817367950856E-31, 1.000000000000000000, -3.165304382199309869E-29 ) ) ;
#270 = ORIENTED_EDGE ( 'NONE', *, *, #2531, .T. ) ;
#271 = APPROVAL ( #2960, 'UNSPECIFIED' ) ;
#272 = DATE_AND_TIME ( #2732, #241 ) ;
#273 = VECTOR ( 'NONE', #584, 1000.000000000000000 ) ;
#274 = VECTOR ( 'NONE', #2377, 1000.000000000000000 ) ;
#275 = ORIENTED_EDGE ( 'NONE', *, *, #1172, .F. ) ;
#276 = ADVANCED_FACE ( 'NONE', ( #1039 ), #1267, .F. ) ;
#277 = CARTESIAN_POINT ( 'NONE',  ( 9.327692425434358725, -7.845402111322991701, 46.04454503644368657 ) ) ;
#278 = VECTOR ( 'NONE', #2650, 1000.000000000000000 ) ;
#279 = CARTESIAN_POINT ( 'NONE',  ( 7.651677252252224726, -23.25055076361556416, 39.03370405949591060 ) ) ;
#280 = CARTESIAN_POINT ( 'NONE',  ( 18.34799589352488880, -33.96550465939920826, 39.00000000000004263 ) ) ;
#281 = DIRECTION ( 'NONE',  ( 0.7071067811865423547, 0.000000000000000000, 0.7071067811865526798 ) ) ;
#282 = AXIS2_PLACEMENT_3D ( 'NONE', #629, #2791, #58 ) ;
#283 = CARTESIAN_POINT ( 'NONE',  ( -10.76779045837333548, -116.3319655359584459, -1.929281725438067419 ) ) ;
#284 = LINE ( 'NONE', #1123, #2922 ) ;
#285 = FACE_OUTER_BOUND ( 'NONE', #1006, .T. ) ;
#286 = VERTEX_POINT ( 'NONE', #731 ) ;
#287 = ORIENTED_EDGE ( 'NONE', *, *, #1138, .F. ) ;
#288 = CARTESIAN_POINT ( 'NONE',  ( 9.805131919640176719, -11.18510952692771987, 43.69559351872108266 ) ) ;
#289 = CARTESIAN_POINT ( 'NONE',  ( 3.349639285967571656, -34.32338181812423983, 45.97535211267609867 ) ) ;
#290 = VERTEX_POINT ( 'NONE', #2652 ) ;
#291 = VERTEX_POINT ( 'NONE', #2095 ) ;
#292 = CARTESIAN_POINT ( 'NONE',  ( 9.188754130761321193, -8.899999947856109372, 46.30000000000000426 ) ) ;
#293 = EDGE_CURVE ( 'NONE', #3409, #3493, #771, .T. ) ;
#294 = DIRECTION ( 'NONE',  ( 0.6546536707079827488, 0.000000000000000000, -0.7559289460184496212 ) ) ;
#295 = CARTESIAN_POINT ( 'NONE',  ( -7.537121567727454341, 10.00000005215379950, 15.15000000002044800 ) ) ;
#296 = DIRECTION ( 'NONE',  ( 1.000000000000000000, -1.959217102279369698E-16, -1.602852795204688366E-12 ) ) ;
#297 = EDGE_CURVE ( 'NONE', #1146, #2568, #2880, .T. ) ;
#298 = CARTESIAN_POINT ( 'NONE',  ( -10.79025011772877463, -116.3471445256375318, -1.896867440128148008 ) ) ;
#299 = DIRECTION ( 'NONE',  ( 9.355088397137441584E-31, -1.000000000000000000, -1.959217102279369698E-16 ) ) ;
#300 = CARTESIAN_POINT ( 'NONE',  ( 16.81287843227931589, -28.99999994784619872, 19.24999999998140865 ) ) ;
#301 = ORIENTED_EDGE ( 'NONE', *, *, #2736, .F. ) ;
#302 = ORIENTED_EDGE ( 'NONE', *, *, #2736, .T. ) ;
#303 = VECTOR ( 'NONE', #1021, 1000.000000000000000 ) ;
#304 = CARTESIAN_POINT ( 'NONE',  ( 9.222575881758650951, -8.376792515084167334, 41.75866485366415048 ) ) ;
#305 = CARTESIAN_POINT ( 'NONE',  ( 12.69121183001820086, 8.500000052153859897, 45.03434178679309952 ) ) ;
#306 = ORIENTED_EDGE ( 'NONE', *, *, #2918, .F. ) ;
#307 = B_SPLINE_CURVE_WITH_KNOTS ( 'NONE', 3,
 ( #3365, #892, #2582, #3089, #117, #1212, #747, #2357, #959, #455, #1531, #437, #2108, #708, #3237, #2910, #2057, #1821, #3160, #3178, #2631, #2126, #171, #1264, #766, #3219, #2392 ),
 .UNSPECIFIED., .F., .F.,
 ( 4, 2, 1, 2, 2, 2, 1, 1, 2, 2, 2, 2, 2, 2, 4 ),
 ( 0.3540497240880143281, 0.4347935085770525676, 0.4751654008215683289, 0.4953513469438270977, 0.5155372930660857556, 0.6770248620441428056, 0.7173967542886534599, 0.7375827004109054563, 0.7476756734720277908, 0.7577686465331503474, 0.8385124310220957167, 0.8586983771443335023, 0.8788843232665712879, 0.9192562155110481914, 1.000000000000000000 ),
 .UNSPECIFIED. ) ;
#308 = B_SPLINE_CURVE_WITH_KNOTS ( 'NONE', 3,
 ( #1200, #406, #678, #1517, #964, #2007, #2340, #1232, #373, #1181, #3436, #2028, #2860, #2076 ),
 .UNSPECIFIED., .F., .F.,
 ( 4, 2, 2, 1, 1, 2, 2, 4 ),
 ( 0.5639648179976187725, 0.7819824089988073323, 0.7887954587175932675, 0.7956085084363790916, 0.8092346078739532933, 0.8364868067491020298, 0.8909912044994012792, 1.000000000000000000 ),
 .UNSPECIFIED. ) ;
#309 = ORIENTED_EDGE ( 'NONE', *, *, #1713, .T. ) ;
#310 = CARTESIAN_POINT ( 'NONE',  ( -9.037121567729419880, -34.49999994784597135, 39.00000000000000000 ) ) ;
#311 = LINE ( 'NONE', #63, #3488 ) ;
#312 = CARTESIAN_POINT ( 'NONE',  ( 11.03787843227046395, -114.9999999478460069, 13.74999999999066524 ) ) ;
#313 = CARTESIAN_POINT ( 'NONE',  ( -5.037121567723146676, -114.9999999478460069, 17.85000000001643272 ) ) ;
#314 = DIRECTION ( 'NONE',  ( -2.775557561562989959E-17, 1.000000000000000000, 1.959217102279369698E-16 ) ) ;
#315 = CARTESIAN_POINT ( 'NONE',  ( -2.675652813053489787, -18.89999994784669823, 39.00000000000000000 ) ) ;
#316 = FACE_OUTER_BOUND ( 'NONE', #3245, .T. ) ;
#317 = VERTEX_POINT ( 'NONE', #1339 ) ;
#318 = ORIENTED_EDGE ( 'NONE', *, *, #3566, .T. ) ;
#319 = ADVANCED_FACE ( 'NONE', ( #1321 ), #1826, .T. ) ;
#320 = CARTESIAN_POINT ( 'NONE',  ( 9.319284824242886955, -9.921594728685770193, 41.93883897718618670 ) ) ;
#321 = CARTESIAN_POINT ( 'NONE',  ( -5.037121567728318539, -114.9999999478460069, 14.62500000001643308 ) ) ;
#322 = LINE ( 'NONE', #22, #589 ) ;
#323 = ORIENTED_EDGE ( 'NONE', *, *, #1875, .T. ) ;
#324 = ADVANCED_FACE ( 'NONE', ( #3549 ), #3473, .T. ) ;
#325 = CARTESIAN_POINT ( 'NONE',  ( 18.06287843226506951, -114.9999999478460069, 10.39999999997940527 ) ) ;
#326 = EDGE_LOOP ( 'NONE', ( #1852, #3023, #3026, #2311, #1811, #2746, #1135 ) ) ;
#327 = CARTESIAN_POINT ( 'NONE',  ( -7.537121567740835637, -12.49999914318350136, 6.800000000020397728 ) ) ;
#328 = AXIS2_PLACEMENT_3D ( 'NONE', #1621, #816, #1658 ) ;
#329 = LINE ( 'NONE', #652, #2904 ) ;
#330 = CARTESIAN_POINT ( 'NONE',  ( -5.037121567720893367, -66.49999994784619162, 19.25000000001643485 ) ) ;
#331 = CARTESIAN_POINT ( 'NONE',  ( -0.5121215677297060731, -114.9999999478460069, 13.75000000000918909 ) ) ;
#332 = VECTOR ( 'NONE', #382, 1000.000000000000000 ) ;
#333 = AXIS2_PLACEMENT_3D ( 'NONE', #724, #3508, #205 ) ;
#334 = PLANE ( 'NONE',  #2279 ) ;
#335 = CARTESIAN_POINT ( 'NONE',  ( -3.394862133612016386, -7.863058181703106442, 41.94102889610581997 ) ) ;
#336 = CARTESIAN_POINT ( 'NONE',  ( 9.197434407348701768, -9.201867043367677468, 46.28537038523487723 ) ) ;
#337 = EDGE_LOOP ( 'NONE', ( #3277, #915, #2866, #2783 ) ) ;
#338 = ADVANCED_FACE ( 'NONE', ( #2914 ), #442, .T. ) ;
#339 = CARTESIAN_POINT ( 'NONE',  ( -7.537121567732143035, -11.49999994784619872, 12.22500000002044906 ) ) ;
#340 = PLANE ( 'NONE',  #1561 ) ;
#341 = VERTEX_POINT ( 'NONE', #1161 ) ;
#342 = ORIENTED_EDGE ( 'NONE', *, *, #2254, .F. ) ;
#343 = CARTESIAN_POINT ( 'NONE',  ( 18.06287843227931589, -10.24999994784620050, 19.24999999997940492 ) ) ;
#344 = ADVANCED_FACE ( 'NONE', ( #2216 ), #3292, .T. ) ;
#345 = EDGE_LOOP ( 'NONE', ( #3114, #3407, #1751, #2839 ) ) ;
#346 = LINE ( 'NONE', #362, #2949 ) ;
#347 = CARTESIAN_POINT ( 'NONE',  ( 0.7499384467302018242, -6.674623625644119151, 43.40143681293220368 ) ) ;
#348 = CARTESIAN_POINT ( 'NONE',  ( -7.537121567750616258, 8.500000052153820818, 0.7000000000203996375 ) ) ;
#349 = CARTESIAN_POINT ( 'NONE',  ( -9.365692727187227007, -115.1205274855249741, -2.914290984632766701 ) ) ;
#350 = LINE ( 'NONE', #636, #618 ) ;
#351 = CARTESIAN_POINT ( 'NONE',  ( 6.971837749793698080, -32.72994752376803262, 44.38979441892613664 ) ) ;
#352 = ORIENTED_EDGE ( 'NONE', *, *, #1457, .T. ) ;
#353 = DIRECTION ( 'NONE',  ( 1.000000000000000000, 0.000000000000000000, -1.603068372491023297E-12 ) ) ;
#354 = CARTESIAN_POINT ( 'NONE',  ( 13.11706477272238125, -6.657822813812358298, 43.40185129432285294 ) ) ;
#355 = AXIS2_PLACEMENT_3D ( 'NONE', #237, #3252, #3540 ) ;
#356 = DIRECTION ( 'NONE',  ( 1.000000000000000000, -3.599519737876700206E-31, 6.612135081886870379E-15 ) ) ;
#357 = VERTEX_POINT ( 'NONE', #1928 ) ;
#358 = ORIENTED_EDGE ( 'NONE', *, *, #1325, .F. ) ;
#359 = EDGE_CURVE ( 'NONE', #864, #1406, #548, .T. ) ;
#360 = CARTESIAN_POINT ( 'NONE',  ( 5.262878432270550633, -13.89999994784670001, 44.00000000000000000 ) ) ;
#361 = ORIENTED_EDGE ( 'NONE', *, *, #780, .F. ) ;
#362 = CARTESIAN_POINT ( 'NONE',  ( 13.16287843226168697, 10.00000005215379950, 8.299999999987274890 ) ) ;
#363 = AXIS2_PLACEMENT_3D ( 'NONE', #2896, #2078, #1537 ) ;
#364 = EDGE_CURVE ( 'NONE', #3478, #483, #284, .T. ) ;
#365 = AXIS2_PLACEMENT_3D ( 'NONE', #2004, #923, #2801 ) ;
#366 = CARTESIAN_POINT ( 'NONE',  ( 1.294103583545163527, -8.300530908388385143, 41.77458114809665091 ) ) ;
#367 = DIRECTION ( 'NONE',  ( 0.000000000000000000, -1.000000000000000000, 0.000000000000000000 ) ) ;
#368 = CARTESIAN_POINT ( 'NONE',  ( -7.537121567739981209, -114.9999999478460069, 7.350000000020397550 ) ) ;
#369 = DIRECTION ( 'NONE',  ( 1.603068372491023297E-12, 3.995004817365800739E-31, 1.000000000000000000 ) ) ;
#370 = DIRECTION ( 'NONE',  ( 1.000000000000000000, -5.329070518200429736E-16, -1.603068372491023297E-12 ) ) ;
#371 = ORIENTED_EDGE ( 'NONE', *, *, #2603, .T. ) ;
#372 = CARTESIAN_POINT ( 'NONE',  ( -7.237121567740826933, -11.49999994784619872, 6.800000000019915447 ) ) ;
#373 = CARTESIAN_POINT ( 'NONE',  ( 10.54873347197129263, -19.15847758663116451, 42.41118190732860427 ) ) ;
#374 = CARTESIAN_POINT ( 'NONE',  ( 12.69121183001820086, -10.95429716785449870, 45.03434178679309952 ) ) ;
#375 = VERTEX_POINT ( 'NONE', #1951 ) ;
#376 = EDGE_LOOP ( 'NONE', ( #234, #2809, #3161, #1213 ) ) ;
#377 = LINE ( 'NONE', #2770, #2109 ) ;
#378 = ORIENTED_EDGE ( 'NONE', *, *, #1940, .T. ) ;
#379 = DIRECTION ( 'NONE',  ( 1.000000000000000000, -1.959217102279369698E-16, -1.603068372491023297E-12 ) ) ;
#380 = EDGE_CURVE ( 'NONE', #2132, #1774, #2519, .T. ) ;
#381 = CARTESIAN_POINT ( 'NONE',  ( 1.134279149374378015, -7.618459173266058038, 42.08594561265941536 ) ) ;
#382 = DIRECTION ( 'NONE',  ( -1.959217102279369698E-16, -1.000000000000000000, 3.144753976324933694E-28 ) ) ;
#383 = CARTESIAN_POINT ( 'NONE',  ( 6.814994456013648616, -33.20714371663045483, 45.67810823154830757 ) ) ;
#384 = VECTOR ( 'NONE', #1296, 1000.000000000000000 ) ;
#385 = EDGE_CURVE ( 'NONE', #2168, #143, #3020, .T. ) ;
#386 = LINE ( 'NONE', #368, #1243 ) ;
#387 = DIRECTION ( 'NONE',  ( -9.355088397137460852E-31, 1.000000000000000000, 1.959217102279369698E-16 ) ) ;
#388 = CARTESIAN_POINT ( 'NONE',  ( 9.696092529422189799, -10.95973308080450437, 45.02649802954086056 ) ) ;
#389 = ORIENTED_EDGE ( 'NONE', *, *, #1423, .F. ) ;
#390 = VECTOR ( 'NONE', #1728, 1000.000000000000000 ) ;
#391 = CARTESIAN_POINT ( 'NONE',  ( 19.56287843227060108, -114.4999999478460211, 39.00000000000000000 ) ) ;
#392 = CARTESIAN_POINT ( 'NONE',  ( -7.537121567750616258, 8.500000052153820818, 0.7000000000203996375 ) ) ;
#393 = CARTESIAN_POINT ( 'NONE',  ( 12.91603951660394323, -11.19999994077990380, 43.99999430004171330 ) ) ;
#394 = ORIENTED_EDGE ( 'NONE', *, *, #2289, .F. ) ;
#395 = VERTEX_POINT ( 'NONE', #3346 ) ;
#396 = CIRCLE ( 'NONE', #282, 14.99999999999998579 ) ;
#397 = EDGE_LOOP ( 'NONE', ( #195, #1866, #1836, #1613 ) ) ;
#398 = DIRECTION ( 'NONE',  ( 3.923704910262640311E-31, 1.000000000000000000, -3.166017381270365471E-29 ) ) ;
#399 = CARTESIAN_POINT ( 'NONE',  ( -9.037121567720740600, -114.9999999478460069, 19.35000000002284892 ) ) ;
#400 = EDGE_CURVE ( 'NONE', #1774, #483, #3542, .T. ) ;
#401 = DIRECTION ( 'NONE',  ( -1.959217102279369698E-16, -1.000000000000000000, 3.154109064722071031E-28 ) ) ;
#402 = CARTESIAN_POINT ( 'NONE',  ( -2.845349736181757461, -6.902341278851497286, 42.85072083712718438 ) ) ;
#403 = CARTESIAN_POINT ( 'NONE',  ( 9.251492449540503316, -9.606023691704237422, 46.18943362415651421 ) ) ;
#404 = VERTEX_POINT ( 'NONE', #1642 ) ;
#405 = DIRECTION ( 'NONE',  ( -1.603068372491023297E-12, -3.995004817365800739E-31, -1.000000000000000000 ) ) ;
#406 = CARTESIAN_POINT ( 'NONE',  ( 10.40346713285086722, -19.93826401961428729, 40.89066807995422437 ) ) ;
#407 = DIRECTION ( 'NONE',  ( -1.000000000000000000, -3.165304382199309869E-29, 1.609882366304660195E-12 ) ) ;
#408 = VERTEX_POINT ( 'NONE', #2471 ) ;
#409 = ORIENTED_EDGE ( 'NONE', *, *, #3188, .F. ) ;
#410 = EDGE_CURVE ( 'NONE', #1256, #2005, #566, .T. ) ;
#411 = ORIENTED_EDGE ( 'NONE', *, *, #2664, .T. ) ;
#412 = CARTESIAN_POINT ( 'NONE',  ( 5.813458835767518096, -116.1196367130160212, 46.69632516044403303 ) ) ;
#413 = AXIS2_PLACEMENT_3D ( 'NONE', #3101, #3050, #596 ) ;
#414 = VECTOR ( 'NONE', #56, 1000.000000000000000 ) ;
#415 = CARTESIAN_POINT ( 'NONE',  ( -2.217322437648418187, -11.09760859727482263, 44.70370708575188701 ) ) ;
#416 = CARTESIAN_POINT ( 'NONE',  ( 9.532399984331794585, -7.221059848318025054, 45.57386660524607436 ) ) ;
#417 = AXIS2_PLACEMENT_3D ( 'NONE', #1073, #530, #3276 ) ;
#418 = CARTESIAN_POINT ( 'NONE',  ( 3.512438994498108702, -116.3974710720100347, 43.85490410836728614 ) ) ;
#419 = DIRECTION ( 'NONE',  ( 1.000000000000000000, -1.959217102279369698E-16, -1.603068372491023297E-12 ) ) ;
#420 = DIRECTION ( 'NONE',  ( 0.000000000000000000, 0.000000000000000000, 1.000000000000000000 ) ) ;
#421 = CARTESIAN_POINT ( 'NONE',  ( -5.037121567727464111, -66.49999994784619162, 15.15000000001643343 ) ) ;
#422 = DIRECTION ( 'NONE',  ( -1.000000000000000000, 1.959217102279369698E-16, 1.603068372491023297E-12 ) ) ;
#423 = DIRECTION ( 'NONE',  ( 9.355088397137460852E-31, -1.000000000000000000, -1.959217102279369698E-16 ) ) ;
#424 = EDGE_CURVE ( 'NONE', #1022, #3204, #2522, .T. ) ;
#425 = CARTESIAN_POINT ( 'NONE',  ( -7.237121567738510564, -11.49999994784619872, 8.244627121302414707 ) ) ;
#426 = ORIENTED_EDGE ( 'NONE', *, *, #1093, .F. ) ;
#427 = EDGE_LOOP ( 'NONE', ( #1788, #3284, #2802, #1202 ) ) ;
#428 = CARTESIAN_POINT ( 'NONE',  ( 12.40152190336412552, -9.109523787687448859, 46.29994986801609258 ) ) ;
#429 = EDGE_CURVE ( 'NONE', #1364, #1581, #2508, .T. ) ;
#430 = ORIENTED_EDGE ( 'NONE', *, *, #3464, .F. ) ;
#431 = CARTESIAN_POINT ( 'NONE',  ( -7.537121567707983694, -1.499999947846179849, 27.30000000002044658 ) ) ;
#432 = CARTESIAN_POINT ( 'NONE',  ( 19.56287843227060108, 10.00000005215379950, 37.00000000000000000 ) ) ;
#433 = DIRECTION ( 'NONE',  ( 1.603068372491023297E-12, 3.995004817365800739E-31, 1.000000000000000000 ) ) ;
#434 = CARTESIAN_POINT ( 'NONE',  ( 3.837458095207597175, -32.81498103396386767, 45.03564037529290687 ) ) ;
#435 = CARTESIAN_POINT ( 'NONE',  ( 4.711261030323679933, -116.1189978569734791, 46.69607791881301040 ) ) ;
#436 = DIRECTION ( 'NONE',  ( -0.7071067811865506814, 0.000000000000000000, 0.7071067811865445751 ) ) ;
#437 = CARTESIAN_POINT ( 'NONE',  ( 20.00826811645319836, -115.2298413819896155, -2.880377225784235939 ) ) ;
#438 = CARTESIAN_POINT ( 'NONE',  ( 1.747441513882796338, -22.13794861370543998, 39.32077019629366532 ) ) ;
#439 = AXIS2_PLACEMENT_3D ( 'NONE', #2634, #3513, #2129 ) ;
#440 = CARTESIAN_POINT ( 'NONE',  ( 0.8146931672977607564, -6.808465840852162110, 44.95989483234422579 ) ) ;
#441 = VECTOR ( 'NONE', #3415, 1000.000000000000000 ) ;
#442 = CYLINDRICAL_SURFACE ( 'NONE', #1188, 1.999999999999997780 ) ;
#443 = DIRECTION ( 'NONE',  ( 1.000000000000000000, -1.959217102279369698E-16, -1.602749865885598077E-12 ) ) ;
#444 = EDGE_LOOP ( 'NONE', ( #16, #23, #2857, #3382 ) ) ;
#445 = ORIENTED_EDGE ( 'NONE', *, *, #1830, .T. ) ;
#446 = CARTESIAN_POINT ( 'NONE',  ( 12.44707574877393341, -9.733834137248585705, 46.15430584148514015 ) ) ;
#447 = ORIENTED_EDGE ( 'NONE', *, *, #2141, .F. ) ;
#448 = DIRECTION ( 'NONE',  ( 0.000000000000000000, 0.000000000000000000, 1.000000000000000000 ) ) ;
#449 = EDGE_CURVE ( 'NONE', #3132, #533, #1462, .T. ) ;
#450 = LINE ( 'NONE', #2369, #2955 ) ;
#451 = CARTESIAN_POINT ( 'NONE',  ( 15.56287843227287659, 10.00000005215379950, 15.24999999998340883 ) ) ;
#452 = CARTESIAN_POINT ( 'NONE',  ( 5.262878432270873930, 10.00000005215330923, -7.612710456145643789 ) ) ;
#453 = CARTESIAN_POINT ( 'NONE',  ( 3.745855855429195636, -32.49999994784597135, 43.12756518790589411 ) ) ;
#454 = DIRECTION ( 'NONE',  ( -1.000000000000000000, 0.000000000000000000, -6.661338147750939243E-15 ) ) ;
#455 = CARTESIAN_POINT ( 'NONE',  ( 20.24559144547627199, -115.4522245767949329, -2.795093791818831441 ) ) ;
#456 = CARTESIAN_POINT ( 'NONE',  ( 2.208960201390655964, -22.62788754097080712, 39.13672832805418267 ) ) ;
#457 = CARTESIAN_POINT ( 'NONE',  ( 0.8794745196690685329, -6.949298326830858130, 45.22163489575429196 ) ) ;
#458 = CARTESIAN_POINT ( 'NONE',  ( -9.637121567740871697, -12.49999914318350136, 6.800000000023778135 ) ) ;
#459 = DIRECTION ( 'NONE',  ( -9.355088397137460852E-31, 1.000000000000000000, 1.959217102279369698E-16 ) ) ;
#460 = ORIENTED_EDGE ( 'NONE', *, *, #1903, .F. ) ;
#461 = VERTEX_POINT ( 'NONE', #2039 ) ;
#462 = CARTESIAN_POINT ( 'NONE',  ( 12.66344649054566140, -6.947769764753231492, 45.22048730577629527 ) ) ;
#463 = ORIENTED_EDGE ( 'NONE', *, *, #2153, .T. ) ;
#464 = CC_DESIGN_PERSON_AND_ORGANIZATION_ASSIGNMENT ( #2423, #2678, ( #1501 ) ) ;
#465 = CARTESIAN_POINT ( 'NONE',  ( 6.984694154530369126, -115.0418547759995533, 46.14580804209484910 ) ) ;
#466 = CARTESIAN_POINT ( 'NONE',  ( -2.293381055269006374, -11.17439199405539263, 44.35722694899670415 ) ) ;
#467 = ORIENTED_EDGE ( 'NONE', *, *, #2008, .T. ) ;
#468 = EDGE_CURVE ( 'NONE', #404, #1234, #1211, .T. ) ;
#469 = CIRCLE ( 'NONE', #2830, 17.11732520417430692 ) ;
#470 = CARTESIAN_POINT ( 'NONE',  ( -9.037121567729386129, -114.5195793093500214, 39.00000000000000000 ) ) ;
#471 = VECTOR ( 'NONE', #2693, 1000.000000000000000 ) ;
#472 = CARTESIAN_POINT ( 'NONE',  ( 3.578853106497431824, -32.75071162236238820, 44.48647479307851427 ) ) ;
#473 = DIRECTION ( 'NONE',  ( -1.000000000000000000, 1.959217102279369698E-16, 1.603068372491023297E-12 ) ) ;
#474 = CARTESIAN_POINT ( 'NONE',  ( 8.824021182524620886E-05, -19.04384950019439060, 42.79761868557827142 ) ) ;
#475 = B_SPLINE_CURVE_WITH_KNOTS ( 'NONE', 3,
 ( #969, #2882, #163, #1543, #412, #719, #3410, #199, #2328, #465, #1224, #684, #2314, #1775 ),
 .UNSPECIFIED., .F., .F.,
 ( 4, 2, 2, 2, 2, 2, 4 ),
 ( 0.002249781740106372632, 0.002613835093439916511, 0.002977888446773460391, 0.003705995153440571569, 0.004434101860107682314, 0.004798155213441237035, 0.005162208566774792624 ),
 .UNSPECIFIED. ) ;
#476 = EDGE_CURVE ( 'NONE', #893, #255, #1195, .T. ) ;
#477 = FACE_OUTER_BOUND ( 'NONE', #1523, .T. ) ;
#478 = VECTOR ( 'NONE', #2022, 1000.000000000000000 ) ;
#479 = CARTESIAN_POINT ( 'NONE',  ( 8.262878432271241635, -8.899999947856109372, 44.00000000000000000 ) ) ;
#480 = DIRECTION ( 'NONE',  ( 9.355088397137460852E-31, -1.000000000000000000, -1.959217102279369698E-16 ) ) ;
#481 = CARTESIAN_POINT ( 'NONE',  ( 13.73141834421889662, -10.35860001095420024, 42.22157274273567396 ) ) ;
#482 = CARTESIAN_POINT ( 'NONE',  ( -1.923275840880593002, -9.730570555261072840, 46.14737749709206582 ) ) ;
#483 = VERTEX_POINT ( 'NONE', #2854 ) ;
#484 = ORIENTED_EDGE ( 'NONE', *, *, #3097, .F. ) ;
#485 = CARTESIAN_POINT ( 'NONE',  ( 12.51218626684341473, -10.16167906864487946, 45.92313152773873952 ) ) ;
#486 = ORIENTED_EDGE ( 'NONE', *, *, #1236, .T. ) ;
#487 = ORIENTED_EDGE ( 'NONE', *, *, #3378, .F. ) ;
#488 = DIRECTION ( 'NONE',  ( -3.165304382199374329E-29, 1.000000000000000000, -3.995004816858373925E-31 ) ) ;
#489 = ADVANCED_FACE ( 'NONE', ( #2302 ), #504, .T. ) ;
#490 = CARTESIAN_POINT ( 'NONE',  ( 3.644109344331338374, -32.49999994784574397, 43.30448586130242461 ) ) ;
#491 = DIRECTION ( 'NONE',  ( 0.000000000000000000, 0.000000000000000000, -1.000000000000000000 ) ) ;
#492 = CARTESIAN_POINT ( 'NONE',  ( 0.3142333559783153651, -20.27170893043666666, 40.55935516173090605 ) ) ;
#493 = DIRECTION ( 'NONE',  ( 0.000000000000000000, 1.959217102279369698E-16, -1.000000000000000000 ) ) ;
#494 = EDGE_CURVE ( 'NONE', #569, #15, #350, .T. ) ;
#495 = DIRECTION ( 'NONE',  ( 1.959217102279369698E-16, 1.000000000000000000, -3.144753976324933694E-28 ) ) ;
#496 = LINE ( 'NONE', #2614, #274 ) ;
#497 = CARTESIAN_POINT ( 'NONE',  ( 13.79453970098311011, -10.23217266787209212, 42.12489392064643567 ) ) ;
#498 = CARTESIAN_POINT ( 'NONE',  ( 19.62432300124939744, -17.64999994784669823, 45.99972745446670785 ) ) ;
#499 = ORIENTED_EDGE ( 'NONE', *, *, #2713, .F. ) ;
#500 = ORIENTED_EDGE ( 'NONE', *, *, #2141, .T. ) ;
#501 = CARTESIAN_POINT ( 'NONE',  ( 12.53447408034051413, -7.505766714931336736, 45.84045190693405658 ) ) ;
#502 = ORIENTED_EDGE ( 'NONE', *, *, #2964, .F. ) ;
#503 = VECTOR ( 'NONE', #13, 1000.000000000000000 ) ;
#504 = TOROIDAL_SURFACE ( 'NONE', #2924, 17.13358553068784218, 2.000000000000000000 ) ;
#505 = EDGE_LOOP ( 'NONE', ( #2210, #1342, #3475, #2343 ) ) ;
#506 = LINE ( 'NONE', #1657, #128 ) ;
#507 = CARTESIAN_POINT ( 'NONE',  ( 10.12017383194974229, -20.43337205221648389, 40.39556008965175238 ) ) ;
#508 = FACE_OUTER_BOUND ( 'NONE', #2325, .T. ) ;
#509 = DIRECTION ( 'NONE',  ( 9.355088397137460852E-31, -1.000000000000000000, -1.959217102279369698E-16 ) ) ;
#510 = EDGE_CURVE ( 'NONE', #2618, #110, #1482, .T. ) ;
#511 = CARTESIAN_POINT ( 'NONE',  ( 18.06287843226651901, 10.00000005215379950, 11.29999999997941451 ) ) ;
#512 = DIRECTION ( 'NONE',  ( -0.6546536707079718687, 0.000000000000000000, -0.7559289460184589471 ) ) ;
#513 = CARTESIAN_POINT ( 'NONE',  ( 6.605708007037192075, -116.1946135376317812, 45.13264655657860658 ) ) ;
#514 = DIRECTION ( 'NONE',  ( -2.775557561562989959E-17, 1.000000000000000000, 1.959217102279369698E-16 ) ) ;
#515 = VERTEX_POINT ( 'NONE', #1765 ) ;
#516 = ORIENTED_EDGE ( 'NONE', *, *, #3445, .T. ) ;
#517 = EDGE_CURVE ( 'NONE', #255, #3134, #2837, .T. ) ;
#518 = CARTESIAN_POINT ( 'NONE',  ( 9.491170432567813009, -7.328896123404997631, 42.31853780262247255 ) ) ;
#519 = VERTEX_POINT ( 'NONE', #83 ) ;
#520 = PERSON_AND_ORGANIZATION ( #2969, #3174 ) ;
#521 = ORIENTED_EDGE ( 'NONE', *, *, #3009, .F. ) ;
#522 = CARTESIAN_POINT ( 'NONE',  ( 5.262878432270531981, -116.4999999478460211, 43.99999999999997158 ) ) ;
#523 = VECTOR ( 'NONE', #488, 1000.000000000000000 ) ;
#524 = CARTESIAN_POINT ( 'NONE',  ( 8.700521305916275594, -22.22021314324296881, 39.29026127034017435 ) ) ;
#525 = FACE_OUTER_BOUND ( 'NONE', #1696, .T. ) ;
#526 = VECTOR ( 'NONE', #1636, 1000.000000000000000 ) ;
#527 = CC_DESIGN_DATE_AND_TIME_ASSIGNMENT ( #1652, #3228, ( #2077 ) ) ;
#528 = DIRECTION ( 'NONE',  ( -0.9904444530330245300, 0.000000000000000000, -0.1379122382390807200 ) ) ;
#529 = CARTESIAN_POINT ( 'NONE',  ( -2.675652813053489787, -18.89999994784669823, 39.00000000000000000 ) ) ;
#530 = DIRECTION ( 'NONE',  ( 9.355088397137460852E-31, -1.000000000000000000, -1.959217102279369698E-16 ) ) ;
#531 = ORIENTED_EDGE ( 'NONE', *, *, #184, .F. ) ;
#532 = AXIS2_PLACEMENT_3D ( 'NONE', #2178, #2436, #585 ) ;
#533 = VERTEX_POINT ( 'NONE', #1781 ) ;
#534 = AXIS2_PLACEMENT_3D ( 'NONE', #300, #3021, #51 ) ;
#535 = ADVANCED_FACE ( 'NONE', ( #2888 ), #904, .T. ) ;
#536 = CARTESIAN_POINT ( 'NONE',  ( 9.739127949477527579, -11.05057380185675697, 43.18100040285862207 ) ) ;
#537 = CARTESIAN_POINT ( 'NONE',  ( 4.122159458623062989, -32.76794914027708927, 45.32712479562422203 ) ) ;
#538 = VERTEX_POINT ( 'NONE', #2002 ) ;
#539 = APPROVAL_STATUS ( 'not_yet_approved' ) ;
#540 = EDGE_CURVE ( 'NONE', #674, #2101, #941, .T. ) ;
#541 = ORIENTED_EDGE ( 'NONE', *, *, #3188, .T. ) ;
#542 = CARTESIAN_POINT ( 'NONE',  ( 12.69121183001820086, -6.845702727857680081, 45.03434178679309952 ) ) ;
#543 = EDGE_CURVE ( 'NONE', #648, #681, #153, .T. ) ;
#544 = CARTESIAN_POINT ( 'NONE',  ( 8.601178577341585196, -22.32343576181463973, 39.25504850377744503 ) ) ;
#545 = PLANE ( 'NONE',  #217 ) ;
#546 = DIRECTION ( 'NONE',  ( -1.959217102279369698E-16, -1.000000000000000000, 3.144753976324933694E-28 ) ) ;
#547 = CARTESIAN_POINT ( 'NONE',  ( 5.262878432270531981, -32.49999994784597135, 42.24999999999998579 ) ) ;
#548 = LINE ( 'NONE', #3056, #273 ) ;
#549 = CARTESIAN_POINT ( 'NONE',  ( 0.7128784322705502552, 10.00000005215329857, 43.99999999999997158 ) ) ;
#550 = ORIENTED_EDGE ( 'NONE', *, *, #1459, .F. ) ;
#551 = ORIENTED_EDGE ( 'NONE', *, *, #1372, .T. ) ;
#552 = CARTESIAN_POINT ( 'NONE',  ( 19.85087176825845390, -32.49999994784597135, 53.99723507312019422 ) ) ;
#553 = CARTESIAN_POINT ( 'NONE',  ( 3.349639285967572100, -34.49999994784597135, 45.97535211267609867 ) ) ;
#554 = ORIENTED_EDGE ( 'NONE', *, *, #1982, .T. ) ;
#555 = VECTOR ( 'NONE', #963, 1000.000000000000000 ) ;
#556 = ORIENTED_EDGE ( 'NONE', *, *, #359, .T. ) ;
#557 = CARTESIAN_POINT ( 'NONE',  ( 9.295485700607889257, -7.977696165761334335, 46.10733608737023559 ) ) ;
#558 = EDGE_CURVE ( 'NONE', #2936, #1425, #2872, .T. ) ;
#559 = CONICAL_SURFACE ( 'NONE', #962, 6.250000000000000000, 0.7853981633974476129 ) ;
#560 = CARTESIAN_POINT ( 'NONE',  ( 10.15966880942336736, -20.36444892364257342, 40.46440937079125177 ) ) ;
#561 = DIRECTION ( 'NONE',  ( -4.156940164997434983E-31, -1.000000000000000000, 3.163652806446749848E-29 ) ) ;
#562 = DIRECTION ( 'NONE',  ( 3.995596893914154875E-31, 1.000000000000000000, -3.165297545488245162E-29 ) ) ;
#563 = CIRCLE ( 'NONE', #1763, 7.000000000000002665 ) ;
#564 = EDGE_CURVE ( 'NONE', #3401, #2621, #3151, .T. ) ;
#565 = CARTESIAN_POINT ( 'NONE',  ( -9.037121567729400340, 10.00000005215379950, 37.00000000000000000 ) ) ;
#566 = LINE ( 'NONE', #2744, #503 ) ;
#567 = CARTESIAN_POINT ( 'NONE',  ( 0.3660889251434158442, -20.36446112517277385, 40.46438670881750710 ) ) ;
#568 = ORIENTED_EDGE ( 'NONE', *, *, #668, .F. ) ;
#569 = VERTEX_POINT ( 'NONE', #3364 ) ;
#570 = CARTESIAN_POINT ( 'NONE',  ( 9.295485806181382316, -9.822304294525977753, 41.89266411283684732 ) ) ;
#572 = CARTESIAN_POINT ( 'NONE',  ( 21.19194066934053922, -116.2600182964824853, -2.066385389661036243 ) ) ;
#571 = CARTESIAN_POINT ( 'NONE',  ( 1.479160065508467570, -21.84677981356775689, 39.43944126068921463 ) ) ;
#573 = DIRECTION ( 'NONE',  ( 0.000000000000000000, 0.000000000000000000, 1.000000000000000000 ) ) ;
#574 = ORIENTED_EDGE ( 'NONE', *, *, #3251, .F. ) ;
#575 = DIRECTION ( 'NONE',  ( 2.775557561562989959E-17, -1.000000000000000000, -1.959217102279369698E-16 ) ) ;
#576 = ORIENTED_EDGE ( 'NONE', *, *, #2945, .T. ) ;
#577 = CARTESIAN_POINT ( 'NONE',  ( 9.188754130761321193, -8.899999947856109372, 46.30000000000000426 ) ) ;
#578 = EDGE_CURVE ( 'NONE', #1829, #2734, #891, .T. ) ;
#579 = CARTESIAN_POINT ( 'NONE',  ( 1.170112395340860978, -10.05779707928114775, 42.01170142723849921 ) ) ;
#580 = CARTESIAN_POINT ( 'NONE',  ( 13.18453374264195332, -32.57293402266884641, 39.00000000000002842 ) ) ;
#581 = CARTESIAN_POINT ( 'NONE',  ( -5.037121567727292692, 10.00000005215379950, 15.25000000001643485 ) ) ;
#582 = EDGE_CURVE ( 'NONE', #1556, #2844, #3501, .T. ) ;
#583 = CARTESIAN_POINT ( 'NONE',  ( -10.52795384469724915, -116.1553321491693396, -2.223743268176984422 ) ) ;
#584 = DIRECTION ( 'NONE',  ( 9.355088397137460852E-31, -1.000000000000000000, -1.959217102279369698E-16 ) ) ;
#585 = DIRECTION ( 'NONE',  ( -0.6546536707079718687, 0.000000000000000000, -0.7559289460184589471 ) ) ;
#586 = ORIENTED_EDGE ( 'NONE', *, *, #1259, .T. ) ;
#587 = VERTEX_POINT ( 'NONE', #2967 ) ;
#588 = LOCAL_TIME ( 21, 32, 7.000000000000000000, #2169 ) ;
#589 = VECTOR ( 'NONE', #845, 1000.000000000000000 ) ;
#590 = CARTESIAN_POINT ( 'NONE',  ( 3.146297908581952907, -145.3271838359477215, -8.762690335259012642 ) ) ;
#591 = PLANE ( 'NONE',  #1966 ) ;
#592 = VERTEX_POINT ( 'NONE', #1281 ) ;
#593 = PLANE ( 'NONE',  #857 ) ;
#594 = AXIS2_PLACEMENT_3D ( 'NONE', #1392, #562, #10 ) ;
#595 = ORIENTED_EDGE ( 'NONE', *, *, #1216, .T. ) ;
#596 = DIRECTION ( 'NONE',  ( 0.000000000000000000, 0.000000000000000000, 1.000000000000000000 ) ) ;
#597 = CARTESIAN_POINT ( 'NONE',  ( 0.8541608559417046553, -6.894256279709728652, 42.87443018747222823 ) ) ;
#598 = CARTESIAN_POINT ( 'NONE',  ( 19.21116950252991629, -34.29135098068484666, 39.00000000000006395 ) ) ;
#599 = CARTESIAN_POINT ( 'NONE',  ( -9.037121567729400340, -116.4999999478460069, 37.00000000000000000 ) ) ;
#600 = EDGE_CURVE ( 'NONE', #3409, #375, #746, .T. ) ;
#601 = CARTESIAN_POINT ( 'NONE',  ( -10.23306729598203724, -115.9126101481156752, -2.489165476510985187 ) ) ;
#602 = CARTESIAN_POINT ( 'NONE',  ( -3.562157986012812305, -8.591834150934253955, 41.71606418927815696 ) ) ;
#603 = CARTESIAN_POINT ( 'NONE',  ( 6.951551747122365121, -32.52806286316108242, 43.49853342036793435 ) ) ;
#604 = ORIENTED_EDGE ( 'NONE', *, *, #543, .T. ) ;
#605 = ADVANCED_FACE ( 'NONE', ( #508 ), #3467, .F. ) ;
#606 = DIRECTION ( 'NONE',  ( -5.279050934211309632E-19, 1.000000000000000000, 1.921304537145050016E-16 ) ) ;
#607 = LINE ( 'NONE', #321, #675 ) ;
#608 = DIRECTION ( 'NONE',  ( 1.000000000000000000, 0.000000000000000000, -1.603068372491023297E-12 ) ) ;
#609 = ORIENTED_EDGE ( 'NONE', *, *, #600, .F. ) ;
#610 = DIRECTION ( 'NONE',  ( 0.000000000000000000, 1.959217102279369698E-16, -1.000000000000000000 ) ) ;
#611 = EDGE_LOOP ( 'NONE', ( #860, #2150, #3127, #2097 ) ) ;
#612 = B_SPLINE_CURVE_WITH_KNOTS ( 'NONE', 3,
 ( #553, #289, #3502, #2768, #2120, #863, #1650, #3230, #809, #537 ),
 .UNSPECIFIED., .F., .F.,
 ( 4, 2, 2, 2, 4 ),
 ( 0.000000000000000000, 0.0005223180577112450937, 0.001044636115422490187, 0.001566954173133735390, 0.002089272230844980375 ),
 .UNSPECIFIED. ) ;
#613 = CARTESIAN_POINT ( 'NONE',  ( 1.172023168562585260, -10.05573690880117610, 45.99417001495891100 ) ) ;
#614 = AXIS2_PLACEMENT_3D ( 'NONE', #2451, #1641, #512 ) ;
#615 = CARTESIAN_POINT ( 'NONE',  ( 1.038534127625070802, -7.340121177996428159, 42.30925741151611419 ) ) ;
#616 = CARTESIAN_POINT ( 'NONE',  ( 7.158141849541598489, -34.15071112840218603, 45.96075805632644062 ) ) ;
#617 = AXIS2_PLACEMENT_3D ( 'NONE', #1861, #1072, #712 ) ;
#618 = VECTOR ( 'NONE', #672, 1000.000000000000000 ) ;
#619 = CARTESIAN_POINT ( 'NONE',  ( -9.297738609850094704, -115.0558773282757272, -2.932192930983333223 ) ) ;
#620 = CARTESIAN_POINT ( 'NONE',  ( 19.27303982678090577, -114.4999999478460069, -18.11729409359903542 ) ) ;
#621 = ADVANCED_FACE ( 'NONE', ( #1605 ), #559, .T. ) ;
#622 = CARTESIAN_POINT ( 'NONE',  ( 6.881946311388354331, -32.49999994784595714, 43.30500541068013121 ) ) ;
#623 = VERTEX_POINT ( 'NONE', #997 ) ;
#624 = FACE_OUTER_BOUND ( 'NONE', #1197, .T. ) ;
#625 = ADVANCED_FACE ( 'NONE', ( #1820 ), #2356, .T. ) ;
#626 = LINE ( 'NONE', #2029, #2656 ) ;
#627 = ORIENTED_EDGE ( 'NONE', *, *, #2509, .F. ) ;
#628 = EDGE_LOOP ( 'NONE', ( #966, #917, #881, #2244 ) ) ;
#629 = CARTESIAN_POINT ( 'NONE',  ( 19.85087176825845390, -34.49999994784597135, 53.99723507312019422 ) ) ;
#630 = ADVANCED_FACE ( 'NONE', ( #2930 ), #3449, .F. ) ;
#631 = ORIENTED_EDGE ( 'NONE', *, *, #2443, .F. ) ;
#632 = CARTESIAN_POINT ( 'NONE',  ( 0.9753550697962348748, -10.62378830174776745, 45.52420895151236380 ) ) ;
#633 = CARTESIAN_POINT ( 'NONE',  ( -7.237121567744281947, -12.49999914318350136, 4.647043445578714405 ) ) ;
#634 = DIRECTION ( 'NONE',  ( 1.583659600289319167E-46, 1.959217102279369945E-16, -1.000000000000000000 ) ) ;
#635 = CARTESIAN_POINT ( 'NONE',  ( -9.852347652777929454, -115.5752950291410315, -2.731260322148542308 ) ) ;
#636 = CARTESIAN_POINT ( 'NONE',  ( -8.716613492040350408, 8.500000052153820818, -3.000000000000250022 ) ) ;
#637 = CARTESIAN_POINT ( 'NONE',  ( 9.258101564169239239, -9.642293460497940671, 46.17736347909573169 ) ) ;
#638 = ORIENTED_EDGE ( 'NONE', *, *, #709, .T. ) ;
#639 = CARTESIAN_POINT ( 'NONE',  ( -11.03712156772932218, -116.4813394167322542, -1.430183998283618863 ) ) ;
#640 = CARTESIAN_POINT ( 'NONE',  ( 14.00602421157876520, -8.141211338526154861, 41.82360568061923800 ) ) ;
#641 = VECTOR ( 'NONE', #649, 1000.000000000000000 ) ;
#642 = DIRECTION ( 'NONE',  ( 0.9904444530330248631, 0.000000000000000000, -0.1379122382390792489 ) ) ;
#643 = ORIENTED_EDGE ( 'NONE', *, *, #3450, .T. ) ;
#644 = ORIENTED_EDGE ( 'NONE', *, *, #2761, .F. ) ;
#645 = CARTESIAN_POINT ( 'NONE',  ( 5.262878432270550633, 10.00000005215329857, 44.00000000000000000 ) ) ;
#646 = EDGE_CURVE ( 'NONE', #2675, #1655, #1053, .T. ) ;
#647 = CC_DESIGN_SECURITY_CLASSIFICATION ( #2077, ( #1501 ) ) ;
#648 = VERTEX_POINT ( 'NONE', #3484 ) ;
#649 = DIRECTION ( 'NONE',  ( -1.603068372491023297E-12, -3.995004817365800739E-31, -1.000000000000000000 ) ) ;
#650 = CIRCLE ( 'NONE', #2425, 14.99999999999999289 ) ;
#651 = AXIS2_PLACEMENT_3D ( 'NONE', #2968, #3509, #3197 ) ;
#652 = CARTESIAN_POINT ( 'NONE',  ( -7.537121567740835637, -11.49999994784619872, 6.800000000020397728 ) ) ;
#653 = CARTESIAN_POINT ( 'NONE',  ( 5.262878432254364469, -11.49999994784619872, 3.749999999999892530 ) ) ;
#654 = CARTESIAN_POINT ( 'NONE',  ( -9.359940238485895847, -115.1150602535816887, -2.915819068801587477 ) ) ;
#655 = DIRECTION ( 'NONE',  ( 1.603068372491023297E-12, 3.995004817365800739E-31, 1.000000000000000000 ) ) ;
#656 = CARTESIAN_POINT ( 'NONE',  ( 6.837338855640252788, -32.79640052838298203, 44.77059899220380146 ) ) ;
#657 = EDGE_LOOP ( 'NONE', ( #933, #445, #318, #2441, #1864, #3082 ) ) ;
#658 = CARTESIAN_POINT ( 'NONE',  ( 17.76144634452251125, -116.3604275874385365, 37.88029811779120593 ) ) ;
#659 = CARTESIAN_POINT ( 'NONE',  ( 13.74827178733909960, -7.473996370000884681, 42.19540833050568551 ) ) ;
#660 = LINE ( 'NONE', #2823, #247 ) ;
#661 = ORIENTED_EDGE ( 'NONE', *, *, #821, .F. ) ;
#662 = ORIENTED_EDGE ( 'NONE', *, *, #145, .T. ) ;
#663 = VERTEX_POINT ( 'NONE', #2704 ) ;
#664 = EDGE_CURVE ( 'NONE', #2132, #357, #1246, .T. ) ;
#665 = CARTESIAN_POINT ( 'NONE',  ( 19.56287843227060108, 10.00000005215389898, 39.00000000000000000 ) ) ;
#666 = CARTESIAN_POINT ( 'NONE',  ( -4.629159530853098836, -32.95772127600121593, 38.99999999999988631 ) ) ;
#667 = CARTESIAN_POINT ( 'NONE',  ( 15.56287843227931589, 8.500000052153810159, 19.24999999998341238 ) ) ;
#668 = EDGE_CURVE ( 'NONE', #519, #2606, #1025, .T. ) ;
#669 = CARTESIAN_POINT ( 'NONE',  ( 15.56287843227705991, 10.00000005215379950, 17.84999999998341025 ) ) ;
#670 = CIRCLE ( 'NONE', #790, 2.500000000000001332 ) ;
#671 = CARTESIAN_POINT ( 'NONE',  ( 5.262878432270550633, -16.39999994784669823, 44.00000000000000000 ) ) ;
#672 = DIRECTION ( 'NONE',  ( 3.995004817367950856E-31, 1.000000000000000000, -3.165304382199309869E-29 ) ) ;
#673 = CARTESIAN_POINT ( 'NONE',  ( 6.946930185187869533, -32.75071991039335018, 44.48646633248294080 ) ) ;
#674 = VERTEX_POINT ( 'NONE', #1872 ) ;
#675 = VECTOR ( 'NONE', #1384, 1000.000000000000000 ) ;
#676 = CIRCLE ( 'NONE', #1598, 4.549999999999999822 ) ;
#677 = PLANE ( 'NONE',  #2679 ) ;
#678 = CARTESIAN_POINT ( 'NONE',  ( 10.53438420759187366, -19.56087026230900960, 41.42505173138462737 ) ) ;
#679 = CARTESIAN_POINT ( 'NONE',  ( -2.082167557246168421, -7.170760281333941499, 45.51717738355457499 ) ) ;
#680 = VERTEX_POINT ( 'NONE', #2984 ) ;
#681 = VERTEX_POINT ( 'NONE', #170 ) ;
#682 = AXIS2_PLACEMENT_3D ( 'NONE', #1078, #2749, #2475 ) ;
#683 = ORIENTED_EDGE ( 'NONE', *, *, #2068, .F. ) ;
#684 = CARTESIAN_POINT ( 'NONE',  ( 7.139982287665107563, -114.7391846085466085, 46.01073934407528299 ) ) ;
#685 = CARTESIAN_POINT ( 'NONE',  ( 0.7133341457037252198, -11.19906423137024198, 43.92557041613309110 ) ) ;
#686 = CARTESIAN_POINT ( 'NONE',  ( -7.631182074259498016, -115.9913401921353540, 38.42832679129849538 ) ) ;
#687 = EDGE_CURVE ( 'NONE', #265, #92, #2166, .T. ) ;
#688 = CARTESIAN_POINT ( 'NONE',  ( 3.645611288640540071, -32.78390756478307821, 44.67605177928976445 ) ) ;
#689 = CARTESIAN_POINT ( 'NONE',  ( 3.887346052696712295, -115.4789799460770894, 46.38868202708228949 ) ) ;
#690 = DIRECTION ( 'NONE',  ( -1.959217102279369698E-16, -1.000000000000000000, 3.144753976324933694E-28 ) ) ;
#691 = PLANE ( 'NONE',  #2026 ) ;
#692 = ADVANCED_FACE ( 'NONE', ( #1530 ), #1263, .T. ) ;
#693 = CARTESIAN_POINT ( 'NONE',  ( 1.115782418302778245, -7.561481481428638851, 45.87246948495270260 ) ) ;
#694 = CARTESIAN_POINT ( 'NONE',  ( 20.97709199464368268, 0.5485211521307939986, 38.41421356237309936 ) ) ;
#695 = FACE_OUTER_BOUND ( 'NONE', #628, .T. ) ;
#696 = EDGE_LOOP ( 'NONE', ( #2121, #3439, #3117, #3011, #3338, #609, #2184, #1184 ) ) ;
#697 = ORIENTED_EDGE ( 'NONE', *, *, #885, .F. ) ;
#698 = PLANE ( 'NONE',  #1193 ) ;
#699 = VERTEX_POINT ( 'NONE', #817 ) ;
#700 = DIRECTION ( 'NONE',  ( -3.165304382199374329E-29, 1.000000000000000000, -3.995004816858373925E-31 ) ) ;
#701 = AXIS2_PLACEMENT_3D ( 'NONE', #522, #1619, #1331 ) ;
#702 = VECTOR ( 'NONE', #3491, 1000.000000000000000 ) ;
#703 = CARTESIAN_POINT ( 'NONE',  ( -2.327280747290306540, -11.18975222279584969, 44.22440152640938038 ) ) ;
#704 = CARTESIAN_POINT ( 'NONE',  ( 9.470080465503423639, -7.384045676519017221, 45.73650008639743447 ) ) ;
#705 = AXIS2_PLACEMENT_3D ( 'NONE', #348, #1477, #96 ) ;
#706 = CARTESIAN_POINT ( 'NONE',  ( -9.037121567706197567, -116.4999999478460069, 28.30000000020967832 ) ) ;
#707 = CARTESIAN_POINT ( 'NONE',  ( 0.1573291028244451217, -19.95506406943040645, 40.92401160974402075 ) ) ;
#708 = CARTESIAN_POINT ( 'NONE',  ( 19.91155608216139328, -115.1383087960977747, -2.908795231372015788 ) ) ;
#709 = EDGE_CURVE ( 'NONE', #1076, #1905, #2450, .T. ) ;
#710 = DIRECTION ( 'NONE',  ( -1.603068372491023297E-12, -3.995004817365800739E-31, -1.000000000000000000 ) ) ;
#711 = DIRECTION ( 'NONE',  ( -3.165304382199374329E-29, 1.000000000000000000, -3.995004816858373925E-31 ) ) ;
#712 = DIRECTION ( 'NONE',  ( 1.000000000000000000, 0.000000000000000000, 6.813993813636899845E-15 ) ) ;
#713 = CARTESIAN_POINT ( 'NONE',  ( -2.152262688650242950, -10.90659392920357185, 45.12908477387606609 ) ) ;
#714 = VERTEX_POINT ( 'NONE', #3342 ) ;
#715 = ORIENTED_EDGE ( 'NONE', *, *, #1172, .T. ) ;
#716 = EDGE_CURVE ( 'NONE', #2135, #1669, #1761, .T. ) ;
#717 = CARTESIAN_POINT ( 'NONE',  ( 12.61599566525329053, -10.66308928729939076, 45.47763322435179134 ) ) ;
#718 = ORIENTED_EDGE ( 'NONE', *, *, #297, .T. ) ;
#719 = CARTESIAN_POINT ( 'NONE',  ( 6.116464492460806923, -115.9310511213698334, 46.62242701406213996 ) ) ;
#720 = CARTESIAN_POINT ( 'NONE',  ( -8.294341817298217734, -34.13984584728117255, 38.99999999999987921 ) ) ;
#721 = CARTESIAN_POINT ( 'NONE',  ( -7.377310366980768919, -116.2331747376608178, 38.12470756577520348 ) ) ;
#722 = CARTESIAN_POINT ( 'NONE',  ( -7.042839891083414017, -116.4999999478460211, 37.15113104973524827 ) ) ;
#723 = DIRECTION ( 'NONE',  ( 9.355088397137460852E-31, -1.000000000000000000, -1.959217102279369698E-16 ) ) ;
#724 = CARTESIAN_POINT ( 'NONE',  ( -9.325114903717384607, -32.49999994784597135, 53.99723507312020132 ) ) ;
#725 = FACE_OUTER_BOUND ( 'NONE', #1324, .T. ) ;
#726 = CARTESIAN_POINT ( 'NONE',  ( 18.06287843226169088, -11.49999994784619872, 8.299999999979386089 ) ) ;
#727 = EDGE_CURVE ( 'NONE', #773, #1920, #3307, .T. ) ;
#728 = CLOSED_SHELL ( 'NONE', ( #630, #3269, #59, #3499, #1758, #867, #3116, #736, #3229, #2555, #338, #324, #2198, #1242, #1505, #98, #2623, #2790, #3255, #2834, #2116, #974, #2800, #2447, #1610, #2348, #3344, #1127, #2209, #1479, #621, #2181, #2899, #2578, #1087, #2375, #2688, #1892, #2295, #3541, #2779, #2619, #2807, #2518, #2785, #1671, #625, #1349, #2469, #1961, #2351, #2540, #1438, #1043, #3517, #740, #1870, #3384, #344, #3136, #1312, #319, #1697, #228, #2186, #3003, #3092, #1637, #2590, #757, #692, #1299, #605, #1834, #1198, #2986, #2992, #2628, #148, #489, #535, #3028, #276 ) ) ;
#729 = CARTESIAN_POINT ( 'NONE',  ( 19.56287843224793832, -114.9999999478460069, -0.3000000000000606626 ) ) ;
#730 = AXIS2_PLACEMENT_3D ( 'NONE', #749, #480, #3512 ) ;
#731 = CARTESIAN_POINT ( 'NONE',  ( 20.97709199464368623, -116.4999999478460069, 38.41421356237309936 ) ) ;
#732 = CARTESIAN_POINT ( 'NONE',  ( 18.06287843225927503, 8.500000052153810159, 6.799999999979386978 ) ) ;
#733 = VERTEX_POINT ( 'NONE', #1691 ) ;
#734 = ORIENTED_EDGE ( 'NONE', *, *, #2740, .T. ) ;
#735 = VECTOR ( 'NONE', #172, 1000.000000000000000 ) ;
#736 = ADVANCED_FACE ( 'NONE', ( #525 ), #1659, .T. ) ;
#737 = AXIS2_PLACEMENT_3D ( 'NONE', #1992, #2013, #1153 ) ;
#738 = ORIENTED_EDGE ( 'NONE', *, *, #2536, .F. ) ;
#739 = CARTESIAN_POINT ( 'NONE',  ( -11.73712156774780802, -12.49999914318350136, 2.494086891144657425 ) ) ;
#740 = ADVANCED_FACE ( 'NONE', ( #3052 ), #545, .T. ) ;
#741 = CARTESIAN_POINT ( 'NONE',  ( -2.339109823390129517, -11.19359291379959487, 44.17986217966022622 ) ) ;
#742 = VERTEX_POINT ( 'NONE', #1909 ) ;
#743 = CARTESIAN_POINT ( 'NONE',  ( -7.537121567723127136, 10.00000005215379950, 17.85000000002044729 ) ) ;
#744 = LINE ( 'NONE', #2335, #1248 ) ;
#745 = CARTESIAN_POINT ( 'NONE',  ( 3.349639285967574320, -114.6242903828182023, 45.97535211267609867 ) ) ;
#746 = LINE ( 'NONE', #2630, #2571 ) ;
#747 = CARTESIAN_POINT ( 'NONE',  ( 20.52148182159157130, -115.7030478647029241, -2.648092593277676432 ) ) ;
#748 = CARTESIAN_POINT ( 'NONE',  ( 21.56287843227086753, -116.4999999478460069, -1.153819764727937569 ) ) ;
#749 = CARTESIAN_POINT ( 'NONE',  ( 5.262878432270531981, -116.4999999478460211, 43.99999999999997158 ) ) ;
#750 = CARTESIAN_POINT ( 'NONE',  ( 6.856300308379691621, -116.2047605357412010, 44.74000395524215179 ) ) ;
#751 = CARTESIAN_POINT ( 'NONE',  ( 18.06287843227573831, -11.49999994784619872, 17.02499999997941416 ) ) ;
#752 = ORIENTED_EDGE ( 'NONE', *, *, #1372, .F. ) ;
#753 = ORIENTED_EDGE ( 'NONE', *, *, #3337, .T. ) ;
#754 = DIRECTION ( 'NONE',  ( 1.583659600289321890E-46, 1.959217102279369698E-16, -1.000000000000000000 ) ) ;
#755 = ORIENTED_EDGE ( 'NONE', *, *, #2330, .T. ) ;
#756 = SHAPE_DEFINITION_REPRESENTATION ( #3372, #2577 ) ;
#757 = ADVANCED_FACE ( 'NONE', ( #3544 ), #3563, .T. ) ;
#758 = ORIENTED_EDGE ( 'NONE', *, *, #1875, .F. ) ;
#759 = DIRECTION ( 'NONE',  ( 1.603068372491023297E-12, 3.995004817365800739E-31, 1.000000000000000000 ) ) ;
#760 = EDGE_CURVE ( 'NONE', #2237, #2637, #769, .T. ) ;
#761 = B_SPLINE_CURVE_WITH_KNOTS ( 'NONE', 3,
 ( #1383, #2458, #2698, #2203, #3316, #3043, #571, #1403, #1327, #3263, #2911, #2395, #438, #456, #190, #1841 ),
 .UNSPECIFIED., .F., .F.,
 ( 4, 2, 2, 1, 1, 1, 1, 2, 2, 4 ),
 ( 0.4360686279716992075, 0.5770514709787541996, 0.6475428924822822507, 0.6827886032340462208, 0.7004114586099279283, 0.7092228862978686710, 0.7136286001418397085, 0.7158314570638255603, 0.7180343139858113011, 1.000000000000000000 ),
 .UNSPECIFIED. ) ;
#762 = CONICAL_SURFACE ( 'NONE', #1109, 8.250000000000001776, 0.7853981633974503884 ) ;
#763 = CARTESIAN_POINT ( 'NONE',  ( 3.745855855429195636, -32.49999994784597135, 43.12756518790589411 ) ) ;
#764 = LINE ( 'NONE', #1584, #2562 ) ;
#765 = CARTESIAN_POINT ( 'NONE',  ( 0.1176190234482311497, -19.85972903063433392, 41.05010787595442423 ) ) ;
#766 = CARTESIAN_POINT ( 'NONE',  ( 19.33511953655071380, -114.5872603314789444, -2.999606185683739046 ) ) ;
#767 = AXIS2_PLACEMENT_3D ( 'NONE', #653, #1743, #2037 ) ;
#768 = CARTESIAN_POINT ( 'NONE',  ( 5.262878432270875706, 10.00000005215330923, -9.362710456145643789 ) ) ;
#769 = B_SPLINE_CURVE_WITH_KNOTS ( 'NONE', 3,
 ( #2777, #3325, #580, #2738, #1374, #1639, #2758, #1947, #280, #2484, #239, #598, #9, #1140, #2722, #1102, #2999, #836, #1925, #3034 ),
 .UNSPECIFIED., .F., .F.,
 ( 4, 2, 2, 2, 2, 2, 2, 2, 2, 4 ),
 ( 5.204170427930421283E-18, 0.002000492447324880678, 0.004000984894649756152, 0.006001477341974632493, 0.007001723565637074133, 0.007501846677468299723, 0.007751908233383908615, 0.007876939011341708291, 0.007939454400320603358, 0.008001969789299498426 ),
 .UNSPECIFIED. ) ;
#770 = LINE ( 'NONE', #3472, #901 ) ;
#771 = LINE ( 'NONE', #458, #3560 ) ;
#772 = CARTESIAN_POINT ( 'NONE',  ( -9.037121567729419880, 0.5485211521307939986, 39.00000000000000000 ) ) ;
#773 = VERTEX_POINT ( 'NONE', #295 ) ;
#774 = ORIENTED_EDGE ( 'NONE', *, *, #3464, .T. ) ;
#775 = CARTESIAN_POINT ( 'NONE',  ( 12.40148959923677552, -8.690476108024773438, 46.30005013198391595 ) ) ;
#776 = ORIENTED_EDGE ( 'NONE', *, *, #979, .T. ) ;
#777 = PERSON_AND_ORGANIZATION ( #2969, #3174 ) ;
#778 = EDGE_LOOP ( 'NONE', ( #1304, #1580, #1663, #2063, #1959, #2975, #1490, #1400, #1520, #2598, #2589, #3304, #3261, #2477, #73, #2364, #2041, #1341, #1170, #107 ) ) ;
#779 = LINE ( 'NONE', #1869, #2649 ) ;
#780 = EDGE_CURVE ( 'NONE', #2621, #812, #1391, .T. ) ;
#781 = DIRECTION ( 'NONE',  ( 1.000000000000000000, 3.165304382199309869E-29, -1.603068372491023297E-12 ) ) ;
#782 = CARTESIAN_POINT ( 'NONE',  ( 0.3660889251434158442, -20.36446112517277385, 40.46438670881750710 ) ) ;
#783 = DIRECTION ( 'NONE',  ( 3.993393703554535512E-31, 1.000000000000000000, -3.165288271061174621E-29 ) ) ;
#784 = EDGE_CURVE ( 'NONE', #1256, #1829, #1674, .T. ) ;
#785 = CARTESIAN_POINT ( 'NONE',  ( -10.74395369239399578, -116.3156255245577739, -1.962882012859731073 ) ) ;
#786 = CARTESIAN_POINT ( 'NONE',  ( 13.77926297431203828, -10.26398079921044015, 42.14796185613950286 ) ) ;
#787 = CARTESIAN_POINT ( 'NONE',  ( -2.210754183204348244, -6.681900874523386769, 44.70901635159226828 ) ) ;
#788 = ORIENTED_EDGE ( 'NONE', *, *, #2092, .T. ) ;
#789 = ORIENTED_EDGE ( 'NONE', *, *, #1306, .T. ) ;
#790 = AXIS2_PLACEMENT_3D ( 'NONE', #28, #2157, #294 ) ;
#791 = CARTESIAN_POINT ( 'NONE',  ( 9.812878432270549567, -11.19999994785599995, 43.84675446713106339 ) ) ;
#792 = ORIENTED_EDGE ( 'NONE', *, *, #1065, .F. ) ;
#793 = DATE_TIME_ROLE ( 'creation_date' ) ;
#794 = VECTOR ( 'NONE', #3361, 1000.000000000000000 ) ;
#795 = AXIS2_PLACEMENT_3D ( 'NONE', #1177, #2270, #3380 ) ;
#796 = ORIENTED_EDGE ( 'NONE', *, *, #3162, .T. ) ;
#797 = CARTESIAN_POINT ( 'NONE',  ( 21.56287843227080003, -116.4999999478460069, 8.849999999999999645 ) ) ;
#798 = CARTESIAN_POINT ( 'NONE',  ( -6.287121567723127136, -28.99999994784619872, 17.85000000001843290 ) ) ;
#799 = CARTESIAN_POINT ( 'NONE',  ( -6.287121567729708538, -28.99999994784619872, 13.75000000001844569 ) ) ;
#800 = DIRECTION ( 'NONE',  ( -9.695610337554099168E-17, -1.000000000000000000, -8.396644857513789699E-17 ) ) ;
#801 = EDGE_CURVE ( 'NONE', #2766, #1453, #260, .T. ) ;
#802 = CARTESIAN_POINT ( 'NONE',  ( 2.863433354721830693, -116.0217740521640764, -7.363030722630949931 ) ) ;
#803 = CARTESIAN_POINT ( 'NONE',  ( -3.513773717655364059, -8.283495551887284591, 41.77933886848293810 ) ) ;
#804 = CARTESIAN_POINT ( 'NONE',  ( -2.282332050373825361, -6.599999947856217020, 44.36212535940165225 ) ) ;
#805 = ORIENTED_EDGE ( 'NONE', *, *, #3320, .F. ) ;
#806 = VERTEX_POINT ( 'NONE', #3071 ) ;
#807 = EDGE_CURVE ( 'NONE', #1616, #286, #1137, .T. ) ;
#808 = LINE ( 'NONE', #590, #109 ) ;
#809 = CARTESIAN_POINT ( 'NONE',  ( 4.007276949620623974, -32.85501037986712447, 45.42722216459323192 ) ) ;
#810 = ORIENTED_EDGE ( 'NONE', *, *, #3314, .T. ) ;
#811 = APPROVAL_DATE_TIME ( #3301, #271 ) ;
#812 = VERTEX_POINT ( 'NONE', #2440 ) ;
#813 = LINE ( 'NONE', #3286, #2188 ) ;
#814 = AXIS2_PLACEMENT_3D ( 'NONE', #1924, #2483, #3235 ) ;
#815 = AXIS2_PLACEMENT_3D ( 'NONE', #739, #2084, #1491 ) ;
#816 = DIRECTION ( 'NONE',  ( 1.602852795204688366E-12, 4.417367523616270103E-31, 1.000000000000000000 ) ) ;
#817 = CARTESIAN_POINT ( 'NONE',  ( 10.21510069743569815, -18.89999994784669823, 44.68956119119539494 ) ) ;
#818 = CARTESIAN_POINT ( 'NONE',  ( -5.037121567729697880, 10.00000005215379950, 13.75000000001643308 ) ) ;
#819 = CARTESIAN_POINT ( 'NONE',  ( 3.020497246163160288, -115.0301938039654175, -8.497772174662669542 ) ) ;
#820 = CARTESIAN_POINT ( 'NONE',  ( 3.600009199256900327, -23.89999994784669823, 39.00000000000000000 ) ) ;
#821 = EDGE_CURVE ( 'NONE', #2606, #2132, #761, .T. ) ;
#822 = CARTESIAN_POINT ( 'NONE',  ( -7.537121567663052524, -12.49999914318350136, 55.36513098980183400 ) ) ;
#823 = ORIENTED_EDGE ( 'NONE', *, *, #364, .T. ) ;
#824 = VECTOR ( 'NONE', #1275, 1000.000000000000000 ) ;
#825 = ORIENTED_EDGE ( 'NONE', *, *, #3201, .T. ) ;
#826 = B_SPLINE_CURVE_WITH_KNOTS ( 'NONE', 3,
 ( #1625, #2414, #2434, #1893, #1912, #1878, #583, #1057, #2762, #785, #2691, #283, #298, #3548, #3019, #1395, #1354, #1320 ),
 .UNSPECIFIED., .F., .F.,
 ( 4, 2, 1, 1, 2, 2, 2, 1, 1, 2, 4 ),
 ( 0.6460549773258889017, 0.6571157592844544260, 0.6681765412430200612, 0.6902981051601508877, 0.7345412329944117635, 0.8230274886629386222, 0.8340882706215055897, 0.8451490525800726683, 0.8672706164972029397, 0.9115137443314678123, 1.000000000000000000 ),
 .UNSPECIFIED. ) ;
#827 = AXIS2_PLACEMENT_3D ( 'NONE', #3308, #1352, #837 ) ;
#828 = CARTESIAN_POINT ( 'NONE',  ( 9.429026983237955406, -10.30011059056744749, 42.16863560811675882 ) ) ;
#829 = EDGE_CURVE ( 'NONE', #1041, #1256, #3511, .T. ) ;
#830 = CARTESIAN_POINT ( 'NONE',  ( 18.06287843227706347, 10.00000005215379950, 17.84999999997940279 ) ) ;
#831 = VERTEX_POINT ( 'NONE', #2950 ) ;
#832 = ORIENTED_EDGE ( 'NONE', *, *, #2640, .F. ) ;
#833 = B_SPLINE_CURVE_WITH_KNOTS ( 'NONE', 3,
 ( #2819, #2873, #336, #2560, #1496, #403, #637, #2597, #1729, #1432, #1985, #101, #1196, #67, #1229, #1162, #136, #2255, #3347, #388, #875, #2287, #1483, #3400 ),
 .UNSPECIFIED., .F., .F.,
 ( 4, 2, 2, 2, 2, 2, 2, 2, 2, 2, 2, 4 ),
 ( 0.000000000000000000, 0.1250000000000025813, 0.1875000000000031641, 0.2187500000000041911, 0.2500000000000051625, 0.3750000000000073830, 0.4375000000000074385, 0.5000000000000074385, 0.6250000000000029976, 0.6875000000000006661, 0.7499999999999982236, 1.000000000000000000 ),
 .UNSPECIFIED. ) ;
#834 = CYLINDRICAL_SURFACE ( 'NONE', #3007, 7.000000000000001776 ) ;
#835 = DIRECTION ( 'NONE',  ( 1.000000000000000000, 0.000000000000000000, -1.603068372491023297E-12 ) ) ;
#836 = CARTESIAN_POINT ( 'NONE',  ( 19.54619307211292778, -34.46176572722009723, 39.00000000000006395 ) ) ;
#837 = DIRECTION ( 'NONE',  ( 0.7071067811865423547, 0.000000000000000000, 0.7071067811865526798 ) ) ;
#838 = CARTESIAN_POINT ( 'NONE',  ( 3.088433305299054688, -116.4163736243205989, -6.565540848543495400 ) ) ;
#839 = DIRECTION ( 'NONE',  ( 0.7071067811865423547, 0.000000000000000000, 0.7071067811865526798 ) ) ;
#840 = DIRECTION ( 'NONE',  ( 2.775557561562989959E-17, -1.000000000000000000, -1.959217102279369698E-16 ) ) ;
#841 = ORIENTED_EDGE ( 'NONE', *, *, #3404, .T. ) ;
#842 = ORIENTED_EDGE ( 'NONE', *, *, #1949, .T. ) ;
#843 = CARTESIAN_POINT ( 'NONE',  ( 9.272180550312928204, -8.085517372939589720, 41.84867097041921369 ) ) ;
#844 = DIRECTION ( 'NONE',  ( -1.832864918100701093E-46, 1.959217102279369945E-16, -1.000000000000000000 ) ) ;
#845 = DIRECTION ( 'NONE',  ( 1.959217102279369945E-16, 1.000000000000000000, 1.335009321450324145E-30 ) ) ;
#846 = VERTEX_POINT ( 'NONE', #748 ) ;
#847 = DIRECTION ( 'NONE',  ( 1.603068372491023297E-12, 3.995004817365800739E-31, 1.000000000000000000 ) ) ;
#848 = AXIS2_PLACEMENT_3D ( 'NONE', #1709, #314, #3379 ) ;
#849 = EDGE_CURVE ( 'NONE', #3132, #2772, #1056, .T. ) ;
#850 = AXIS2_PLACEMENT_3D ( 'NONE', #452, #1033, #151 ) ;
#851 = ORIENTED_EDGE ( 'NONE', *, *, #664, .T. ) ;
#852 = CARTESIAN_POINT ( 'NONE',  ( 1.126536378111637537, -10.20187452367296466, 45.89560541590995513 ) ) ;
#853 = VECTOR ( 'NONE', #1513, 1000.000000000000000 ) ;
#854 = CARTESIAN_POINT ( 'NONE',  ( 0.7203562087590377194, -6.614924683413800466, 43.69933897674338397 ) ) ;
#855 = DIRECTION ( 'NONE',  ( 9.355088397137441584E-31, -1.000000000000000000, -1.959217102279369698E-16 ) ) ;
#856 = CARTESIAN_POINT ( 'NONE',  ( 19.56287843227060108, 10.00000005215379950, 37.00000000000000000 ) ) ;
#857 = AXIS2_PLACEMENT_3D ( 'NONE', #3319, #847, #1185 ) ;
#858 = CARTESIAN_POINT ( 'NONE',  ( 2.983576139242335223, -115.1404388949501794, -8.399326101863984206 ) ) ;
#859 = LINE ( 'NONE', #1356, #2717 ) ;
#860 = ORIENTED_EDGE ( 'NONE', *, *, #2145, .F. ) ;
#861 = EDGE_LOOP ( 'NONE', ( #1538, #1651, #1975, #1047, #1045 ) ) ;
#862 = CARTESIAN_POINT ( 'NONE',  ( 9.251451495693672200, -8.194156178242979038, 41.81049170779013480 ) ) ;
#863 = CARTESIAN_POINT ( 'NONE',  ( 3.626666837999819482, -33.34818998913044652, 45.74795505508514282 ) ) ;
#864 = VERTEX_POINT ( 'NONE', #1859 ) ;
#865 = LINE ( 'NONE', #325, #2927 ) ;
#866 = VERTEX_POINT ( 'NONE', #726 ) ;
#867 = ADVANCED_FACE ( 'NONE', ( #2690 ), #1283, .F. ) ;
#868 = CARTESIAN_POINT ( 'NONE',  ( 1.328246992376601820, -9.198695958181925647, 46.28524484908793823 ) ) ;
#869 = CARTESIAN_POINT ( 'NONE',  ( 0.7192995509159142431, -11.18691213778302718, 43.73883183932636598 ) ) ;
#870 = CARTESIAN_POINT ( 'NONE',  ( -7.537121567712139480, 8.500000052153820818, 24.70000000002045937 ) ) ;
#871 = EDGE_CURVE ( 'NONE', #733, #2474, #1319, .T. ) ;
#872 = PLANE ( 'NONE',  #767 ) ;
#873 = CARTESIAN_POINT ( 'NONE',  ( -9.997918140816850041, -115.7061080205294559, -2.646783821488521316 ) ) ;
#874 = CARTESIAN_POINT ( 'NONE',  ( -3.586748992842415440, -8.900176181646203943, 41.68474444010018232 ) ) ;
#875 = CARTESIAN_POINT ( 'NONE',  ( 9.711063697242298787, -10.99153405486005752, 44.95989483234942696 ) ) ;
#876 = ORIENTED_EDGE ( 'NONE', *, *, #2153, .F. ) ;
#877 = CIRCLE ( 'NONE', #413, 2.408810253138427004 ) ;
#878 = VECTOR ( 'NONE', #3388, 1000.000000000000000 ) ;
#879 = CARTESIAN_POINT ( 'NONE',  ( 19.47478940314908868, -114.6251037504905241, 38.99822323680509584 ) ) ;
#880 = DIRECTION ( 'NONE',  ( -1.602749865885598077E-12, -4.619028405903900566E-31, -1.000000000000000000 ) ) ;
#881 = ORIENTED_EDGE ( 'NONE', *, *, #1463, .T. ) ;
#882 = AXIS2_PLACEMENT_3D ( 'NONE', #1107, #840, #1397 ) ;
#883 = EDGE_LOOP ( 'NONE', ( #108, #467, #1130, #352 ) ) ;
#884 = DIRECTION ( 'NONE',  ( -1.959217102279369698E-16, -1.000000000000000000, 3.144753976324933694E-28 ) ) ;
#885 = EDGE_CURVE ( 'NONE', #290, #461, #1534, .T. ) ;
#886 = CARTESIAN_POINT ( 'NONE',  ( 0.7128784322705511434, -6.599999947856219684, 43.84945230595540977 ) ) ;
#887 = FACE_OUTER_BOUND ( 'NONE', #2170, .T. ) ;
#888 = DIRECTION ( 'NONE',  ( -1.603068372491023297E-12, -3.995004817365800739E-31, -1.000000000000000000 ) ) ;
#889 = EDGE_CURVE ( 'NONE', #846, #3313, #1524, .T. ) ;
#890 = LINE ( 'NONE', #2020, #441 ) ;
#891 = LINE ( 'NONE', #1984, #1533 ) ;
#892 = CARTESIAN_POINT ( 'NONE',  ( 20.82033756015153614, -115.9640523436470403, -2.440629449290151243 ) ) ;
#893 = VERTEX_POINT ( 'NONE', #2970 ) ;
#894 = CARTESIAN_POINT ( 'NONE',  ( 17.70173055603551759, -116.4111887322792569, 37.74774362986328669 ) ) ;
#895 = PLANE ( 'NONE',  #78 ) ;
#896 = ORIENTED_EDGE ( 'NONE', *, *, #1239, .F. ) ;
#897 = ORIENTED_EDGE ( 'NONE', *, *, #1257, .T. ) ;
#898 = CARTESIAN_POINT ( 'NONE',  ( 7.112940541108499382, -116.4999999478460069, -6.070103238131923540 ) ) ;
#899 = ORIENTED_EDGE ( 'NONE', *, *, #3469, .F. ) ;
#900 = CARTESIAN_POINT ( 'NONE',  ( 1.253875103330028828, -9.712554671488151214, 46.15188243950404257 ) ) ;
#901 = VECTOR ( 'NONE', #711, 1000.000000000000000 ) ;
#902 = CARTESIAN_POINT ( 'NONE',  ( 6.925747665284240462, -23.89999994784669823, 39.00000000000000000 ) ) ;
#903 = LINE ( 'NONE', #1429, #1563 ) ;
#904 = TOROIDAL_SURFACE ( 'NONE', #2513, 17.11732520417430692, 2.000000000000000000 ) ;
#905 = AXIS2_PLACEMENT_3D ( 'NONE', #2202, #925, #353 ) ;
#906 = CARTESIAN_POINT ( 'NONE',  ( -8.973783748394064119, -114.7446725440405970, -2.987359025929856138 ) ) ;
#907 = CARTESIAN_POINT ( 'NONE',  ( -2.390280952858999886, -6.599999947856220572, 44.00000000000000000 ) ) ;
#908 = CARTESIAN_POINT ( 'NONE',  ( -7.237121567740826933, -4.388673885524689844, 6.800000000019915447 ) ) ;
#909 = VERTEX_POINT ( 'NONE', #1824 ) ;
#910 = EDGE_CURVE ( 'NONE', #681, #2474, #1607, .T. ) ;
#911 = CARTESIAN_POINT ( 'NONE',  ( 17.58040929813083153, -116.4999999478460353, 37.30700594848060803 ) ) ;
#912 = LINE ( 'NONE', #3420, #2682 ) ;
#913 = DIRECTION ( 'NONE',  ( -1.959217102279369698E-16, -1.000000000000000000, 3.154109064722071031E-28 ) ) ;
#914 = EDGE_LOOP ( 'NONE', ( #230, #1470, #1597, #1125 ) ) ;
#915 = ORIENTED_EDGE ( 'NONE', *, *, #558, .T. ) ;
#916 = DIRECTION ( 'NONE',  ( -3.165304382199374329E-29, 1.000000000000000000, -3.995004816858373925E-31 ) ) ;
#917 = ORIENTED_EDGE ( 'NONE', *, *, #1525, .F. ) ;
#918 = CARTESIAN_POINT ( 'NONE',  ( 9.812878432270549567, 10.00000005215329857, 44.00000000000002842 ) ) ;
#919 = CARTESIAN_POINT ( 'NONE',  ( 1.326057992283356857, -8.601907551965561893, 41.71876789198664426 ) ) ;
#920 = CARTESIAN_POINT ( 'NONE',  ( 3.349639285967572100, -114.4999999478460211, 45.97535211267608446 ) ) ;
#921 = LINE ( 'NONE', #2558, #2219 ) ;
#922 = CARTESIAN_POINT ( 'NONE',  ( -3.130770654678838305, -7.305469548266748880, 42.34062514863418158 ) ) ;
#923 = DIRECTION ( 'NONE',  ( -2.775557561562985028E-17, 1.000000000000000000, 1.959217102279369698E-16 ) ) ;
#924 = ORIENTED_EDGE ( 'NONE', *, *, #1701, .F. ) ;
#925 = DIRECTION ( 'NONE',  ( -1.603068372491023297E-12, -3.995004817365800739E-31, -1.000000000000000000 ) ) ;
#926 = CARTESIAN_POINT ( 'NONE',  ( 20.89689608292798795, -116.0278256494206772, -2.374215706394279479 ) ) ;
#927 = VECTOR ( 'NONE', #1314, 1000.000000000000000 ) ;
#928 = CARTESIAN_POINT ( 'NONE',  ( -5.037121567720721949, 8.500000052153820818, 19.35000000001643627 ) ) ;
#929 = ORIENTED_EDGE ( 'NONE', *, *, #2918, .T. ) ;
#930 = EDGE_LOOP ( 'NONE', ( #3498, #3186, #2154, #3570 ) ) ;
#931 = VECTOR ( 'NONE', #2183, 1000.000000000000000 ) ;
#932 = EDGE_CURVE ( 'NONE', #2260, #2164, #2376, .T. ) ;
#933 = ORIENTED_EDGE ( 'NONE', *, *, #2563, .T. ) ;
#934 = APPLICATION_PROTOCOL_DEFINITION ( 'international standard', 'config_control_design', 1994, #3032 ) ;
#935 = AXIS2_PLACEMENT_3D ( 'NONE', #2019, #2267, #3377 ) ;
#936 = EDGE_CURVE ( 'NONE', #1234, #909, #3547, .T. ) ;
#937 = CARTESIAN_POINT ( 'NONE',  ( -2.390282003148763490, -11.19999996396207464, 43.99999647697185168 ) ) ;
#938 = CARTESIAN_POINT ( 'NONE',  ( 6.403597405918043606, -32.76794914027709638, 45.32712479562418650 ) ) ;
#939 = DIRECTION ( 'NONE',  ( -1.000000000000000000, -3.165304382199309869E-29, 1.603068372491023297E-12 ) ) ;
#940 = CARTESIAN_POINT ( 'NONE',  ( -8.744591096522016826, -114.5262916227343197, -3.000000000000292211 ) ) ;
#941 = LINE ( 'NONE', #2559, #1995 ) ;
#942 = DIRECTION ( 'NONE',  ( -1.603068372491023297E-12, 0.000000000000000000, -1.000000000000000000 ) ) ;
#943 = EDGE_LOOP ( 'NONE', ( #3100, #876 ) ) ;
#944 = CARTESIAN_POINT ( 'NONE',  ( 7.112940541108499382, -116.4999999478460069, -6.070103238131923540 ) ) ;
#945 = CARTESIAN_POINT ( 'NONE',  ( 13.37108414296908698, -6.902306274276609699, 42.85076618584797359 ) ) ;
#946 = DIRECTION ( 'NONE',  ( -9.355088397137460852E-31, 1.000000000000000000, 1.959217102279369698E-16 ) ) ;
#947 = ORIENTED_EDGE ( 'NONE', *, *, #468, .F. ) ;
#948 = EDGE_LOOP ( 'NONE', ( #1739, #502, #2920, #3143, #3133 ) ) ;
#949 = B_SPLINE_CURVE_WITH_KNOTS ( 'NONE', 3,
 ( #2977, #2402, #3457, #232, #1579, #717, #1522, #213, #2366, #3206, #2421, #2100, #485, #1289, #446, #2900, #428, #775, #3247, #2676, #1831, #3226, #1599, #1541, #1810, #501, #3477, #178, #2697, #2958, #1865, #462, #2938, #2620 ),
 .UNSPECIFIED., .F., .F.,
 ( 4, 2, 2, 2, 2, 2, 2, 2, 2, 2, 2, 2, 2, 2, 2, 2, 4 ),
 ( 0.000000000000000000, 0.06250000000000029143, 0.09375000000000179023, 0.1250000000000032752, 0.1875000000000061062, 0.2187500000000061340, 0.2500000000000061617, 0.3750000000000065503, 0.5000000000000068834, 0.6250000000000072164, 0.6875000000000074385, 0.7187500000000071054, 0.7500000000000073275, 0.8750000000000037748, 0.9062500000000019984, 0.9375000000000002220, 1.000000000000000000 ),
 .UNSPECIFIED. ) ;
#950 = CC_DESIGN_PERSON_AND_ORGANIZATION_ASSIGNMENT ( #1601, #1634, ( #3486 ) ) ;
#951 = ORIENTED_EDGE ( 'NONE', *, *, #2245, .F. ) ;
#952 = EDGE_CURVE ( 'NONE', #893, #2618, #225, .T. ) ;
#953 = CARTESIAN_POINT ( 'NONE',  ( -8.685064747340907942, -34.29121063729890295, 38.99999999999987210 ) ) ;
#954 = CARTESIAN_POINT ( 'NONE',  ( -9.023843212859944174, -114.5360199335462426, 38.99999082181255972 ) ) ;
#955 = AXIS2_PLACEMENT_3D ( 'NONE', #671, #2871, #3195 ) ;
#956 = UNCERTAINTY_MEASURE_WITH_UNIT (LENGTH_MEASURE( 1.000000000000000082E-05 ), #3443, 'distance_accuracy_value', 'NONE');
#957 = CARTESIAN_POINT ( 'NONE',  ( 15.56287843229197598, -11.49999994784619872, 27.29999999998342020 ) ) ;
#958 = CARTESIAN_POINT ( 'NONE',  ( -2.591332517323446272, -6.657822844970221254, 43.40179448338799517 ) ) ;
#959 = CARTESIAN_POINT ( 'NONE',  ( 20.37659526641540353, -115.5727904464030615, -2.731990511196198401 ) ) ;
#960 = VERTEX_POINT ( 'NONE', #768 ) ;
#961 = VECTOR ( 'NONE', #690, 1000.000000000000000 ) ;
#962 = AXIS2_PLACEMENT_3D ( 'NONE', #2411, #1035, #454 ) ;
#963 = DIRECTION ( 'NONE',  ( -1.000000000000000000, 3.995004817365800739E-31, -6.813993813636899845E-15 ) ) ;
#964 = CARTESIAN_POINT ( 'NONE',  ( 10.55122485867588900, -19.28181303893958543, 42.08356665642559591 ) ) ;
#965 = DIRECTION ( 'NONE',  ( 1.000000000000000000, -1.959217102279369698E-16, -1.603068372491023297E-12 ) ) ;
#966 = ORIENTED_EDGE ( 'NONE', *, *, #2119, .F. ) ;
#967 = ORIENTED_EDGE ( 'NONE', *, *, #993, .T. ) ;
#968 = ORIENTED_EDGE ( 'NONE', *, *, #1306, .F. ) ;
#969 = CARTESIAN_POINT ( 'NONE',  ( 5.262878432270538198, -116.3693577022278873, 46.74999999999998579 ) ) ;
#970 = EDGE_CURVE ( 'NONE', #395, #2281, #2932, .T. ) ;
#971 = FACE_OUTER_BOUND ( 'NONE', #2497, .T. ) ;
#972 = CARTESIAN_POINT ( 'NONE',  ( 9.751936786833773851, -6.722845920514548546, 44.74582777670521239 ) ) ;
#973 = DIRECTION ( 'NONE',  ( -6.980944644407601102E-15, 0.000000000000000000, 1.000000000000000000 ) ) ;
#974 = ADVANCED_FACE ( 'NONE', ( #1000 ), #2359, .T. ) ;
#975 = LINE ( 'NONE', #1547, #1993 ) ;
#976 = CARTESIAN_POINT ( 'NONE',  ( 3.736607151270580296, -115.3149718181051213, 46.29332326387579855 ) ) ;
#977 = CARTESIAN_POINT ( 'NONE',  ( 0.1103027093375545109, -18.89999994784670179, 43.63646244091931692 ) ) ;
#978 = DIRECTION ( 'NONE',  ( -1.959217102279369698E-16, -1.000000000000000000, 3.144753976324933694E-28 ) ) ;
#979 = EDGE_CURVE ( 'NONE', #1273, #15, #2742, .T. ) ;
#980 = CARTESIAN_POINT ( 'NONE',  ( 1.245731021519877579, -8.047895504529215316, 46.13665379608976735 ) ) ;
#981 = CARTESIAN_POINT ( 'NONE',  ( 20.87898083359704060, -116.0129503436431122, -2.389802130821111259 ) ) ;
#982 = PLANE ( 'NONE',  #363 ) ;
#983 = EDGE_LOOP ( 'NONE', ( #1060, #2180, #1433, #270, #1079, #1237 ) ) ;
#984 = ORIENTED_EDGE ( 'NONE', *, *, #2961, .F. ) ;
#985 = CARTESIAN_POINT ( 'NONE',  ( -7.237121567738421746, -4.388673885524689844, 8.300000000020014923 ) ) ;
#986 = AXIS2_PLACEMENT_3D ( 'NONE', #1566, #202, #2387 ) ;
#987 = CARTESIAN_POINT ( 'NONE',  ( 20.87900453335204531, 10.00000005215379950, -2.389822365046203156 ) ) ;
#988 = ORIENTED_EDGE ( 'NONE', *, *, #2265, .F. ) ;
#989 = DIRECTION ( 'NONE',  ( -1.601302108588210640E-12, 0.000000000000000000, -1.000000000000000000 ) ) ;
#990 = VECTOR ( 'NONE', #3351, 1000.000000000000000 ) ;
#991 = CARTESIAN_POINT ( 'NONE',  ( -2.363866010611755275, -11.19871552532093872, 44.09028421580823931 ) ) ;
#992 = CARTESIAN_POINT ( 'NONE',  ( -7.537121567729696991, 10.00000005215379950, 13.75000000002044764 ) ) ;
#993 = EDGE_CURVE ( 'NONE', #2621, #3401, #676, .T. ) ;
#994 = VECTOR ( 'NONE', #1640, 1000.000000000000000 ) ;
#995 = CARTESIAN_POINT ( 'NONE',  ( 3.504745994380748630, -32.60903020945740138, 43.89311803549102109 ) ) ;
#996 = PLANE ( 'NONE',  #2506 ) ;
#997 = CARTESIAN_POINT ( 'NONE',  ( 5.262878432270875706, -116.4999999478460069, -9.362710456145670435 ) ) ;
#998 = CARTESIAN_POINT ( 'NONE',  ( -7.537121567712150139, -11.49999994784619872, 24.70000000002045937 ) ) ;
#999 = EDGE_CURVE ( 'NONE', #3134, #2293, #377, .T. ) ;
#1000 = FACE_OUTER_BOUND ( 'NONE', #861, .T. ) ;
#1001 = DIRECTION ( 'NONE',  ( -1.959217102279369698E-16, -1.000000000000000000, 3.144753976324933694E-28 ) ) ;
#1002 = B_SPLINE_CURVE_WITH_KNOTS ( 'NONE', 3,
 ( #3137, #2925, #415, #1240, #466, #703, #741, #991, #1776, #937 ),
 .UNSPECIFIED., .F., .F.,
 ( 4, 2, 2, 2, 4 ),
 ( 0.000000000000000000, 0.06253585101222214337, 0.09380377651833426977, 0.1094377392713914571, 0.1250717020244486721 ),
 .UNSPECIFIED. ) ;
#1003 = CARTESIAN_POINT ( 'NONE',  ( 19.56287843227060108, 0.5485211521307939986, 37.00000000000000000 ) ) ;
#1004 = CARTESIAN_POINT ( 'NONE',  ( 11.66287843224945675, -114.9999999478460069, 0.6999999999896879821 ) ) ;
#1005 = ORIENTED_EDGE ( 'NONE', *, *, #164, .T. ) ;
#1006 = EDGE_LOOP ( 'NONE', ( #2494, #3390, #1921, #2699, #3533, #1896 ) ) ;
#1007 = DIRECTION ( 'NONE',  ( 1.603068372491023297E-12, 3.995004817365800739E-31, 1.000000000000000000 ) ) ;
#1008 = EDGE_CURVE ( 'NONE', #404, #1469, #2532, .T. ) ;
#1009 = CARTESIAN_POINT ( 'NONE',  ( 19.56287843227060108, 8.500000052153859897, 39.00000000000000000 ) ) ;
#1010 = ORIENTED_EDGE ( 'NONE', *, *, #1065, .T. ) ;
#1011 = CARTESIAN_POINT ( 'NONE',  ( 15.56287843229197598, 10.00000005215379950, 27.29999999998342020 ) ) ;
#1012 = LINE ( 'NONE', #743, #2133 ) ;
#1013 = CARTESIAN_POINT ( 'NONE',  ( 0.1128784322920062949, -114.9999999478460069, 27.30000000000818261 ) ) ;
#1014 = CARTESIAN_POINT ( 'NONE',  ( 3.386144456879691678, -114.7402827897622046, 46.01109265126387982 ) ) ;
#1015 = DIRECTION ( 'NONE',  ( 1.000000000000000000, 2.775557561562849751E-17, 6.813993813636899845E-15 ) ) ;
#1016 = DIRECTION ( 'NONE',  ( 2.775557561562989959E-17, -1.000000000000000000, -1.959217102279369698E-16 ) ) ;
#1017 = AXIS2_PLACEMENT_3D ( 'NONE', #208, #1001, #2360 ) ;
#1018 = CARTESIAN_POINT ( 'NONE',  ( 1.096013486044308927, -7.501757117856916679, 45.82822465221266128 ) ) ;
#1019 = CARTESIAN_POINT ( 'NONE',  ( -10.45133513010250148, -116.4999999478460069, 38.41421356237308515 ) ) ;
#1020 = EDGE_CURVE ( 'NONE', #1469, #1091, #865, .T. ) ;
#1021 = DIRECTION ( 'NONE',  ( 4.322097740253710386E-31, 1.000000000000000000, -3.165304382199309869E-29 ) ) ;
#1022 = VERTEX_POINT ( 'NONE', #1116 ) ;
#1023 = ORIENTED_EDGE ( 'NONE', *, *, #1573, .F. ) ;
#1024 = CARTESIAN_POINT ( 'NONE',  ( 6.779901009113181942, -116.4999999478490480, 43.12756518790163085 ) ) ;
#1025 = B_SPLINE_CURVE_WITH_KNOTS ( 'NONE', 3,
 ( #2107, #977, #1585, #474, #3236, #3218, #3177, #1571, #1839, #2667, #2125, #2391, #2143, #765, #707, #1857, #1800, #492, #2685, #223, #1317, #3525, #782 ),
 .UNSPECIFIED., .F., .F.,
 ( 4, 2, 2, 1, 1, 2, 2, 2, 2, 1, 1, 1, 2, 4 ),
 ( 0.000000000000000000, 0.1090171569929194034, 0.1635257354893801807, 0.1907800247376106040, 0.2044071693617255658, 0.2112207416737828525, 0.2180343139858401114, 0.3270514709787699092, 0.3815600494752341976, 0.4088143387234662862, 0.4224414833475819142, 0.4292550556596401723, 0.4326618418156696344, 0.4360686279716992075 ),
 .UNSPECIFIED. ) ;
#1026 = VECTOR ( 'NONE', #2173, 1000.000000000000000 ) ;
#1027 = LINE ( 'NONE', #3189, #2394 ) ;
#1028 = VECTOR ( 'NONE', #2262, 1000.000000000000000 ) ;
#1029 = ORIENTED_EDGE ( 'NONE', *, *, #3450, .F. ) ;
#1030 = LINE ( 'NONE', #2384, #990 ) ;
#1031 = ORIENTED_EDGE ( 'NONE', *, *, #952, .T. ) ;
#1032 = LINE ( 'NONE', #451, #1904 ) ;
#1033 = DIRECTION ( 'NONE',  ( -2.775557561562989959E-17, 1.000000000000000000, 1.959217102279369698E-16 ) ) ;
#1034 = DIRECTION ( 'NONE',  ( 0.000000000000000000, 1.959217102279369698E-16, -1.000000000000000000 ) ) ;
#1035 = DIRECTION ( 'NONE',  ( -1.110223024625253823E-17, 1.000000000000000000, 1.959217102279369698E-16 ) ) ;
#1036 = FACE_BOUND ( 'NONE', #1417, .T. ) ;
#1037 = CARTESIAN_POINT ( 'NONE',  ( 18.06287843226506951, -114.9999999478460069, 10.39999999997940527 ) ) ;
#1038 = CARTESIAN_POINT ( 'NONE',  ( 1.055577472661113347, -7.385888046184420297, 45.73314381812839002 ) ) ;
#1039 = FACE_OUTER_BOUND ( 'NONE', #118, .T. ) ;
#1040 = CARTESIAN_POINT ( 'NONE',  ( 10.33717650149760026, -18.89999994784669823, 44.00000000000000000 ) ) ;
#1041 = VERTEX_POINT ( 'NONE', #1687 ) ;
#1042 = ORIENTED_EDGE ( 'NONE', *, *, #2312, .T. ) ;
#1043 = ADVANCED_FACE ( 'NONE', ( #1437 ), #593, .F. ) ;
#1044 = LINE ( 'NONE', #2638, #1309 ) ;
#1045 = ORIENTED_EDGE ( 'NONE', *, *, #646, .F. ) ;
#1046 = EDGE_CURVE ( 'NONE', #3539, #864, #563, .T. ) ;
#1047 = ORIENTED_EDGE ( 'NONE', *, *, #125, .T. ) ;
#1048 = VECTOR ( 'NONE', #700, 1000.000000000000000 ) ;
#1049 = DIRECTION ( 'NONE',  ( 1.000000000000000000, 0.000000000000000000, -1.603068372491023297E-12 ) ) ;
#1050 = VECTOR ( 'NONE', #1787, 1000.000000000000000 ) ;
#1051 = DIRECTION ( 'NONE',  ( -4.156940164997434983E-31, -1.000000000000000000, 3.163652806446749848E-29 ) ) ;
#1052 = DIRECTION ( 'NONE',  ( 0.000000000000000000, 0.000000000000000000, -1.000000000000000000 ) ) ;
#1053 = LINE ( 'NONE', #2373, #1367 ) ;
#1054 = CARTESIAN_POINT ( 'NONE',  ( 5.262878432270531981, -32.76794914027709638, 43.99999999999999289 ) ) ;
#1055 = AXIS2_PLACEMENT_3D ( 'NONE', #1587, #1298, #154 ) ;
#1056 = LINE ( 'NONE', #1551, #2226 ) ;
#1057 = CARTESIAN_POINT ( 'NONE',  ( -10.62396986053093251, -116.2296194271058596, -2.118941195525618326 ) ) ;
#1058 = DIRECTION ( 'NONE',  ( -9.355088397137460852E-31, 1.000000000000000000, 1.959217102279369945E-16 ) ) ;
#1059 = CARTESIAN_POINT ( 'NONE',  ( -1.963319608304180619, -10.02175631631063091, 46.00817167646173544 ) ) ;
#1060 = ORIENTED_EDGE ( 'NONE', *, *, #293, .F. ) ;
#1061 = ORIENTED_EDGE ( 'NONE', *, *, #2249, .F. ) ;
#1062 = DIRECTION ( 'NONE',  ( 3.995004817367950856E-31, 1.000000000000000000, -3.165304382199309869E-29 ) ) ;
#1063 = VERTEX_POINT ( 'NONE', #3081 ) ;
#1064 = VERTEX_POINT ( 'NONE', #3047 ) ;
#1065 = EDGE_CURVE ( 'NONE', #2637, #2135, #396, .T. ) ;
#1066 = CARTESIAN_POINT ( 'NONE',  ( 9.188797567838633995, -8.595939852702239037, 46.29992585714501985 ) ) ;
#1067 = CARTESIAN_POINT ( 'NONE',  ( -5.037121567727453453, 10.00000005215379950, 15.15000000001643343 ) ) ;
#1068 = DIRECTION ( 'NONE',  ( -9.796085511398459494E-17, 1.000000000000000000, 9.796085511395178326E-17 ) ) ;
#1069 = DIRECTION ( 'NONE',  ( -9.355088397137460852E-31, 1.000000000000000000, 1.959217102279369698E-16 ) ) ;
#1070 = DIRECTION ( 'NONE',  ( 1.603068372491023297E-12, 3.995004817365800739E-31, 1.000000000000000000 ) ) ;
#1071 = CARTESIAN_POINT ( 'NONE',  ( 2.937516960999268179, -116.2491372030749233, -6.968505952934799907 ) ) ;
#1072 = DIRECTION ( 'NONE',  ( -6.813993813636899845E-15, 3.165304382199309869E-29, 1.000000000000000000 ) ) ;
#1073 = CARTESIAN_POINT ( 'NONE',  ( 19.85087176825845390, -114.4999999478460211, 53.99723507312018000 ) ) ;
#1074 = ORIENTED_EDGE ( 'NONE', *, *, #410, .T. ) ;
#1075 =( BOUNDED_CURVE ( )  B_SPLINE_CURVE ( 2, ( #902, #112, #2575, #1157 ),
 .UNSPECIFIED., .F., .T. ) 
 B_SPLINE_CURVE_WITH_KNOTS ( ( 3, 1, 3 ),
 ( -23.87657331064530197, -23.00172564301150047, -20.72856398366350206 ),
 .UNSPECIFIED. ) 
 CURVE ( )  GEOMETRIC_REPRESENTATION_ITEM ( )  RATIONAL_B_SPLINE_CURVE ( ( 5.307031342425560183, 5.576417904492940281, 6.453924151602319803, 6.915249222693259590 ) ) 
 REPRESENTATION_ITEM ( '' )  );
#1076 = VERTEX_POINT ( 'NONE', #898 ) ;
#1077 = CIRCLE ( 'NONE', #730, 1.750000000000001554 ) ;
#1078 = CARTESIAN_POINT ( 'NONE',  ( -9.325114903717384607, -116.4999999478460211, 53.99723507312018711 ) ) ;
#1079 = ORIENTED_EDGE ( 'NONE', *, *, #2008, .F. ) ;
#1080 = APPROVAL_DATE_TIME ( #272, #54 ) ;
#1081 = VECTOR ( 'NONE', #3416, 1000.000000000000000 ) ;
#1082 = VERTEX_POINT ( 'NONE', #1702 ) ;
#1083 = CARTESIAN_POINT ( 'NONE',  ( 12.73651104774545750, -6.681900874523389433, 44.70901635159211196 ) ) ;
#1084 = LINE ( 'NONE', #1390, #2803 ) ;
#1085 = CARTESIAN_POINT ( 'NONE',  ( 5.262878432270877482, -116.4999999478460069, -7.612710456145667770 ) ) ;
#1086 = CARTESIAN_POINT ( 'NONE',  ( 18.06287843225927503, -11.49999994784619872, 6.799999999979386978 ) ) ;
#1087 = ADVANCED_FACE ( 'NONE', ( #1737 ), #1976, .F. ) ;
#1088 = CARTESIAN_POINT ( 'NONE',  ( 2.863538484719733823, -115.6577908962473913, -7.855332968928539827 ) ) ;
#1089 = CARTESIAN_POINT ( 'NONE',  ( -3.268768487677044643, -10.23221434331493995, 42.12491553863846860 ) ) ;
#1090 = CARTESIAN_POINT ( 'NONE',  ( 19.27303982678090577, -145.3271838359477215, -18.11729409359904253 ) ) ;
#1091 = VERTEX_POINT ( 'NONE', #1454 ) ;
#1092 = ORIENTED_EDGE ( 'NONE', *, *, #3408, .F. ) ;
#1093 = EDGE_CURVE ( 'NONE', #2152, #623, #1368, .T. ) ;
#1094 = DIRECTION ( 'NONE',  ( 0.000000000000000000, 0.000000000000000000, -1.000000000000000000 ) ) ;
#1095 = CARTESIAN_POINT ( 'NONE',  ( 19.24237035658210004, 8.500000052153820818, -3.000000000000059952 ) ) ;
#1096 = VERTEX_POINT ( 'NONE', #2811 ) ;
#1097 = SECURITY_CLASSIFICATION_LEVEL ( 'unclassified' ) ;
#1098 = ORIENTED_EDGE ( 'NONE', *, *, #167, .F. ) ;
#1099 = CARTESIAN_POINT ( 'NONE',  ( 9.429027233697349075, -7.499888477226543060, 45.83136382211610993 ) ) ;
#1100 = CIRCLE ( 'NONE', #1443, 2.500000000000001332 ) ;
#1101 = PLANE ( 'NONE',  #3170 ) ;
#1102 = CARTESIAN_POINT ( 'NONE',  ( 19.49612083197213863, -34.42394748647561187, 39.00000000000006395 ) ) ;
#1103 = CARTESIAN_POINT ( 'NONE',  ( 4.662878432261487127, -12.49999914318350136, 8.300000000000856915 ) ) ;
#1104 = VECTOR ( 'NONE', #229, 1000.000000000000000 ) ;
#1105 = CARTESIAN_POINT ( 'NONE',  ( 3.146297908581952019, -114.4999999478460069, -8.762690335259007313 ) ) ;
#1106 = CARTESIAN_POINT ( 'NONE',  ( -3.269137328697095057, -7.568693780767173251, 42.12436092397803833 ) ) ;
#1107 = CARTESIAN_POINT ( 'NONE',  ( 19.27303982678090222, 10.00000005215331100, -18.11729409359901055 ) ) ;
#1108 = VERTEX_POINT ( 'NONE', #1131 ) ;
#1109 = AXIS2_PLACEMENT_3D ( 'NONE', #2259, #3421, #642 ) ;
#1110 = ORIENTED_EDGE ( 'NONE', *, *, #2035, .T. ) ;
#1111 = EDGE_CURVE ( 'NONE', #1408, #3493, #3099, .T. ) ;
#1112 = CIRCLE ( 'NONE', #2840, 17.13358553068784218 ) ;
#1113 = PLANE ( 'NONE',  #905 ) ;
#1114 = PLANE ( 'NONE',  #3302 ) ;
#1115 = ORIENTED_EDGE ( 'NONE', *, *, #2584, .F. ) ;
#1116 = CARTESIAN_POINT ( 'NONE',  ( -2.390282003148763490, -11.19999996396207464, 43.99999647697185168 ) ) ;
#1117 = ORIENTED_EDGE ( 'NONE', *, *, #1987, .T. ) ;
#1118 = CARTESIAN_POINT ( 'NONE',  ( 12.80808891491495416, -6.599999947856240112, 44.36212535940153145 ) ) ;
#1119 = CARTESIAN_POINT ( 'NONE',  ( 21.56287843227070056, 10.00000005215379950, 22.00000000000000000 ) ) ;
#1120 = CARTESIAN_POINT ( 'NONE',  ( 0.7128784322705502552, -4.899999947846710668, 43.99999999999997158 ) ) ;
#1121 = DIRECTION ( 'NONE',  ( -0.7071067811865506814, 0.000000000000000000, 0.7071067811865445751 ) ) ;
#1122 = CARTESIAN_POINT ( 'NONE',  ( 20.87898083359704060, -116.0129503436431122, -2.389802130821111259 ) ) ;
#1123 = CARTESIAN_POINT ( 'NONE',  ( -9.037121567729419880, 0.5485211521307939986, 39.00000000000000000 ) ) ;
#1124 = LINE ( 'NONE', #822, #3067 ) ;
#1125 = ORIENTED_EDGE ( 'NONE', *, *, #38, .F. ) ;
#1126 = ORIENTED_EDGE ( 'NONE', *, *, #3538, .F. ) ;
#1127 = ADVANCED_FACE ( 'NONE', ( #3115 ), #2846, .F. ) ;
#1128 = CARTESIAN_POINT ( 'NONE',  ( 9.591963745632495986, -7.073473505764733993, 42.59358360796946386 ) ) ;
#1129 = CARTESIAN_POINT ( 'NONE',  ( 20.06287843227089951, -116.4999999478460069, -0.3000000000000819789 ) ) ;
#1130 = ORIENTED_EDGE ( 'NONE', *, *, #2495, .T. ) ;
#1131 = CARTESIAN_POINT ( 'NONE',  ( 9.812878432270549567, -6.599999947856220572, 44.00000000000000000 ) ) ;
#1132 = AXIS2_PLACEMENT_3D ( 'NONE', #3110, #3221, #2339 ) ;
#1133 = EDGE_CURVE ( 'NONE', #2568, #2863, #74, .T. ) ;
#1134 = CIRCLE ( 'NONE', #3150, 16.99999999999999289 ) ;
#1135 = ORIENTED_EDGE ( 'NONE', *, *, #2405, .F. ) ;
#1136 = CARTESIAN_POINT ( 'NONE',  ( 1.098024127724878340, -10.29037157502324540, 45.83234230533170717 ) ) ;
#1137 = CIRCLE ( 'NONE', #1192, 1.999999999999997780 ) ;
#1138 = EDGE_CURVE ( 'NONE', #587, #2005, #2976, .T. ) ;
#1139 = CARTESIAN_POINT ( 'NONE',  ( 0.7499712775638126550, -11.12522641464382289, 43.40085490107566102 ) ) ;
#1140 = CARTESIAN_POINT ( 'NONE',  ( 19.40358405803999631, -34.37467606162007883, 39.00000000000007105 ) ) ;
#1141 = CARTESIAN_POINT ( 'NONE',  ( 7.034346422293936030, -33.64912302236874098, 45.85962196421534287 ) ) ;
#1142 = AXIS2_PLACEMENT_3D ( 'NONE', #1308, #1255, #3168 ) ;
#1143 = CARTESIAN_POINT ( 'NONE',  ( 12.91603781740009893, -6.599999947856220572, 44.00000000000000000 ) ) ;
#1144 = CARTESIAN_POINT ( 'NONE',  ( -3.253494664761860555, -10.26401412669509305, 42.14797926782705417 ) ) ;
#1145 = CARTESIAN_POINT ( 'NONE',  ( 21.56287843227059753, 8.500000052153810159, 37.00000000000000000 ) ) ;
#1146 = VERTEX_POINT ( 'NONE', #1024 ) ;
#1147 = CARTESIAN_POINT ( 'NONE',  ( 16.86407412774868675, -16.42368665341449940, 38.99999999999992895 ) ) ;
#1148 = CARTESIAN_POINT ( 'NONE',  ( 12.69121183001820086, -16.39999994784669823, 45.03434178679309952 ) ) ;
#1149 = CARTESIAN_POINT ( 'NONE',  ( 9.812878432270549567, -13.89999994784670001, 44.00000000000002842 ) ) ;
#1150 = FACE_OUTER_BOUND ( 'NONE', #2607, .T. ) ;
#1151 = ORIENTED_EDGE ( 'NONE', *, *, #257, .T. ) ;
#1152 = EDGE_CURVE ( 'NONE', #2479, #317, #2344, .T. ) ;
#1153 = DIRECTION ( 'NONE',  ( 0.000000000000000000, 0.000000000000000000, -1.000000000000000000 ) ) ;
#1154 = EDGE_LOOP ( 'NONE', ( #236, #1996, #752, #389, #1991, #2551 ) ) ;
#1155 = CARTESIAN_POINT ( 'NONE',  ( 0.7867277851014459200, -11.05036590967878851, 44.81949906080107837 ) ) ;
#1156 = EDGE_CURVE ( 'NONE', #2844, #864, #2689, .T. ) ;
#1157 = CARTESIAN_POINT ( 'NONE',  ( 13.20140967759449957, -18.89999994784669468, 39.00000000000000000 ) ) ;
#1158 = DIRECTION ( 'NONE',  ( 9.796085511398408958E-17, 1.000000000000000000, 9.796085511395299120E-17 ) ) ;
#1159 = EDGE_CURVE ( 'NONE', #681, #533, #3510, .T. ) ;
#1160 = FACE_OUTER_BOUND ( 'NONE', #2046, .T. ) ;
#1161 = CARTESIAN_POINT ( 'NONE',  ( 15.56287843227271672, 10.00000005215379950, 15.14999999998340918 ) ) ;
#1162 = CARTESIAN_POINT ( 'NONE',  ( 9.552539318708406668, -10.63162631220956555, 45.52130955539529111 ) ) ;
#1163 = VERTEX_POINT ( 'NONE', #1816 ) ;
#1164 = CARTESIAN_POINT ( 'NONE',  ( 7.625590234648558230, -115.4458495714662689, -8.132337310420304277 ) ) ;
#1165 = DIRECTION ( 'NONE',  ( -3.165304382199374329E-29, 1.000000000000000000, -3.995004816858373925E-31 ) ) ;
#1166 = EDGE_LOOP ( 'NONE', ( #3095, #1612, #2943, #3551 ) ) ;
#1167 = B_SPLINE_CURVE_WITH_KNOTS ( 'NONE', 3,
 ( #2094, #1804, #1266, #2670, #139, #3452, #1301, #2322, #980, #2396, #2893, #693, #1018, #1038, #1250, #2933, #2111, #457, #3183, #2651, #440, #3240, #1535, #192 ),
 .UNSPECIFIED., .F., .F.,
 ( 4, 2, 2, 2, 2, 2, 2, 2, 2, 2, 2, 4 ),
 ( 0.000000000000000000, 0.1249999999999963363, 0.1874999999999950595, 0.2187499999999943934, 0.2499999999999937272, 0.3749999999999988898, 0.4375000000000017208, 0.5000000000000045519, 0.6250000000000107692, 0.6875000000000115463, 0.7500000000000124345, 1.000000000000000000 ),
 .UNSPECIFIED. ) ;
#1168 = CARTESIAN_POINT ( 'NONE',  ( 5.262878432270531981, -122.4999999478460211, 45.74999999999997158 ) ) ;
#1169 = AXIS2_PLACEMENT_3D ( 'NONE', #1054, #3018, #2144 ) ;
#1170 = ORIENTED_EDGE ( 'NONE', *, *, #119, .F. ) ;
#1171 = CARTESIAN_POINT ( 'NONE',  ( 1.054060809105417551, -10.41785866368672941, 45.72941281358225751 ) ) ;
#1172 = EDGE_CURVE ( 'NONE', #2083, #2201, #2894, .T. ) ;
#1173 = CARTESIAN_POINT ( 'NONE',  ( 1.196505857262451178, -9.959692662704611621, 41.95855312508636814 ) ) ;
#1174 = CARTESIAN_POINT ( 'NONE',  ( 5.262878432270877482, -122.4999999478460069, -7.612710456145669546 ) ) ;
#1175 = EDGE_CURVE ( 'NONE', #2045, #1406, #949, .T. ) ;
#1176 = CARTESIAN_POINT ( 'NONE',  ( 15.56287843227931589, -114.9999999478460069, 19.24999999998341238 ) ) ;
#1177 = CARTESIAN_POINT ( 'NONE',  ( -9.098566136708308605, 10.00000005215329857, 45.99972745446670785 ) ) ;
#1178 = CARTESIAN_POINT ( 'NONE',  ( 6.779901009111878096, -32.49999994784597135, 43.12756518790590832 ) ) ;
#1179 = ORIENTED_EDGE ( 'NONE', *, *, #3049, .T. ) ;
#1180 = DIRECTION ( 'NONE',  ( -1.603068372491023297E-12, -3.995004817365800739E-31, -1.000000000000000000 ) ) ;
#1181 = CARTESIAN_POINT ( 'NONE',  ( 10.53811073404647480, -19.08599710776959313, 42.63952743880766860 ) ) ;
#1182 = CARTESIAN_POINT ( 'NONE',  ( 16.18787843227931589, 10.00000005215379950, 19.24999999998241407 ) ) ;
#1183 = ORIENTED_EDGE ( 'NONE', *, *, #2831, .T. ) ;
#1184 = ORIENTED_EDGE ( 'NONE', *, *, #510, .F. ) ;
#1185 = DIRECTION ( 'NONE',  ( 1.000000000000000000, 0.000000000000000000, -1.603068372491023297E-12 ) ) ;
#1186 = ORIENTED_EDGE ( 'NONE', *, *, #1898, .F. ) ;
#1187 = CARTESIAN_POINT ( 'NONE',  ( 0.7206250254348762763, -11.18511175514310985, 44.30441093328418134 ) ) ;
#1188 = AXIS2_PLACEMENT_3D ( 'NONE', #1003, #1913, #839 ) ;
#1189 = AXIS2_PLACEMENT_3D ( 'NONE', #2059, #173, #1825 ) ;
#1190 = CARTESIAN_POINT ( 'NONE',  ( 1.334776715116050338, -8.751635504722667491, 41.70378746475422105 ) ) ;
#1191 = CYLINDRICAL_SURFACE ( 'NONE', #1624, 1.749999999999999778 ) ;
#1192 = AXIS2_PLACEMENT_3D ( 'NONE', #1334, #1068, #268 ) ;
#1193 = AXIS2_PLACEMENT_3D ( 'NONE', #2382, #3496, #2345 ) ;
#1194 = CARTESIAN_POINT ( 'NONE',  ( 19.85087176825845390, -114.4999999478460211, 53.99723507312018000 ) ) ;
#1195 = LINE ( 'NONE', #135, #390 ) ;
#1196 = CARTESIAN_POINT ( 'NONE',  ( 9.429743378510680785, -10.29824277788656950, 45.82822465218082186 ) ) ;
#1197 = EDGE_LOOP ( 'NONE', ( #378, #644, #2417, #394 ) ) ;
#1198 = ADVANCED_FACE ( 'NONE', ( #1326 ), #1942, .T. ) ;
#1199 = CARTESIAN_POINT ( 'NONE',  ( 19.56287843227060819, -114.5198104097632523, 39.00000000000001421 ) ) ;
#1200 = CARTESIAN_POINT ( 'NONE',  ( 10.15966880942336736, -20.36444892364257342, 40.46440937079125177 ) ) ;
#1201 = CARTESIAN_POINT ( 'NONE',  ( -2.114290010389701990, -7.039296333626751334, 45.35254791952698383 ) ) ;
#1202 = ORIENTED_EDGE ( 'NONE', *, *, #2664, .F. ) ;
#1203 = ORIENTED_EDGE ( 'NONE', *, *, #3424, .T. ) ;
#1204 = VERTEX_POINT ( 'NONE', #2134 ) ;
#1205 = CARTESIAN_POINT ( 'NONE',  ( 0.7520718991283004140, -11.12182137269855353, 44.60044075099134631 ) ) ;
#1206 = CARTESIAN_POINT ( 'NONE',  ( -7.822633893866505872, -33.96564916201214857, 38.99999999999987210 ) ) ;
#1207 = LINE ( 'NONE', #667, #794 ) ;
#1208 = FACE_OUTER_BOUND ( 'NONE', #2342, .T. ) ;
#1209 = B_SPLINE_CURVE_WITH_KNOTS ( 'NONE', 3,
 ( #2286, #940, #3140, #1679, #906, #2817, #3398, #49, #1983, #1968, #619, #654, #349, #2001, #1693, #1413, #3345, #3105, #635, #1481, #873, #2580, #1444, #3074, #601, #2523, #1512 ),
 .UNSPECIFIED., .F., .F.,
 ( 4, 2, 2, 2, 2, 2, 2, 1, 1, 2, 2, 2, 1, 2, 4 ),
 ( 0.000000000000000000, 0.08075687216570118232, 0.1211353082485479710, 0.1413245262899742172, 0.1615137443314004495, 0.2422706164971170362, 0.2523652255178331361, 0.2624598345385492637, 0.2826490525799892906, 0.3230274886628631825, 0.4845412329943653007, 0.5047304510358034957, 0.5249196690772417462, 0.5652981051601239093, 0.6460549773258889017 ),
 .UNSPECIFIED. ) ;
#1210 = LINE ( 'NONE', #2301, #1360 ) ;
#1211 = LINE ( 'NONE', #2596, #1424 ) ;
#1212 = CARTESIAN_POINT ( 'NONE',  ( 20.55685336959771448, -115.7346229954996204, -2.626631688305819612 ) ) ;
#1213 = ORIENTED_EDGE ( 'NONE', *, *, #1152, .T. ) ;
#1214 = CARTESIAN_POINT ( 'NONE',  ( 7.350725135896798434, -114.6513246467319647, -8.814861521277943979 ) ) ;
#1215 = CARTESIAN_POINT ( 'NONE',  ( 13.00705921093237549, -6.599999947856240112, 43.69465965760378623 ) ) ;
#1216 = EDGE_CURVE ( 'NONE', #2734, #648, #1847, .T. ) ;
#1217 = LOCAL_TIME ( 21, 32, 7.000000000000000000, #2185 ) ;
#1218 = LINE ( 'NONE', #3112, #3357 ) ;
#1219 = ORIENTED_EDGE ( 'NONE', *, *, #80, .F. ) ;
#1220 = EDGE_LOOP ( 'NONE', ( #2879, #1398, #2114, #2550, #486, #275, #2605, #1932, #1629, #3536 ) ) ;
#1221 = VECTOR ( 'NONE', #3480, 1000.000000000000000 ) ;
#1222 = EDGE_CURVE ( 'NONE', #2135, #663, #1044, .T. ) ;
#1223 = VERTEX_POINT ( 'NONE', #161 ) ;
#1224 = CARTESIAN_POINT ( 'NONE',  ( 7.044462378213606435, -114.9466485267122380, 46.09584117654636515 ) ) ;
#1225 = AXIS2_PLACEMENT_3D ( 'NONE', #2833, #2299, #367 ) ;
#1226 = CARTESIAN_POINT ( 'NONE',  ( -5.919182473571274805, -33.31983529162899060, 38.99999999999989342 ) ) ;
#1227 = FACE_OUTER_BOUND ( 'NONE', #1421, .T. ) ;
#1228 = DIRECTION ( 'NONE',  ( -2.775557561562985028E-17, 1.000000000000000000, 1.959217102279369698E-16 ) ) ;
#1229 = CARTESIAN_POINT ( 'NONE',  ( 9.491170557729313728, -10.47110400088600457, 45.68146187074712117 ) ) ;
#1230 = ORIENTED_EDGE ( 'NONE', *, *, #1562, .T. ) ;
#1231 = CARTESIAN_POINT ( 'NONE',  ( 12.69121183001820086, -16.39999994784669823, 45.03434178679309952 ) ) ;
#1232 = CARTESIAN_POINT ( 'NONE',  ( 10.55204095717977353, -19.19703527817724975, 42.29919405738227312 ) ) ;
#1233 = DIRECTION ( 'NONE',  ( -1.000000000000000000, 1.959217102279369698E-16, 1.603068372491023297E-12 ) ) ;
#1234 = VERTEX_POINT ( 'NONE', #1558 ) ;
#1235 = ORIENTED_EDGE ( 'NONE', *, *, #3157, .T. ) ;
#1236 = EDGE_CURVE ( 'NONE', #2637, #2201, #2657, .T. ) ;
#1237 = ORIENTED_EDGE ( 'NONE', *, *, #1111, .T. ) ;
#1238 = CARTESIAN_POINT ( 'NONE',  ( 19.56287843229378609, -114.9999999478460069, 28.29999999999999716 ) ) ;
#1239 = EDGE_CURVE ( 'NONE', #1082, #569, #3505, .T. ) ;
#1240 = CARTESIAN_POINT ( 'NONE',  ( -2.272897946279922810, -11.15903430058946633, 44.44471952372554568 ) ) ;
#1241 = CARTESIAN_POINT ( 'NONE',  ( -7.723893533856827531, -115.9001611055662266, 38.51333104904779248 ) ) ;
#1242 = ADVANCED_FACE ( 'NONE', ( #197 ), #698, .F. ) ;
#1243 = VECTOR ( 'NONE', #2038, 1000.000000000000000 ) ;
#1244 = CARTESIAN_POINT ( 'NONE',  ( 3.968423448510946638, -32.80120596963358537, 45.19498229911903309 ) ) ;
#1245 = CARTESIAN_POINT ( 'NONE',  ( 5.262878432270538198, -116.3693577022278873, 46.74999999999998579 ) ) ;
#1246 = LINE ( 'NONE', #2071, #1307 ) ;
#1247 = CARTESIAN_POINT ( 'NONE',  ( -5.037121567707973036, 10.00000005215379950, 27.30000000001643201 ) ) ;
#1248 = VECTOR ( 'NONE', #3447, 1000.000000000000000 ) ;
#1249 = AXIS2_PLACEMENT_3D ( 'NONE', #2467, #3271, #2500 ) ;
#1250 = CARTESIAN_POINT ( 'NONE',  ( 1.034586306810632017, -7.328895894822752943, 45.68146187074410136 ) ) ;
#1251 = CARTESIAN_POINT ( 'NONE',  ( 13.30540988657811674, -6.831291411680713743, 42.98398880559818025 ) ) ;
#1252 = CARTESIAN_POINT ( 'NONE',  ( 5.262878432270877482, -116.4999999478460069, -7.612710456145668658 ) ) ;
#1253 = VERTEX_POINT ( 'NONE', #987 ) ;
#1254 = ORIENTED_EDGE ( 'NONE', *, *, #33, .T. ) ;
#1255 = DIRECTION ( 'NONE',  ( 9.355088397137460852E-31, -1.000000000000000000, -1.959217102279369698E-16 ) ) ;
#1256 = VERTEX_POINT ( 'NONE', #2082 ) ;
#1257 = EDGE_CURVE ( 'NONE', #3063, #1916, #1027, .T. ) ;
#1258 = DIRECTION ( 'NONE',  ( -2.775557561562989959E-17, 1.000000000000000000, 1.959217102279369698E-16 ) ) ;
#1259 = EDGE_CURVE ( 'NONE', #1082, #1273, #808, .T. ) ;
#1260 = CARTESIAN_POINT ( 'NONE',  ( -7.175186242855452257, -116.4118342300435245, 37.74571303825002389 ) ) ;
#1261 = CARTESIAN_POINT ( 'NONE',  ( 4.956014526926318275, -116.4400289587047297, 45.72949259866587823 ) ) ;
#1262 = CARTESIAN_POINT ( 'NONE',  ( 5.262878432270540863, -116.4650824623066683, 46.08667466489967524 ) ) ;
#1263 = CYLINDRICAL_SURFACE ( 'NONE', #1883, 2.750000000000009326 ) ;
#1264 = CARTESIAN_POINT ( 'NONE',  ( 19.45699267605621330, -114.7032059919886393, -2.991103296424546532 ) ) ;
#1265 = DIRECTION ( 'NONE',  ( 0.7003499891282531920, -0.7071067811865471286, -0.09751867886746733161 ) ) ;
#1266 = CARTESIAN_POINT ( 'NONE',  ( 1.328322457191965844, -8.598132852391128012, 46.28537038523415248 ) ) ;
#1267 = CYLINDRICAL_SURFACE ( 'NONE', #1703, 1.750000000000001554 ) ;
#1268 = CARTESIAN_POINT ( 'NONE',  ( 20.87900453335205597, -116.4999999478460069, -2.389822365046226693 ) ) ;
#1269 = ORIENTED_EDGE ( 'NONE', *, *, #1159, .T. ) ;
#1270 = ORIENTED_EDGE ( 'NONE', *, *, #2398, .F. ) ;
#1271 = AXIS2_PLACEMENT_3D ( 'NONE', #1812, #448, #2102 ) ;
#1272 = DIRECTION ( 'NONE',  ( 9.355088397137460852E-31, -1.000000000000000000, -1.959217102279369698E-16 ) ) ;
#1273 = VERTEX_POINT ( 'NONE', #1684 ) ;
#1274 = VECTOR ( 'NONE', #2, 1000.000000000000000 ) ;
#1275 = DIRECTION ( 'NONE',  ( -1.959217102279369698E-16, -1.000000000000000000, 3.144753976324933694E-28 ) ) ;
#1276 = CARTESIAN_POINT ( 'NONE',  ( -7.235744456459621610, -116.3603720681653328, 37.88032995725237129 ) ) ;
#1277 = CIRCLE ( 'NONE', #2957, 1.999999999999997780 ) ;
#1278 = EDGE_CURVE ( 'NONE', #2168, #1108, #2798, .T. ) ;
#1279 = CARTESIAN_POINT ( 'NONE',  ( 3.612211566495611592, -116.2268241747451896, 44.60072850281360957 ) ) ;
#1280 = PLANE ( 'NONE',  #1589 ) ;
#1281 = CARTESIAN_POINT ( 'NONE',  ( -5.037121567727473881, -114.9999999478460069, 15.15000000001643343 ) ) ;
#1282 = FACE_BOUND ( 'NONE', #943, .T. ) ;
#1283 = CYLINDRICAL_SURFACE ( 'NONE', #2687, 2.299999999999890576 ) ;
#1284 = FACE_OUTER_BOUND ( 'NONE', #2507, .T. ) ;
#1285 = CARTESIAN_POINT ( 'NONE',  ( 14.08789394864055744, -9.208458468223060578, 41.71609104624566555 ) ) ;
#1286 = LINE ( 'NONE', #772, #303 ) ;
#1287 = VERTEX_POINT ( 'NONE', #2151 ) ;
#1288 = ORIENTED_EDGE ( 'NONE', *, *, #38, .T. ) ;
#1289 = CARTESIAN_POINT ( 'NONE',  ( 12.47316736042751018, -9.929670912199876298, 46.06787737223805124 ) ) ;
#1290 = EDGE_LOOP ( 'NONE', ( #426, #2023 ) ) ;
#1291 = PLANE ( 'NONE',  #3064 ) ;
#1292 = DIRECTION ( 'NONE',  ( -1.000000000000000000, 0.000000000000000000, -6.100126508929431957E-15 ) ) ;
#1293 = VERTEX_POINT ( 'NONE', #3280 ) ;
#1294 = CARTESIAN_POINT ( 'NONE',  ( -8.844010920949482824, -114.7389369304031703, 38.99135208183935930 ) ) ;
#1295 = CARTESIAN_POINT ( 'NONE',  ( 3.574129992671983391, -32.52826999793951757, 43.49941820723178409 ) ) ;
#1296 = DIRECTION ( 'NONE',  ( -9.355088397137460852E-31, 1.000000000000000000, 1.959217102279369698E-16 ) ) ;
#1297 = CARTESIAN_POINT ( 'NONE',  ( -5.037121567727292692, 8.500000052153820818, 15.25000000001643485 ) ) ;
#1298 = DIRECTION ( 'NONE',  ( -1.000000000000000000, 1.959217102279369698E-16, 1.603068372491023297E-12 ) ) ;
#1299 = ADVANCED_FACE ( 'NONE', ( #1344 ), #2439, .F. ) ;
#1300 = CIRCLE ( 'NONE', #1132, 15.11732520417430692 ) ;
#1301 = CARTESIAN_POINT ( 'NONE',  ( 1.267655300371617333, -8.157706435240504206, 46.17736347909529826 ) ) ;
#1302 = CARTESIAN_POINT ( 'NONE',  ( 5.262878432270539086, -116.4852899446984793, 45.74999999998661337 ) ) ;
#1303 = CARTESIAN_POINT ( 'NONE',  ( 19.56287843227060108, 8.500000052153859897, 39.00000000000000000 ) ) ;
#1304 = ORIENTED_EDGE ( 'NONE', *, *, #138, .F. ) ;
#1305 = ORIENTED_EDGE ( 'NONE', *, *, #2426, .T. ) ;
#1306 = EDGE_CURVE ( 'NONE', #1063, #92, #2110, .T. ) ;
#1307 = VECTOR ( 'NONE', #1015, 1000.000000000000000 ) ;
#1308 = CARTESIAN_POINT ( 'NONE',  ( -8.736967247723658403, -114.4999999478460069, -18.13357184339778172 ) ) ;
#1309 = VECTOR ( 'NONE', #1272, 1000.000000000000000 ) ;
#1310 = ORIENTED_EDGE ( 'NONE', *, *, #3556, .T. ) ;
#1311 = CALENDAR_DATE ( 2026, 30, 8 ) ;
#1312 = ADVANCED_FACE ( 'NONE', ( #21 ), #1113, .F. ) ;
#1313 = ORIENTED_EDGE ( 'NONE', *, *, #1917, .F. ) ;
#1314 = DIRECTION ( 'NONE',  ( -1.602749865885598077E-12, -3.995004817365700896E-31, -1.000000000000000000 ) ) ;
#1315 = CARTESIAN_POINT ( 'NONE',  ( -2.165454965477140004, -6.845702727857729819, 45.03434178679309952 ) ) ;
#1316 = DIRECTION ( 'NONE',  ( 1.959217102279369698E-16, 1.000000000000000000, -3.144753976324933694E-28 ) ) ;
#1317 = CARTESIAN_POINT ( 'NONE',  ( 0.3585517513172466475, -20.35113924655668427, 40.47783060334115390 ) ) ;
#1318 = DIRECTION ( 'NONE',  ( 0.000000000000000000, 0.000000000000000000, 1.000000000000000000 ) ) ;
#1319 = LINE ( 'NONE', #511, #278 ) ;
#1320 = CARTESIAN_POINT ( 'NONE',  ( -11.03712156772932218, -116.4813394167322542, -1.430183998283618863 ) ) ;
#1321 = FACE_OUTER_BOUND ( 'NONE', #1664, .T. ) ;
#1322 = LINE ( 'NONE', #425, #702 ) ;
#1323 = ORIENTED_EDGE ( 'NONE', *, *, #3180, .F. ) ;
#1324 = EDGE_LOOP ( 'NONE', ( #604, #3187, #3166, #1617 ) ) ;
#1325 = EDGE_CURVE ( 'NONE', #1287, #2766, #1769, .T. ) ;
#1326 = FACE_OUTER_BOUND ( 'NONE', #2207, .T. ) ;
#1327 = CARTESIAN_POINT ( 'NONE',  ( 1.681184175422335780, -22.06720821636706731, 39.34792695369674220 ) ) ;
#1328 = ORIENTED_EDGE ( 'NONE', *, *, #2265, .T. ) ;
#1329 = ORIENTED_EDGE ( 'NONE', *, *, #2756, .F. ) ;
#1330 = CIRCLE ( 'NONE', #3462, 1.999999999999997780 ) ;
#1331 = DIRECTION ( 'NONE',  ( 0.000000000000000000, 0.000000000000000000, -1.000000000000000000 ) ) ;
#1332 = VECTOR ( 'NONE', #1428, 1000.000000000000000 ) ;
#1333 = CARTESIAN_POINT ( 'NONE',  ( 8.581058293933283565, -22.34418428929672729, 39.24820486860024715 ) ) ;
#1334 = CARTESIAN_POINT ( 'NONE',  ( 19.56287843227060108, -116.4999999478460069, 37.00000000000000000 ) ) ;
#1335 = CYLINDRICAL_SURFACE ( 'NONE', #827, 1.999999999999997780 ) ;
#1336 = AXIS2_PLACEMENT_3D ( 'NONE', #1550, #2948, #1801 ) ;
#1337 = CARTESIAN_POINT ( 'NONE',  ( -7.537121567723137794, -10.24999994784620050, 17.85000000002044729 ) ) ;
#1338 = CARTESIAN_POINT ( 'NONE',  ( 2.897743907221824511, -115.4578076280304941, -8.083705727931686624 ) ) ;
#1339 = CARTESIAN_POINT ( 'NONE',  ( -7.237121567738431516, -12.49999914318350136, 8.300000000020014923 ) ) ;
#1340 = FACE_OUTER_BOUND ( 'NONE', #2062, .T. ) ;
#1341 = ORIENTED_EDGE ( 'NONE', *, *, #3049, .F. ) ;
#1342 = ORIENTED_EDGE ( 'NONE', *, *, #2851, .F. ) ;
#1343 = CARTESIAN_POINT ( 'NONE',  ( 18.06287843226651901, 10.00000005215379950, 11.29999999997941451 ) ) ;
#1344 = FACE_OUTER_BOUND ( 'NONE', #3406, .T. ) ;
#1345 = ORIENTED_EDGE ( 'NONE', *, *, #1701, .T. ) ;
#1346 = EDGE_CURVE ( 'NONE', #1747, #1616, #1933, .T. ) ;
#1347 = ORIENTED_EDGE ( 'NONE', *, *, #2912, .T. ) ;
#1348 = DIRECTION ( 'NONE',  ( -2.775557561562989959E-17, 1.000000000000000000, 1.959217102279369698E-16 ) ) ;
#1349 = ADVANCED_FACE ( 'NONE', ( #624 ), #677, .F. ) ;
#1350 = CARTESIAN_POINT ( 'NONE',  ( 3.420635360858301777, -116.4999999478460069, -6.060773826815343490 ) ) ;
#1351 = DIRECTION ( 'NONE',  ( 9.355088397137460852E-31, -1.000000000000000000, -1.959217102279369698E-16 ) ) ;
#1352 = DIRECTION ( 'NONE',  ( 3.906496303164600132E-31, 1.000000000000000000, -3.165845295199385078E-29 ) ) ;
#1353 = EDGE_CURVE ( 'NONE', #1091, #2529, #2564, .T. ) ;
#1354 = CARTESIAN_POINT ( 'NONE',  ( -10.99936516005648279, -116.4677944435286747, -1.524374017758824307 ) ) ;
#1355 = CARTESIAN_POINT ( 'NONE',  ( -2.778924670640107841, -10.96947821755610164, 42.98552377139944269 ) ) ;
#1356 = CARTESIAN_POINT ( 'NONE',  ( 7.330459393037981108, -145.3271838359477215, -8.848621377813657318 ) ) ;
#1357 = EDGE_LOOP ( 'NONE', ( #2747, #1380, #2461, #3006, #231, #1704, #3300, #1897, #3227, #2978, #1882, #1754, #1953, #1497, #1559, #1542, #218, #929, #825, #1031 ) ) ;
#1358 = DIRECTION ( 'NONE',  ( -0.9904444530330244190, 0.000000000000000000, -0.1379122382390811363 ) ) ;
#1359 = AXIS2_PLACEMENT_3D ( 'NONE', #2123, #1051, #2610 ) ;
#1360 = VECTOR ( 'NONE', #1744, 1000.000000000000000 ) ;
#1361 = CARTESIAN_POINT ( 'NONE',  ( 9.782877212497222530, -11.14043826414287075, 43.47305736641364859 ) ) ;
#1362 = CARTESIAN_POINT ( 'NONE',  ( 21.26786274103035623, -116.3145370994707832, -1.967893801185220726 ) ) ;
#1363 = CARTESIAN_POINT ( 'NONE',  ( -7.537121567750616258, 10.00000005215379950, 0.7000000000203996375 ) ) ;
#1364 = VERTEX_POINT ( 'NONE', #1485 ) ;
#1365 = VERTEX_POINT ( 'NONE', #2601 ) ;
#1366 = PERSON_AND_ORGANIZATION ( #2969, #3174 ) ;
#1367 = VECTOR ( 'NONE', #187, 1000.000000000000000 ) ;
#1368 = CIRCLE ( 'NONE', #737, 1.750000000000000666 ) ;
#1369 = EDGE_CURVE ( 'NONE', #290, #483, #2049, .T. ) ;
#1370 = ORIENTED_EDGE ( 'NONE', *, *, #2156, .F. ) ;
#1371 = CARTESIAN_POINT ( 'NONE',  ( 9.224396330809856437, -8.300459454551774030, 46.24214828891292228 ) ) ;
#1372 = EDGE_CURVE ( 'NONE', #2489, #1076, #1803, .T. ) ;
#1373 = DIRECTION ( 'NONE',  ( 6.796426993627010104E-15, -3.165304382199309869E-29, -1.000000000000000000 ) ) ;
#1374 = CARTESIAN_POINT ( 'NONE',  ( 15.14944580488750070, -32.95630862230760982, 39.00000000000004263 ) ) ;
#1375 = B_SPLINE_CURVE_WITH_KNOTS ( 'NONE', 3,
 ( #2926, #1777, #2884, #2122, #2869, #972, #183, #3193, #1815, #2333, #3172, #2594, #416, #704, #1099, #2140, #2480, #277, #2982, #219, #557, #1371, #1066, #292 ),
 .UNSPECIFIED., .F., .F.,
 ( 4, 2, 2, 2, 2, 2, 2, 2, 2, 2, 2, 4 ),
 ( 0.000000000000000000, 0.1250000000000021094, 0.1875000000000003053, 0.2499999999999985012, 0.3749999999999946709, 0.4374999999999927280, 0.4999999999999907851, 0.6249999999999906741, 0.6874999999999901190, 0.7187499999999897859, 0.7499999999999894529, 1.000000000000000000 ),
 .UNSPECIFIED. ) ;
#1376 = LINE ( 'NONE', #1675, #3303 ) ;
#1377 = CARTESIAN_POINT ( 'NONE',  ( 5.262878432270550633, -18.89999994784669823, 44.00000000000000000 ) ) ;
#1378 = CARTESIAN_POINT ( 'NONE',  ( -3.205661629596815221, -10.35860011572488126, 42.22157242913950626 ) ) ;
#1379 = LINE ( 'NONE', #1145, #3471 ) ;
#1380 = ORIENTED_EDGE ( 'NONE', *, *, #1138, .T. ) ;
#1381 = ORIENTED_EDGE ( 'NONE', *, *, #1656, .T. ) ;
#1382 = CARTESIAN_POINT ( 'NONE',  ( 9.711063656236367692, -6.808465840852158557, 43.04010496178221246 ) ) ;
#1384 = DIRECTION ( 'NONE',  ( -1.603068372491023297E-12, -3.995004817365800739E-31, -1.000000000000000000 ) ) ;
#1383 = CARTESIAN_POINT ( 'NONE',  ( 0.3660889251434158442, -20.36446112517277385, 40.46438670881750710 ) ) ;
#1385 = DIRECTION ( 'NONE',  ( 6.813993813636899845E-15, -3.165304382199309869E-29, -1.000000000000000000 ) ) ;
#1386 = EDGE_LOOP ( 'NONE', ( #1269, #6, #2428, #1930 ) ) ;
#1387 = ORIENTED_EDGE ( 'NONE', *, *, #889, .T. ) ;
#1388 = DIRECTION ( 'NONE',  ( 0.000000000000000000, 0.000000000000000000, 1.000000000000000000 ) ) ;
#1389 = APPROVAL_PERSON_ORGANIZATION ( #3027, #3460, #1902 ) ;
#1390 = CARTESIAN_POINT ( 'NONE',  ( -9.037121567752242512, -116.4999999478459785, -0.3000000000000814793 ) ) ;
#1391 = LINE ( 'NONE', #1120, #3272 ) ;
#1392 = CARTESIAN_POINT ( 'NONE',  ( -8.716613492040369948, 10.00000005215379950, -0.5000000000002620126 ) ) ;
#1393 = EDGE_CURVE ( 'NONE', #1489, #699, #2042, .T. ) ;
#1394 = VECTOR ( 'NONE', #194, 1000.000000000000000 ) ;
#1395 = CARTESIAN_POINT ( 'NONE',  ( -10.95548632971279623, -116.4468198613299279, -1.617211724838004683 ) ) ;
#1396 = DIRECTION ( 'NONE',  ( 1.000000000000000000, 0.000000000000000000, -1.603068372491023297E-12 ) ) ;
#1397 = DIRECTION ( 'NONE',  ( 0.000000000000000000, -2.295013770687161652E-16, 1.000000000000000000 ) ) ;
#1398 = ORIENTED_EDGE ( 'NONE', *, *, #2136, .T. ) ;
#1399 = CIRCLE ( 'NONE', #365, 4.549999999999999822 ) ;
#1400 = ORIENTED_EDGE ( 'NONE', *, *, #578, .F. ) ;
#1401 = EDGE_CURVE ( 'NONE', #1293, #2675, #3349, .T. ) ;
#1402 = CARTESIAN_POINT ( 'NONE',  ( 9.353651062553415940, -10.05225749885514830, 42.00761748162179288 ) ) ;
#1404 = CARTESIAN_POINT ( 'NONE',  ( 21.11028029247045623, -116.1985254654905617, -2.161789846646215985 ) ) ;
#1403 = CARTESIAN_POINT ( 'NONE',  ( 1.612594525320633299, -21.99319272384372681, 39.37747782828162002 ) ) ;
#1405 = CARTESIAN_POINT ( 'NONE',  ( 19.56287843229389978, -116.4999999478460069, 28.29999999999999361 ) ) ;
#1406 = VERTEX_POINT ( 'NONE', #2006 ) ;
#1407 = DIRECTION ( 'NONE',  ( -9.418033256210039724E-31, 1.000000000000000000, 1.959217102279369698E-16 ) ) ;
#1408 = VERTEX_POINT ( 'NONE', #372 ) ;
#1409 = CARTESIAN_POINT ( 'NONE',  ( 0.7128784326202153299, -11.19999994718425462, 43.99999999999995737 ) ) ;
#1410 = DIRECTION ( 'NONE',  ( 1.000000000000000000, -1.959217102279369698E-16, -1.603068372491023297E-12 ) ) ;
#1411 = DIRECTION ( 'NONE',  ( -9.355088397137460852E-31, 1.000000000000000000, 1.959217102279369698E-16 ) ) ;
#1412 = DIRECTION ( 'NONE',  ( -2.775557561562989959E-17, 1.000000000000000000, 1.959217102279369698E-16 ) ) ;
#1413 = CARTESIAN_POINT ( 'NONE',  ( -9.482538367458781536, -115.2311290803820469, -2.880373154931646251 ) ) ;
#1414 = CARTESIAN_POINT ( 'NONE',  ( -2.390282003148763490, -11.19999996396207464, 43.99999647697185168 ) ) ;
#1415 = CARTESIAN_POINT ( 'NONE',  ( -11.03712156772929909, -116.4999999478460069, 29.80000000000000071 ) ) ;
#1416 = ORIENTED_EDGE ( 'NONE', *, *, #1917, .T. ) ;
#1417 = EDGE_LOOP ( 'NONE', ( #967, #2954 ) ) ;
#1418 = CARTESIAN_POINT ( 'NONE',  ( 9.429743657954093194, -7.501756187795748154, 42.17177598831303698 ) ) ;
#1419 = EDGE_CURVE ( 'NONE', #1293, #1223, #1979, .T. ) ;
#1420 = FACE_OUTER_BOUND ( 'NONE', #914, .T. ) ;
#1421 = EDGE_LOOP ( 'NONE', ( #1005, #2442, #2115, #3312 ) ) ;
#1422 = AXIS2_PLACEMENT_3D ( 'NONE', #1593, #1574, #1516 ) ;
#1423 = EDGE_CURVE ( 'NONE', #2845, #2489, #1300, .T. ) ;
#1424 = VECTOR ( 'NONE', #655, 1000.000000000000000 ) ;
#1425 = VERTEX_POINT ( 'NONE', #729 ) ;
#1426 = DIRECTION ( 'NONE',  ( -9.355088397137460852E-31, 1.000000000000000000, 1.959217102279369945E-16 ) ) ;
#1427 = AXIS2_PLACEMENT_3D ( 'NONE', #46, #561, #2446 ) ;
#1428 = DIRECTION ( 'NONE',  ( 1.603068372491023297E-12, -9.355088397137501139E-31, 1.000000000000000000 ) ) ;
#1429 = CARTESIAN_POINT ( 'NONE',  ( -9.537121567729329286, -114.9999999478460069, 28.29999999999999716 ) ) ;
#1430 = DIRECTION ( 'NONE',  ( 0.000000000000000000, 0.000000000000000000, -1.000000000000000000 ) ) ;
#1431 = DIRECTION ( 'NONE',  ( -1.603068372491023297E-12, -3.995004817365800739E-31, -1.000000000000000000 ) ) ;
#1432 = CARTESIAN_POINT ( 'NONE',  ( 9.317831036634247610, -9.923788146828483647, 46.06496091999314046 ) ) ;
#1433 = ORIENTED_EDGE ( 'NONE', *, *, #1678, .F. ) ;
#1434 = CARTESIAN_POINT ( 'NONE',  ( 19.44856359987146632, -114.6535977449445767, 38.99690387225035693 ) ) ;
#1435 = CARTESIAN_POINT ( 'NONE',  ( -1.875732734696115900, -9.109523787707573206, 46.30005013198255881 ) ) ;
#1436 = ORIENTED_EDGE ( 'NONE', *, *, #1615, .F. ) ;
#1437 = FACE_OUTER_BOUND ( 'NONE', #2200, .T. ) ;
#1438 = ADVANCED_FACE ( 'NONE', ( #1284 ), #3489, .T. ) ;
#1439 = ORIENTED_EDGE ( 'NONE', *, *, #3154, .T. ) ;
#1440 = CARTESIAN_POINT ( 'NONE',  ( 5.262878432270538198, -116.3693577022278873, 46.74999999999998579 ) ) ;
#1441 = CARTESIAN_POINT ( 'NONE',  ( 1.197887676680199132, -7.845197959928072784, 41.95580387331359873 ) ) ;
#1442 = CARTESIAN_POINT ( 'NONE',  ( 6.403597405918043606, -32.76794914027709638, 45.32712479562418650 ) ) ;
#1443 = AXIS2_PLACEMENT_3D ( 'NONE', #1944, #2554, #61 ) ;
#1444 = CARTESIAN_POINT ( 'NONE',  ( -10.08509700495761763, -115.7836921905649064, -2.592884695450045740 ) ) ;
#1445 = DIRECTION ( 'NONE',  ( 9.355088397137460852E-31, -1.000000000000000000, -1.959217102279369698E-16 ) ) ;
#1446 = DIRECTION ( 'NONE',  ( 1.959217102279369945E-16, 1.000000000000000000, 1.327403839152458334E-30 ) ) ;
#1447 = ORIENTED_EDGE ( 'NONE', *, *, #1783, .T. ) ;
#1448 = AXIS2_PLACEMENT_3D ( 'NONE', #1771, #1233, #913 ) ;
#1449 = CARTESIAN_POINT ( 'NONE',  ( 7.523506761560361689, -115.1242473048529291, -8.452019377656972310 ) ) ;
#1450 = CARTESIAN_POINT ( 'NONE',  ( 13.65650241703340129, -7.305436296314678835, 42.34066590137889818 ) ) ;
#1451 = CARTESIAN_POINT ( 'NONE',  ( 12.90305176927032349, -11.20000041091264897, 44.04356285836902174 ) ) ;
#1452 = ORIENTED_EDGE ( 'NONE', *, *, #1723, .T. ) ;
#1453 = VERTEX_POINT ( 'NONE', #3199 ) ;
#1454 = CARTESIAN_POINT ( 'NONE',  ( 18.06287843229227619, -114.9999999478460069, 27.29999999997940563 ) ) ;
#1455 = VECTOR ( 'NONE', #1446, 1000.000000000000000 ) ;
#1456 = ORIENTED_EDGE ( 'NONE', *, *, #2175, .T. ) ;
#1457 = EDGE_CURVE ( 'NONE', #866, #2479, #496, .T. ) ;
#1458 = LINE ( 'NONE', #2829, #641 ) ;
#1459 = EDGE_CURVE ( 'NONE', #2878, #2990, #1842, .T. ) ;
#1460 = FACE_OUTER_BOUND ( 'NONE', #883, .T. ) ;
#1461 = LINE ( 'NONE', #3087, #1474 ) ;
#1462 = LINE ( 'NONE', #1495, #961 ) ;
#1463 = EDGE_CURVE ( 'NONE', #1885, #2101, #770, .T. ) ;
#1464 = CARTESIAN_POINT ( 'NONE',  ( 6.551194962147532053, -32.79664638120834752, 45.18877641876371598 ) ) ;
#1465 = ORIENTED_EDGE ( 'NONE', *, *, #2890, .T. ) ;
#1466 = CARTESIAN_POINT ( 'NONE',  ( -11.03712156772916586, -116.4999999478460211, -1.247206047439131105 ) ) ;
#1467 = DIRECTION ( 'NONE',  ( 1.000000000000000000, -3.995004817365800739E-31, 6.813993813636899845E-15 ) ) ;
#1468 = CARTESIAN_POINT ( 'NONE',  ( -2.165454965477140004, -6.845702727857729819, 45.03434178679309952 ) ) ;
#1469 = VERTEX_POINT ( 'NONE', #1552 ) ;
#1470 = ORIENTED_EDGE ( 'NONE', *, *, #970, .F. ) ;
#1471 = DIRECTION ( 'NONE',  ( -2.775557561562985028E-17, 1.000000000000000000, 1.959217102279369698E-16 ) ) ;
#1472 = ORIENTED_EDGE ( 'NONE', *, *, #2403, .T. ) ;
#1473 = CARTESIAN_POINT ( 'NONE',  ( 1.014573027188432786, -10.52560365389843433, 45.63200761673414974 ) ) ;
#1474 = VECTOR ( 'NONE', #2542, 1000.000000000000000 ) ;
#1475 = CC_DESIGN_PERSON_AND_ORGANIZATION_ASSIGNMENT ( #1366, #2752, ( #1501 ) ) ;
#1476 = CARTESIAN_POINT ( 'NONE',  ( 1.205661054293121426, -9.924174608976322531, 41.94042934392493294 ) ) ;
#1477 = DIRECTION ( 'NONE',  ( 1.000000000000000000, -1.959217102279369698E-16, -1.602749865885598077E-12 ) ) ;
#1478 = VECTOR ( 'NONE', #495, 1000.000000000000000 ) ;
#1479 = ADVANCED_FACE ( 'NONE', ( #2913 ), #155, .T. ) ;
#1480 = AXIS2_PLACEMENT_3D ( 'NONE', #2117, #3518, #754 ) ;
#1481 = CARTESIAN_POINT ( 'NONE',  ( -9.984446606024503623, -115.6940332283447077, -2.654735929276628159 ) ) ;
#1482 = LINE ( 'NONE', #2543, #853 ) ;
#1483 = CARTESIAN_POINT ( 'NONE',  ( 9.812878432270551343, -11.19999994785599995, 44.30655561858126390 ) ) ;
#1484 = ORIENTED_EDGE ( 'NONE', *, *, #936, .F. ) ;
#1485 = CARTESIAN_POINT ( 'NONE',  ( 6.779901009111878096, -32.49999994784597135, 43.12756518790590832 ) ) ;
#1486 = FACE_OUTER_BOUND ( 'NONE', #696, .T. ) ;
#1487 = CARTESIAN_POINT ( 'NONE',  ( -7.537121567750616258, 10.00000005215379950, 0.7000000000203996375 ) ) ;
#1488 = ORIENTED_EDGE ( 'NONE', *, *, #3427, .F. ) ;
#1489 = VERTEX_POINT ( 'NONE', #1231 ) ;
#1490 = ORIENTED_EDGE ( 'NONE', *, *, #1216, .F. ) ;
#1491 = DIRECTION ( 'NONE',  ( -1.609882366304660195E-12, 9.355088397137501139E-31, -1.000000000000000000 ) ) ;
#1492 = CARTESIAN_POINT ( 'NONE',  ( 19.56287843224703593, -114.9999999478460069, -0.8000000000230322872 ) ) ;
#1493 = LINE ( 'NONE', #2609, #3411 ) ;
#1494 = CARTESIAN_POINT ( 'NONE',  ( 4.815422257648524607, -116.1770086500628167, 46.71557749900222944 ) ) ;
#1495 = CARTESIAN_POINT ( 'NONE',  ( 15.56287843227705991, -66.49999994784619162, 17.84999999998341025 ) ) ;
#1496 = CARTESIAN_POINT ( 'NONE',  ( 9.233061085379729249, -9.496815216738079712, 46.22278995731704043 ) ) ;
#1497 = ORIENTED_EDGE ( 'NONE', *, *, #3408, .T. ) ;
#1498 = EDGE_CURVE ( 'NONE', #1234, #1453, #3163, .T. ) ;
#1499 = CARTESIAN_POINT ( 'NONE',  ( 7.675120775933096162, -116.0166417855807737, -7.399746056128249094 ) ) ;
#1500 = DIRECTION ( 'NONE',  ( 0.000000000000000000, 0.000000000000000000, -1.000000000000000000 ) ) ;
#1501 = PRODUCT_DEFINITION_FORMATION_WITH_SPECIFIED_SOURCE ( 'ANY', '', #2014, .NOT_KNOWN. ) ;
#1502 = CARTESIAN_POINT ( 'NONE',  ( -2.106188601243883518, -7.071634752022600168, 45.39591691846844412 ) ) ;
#1503 = ORIENTED_EDGE ( 'NONE', *, *, #3296, .F. ) ;
#1504 = ORIENTED_EDGE ( 'NONE', *, *, #1568, .T. ) ;
#1505 = ADVANCED_FACE ( 'NONE', ( #2951 ), #2075, .F. ) ;
#1506 = AXIS2_PLACEMENT_3D ( 'NONE', #1090, #1643, #245 ) ;
#1507 = ORIENTED_EDGE ( 'NONE', *, *, #558, .F. ) ;
#1508 = VECTOR ( 'NONE', #2739, 1000.000000000000000 ) ;
#1509 = CARTESIAN_POINT ( 'NONE',  ( -1.993574331830054946, -32.49999994784596424, 38.99999999999991473 ) ) ;
#1510 = DIRECTION ( 'NONE',  ( -1.000000000000000000, 1.959217102279369698E-16, 1.603068372491023297E-12 ) ) ;
#1511 = CARTESIAN_POINT ( 'NONE',  ( 4.664238304411948199, -116.3728049306543113, 45.65134493748598032 ) ) ;
#1512 = CARTESIAN_POINT ( 'NONE',  ( -10.35320012158685543, -116.0137890442018289, -2.389799068422628459 ) ) ;
#1513 = DIRECTION ( 'NONE',  ( -5.329070518200429736E-16, -1.000000000000000000, 8.546859407318822576E-28 ) ) ;
#1514 = CARTESIAN_POINT ( 'NONE',  ( 15.56287843227931589, 10.00000005215379950, 19.24999999998341238 ) ) ;
#1515 = EDGE_CURVE ( 'NONE', #1668, #1146, #1077, .T. ) ;
#1516 = DIRECTION ( 'NONE',  ( -1.959217102279369945E-16, -1.000000000000000000, 3.154109064722071479E-28 ) ) ;
#1517 = CARTESIAN_POINT ( 'NONE',  ( 10.55090767602903945, -19.28834380342756205, 42.06788321605869641 ) ) ;
#1518 = LINE ( 'NONE', #1303, #471 ) ;
#1519 = ORIENTED_EDGE ( 'NONE', *, *, #94, .T. ) ;
#1520 = ORIENTED_EDGE ( 'NONE', *, *, #784, .F. ) ;
#1521 = EDGE_CURVE ( 'NONE', #3152, #812, #1167, .T. ) ;
#1522 = CARTESIAN_POINT ( 'NONE',  ( 12.60792442178421879, -10.62923961436819198, 45.51717738356941823 ) ) ;
#1523 = EDGE_LOOP ( 'NONE', ( #3441, #2098, #1688, #196 ) ) ;
#1524 = B_SPLINE_CURVE_WITH_KNOTS ( 'NONE', 3,
 ( #2127, #2706, #242, #3470 ),
 .UNSPECIFIED., .F., .F.,
 ( 4, 4 ),
 ( 0.000000000000000000, 0.0002770053694675607479 ),
 .UNSPECIFIED. ) ;
#1525 = EDGE_CURVE ( 'NONE', #1885, #742, #2633, .T. ) ;
#1526 = CARTESIAN_POINT ( 'NONE',  ( -8.762872482448527123, -34.32266541457482134, 38.99999999999985789 ) ) ;
#1527 = CARTESIAN_POINT ( 'NONE',  ( -9.000214411153796945, -114.5667436994982324, 38.99969434260238188 ) ) ;
#1528 = AXIS2_PLACEMENT_3D ( 'NONE', #1194, #2780, #1430 ) ;
#1529 = DIRECTION ( 'NONE',  ( -1.000000000000000000, 0.000000000000000000, -6.100126508929431957E-15 ) ) ;
#1530 = FACE_OUTER_BOUND ( 'NONE', #657, .T. ) ;
#1531 = CARTESIAN_POINT ( 'NONE',  ( 20.06405248901339178, -115.2822709440087436, -2.861425994478035584 ) ) ;
#1532 = VECTOR ( 'NONE', #3216, 1000.000000000000000 ) ;
#1533 = VECTOR ( 'NONE', #1710, 1000.000000000000000 ) ;
#1534 = LINE ( 'NONE', #2413, #2280 ) ;
#1535 = CARTESIAN_POINT ( 'NONE',  ( 0.7128784322705468135, -6.599999947856219684, 44.30655561860226754 ) ) ;
#1536 = CARTESIAN_POINT ( 'NONE',  ( 14.08791473529331739, -8.591767827672255109, 41.71606433782034173 ) ) ;
#1537 = DIRECTION ( 'NONE',  ( 1.000000000000000000, 0.000000000000000000, -1.603068372491023297E-12 ) ) ;
#1538 = ORIENTED_EDGE ( 'NONE', *, *, #1401, .F. ) ;
#1539 = VERTEX_POINT ( 'NONE', #3055 ) ;
#1540 = CC_DESIGN_DATE_AND_TIME_ASSIGNMENT ( #3283, #793, ( #3486 ) ) ;
#1541 = CARTESIAN_POINT ( 'NONE',  ( 12.48907647284586098, -7.778243579387119411, 46.00817167645965355 ) ) ;
#1542 = ORIENTED_EDGE ( 'NONE', *, *, #3073, .T. ) ;
#1543 = CARTESIAN_POINT ( 'NONE',  ( 5.708996552339653086, -116.1776910171390824, 46.71577328183677480 ) ) ;
#1544 = EDGE_CURVE ( 'NONE', #1064, #714, #2196, .T. ) ;
#1545 = DIRECTION ( 'NONE',  ( -6.796426993627010104E-15, 0.000000000000000000, 1.000000000000000000 ) ) ;
#1546 = LINE ( 'NONE', #150, #1726 ) ;
#1547 = CARTESIAN_POINT ( 'NONE',  ( -11.03712156772940034, 8.500000052153810159, 37.00000000000000000 ) ) ;
#1548 = LINE ( 'NONE', #706, #1874 ) ;
#1549 = DIRECTION ( 'NONE',  ( -9.355088397137460852E-31, 1.000000000000000000, 1.959217102279369945E-16 ) ) ;
#1550 = CARTESIAN_POINT ( 'NONE',  ( 18.06287843225927503, 8.500000052153810159, 6.799999999979386978 ) ) ;
#1551 = CARTESIAN_POINT ( 'NONE',  ( 15.56287843227947398, 10.00000005215379950, 19.34999999998341025 ) ) ;
#1552 = CARTESIAN_POINT ( 'NONE',  ( 18.06287843227931589, -114.9999999478460069, 19.24999999997940492 ) ) ;
#1553 = CARTESIAN_POINT ( 'NONE',  ( 14.11250582331972048, -8.900064859678428419, 41.68474448341075345 ) ) ;
#1554 = DIRECTION ( 'NONE',  ( 1.603068372491023297E-12, 3.995004817365800739E-31, 1.000000000000000000 ) ) ;
#1555 = ORIENTED_EDGE ( 'NONE', *, *, #62, .F. ) ;
#1556 = VERTEX_POINT ( 'NONE', #3309 ) ;
#1557 = VECTOR ( 'NONE', #2297, 1000.000000000000000 ) ;
#1558 = CARTESIAN_POINT ( 'NONE',  ( 18.06287843228809109, 10.00000005215379950, 24.69999999997941487 ) ) ;
#1559 = ORIENTED_EDGE ( 'NONE', *, *, #3180, .T. ) ;
#1560 = LOCAL_TIME ( 21, 32, 7.000000000000000000, #3555 ) ;
#1561 = AXIS2_PLACEMENT_3D ( 'NONE', #2549, #2843, #407 ) ;
#1562 = EDGE_CURVE ( 'NONE', #1905, #1082, #3102, .T. ) ;
#1563 = VECTOR ( 'NONE', #2521, 1000.000000000000000 ) ;
#1564 = CARTESIAN_POINT ( 'NONE',  ( -8.877370910164643192, -34.37446147086752291, 38.99999999999985079 ) ) ;
#1565 = EDGE_LOOP ( 'NONE', ( #738, #551, #638, #1230, #586, #1029 ) ) ;
#1566 = CARTESIAN_POINT ( 'NONE',  ( 19.24237035658210004, -116.4999999478460069, -0.5000000000001010303 ) ) ;
#1567 = TOROIDAL_SURFACE ( 'NONE', #1972, 16.99999999999999289, 2.000000000000000000 ) ;
#1568 = EDGE_CURVE ( 'NONE', #1365, #1556, #3091, .T. ) ;
#1569 = CARTESIAN_POINT ( 'NONE',  ( 5.109766691714807685, -116.4690345526329764, 45.74999999999996447 ) ) ;
#1570 = DIRECTION ( 'NONE',  ( -4.156940164997434983E-31, -1.000000000000000000, 3.163652806446749848E-29 ) ) ;
#1571 = CARTESIAN_POINT ( 'NONE',  ( -0.02662877648003922001, -19.24571453803961418, 42.17237175042679098 ) ) ;
#1572 = FACE_BOUND ( 'NONE', #1943, .T. ) ;
#1573 = EDGE_CURVE ( 'NONE', #714, #1293, #826, .T. ) ;
#1574 = DIRECTION ( 'NONE',  ( 1.000000000000000000, -1.959217102279369945E-16, -1.609882366304660195E-12 ) ) ;
#1575 = CARTESIAN_POINT ( 'NONE',  ( 13.74785182180511711, -10.32693290471923575, 42.19605667216726630 ) ) ;
#1576 = CARTESIAN_POINT ( 'NONE',  ( -2.165454965477140004, 0.5485211521307939986, 45.03434178679309952 ) ) ;
#1577 = ORIENTED_EDGE ( 'NONE', *, *, #167, .T. ) ;
#1578 = ORIENTED_EDGE ( 'NONE', *, *, #3279, .F. ) ;
#1579 = CARTESIAN_POINT ( 'NONE',  ( 12.63194546578493593, -10.72836514368942673, 45.39591691846882071 ) ) ;
#1580 = ORIENTED_EDGE ( 'NONE', *, *, #1020, .F. ) ;
#1581 = VERTEX_POINT ( 'NONE', #547 ) ;
#1582 = DIRECTION ( 'NONE',  ( 1.000000000000000000, -1.959217102279369698E-16, -1.603068372491023297E-12 ) ) ;
#1583 = CARTESIAN_POINT ( 'NONE',  ( 3.531679756288909289, -116.4327213003827808, 43.70215968106347049 ) ) ;
#1584 = CARTESIAN_POINT ( 'NONE',  ( 18.06287843226169088, 8.500000052153810159, 8.299999999979386089 ) ) ;
#1585 = CARTESIAN_POINT ( 'NONE',  ( 0.05339497191640717871, -18.93969347090992983, 43.28793845990984579 ) ) ;
#1586 = B_SPLINE_CURVE_WITH_KNOTS ( 'NONE', 3,
 ( #3413, #2285, #616, #47, #1141, #114, #383, #3397, #2539, #938 ),
 .UNSPECIFIED., .F., .F.,
 ( 4, 2, 2, 2, 4 ),
 ( 0.000000000000000000, 0.0005223180577112431422, 0.001044636115422486284, 0.001566954173133729318, 0.002089272230844972569 ),
 .UNSPECIFIED. ) ;
#1587 = CARTESIAN_POINT ( 'NONE',  ( 15.56287843227947398, -66.49999994784619162, 19.34999999998341025 ) ) ;
#1588 = CIRCLE ( 'NONE', #258, 16.99999999999997868 ) ;
#1589 = AXIS2_PLACEMENT_3D ( 'NONE', #2946, #473, #401 ) ;
#1590 = EDGE_CURVE ( 'NONE', #1064, #2675, #3031, .T. ) ;
#1591 = CARTESIAN_POINT ( 'NONE',  ( 18.06287843228809109, 8.500000052153810159, 24.69999999997941487 ) ) ;
#1592 = TOROIDAL_SURFACE ( 'NONE', #1647, 0.7500000000000084377, 2.000000000000000000 ) ;
#1593 = CARTESIAN_POINT ( 'NONE',  ( 19.56287843224703593, -122.5099999478460120, -0.8000000000230322872 ) ) ;
#1594 = CARTESIAN_POINT ( 'NONE',  ( 5.262878432270531981, -122.4999999478460211, 43.99999999999997158 ) ) ;
#1595 = PLANE ( 'NONE',  #3179 ) ;
#1596 = EDGE_LOOP ( 'NONE', ( #36, #2381, #1717, #3521 ) ) ;
#1597 = ORIENTED_EDGE ( 'NONE', *, *, #119, .T. ) ;
#1598 = AXIS2_PLACEMENT_3D ( 'NONE', #2753, #3371, #1958 ) ;
#1599 = CARTESIAN_POINT ( 'NONE',  ( 12.47481585417947869, -7.873756400032927871, 46.05879824806094547 ) ) ;
#1600 = VERTEX_POINT ( 'NONE', #1608 ) ;
#1601 = PERSON_AND_ORGANIZATION ( #2969, #3174 ) ;
#1602 = ORIENTED_EDGE ( 'NONE', *, *, #2700, .T. ) ;
#1603 = DIRECTION ( 'NONE',  ( 1.000000000000000000, -3.599519737876700206E-31, 6.612135081886870379E-15 ) ) ;
#1604 = CARTESIAN_POINT ( 'NONE',  ( -9.325114903717384607, -114.4999999478460211, 53.99723507312018711 ) ) ;
#1605 = FACE_OUTER_BOUND ( 'NONE', #930, .T. ) ;
#1606 = CYLINDRICAL_SURFACE ( 'NONE', #2546, 2.299999999999890576 ) ;
#1607 = LINE ( 'NONE', #1802, #1478 ) ;
#1608 = CARTESIAN_POINT ( 'NONE',  ( -7.537121567707994352, -114.9999999478460069, 27.30000000002044658 ) ) ;
#1609 = CARTESIAN_POINT ( 'NONE',  ( 13.56299203728805303, -10.64735351205131231, 42.49619409124443337 ) ) ;
#1610 = ADVANCED_FACE ( 'NONE', ( #2146 ), #12, .F. ) ;
#1611 = CYLINDRICAL_SURFACE ( 'NONE', #532, 2.500000000000000444 ) ;
#1612 = ORIENTED_EDGE ( 'NONE', *, *, #2855, .F. ) ;
#1613 = ORIENTED_EDGE ( 'NONE', *, *, #2827, .F. ) ;
#1614 = CARTESIAN_POINT ( 'NONE',  ( 9.303014944850859891, -9.854691557927992562, 41.90712768222322637 ) ) ;
#1615 = EDGE_CURVE ( 'NONE', #461, #699, #97, .T. ) ;
#1616 = VERTEX_POINT ( 'NONE', #2470 ) ;
#1617 = ORIENTED_EDGE ( 'NONE', *, *, #2068, .T. ) ;
#1618 = CC_DESIGN_APPROVAL ( #54, ( #1501 ) ) ;
#1619 = DIRECTION ( 'NONE',  ( 9.355088397137460852E-31, -1.000000000000000000, -1.959217102279369698E-16 ) ) ;
#1620 = AXIS2_PLACEMENT_3D ( 'NONE', #1680, #3569, #2710 ) ;
#1621 = CARTESIAN_POINT ( 'NONE',  ( 15.56287843229050338, 8.500000052153810159, 26.19999999998342233 ) ) ;
#1622 = CARTESIAN_POINT ( 'NONE',  ( -6.912121567727453453, 10.00000005215379950, 15.15000000001944080 ) ) ;
#1623 = FACE_OUTER_BOUND ( 'NONE', #2277, .T. ) ;
#1624 = AXIS2_PLACEMENT_3D ( 'NONE', #1174, #1412, #2250 ) ;
#1625 = CARTESIAN_POINT ( 'NONE',  ( -10.35320012158685543, -116.0137890442018289, -2.389799068422628459 ) ) ;
#1626 = CARTESIAN_POINT ( 'NONE',  ( -3.037193148547769450, -10.64741121073569552, 42.49626600316853597 ) ) ;
#1627 = CARTESIAN_POINT ( 'NONE',  ( 18.06287843224945533, 10.00000005215379950, 0.6999999999793837802 ) ) ;
#1628 = VERTEX_POINT ( 'NONE', #1122 ) ;
#1629 = ORIENTED_EDGE ( 'NONE', *, *, #380, .T. ) ;
#1630 = EDGE_CURVE ( 'NONE', #699, #2422, #44, .T. ) ;
#1631 = CARTESIAN_POINT ( 'NONE',  ( 9.646282626620960698, -6.949297641084053900, 42.77836611520235266 ) ) ;
#1632 = CARTESIAN_POINT ( 'NONE',  ( -7.537121567723127136, 10.00000005215379950, 17.85000000002044729 ) ) ;
#1633 = ORIENTED_EDGE ( 'NONE', *, *, #3359, .F. ) ;
#1634 = PERSON_AND_ORGANIZATION_ROLE ( 'creator' ) ;
#1635 = EDGE_LOOP ( 'NONE', ( #1808, #988, #3167, #3058, #2881, #1683, #2455, #631 ) ) ;
#1636 = DIRECTION ( 'NONE',  ( 6.796426993627010104E-15, 1.959217102279369698E-16, -1.000000000000000000 ) ) ;
#1637 = ADVANCED_FACE ( 'NONE', ( #3124 ), #99, .F. ) ;
#1638 = CARTESIAN_POINT ( 'NONE',  ( 9.693174099042023428, -21.06482000113505393, 39.87812436781916148 ) ) ;
#1639 = CARTESIAN_POINT ( 'NONE',  ( 16.44164571011020115, -33.31878862909675831, 39.00000000000004974 ) ) ;
#1640 = DIRECTION ( 'NONE',  ( -1.603068372491023297E-12, -3.995004817365800739E-31, -1.000000000000000000 ) ) ;
#1641 = DIRECTION ( 'NONE',  ( 3.995596893914154875E-31, 1.000000000000000000, -3.165297545488245162E-29 ) ) ;
#1642 = CARTESIAN_POINT ( 'NONE',  ( 18.06287843227931589, 10.00000005215379950, 19.24999999997940492 ) ) ;
#1643 = DIRECTION ( 'NONE',  ( -2.775557561562989959E-17, 1.000000000000000000, 1.959217102279369698E-16 ) ) ;
#1644 = EDGE_LOOP ( 'NONE', ( #371, #4, #2118, #85 ) ) ;
#1645 = AXIS2_PLACEMENT_3D ( 'NONE', #565, #1661, #2486 ) ;
#1646 = VERTEX_POINT ( 'NONE', #1176 ) ;
#1647 = AXIS2_PLACEMENT_3D ( 'NONE', #2105, #2069, #3175 ) ;
#1648 = VECTOR ( 'NONE', #1180, 1000.000000000000000 ) ;
#1649 = CARTESIAN_POINT ( 'NONE',  ( 9.591179759898279755, -10.72354514439003381, 42.59572371295696058 ) ) ;
#1650 = CARTESIAN_POINT ( 'NONE',  ( 3.710762408527453093, -33.20714371663044773, 45.67810823154834310 ) ) ;
#1651 = ORIENTED_EDGE ( 'NONE', *, *, #1419, .T. ) ;
#1652 = DATE_AND_TIME ( #1311, #1676 ) ;
#1653 = VECTOR ( 'NONE', #710, 1000.000000000000000 ) ;
#1654 = VECTOR ( 'NONE', #3535, 1000.000000000000000 ) ;
#1655 = VERTEX_POINT ( 'NONE', #2234 ) ;
#1656 = EDGE_CURVE ( 'NONE', #1747, #2637, #1461, .T. ) ;
#1657 = CARTESIAN_POINT ( 'NONE',  ( 8.262878432271241635, -6.599999947856220572, 44.00000000000000000 ) ) ;
#1658 = DIRECTION ( 'NONE',  ( 1.000000000000000000, 0.000000000000000000, -1.602852795204688366E-12 ) ) ;
#1659 = CYLINDRICAL_SURFACE ( 'NONE', #1427, 2.000000000000001332 ) ;
#1660 = DIRECTION ( 'NONE',  ( 1.000000000000000000, -3.599519737876700206E-31, 6.612135081886870379E-15 ) ) ;
#1661 = DIRECTION ( 'NONE',  ( 3.993393703554535512E-31, 1.000000000000000000, -3.165288271061174621E-29 ) ) ;
#1662 = CARTESIAN_POINT ( 'NONE',  ( -2.973334115665970945, -10.73812465843487907, 42.60848627529953347 ) ) ;
#1663 = ORIENTED_EDGE ( 'NONE', *, *, #181, .F. ) ;
#1664 = EDGE_LOOP ( 'NONE', ( #176, #57, #3492, #2996 ) ) ;
#1665 = CARTESIAN_POINT ( 'NONE',  ( 9.552539569031541333, -7.168373126344969037, 42.47869109786591224 ) ) ;
#1666 = CARTESIAN_POINT ( 'NONE',  ( 21.14334700327938421, -116.2236148822170065, -2.123859849777208098 ) ) ;
#1667 = DIRECTION ( 'NONE',  ( -1.603068372491023297E-12, -3.995004817365800739E-31, -1.000000000000000000 ) ) ;
#1668 = VERTEX_POINT ( 'NONE', #2502 ) ;
#1669 = VERTEX_POINT ( 'NONE', #2252 ) ;
#1670 = CARTESIAN_POINT ( 'NONE',  ( 1.246645988027688778, -9.747581817605695420, 46.13837382496060968 ) ) ;
#1671 = ADVANCED_FACE ( 'NONE', ( #2797 ), #2853, .F. ) ;
#1672 = VECTOR ( 'NONE', #1582, 1000.000000000000000 ) ;
#1673 = CARTESIAN_POINT ( 'NONE',  ( 1.171579575373252968, -7.746780968174999060, 42.00868780621168952 ) ) ;
#1674 = LINE ( 'NONE', #312, #1822 ) ;
#1675 = CARTESIAN_POINT ( 'NONE',  ( 21.56287843227066148, -116.4999999478460069, -1.430183998284401792 ) ) ;
#1676 = LOCAL_TIME ( 21, 32, 7.000000000000000000, #215 ) ;
#1677 = VECTOR ( 'NONE', #269, 1000.000000000000000 ) ;
#1678 = EDGE_CURVE ( 'NONE', #1204, #375, #921, .T. ) ;
#1679 = CARTESIAN_POINT ( 'NONE',  ( -8.925283043116692738, -114.6983110169198881, -2.991625660163217404 ) ) ;
#1680 = CARTESIAN_POINT ( 'NONE',  ( 8.262878432271241635, -8.899999947856109372, 44.00000000000000000 ) ) ;
#1681 = ORIENTED_EDGE ( 'NONE', *, *, #3404, .F. ) ;
#1682 = AXIS2_PLACEMENT_3D ( 'NONE', #224, #2686, #3468 ) ;
#1683 = ORIENTED_EDGE ( 'NONE', *, *, #1783, .F. ) ;
#1684 = CARTESIAN_POINT ( 'NONE',  ( 3.146297908581948466, 10.00000005215330923, -8.762690335258982444 ) ) ;
#1685 = DIRECTION ( 'NONE',  ( 2.775557561562989959E-17, -1.000000000000000000, -1.959217102279369698E-16 ) ) ;
#1686 = EDGE_LOOP ( 'NONE', ( #3552, #159, #841, #1519 ) ) ;
#1687 = CARTESIAN_POINT ( 'NONE',  ( 18.06287843224945533, -114.9999999478460069, 0.6999999999793837802 ) ) ;
#1688 = ORIENTED_EDGE ( 'NONE', *, *, #849, .F. ) ;
#1689 = FACE_OUTER_BOUND ( 'NONE', #3458, .T. ) ;
#1690 = CARTESIAN_POINT ( 'NONE',  ( 1.054040827742335207, -10.42021835478886516, 42.26776611792928406 ) ) ;
#1691 = CARTESIAN_POINT ( 'NONE',  ( 18.06287843227271850, 10.00000005215379950, 15.14999999997940350 ) ) ;
#1692 = CARTESIAN_POINT ( 'NONE',  ( -7.537121567750637574, -114.9999999478460069, 0.7000000000203996375 ) ) ;
#1693 = CARTESIAN_POINT ( 'NONE',  ( -9.414911173806961742, -115.1672099626929366, -2.900646724130135024 ) ) ;
#1694 = CARTESIAN_POINT ( 'NONE',  ( 9.812878432270549567, -4.899999947846710668, 44.00000000000002842 ) ) ;
#1695 = DIRECTION ( 'NONE',  ( 2.775557561562985028E-17, -1.000000000000000000, -1.959217102279369698E-16 ) ) ;
#1696 = EDGE_LOOP ( 'NONE', ( #2346, #3190, #2974, #2321, #1305, #823, #2754 ) ) ;
#1697 = ADVANCED_FACE ( 'NONE', ( #1160 ), #334, .T. ) ;
#1698 = DIRECTION ( 'NONE',  ( -9.695610183446549272E-17, 1.000000000000000000, 8.396644724052568724E-17 ) ) ;
#1699 = DIRECTION ( 'NONE',  ( 0.000000000000000000, 1.959217102279369698E-16, -1.000000000000000000 ) ) ;
#1700 = EDGE_LOOP ( 'NONE', ( #1633, #1577, #1345, #3433 ) ) ;
#1701 = EDGE_CURVE ( 'NONE', #2422, #519, #1210, .T. ) ;
#1702 = CARTESIAN_POINT ( 'NONE',  ( 3.146297908581952019, -114.4999999478460069, -8.762690335259007313 ) ) ;
#1703 = AXIS2_PLACEMENT_3D ( 'NONE', #1594, #1058, #3258 ) ;
#1704 = ORIENTED_EDGE ( 'NONE', *, *, #871, .T. ) ;
#1705 = DIRECTION ( 'NONE',  ( 1.603068372491023297E-12, 3.995004817365800739E-31, 1.000000000000000000 ) ) ;
#1706 = VECTOR ( 'NONE', #3220, 1000.000000000000000 ) ;
#1707 = CARTESIAN_POINT ( 'NONE',  ( 0.9358153799572145326, -7.079499450174779440, 42.58735386370590703 ) ) ;
#1708 = LINE ( 'NONE', #2557, #1851 ) ;
#1709 = CARTESIAN_POINT ( 'NONE',  ( -8.736967247723658403, -145.3271838359477215, -18.13357184339778883 ) ) ;
#1710 = DIRECTION ( 'NONE',  ( 1.603068372491023297E-12, 3.995004817365800739E-31, 1.000000000000000000 ) ) ;
#1711 = CARTESIAN_POINT ( 'NONE',  ( 6.879863752323664094, -32.78402619251574635, 44.67678524945215202 ) ) ;
#1712 = ORIENTED_EDGE ( 'NONE', *, *, #2052, .T. ) ;
#1713 = EDGE_CURVE ( 'NONE', #3558, #2272, #890, .T. ) ;
#1714 = CARTESIAN_POINT ( 'NONE',  ( 19.31693267906192091, -114.7953031345564767, 38.98553301379350700 ) ) ;
#1715 = CARTESIAN_POINT ( 'NONE',  ( 13.77962922357483677, -7.536878193468508513, 42.14740652927829956 ) ) ;
#1716 = FACE_OUTER_BOUND ( 'NONE', #2677, .T. ) ;
#1717 = ORIENTED_EDGE ( 'NONE', *, *, #2099, .T. ) ;
#1718 = ORIENTED_EDGE ( 'NONE', *, *, #1236, .F. ) ;
#1719 = DIRECTION ( 'NONE',  ( 1.603068372491023297E-12, 3.995004817365800739E-31, 1.000000000000000000 ) ) ;
#1720 = EDGE_CURVE ( 'NONE', #2164, #806, #386, .T. ) ;
#1721 = ORIENTED_EDGE ( 'NONE', *, *, #1778, .T. ) ;
#1722 = CARTESIAN_POINT ( 'NONE',  ( 1.267521542663031298, -9.641933241344055716, 46.17711484528671662 ) ) ;
#1723 = EDGE_CURVE ( 'NONE', #663, #1747, #1994, .T. ) ;
#1724 = CARTESIAN_POINT ( 'NONE',  ( 0.7128784322705490339, -6.599999947856220572, 44.00000000000000000 ) ) ;
#1725 = CARTESIAN_POINT ( 'NONE',  ( -9.325114903717384607, -34.49999994784597135, 53.99723507312020132 ) ) ;
#1726 = VECTOR ( 'NONE', #759, 1000.000000000000000 ) ;
#1727 = CARTESIAN_POINT ( 'NONE',  ( 18.06287843225927503, 8.500000052153810159, 6.799999999979386978 ) ) ;
#1728 = DIRECTION ( 'NONE',  ( -1.959217102279369698E-16, -1.000000000000000000, 3.144753976324933694E-28 ) ) ;
#1729 = CARTESIAN_POINT ( 'NONE',  ( 9.280025843018252729, -9.752104391177354614, 46.13665379609541617 ) ) ;
#1730 = ORIENTED_EDGE ( 'NONE', *, *, #1898, .T. ) ;
#1731 = CIRCLE ( 'NONE', #2191, 1.999999999999997780 ) ;
#1732 = DIRECTION ( 'NONE',  ( 1.000000000000000000, 0.000000000000000000, -1.603068372491023297E-12 ) ) ;
#1733 = LINE ( 'NONE', #694, #1757 ) ;
#1734 = CARTESIAN_POINT ( 'NONE',  ( 12.82938887130528194, -11.18208943599805494, 44.31344349120026749 ) ) ;
#1735 = VERTEX_POINT ( 'NONE', #1143 ) ;
#1736 = ORIENTED_EDGE ( 'NONE', *, *, #33, .F. ) ;
#1737 = FACE_OUTER_BOUND ( 'NONE', #2639, .T. ) ;
#1738 = TOROIDAL_SURFACE ( 'NONE', #417, 16.99999999999997868, 2.000000000000000000 ) ;
#1739 = ORIENTED_EDGE ( 'NONE', *, *, #254, .T. ) ;
#1740 = CARTESIAN_POINT ( 'NONE',  ( 0.9072973632135999944, -10.78610835277917346, 45.31623658540846122 ) ) ;
#1741 = EDGE_CURVE ( 'NONE', #569, #714, #1209, .T. ) ;
#1742 = CARTESIAN_POINT ( 'NONE',  ( 1.269345130613260819, -8.155104512970643427, 41.81856525425013871 ) ) ;
#1743 = DIRECTION ( 'NONE',  ( -1.959217102279369698E-16, -1.000000000000000000, 3.144753976324933694E-28 ) ) ;
#1744 = DIRECTION ( 'NONE',  ( -1.000000000000000000, -2.775557561562849751E-17, -6.813993813636899845E-15 ) ) ;
#1745 = DIRECTION ( 'NONE',  ( 1.000000000000000000, 3.165304382199374329E-29, 6.813993813636899845E-15 ) ) ;
#1746 = CARTESIAN_POINT ( 'NONE',  ( -9.098566136708308605, -18.89999994784669823, 45.99972745446670785 ) ) ;
#1747 = VERTEX_POINT ( 'NONE', #2124 ) ;
#1748 = DIRECTION ( 'NONE',  ( 0.9904444530330246410, 0.000000000000000000, -0.1379122382390791657 ) ) ;
#1749 = CARTESIAN_POINT ( 'NONE',  ( 20.88704337197483696, -116.0196424371805790, -2.382860527254888172 ) ) ;
#1750 = CARTESIAN_POINT ( 'NONE',  ( -1.875765038822667874, -8.690476108004650868, 46.29994986801717971 ) ) ;
#1751 = ORIENTED_EDGE ( 'NONE', *, *, #932, .T. ) ;
#1752 = B_SPLINE_CURVE_WITH_KNOTS ( 'NONE', 3,
 ( #1409, #2535, #1187, #2264, #1205, #2230, #1155, #77, #2498, #1740, #2246, #3356, #2849, #632, #1473, #1171, #3083, #1136, #2573, #111, #852, #613, #3374, #1670, #900, #1722, #2773, #3339, #1997, #868, #1960, #3066 ),
 .UNSPECIFIED., .F., .F.,
 ( 4, 2, 2, 2, 2, 2, 2, 1, 2, 1, 2, 2, 2, 2, 2, 2, 4 ),
 ( 0.6666717529296876110, 0.7083377838134721216, 0.7291707992553654316, 0.7500038146972586306, 0.7916698455810432522, 0.8020863533019900737, 0.8125028610229370063, 0.8333358764648310935, 0.8541688919067251806, 0.8645853996276727793, 0.8697936534881467452, 0.8750019073486208221, 0.9166679382324141034, 0.9270844459533624793, 0.9375009536743108551, 0.9583339691162074958, 1.000000000000000000 ),
 .UNSPECIFIED. ) ;
#1753 = EDGE_LOOP ( 'NONE', ( #1219, #3531, #2386, #3366, #2655, #968 ) ) ;
#1754 = ORIENTED_EDGE ( 'NONE', *, *, #2245, .T. ) ;
#1755 = DIRECTION ( 'NONE',  ( 9.355088397137460852E-31, -1.000000000000000000, -1.959217102279369698E-16 ) ) ;
#1756 = VECTOR ( 'NONE', #781, 1000.000000000000000 ) ;
#1757 = VECTOR ( 'NONE', #2586, 1000.000000000000000 ) ;
#1758 = ADVANCED_FACE ( 'NONE', ( #2611 ), #204, .F. ) ;
#1759 = CARTESIAN_POINT ( 'NONE',  ( -2.657653429382828669, -32.57272156995099976, 38.99999999999991473 ) ) ;
#1760 = LINE ( 'NONE', #2000, #24 ) ;
#1761 = CIRCLE ( 'NONE', #1249, 2.750000000000009326 ) ;
#1762 = EDGE_CURVE ( 'NONE', #1365, #265, #134, .T. ) ;
#1763 = AXIS2_PLACEMENT_3D ( 'NONE', #91, #2514, #1941 ) ;
#1764 = CARTESIAN_POINT ( 'NONE',  ( 3.542256789940890549, -115.0436469875093479, 46.14675221390514537 ) ) ;
#1765 = CARTESIAN_POINT ( 'NONE',  ( -9.037121567706197567, -114.9999999478460069, 28.30000000000000071 ) ) ;
#1766 = CARTESIAN_POINT ( 'NONE',  ( -5.037121567720872939, 10.00000005215379950, 19.25000000001643485 ) ) ;
#1767 = ORIENTED_EDGE ( 'NONE', *, *, #385, .F. ) ;
#1768 = EDGE_CURVE ( 'NONE', #2281, #2694, #2336, .T. ) ;
#1769 = LINE ( 'NONE', #339, #1648 ) ;
#1770 = CARTESIAN_POINT ( 'NONE',  ( 13.56355713507106131, -7.153618880992612894, 42.49521992642831236 ) ) ;
#1771 = CARTESIAN_POINT ( 'NONE',  ( 15.56287843229197598, 8.500000052153810159, 27.29999999998342020 ) ) ;
#1772 = ORIENTED_EDGE ( 'NONE', *, *, #1945, .T. ) ;
#1773 = ORIENTED_EDGE ( 'NONE', *, *, #1239, .T. ) ;
#1774 = VERTEX_POINT ( 'NONE', #152 ) ;
#1775 = CARTESIAN_POINT ( 'NONE',  ( 7.176117578573524725, -114.4999999478460211, 45.97535211267605604 ) ) ;
#1776 = CARTESIAN_POINT ( 'NONE',  ( -2.377298757273595520, -11.19999705574569226, 44.04354998629199969 ) ) ;
#1777 = CARTESIAN_POINT ( 'NONE',  ( 9.812878432270547790, -6.599999947856221461, 44.15324519013299920 ) ) ;
#1778 = EDGE_CURVE ( 'NONE', #742, #3063, #2666, .T. ) ;
#1779 = CARTESIAN_POINT ( 'NONE',  ( -7.537121567738441996, -12.49999914318350136, 8.300000000020396840 ) ) ;
#1780 = CARTESIAN_POINT ( 'NONE',  ( 15.56287843227046075, -114.9999999478460069, 13.74999999998341060 ) ) ;
#1781 = CARTESIAN_POINT ( 'NONE',  ( 15.56287843227705991, -114.9999999478460069, 17.84999999998341025 ) ) ;
#1782 = DIRECTION ( 'NONE',  ( 0.000000000000000000, 1.959217102279369698E-16, -1.000000000000000000 ) ) ;
#1783 = EDGE_CURVE ( 'NONE', #90, #2844, #3448, .T. ) ;
#1784 = CARTESIAN_POINT ( 'NONE',  ( 18.56287843228809109, 10.00000005215379950, 24.69999999997861195 ) ) ;
#1785 = CARTESIAN_POINT ( 'NONE',  ( -1.137121567707974013, -11.49999994784619872, 27.30000000001018279 ) ) ;
#1786 = APPROVAL_PERSON_ORGANIZATION ( #2995, #54, #235 ) ;
#1787 = DIRECTION ( 'NONE',  ( 9.695610337554099168E-17, 1.000000000000000000, 8.396644857513789699E-17 ) ) ;
#1788 = ORIENTED_EDGE ( 'NONE', *, *, #2268, .F. ) ;
#1789 = ORIENTED_EDGE ( 'NONE', *, *, #1093, .T. ) ;
#1790 = AXIS2_PLACEMENT_3D ( 'NONE', #3025, #200, #1292 ) ;
#1791 = CARTESIAN_POINT ( 'NONE',  ( 19.56287843227060108, -16.39999994784669823, 39.00000000000000000 ) ) ;
#1792 = ORIENTED_EDGE ( 'NONE', *, *, #709, .F. ) ;
#1793 = DIRECTION ( 'NONE',  ( -1.000000000000000000, -1.387778780780839855E-17, -6.827871601444720612E-15 ) ) ;
#1794 = AXIS2_PLACEMENT_3D ( 'NONE', #2778, #1069, #1318 ) ;
#1795 = DIRECTION ( 'NONE',  ( 1.000000000000000000, -3.960587603169759792E-31, 6.796426993627010104E-15 ) ) ;
#1796 = DIRECTION ( 'NONE',  ( 0.7071067811865423547, 0.000000000000000000, 0.7071067811865526798 ) ) ;
#1797 = CARTESIAN_POINT ( 'NONE',  ( 11.03787843227706311, -114.9999999478460069, 17.84999999999066489 ) ) ;
#1798 = CARTESIAN_POINT ( 'NONE',  ( 3.349639285967572100, -34.49999994784597135, 45.97535211267609867 ) ) ;
#1799 = CARTESIAN_POINT ( 'NONE',  ( 15.56287843229020496, -11.49999994784619872, 26.19999999998342233 ) ) ;
#1800 = CARTESIAN_POINT ( 'NONE',  ( 0.2654254986227538859, -20.18043639959977753, 40.65707922443438349 ) ) ;
#1801 = DIRECTION ( 'NONE',  ( -2.220446049250000002E-16, -1.000000000000000000, 3.574656940018424056E-28 ) ) ;
#1802 = CARTESIAN_POINT ( 'NONE',  ( 18.06287843227706347, -10.24999994784620050, 17.84999999997940279 ) ) ;
#1803 = B_SPLINE_CURVE_WITH_KNOTS ( 'NONE', 3,
 ( #2585, #2547, #1214, #120, #2307, #2240, #1449, #1164, #2805, #1499, #2273, #3078, #3419, #944 ),
 .UNSPECIFIED., .F., .F.,
 ( 4, 2, 2, 2, 2, 2, 4 ),
 ( 0.000000000000000000, 0.0002341173021194593005, 0.0004682346042389186011, 0.0009364692084778372021, 0.001872938416955645348, 0.002809407625433451433, 0.003745876833911258169 ),
 .UNSPECIFIED. ) ;
#1804 = CARTESIAN_POINT ( 'NONE',  ( 1.336980916713386369, -8.748001950571204333, 46.29996276039521064 ) ) ;
#1805 = CARTESIAN_POINT ( 'NONE',  ( 12.91603951660394323, -11.19999994077990380, 43.99999430004171330 ) ) ;
#1806 = EDGE_CURVE ( 'NONE', #2568, #3423, #2707, .T. ) ;
#1807 = CARTESIAN_POINT ( 'NONE',  ( -1.942297358026936926, -9.877823185459929434, 46.08229504850955749 ) ) ;
#1808 = ORIENTED_EDGE ( 'NONE', *, *, #1853, .F. ) ;
#1809 = VERTEX_POINT ( 'NONE', #2372 ) ;
#1810 = CARTESIAN_POINT ( 'NONE',  ( 12.49685958686516507, -7.729461394212655101, 45.97998789406474174 ) ) ;
#1811 = ORIENTED_EDGE ( 'NONE', *, *, #2099, .F. ) ;
#1812 = CARTESIAN_POINT ( 'NONE',  ( 0.000000000000000000, 0.000000000000000000, 0.000000000000000000 ) ) ;
#1813 = EDGE_CURVE ( 'NONE', #2990, #1809, #1548, .T. ) ;
#1814 = CARTESIAN_POINT ( 'NONE',  ( 0.7128784326202153299, -11.19999994718425462, 43.99999999999995737 ) ) ;
#1815 = CARTESIAN_POINT ( 'NONE',  ( 9.664409435588281028, -6.907853109865532026, 45.15996187220576985 ) ) ;
#1816 = CARTESIAN_POINT ( 'NONE',  ( 21.56287843227064727, 10.00000005215379950, -1.430183998284408453 ) ) ;
#1817 = AXIS2_PLACEMENT_3D ( 'NONE', #1377, #3274, #31 ) ;
#1818 = CARTESIAN_POINT ( 'NONE',  ( 3.745855855423472214, -116.4999999478501138, 43.12756518790502014 ) ) ;
#1819 = CARTESIAN_POINT ( 'NONE',  ( -5.037121567720904025, -114.9999999478460069, 19.25000000001643485 ) ) ;
#1820 = FACE_OUTER_BOUND ( 'NONE', #3519, .T. ) ;
#1821 = CARTESIAN_POINT ( 'NONE',  ( 19.75920915555936475, -114.9928983108370772, -2.947245880922354733 ) ) ;
#1822 = VECTOR ( 'NONE', #2232, 1000.000000000000000 ) ;
#1823 = VECTOR ( 'NONE', #3353, 1000.000000000000000 ) ;
#1824 = CARTESIAN_POINT ( 'NONE',  ( 18.06287843228809109, -11.49999994784619872, 24.69999999997941487 ) ) ;
#1825 = DIRECTION ( 'NONE',  ( -1.000000000000000000, 0.000000000000000000, -6.476300976980080082E-15 ) ) ;
#1826 = PLANE ( 'NONE',  #439 ) ;
#1827 = CARTESIAN_POINT ( 'NONE',  ( -1.971102722325733803, -10.07053850150330199, 45.97998789405855291 ) ) ;
#1828 = ORIENTED_EDGE ( 'NONE', *, *, #2074, .T. ) ;
#1829 = VERTEX_POINT ( 'NONE', #1780 ) ;
#1830 = EDGE_CURVE ( 'NONE', #3080, #3423, #2533, .T. ) ;
#1831 = CARTESIAN_POINT ( 'NONE',  ( 12.44903270542276985, -8.069429340426381714, 46.14737749708844916 ) ) ;
#1832 = ORIENTED_EDGE ( 'NONE', *, *, #1008, .F. ) ;
#1833 = FACE_OUTER_BOUND ( 'NONE', #1644, .T. ) ;
#1834 = ADVANCED_FACE ( 'NONE', ( #169 ), #996, .F. ) ;
#1835 = CARTESIAN_POINT ( 'NONE',  ( 18.06287843227271850, -10.24999994784620050, 15.14999999997940350 ) ) ;
#1836 = ORIENTED_EDGE ( 'NONE', *, *, #2119, .T. ) ;
#1837 = DIRECTION ( 'NONE',  ( 1.603068372491023297E-12, 3.965657313651760338E-31, 1.000000000000000000 ) ) ;
#1838 = FACE_OUTER_BOUND ( 'NONE', #3224, .T. ) ;
#1839 = CARTESIAN_POINT ( 'NONE',  ( -0.02602968545571514650, -19.26730906544377220, 42.11889859471985176 ) ) ;
#1840 = FACE_OUTER_BOUND ( 'NONE', #3554, .T. ) ;
#1841 = CARTESIAN_POINT ( 'NONE',  ( 3.600009199256899883, -23.89999994784669823, 39.00000000000000000 ) ) ;
#1842 = LINE ( 'NONE', #3434, #555 ) ;
#1843 = CARTESIAN_POINT ( 'NONE',  ( 7.012443495955026584, -116.3252097141353971, 44.15530545875172663 ) ) ;
#1844 = LINE ( 'NONE', #1004, #1104 ) ;
#1845 = ORIENTED_EDGE ( 'NONE', *, *, #2312, .F. ) ;
#1846 = ORIENTED_EDGE ( 'NONE', *, *, #801, .T. ) ;
#1847 = LINE ( 'NONE', #2919, #1654 ) ;
#1848 = ORIENTED_EDGE ( 'NONE', *, *, #646, .T. ) ;
#1849 = CALENDAR_DATE ( 2026, 30, 8 ) ;
#1850 = AXIS2_PLACEMENT_3D ( 'NONE', #1252, #2635, #3474 ) ;
#1851 = VECTOR ( 'NONE', #3139, 1000.000000000000000 ) ;
#1852 = ORIENTED_EDGE ( 'NONE', *, *, #2643, .F. ) ;
#1853 = EDGE_CURVE ( 'NONE', #1489, #290, #2859, .T. ) ;
#1854 = PLANE ( 'NONE',  #2247 ) ;
#1855 = CARTESIAN_POINT ( 'NONE',  ( 18.06287843227046253, 10.00000005215379950, 13.74999999997940314 ) ) ;
#1856 = CARTESIAN_POINT ( 'NONE',  ( 10.05529790873855234, -20.54052708185535892, 40.29444979602880750 ) ) ;
#1857 = CARTESIAN_POINT ( 'NONE',  ( 0.2276077745755250570, -20.10427674966052436, 40.74445990376360527 ) ) ;
#1858 = FACE_BOUND ( 'NONE', #35, .T. ) ;
#1859 = CARTESIAN_POINT ( 'NONE',  ( 12.69121183001820086, 10.00000005215329857, 45.03434178679309952 ) ) ;
#1860 = CARTESIAN_POINT ( 'NONE',  ( 15.56287843229197598, -11.49999994784619872, 27.29999999998342020 ) ) ;
#1861 = CARTESIAN_POINT ( 'NONE',  ( 10.16287843227059895, -7.402957747892229712, 39.00000000000000000 ) ) ;
#1862 = LINE ( 'NONE', #1576, #2137 ) ;
#1863 = VERTEX_POINT ( 'NONE', #1819 ) ;
#1864 = ORIENTED_EDGE ( 'NONE', *, *, #716, .T. ) ;
#1865 = CARTESIAN_POINT ( 'NONE',  ( 12.64004321158411237, -7.039306301492997520, 45.35256756985971549 ) ) ;
#1866 = ORIENTED_EDGE ( 'NONE', *, *, #1778, .F. ) ;
#1867 = PERSON_AND_ORGANIZATION ( #2969, #3174 ) ;
#1868 = VERTEX_POINT ( 'NONE', #453 ) ;
#1869 = CARTESIAN_POINT ( 'NONE',  ( 15.56287843227516987, -114.9999999478460069, 16.67499999998340954 ) ) ;
#1870 = ADVANCED_FACE ( 'NONE', ( #1838 ), #1280, .T. ) ;
#1871 = CARTESIAN_POINT ( 'NONE',  ( 8.758445984915082860, -22.15898986717768082, 39.31270170107880091 ) ) ;
#1872 = CARTESIAN_POINT ( 'NONE',  ( 15.56287843229050338, 10.00000005215379950, 26.19999999998342233 ) ) ;
#1873 = LINE ( 'NONE', #1103, #3069 ) ;
#1874 = VECTOR ( 'NONE', #3466, 1000.000000000000000 ) ;
#1875 = EDGE_CURVE ( 'NONE', #143, #214, #3145, .T. ) ;
#1876 = DIRECTION ( 'NONE',  ( 1.000000000000000000, -3.599519737876700206E-31, 6.612135081886870379E-15 ) ) ;
#1877 = VECTOR ( 'NONE', #3138, 1000.000000000000000 ) ;
#1878 = CARTESIAN_POINT ( 'NONE',  ( -10.47809822152107451, -116.1159691779366199, -2.275169649302800412 ) ) ;
#1879 = CARTESIAN_POINT ( 'NONE',  ( 13.65598906441551108, -10.49556752030858853, 42.34150250390545267 ) ) ;
#1880 = CARTESIAN_POINT ( 'NONE',  ( -2.165454965477140004, -6.845702727857729819, 45.03434178679309952 ) ) ;
#1881 = ORIENTED_EDGE ( 'NONE', *, *, #2851, .T. ) ;
#1882 = ORIENTED_EDGE ( 'NONE', *, *, #1498, .T. ) ;
#1883 = AXIS2_PLACEMENT_3D ( 'NONE', #2213, #1351, #2158 ) ;
#1884 = CARTESIAN_POINT ( 'NONE',  ( 9.610093569497223598, -10.76797036172195554, 42.65525384172259038 ) ) ;
#1885 = VERTEX_POINT ( 'NONE', #957 ) ;
#1886 = PERSON_AND_ORGANIZATION_ROLE ( 'classification_officer' ) ;
#1887 = ORIENTED_EDGE ( 'NONE', *, *, #564, .F. ) ;
#1888 = CARTESIAN_POINT ( 'NONE',  ( 21.56287843227066148, -116.4811642072285451, -1.430183998284401792 ) ) ;
#1889 = CARTESIAN_POINT ( 'NONE',  ( 8.105349553744630953, -22.81876525780401366, 39.11610796106833021 ) ) ;
#1890 = CARTESIAN_POINT ( 'NONE',  ( 5.262878432270878371, -145.3271838359477215, -7.612710456145673987 ) ) ;
#1891 = CARTESIAN_POINT ( 'NONE',  ( 5.262878432270531981, -32.76794914027709638, 45.74999999999999289 ) ) ;
#1892 = ADVANCED_FACE ( 'NONE', ( #2055 ), #3158, .T. ) ;
#1893 = CARTESIAN_POINT ( 'NONE',  ( -10.38974665538530218, -116.0439836456219354, -2.357625665444018193 ) ) ;
#1894 = CARTESIAN_POINT ( 'NONE',  ( -3.253883399269993593, -7.536910636063173463, 42.14738973537886579 ) ) ;
#1895 = LINE ( 'NONE', #1415, #2774 ) ;
#1896 = ORIENTED_EDGE ( 'NONE', *, *, #1806, .F. ) ;
#1897 = ORIENTED_EDGE ( 'NONE', *, *, #849, .T. ) ;
#1898 = EDGE_CURVE ( 'NONE', #357, #831, #2355, .T. ) ;
#1899 = CARTESIAN_POINT ( 'NONE',  ( 9.317831273678690351, -7.876211072498367827, 41.93503952953233238 ) ) ;
#1900 = CARTESIAN_POINT ( 'NONE',  ( 11.84568968653330323, -32.49999994784597135, 39.00000000000001421 ) ) ;
#1901 = EDGE_LOOP ( 'NONE', ( #3355, #2011, #179, #1439 ) ) ;
#1902 = APPROVAL_ROLE ( '' ) ;
#1903 = EDGE_CURVE ( 'NONE', #2825, #538, #259, .T. ) ;
#1904 = VECTOR ( 'NONE', #3504, 1000.000000000000000 ) ;
#1905 = VERTEX_POINT ( 'NONE', #1350 ) ;
#1906 = DIRECTION ( 'NONE',  ( -1.000000000000000000, -1.387778780780839855E-17, -6.827871601444720612E-15 ) ) ;
#1907 = VECTOR ( 'NONE', #1554, 1000.000000000000000 ) ;
#1908 = CARTESIAN_POINT ( 'NONE',  ( 9.362304381751213711, -21.48850660305652127, 39.60715171242611632 ) ) ;
#1909 = CARTESIAN_POINT ( 'NONE',  ( 15.56287843229020496, -11.49999994784619872, 26.19999999998342233 ) ) ;
#1910 = LINE ( 'NONE', #2759, #2306 ) ;
#1911 = VECTOR ( 'NONE', #296, 1000.000000000000000 ) ;
#1912 = CARTESIAN_POINT ( 'NONE',  ( -10.41672921624977022, -116.0661618800357218, -2.333203223356620448 ) ) ;
#1913 = DIRECTION ( 'NONE',  ( 3.906496303164600132E-31, 1.000000000000000000, -3.165845295199385078E-29 ) ) ;
#1914 = DIRECTION ( 'NONE',  ( -1.602852795204688366E-12, -4.417367523616270103E-31, -1.000000000000000000 ) ) ;
#1915 = ORIENTED_EDGE ( 'NONE', *, *, #3561, .F. ) ;
#1916 = VERTEX_POINT ( 'NONE', #3562 ) ;
#1917 = EDGE_CURVE ( 'NONE', #2490, #1163, #2445, .T. ) ;
#1918 = CARTESIAN_POINT ( 'NONE',  ( 9.224395486222421781, -9.499535924560207789, 41.75785010943139497 ) ) ;
#1919 = LINE ( 'NONE', #3062, #931 ) ;
#1920 = VERTEX_POINT ( 'NONE', #1067 ) ;
#1921 = ORIENTED_EDGE ( 'NONE', *, *, #1346, .F. ) ;
#1922 = LINE ( 'NONE', #3030, #2714 ) ;
#1923 = EDGE_CURVE ( 'NONE', #1096, #3080, #2329, .T. ) ;
#1924 = CARTESIAN_POINT ( 'NONE',  ( 5.262878432270531981, -34.49999994784597135, 44.75000000000000000 ) ) ;
#1925 = CARTESIAN_POINT ( 'NONE',  ( 19.56287843226818168, -34.47875202447549015, 39.00000000000006395 ) ) ;
#1926 = LINE ( 'NONE', #2485, #2660 ) ;
#1927 = CARTESIAN_POINT ( 'NONE',  ( 2.854100634045927620, -115.9367381382826494, -7.489141430109292230 ) ) ;
#1928 = CARTESIAN_POINT ( 'NONE',  ( 6.925747665284240462, -23.89999994784669823, 39.00000000000000000 ) ) ;
#1929 = CARTESIAN_POINT ( 'NONE',  ( 19.56287843227060108, -34.49999994784597135, 39.00000000000000000 ) ) ;
#1930 = ORIENTED_EDGE ( 'NONE', *, *, #910, .F. ) ;
#1931 = VECTOR ( 'NONE', #1570, 1000.000000000000000 ) ;
#1932 = ORIENTED_EDGE ( 'NONE', *, *, #664, .F. ) ;
#1933 = B_SPLINE_CURVE_WITH_KNOTS ( 'NONE', 3,
 ( #391, #1199, #104, #2858, #2290, #879, #1434, #2027, #1714, #2258, #3402, #3144, #3093, #3367, #2527, #658, #894, #1988, #911, #2821 ),
 .UNSPECIFIED., .F., .F.,
 ( 4, 2, 2, 2, 2, 2, 2, 2, 2, 4 ),
 ( 0.000000000000000000, 5.805388122174200881E-05, 0.0001161077624434840176, 0.0002322155248869615842, 0.0004644310497738922145, 0.0009288620995477464819, 0.001857724199095496000, 0.002786586298643245734, 0.003251017348417126456, 0.003715448398191006744 ),
 .UNSPECIFIED. ) ;
#1934 = AXIS2_PLACEMENT_3D ( 'NONE', #266, #3040, #1358 ) ;
#1935 = DIRECTION ( 'NONE',  ( -2.775557561562989959E-17, 1.000000000000000000, 1.959217102279369698E-16 ) ) ;
#1936 = CARTESIAN_POINT ( 'NONE',  ( 21.40356892010012757, -116.4024032587347932, -1.757759439043879102 ) ) ;
#1937 = DIRECTION ( 'NONE',  ( 0.000000000000000000, -1.000000000000000000, 3.165304382199309869E-29 ) ) ;
#1938 = ORIENTED_EDGE ( 'NONE', *, *, #1498, .F. ) ;
#1939 = VECTOR ( 'NONE', #3239, 1000.000000000000000 ) ;
#1940 = EDGE_CURVE ( 'NONE', #806, #592, #8, .T. ) ;
#1941 = DIRECTION ( 'NONE',  ( -0.9904444530330244190, 0.000000000000000000, -0.1379122382390811363 ) ) ;
#1942 = TOROIDAL_SURFACE ( 'NONE', #1480, 16.99999999999997868, 2.000000000000000000 ) ;
#1943 = EDGE_LOOP ( 'NONE', ( #2437, #2296, #2383, #2937 ) ) ;
#1944 = CARTESIAN_POINT ( 'NONE',  ( 19.24237035658210004, 10.00000005215379950, -0.5000000000000720535 ) ) ;
#1945 = EDGE_CURVE ( 'NONE', #1253, #26, #670, .T. ) ;
#1946 = CARTESIAN_POINT ( 'NONE',  ( 0.8902570046255466885, -6.975107761542943763, 42.74154227889158619 ) ) ;
#1947 = CARTESIAN_POINT ( 'NONE',  ( 18.03190538306527202, -33.85293134158253281, 39.00000000000006395 ) ) ;
#1948 = DIRECTION ( 'NONE',  ( 3.923704910262640311E-31, 1.000000000000000000, -3.166017381270365471E-29 ) ) ;
#1949 = EDGE_CURVE ( 'NONE', #2936, #2990, #1084, .T. ) ;
#1950 = CARTESIAN_POINT ( 'NONE',  ( 19.62432300124939744, -18.89999994784669823, 45.99972745446670785 ) ) ;
#1951 = CARTESIAN_POINT ( 'NONE',  ( -7.537121567740835637, 10.00000005215379950, 6.800000000020397728 ) ) ;
#1952 = CARTESIAN_POINT ( 'NONE',  ( 3.349639285967572100, -32.49999994784597135, 45.97535211267609867 ) ) ;
#1953 = ORIENTED_EDGE ( 'NONE', *, *, #1768, .T. ) ;
#1954 = ORIENTED_EDGE ( 'NONE', *, *, #936, .T. ) ;
#1955 = DIRECTION ( 'NONE',  ( 1.601302108588210640E-12, 7.455499262895250755E-31, 1.000000000000000000 ) ) ;
#1956 = CARTESIAN_POINT ( 'NONE',  ( -7.537121567727454341, 8.500000052153820818, 15.15000000002044800 ) ) ;
#1957 = VERTEX_POINT ( 'NONE', #3270 ) ;
#1958 = DIRECTION ( 'NONE',  ( -1.000000000000000000, 0.000000000000000000, -6.100126508929431957E-15 ) ) ;
#1959 = ORIENTED_EDGE ( 'NONE', *, *, #1159, .F. ) ;
#1960 = CARTESIAN_POINT ( 'NONE',  ( 1.336981244243407030, -9.049526309274325442, 46.29996331945702792 ) ) ;
#1961 = ADVANCED_FACE ( 'NONE', ( #3306 ), #1101, .T. ) ;
#1962 = VECTOR ( 'NONE', #1837, 1000.000000000000000 ) ;
#1963 = CARTESIAN_POINT ( 'NONE',  ( 1.300244143635666649, -9.503525506685084778, 41.76000344668835851 ) ) ;
#1964 = DIRECTION ( 'NONE',  ( -3.165304382199374329E-29, 1.000000000000000000, -3.995004816858373925E-31 ) ) ;
#1965 = DIRECTION ( 'NONE',  ( -0.7071067811865506814, 0.000000000000000000, 0.7071067811865445751 ) ) ;
#1966 = AXIS2_PLACEMENT_3D ( 'NONE', #1974, #1685, #1699 ) ;
#1967 = CARTESIAN_POINT ( 'NONE',  ( -8.716613492040350408, 10.00000005215379950, -3.000000000000250022 ) ) ;
#1968 = CARTESIAN_POINT ( 'NONE',  ( -9.231978294154680853, -114.9928016937806774, -2.947538694845683427 ) ) ;
#1969 = CARTESIAN_POINT ( 'NONE',  ( -2.590874633291678553, -11.14239255341447432, 43.40297569370513031 ) ) ;
#1970 = CARTESIAN_POINT ( 'NONE',  ( 6.479407897367165603, -32.78434878910181993, 45.26196252431203959 ) ) ;
#1971 = EDGE_LOOP ( 'NONE', ( #2711, #1773, #3370, #53 ) ) ;
#1972 = AXIS2_PLACEMENT_3D ( 'NONE', #1725, #2576, #634 ) ;
#1973 = CARTESIAN_POINT ( 'NONE',  ( 18.06287843229227619, -1.499999947846190063, 27.29999999997940563 ) ) ;
#1974 = CARTESIAN_POINT ( 'NONE',  ( 5.262878432270550633, -18.89999994784669823, 44.00000000000000000 ) ) ;
#1975 = ORIENTED_EDGE ( 'NONE', *, *, #2584, .T. ) ;
#1976 = PLANE ( 'NONE',  #3215 ) ;
#1977 = ORIENTED_EDGE ( 'NONE', *, *, #970, .T. ) ;
#1978 = LINE ( 'NONE', #3118, #1557 ) ;
#1979 = B_SPLINE_CURVE_WITH_KNOTS ( 'NONE', 3,
 ( #639, #2841, #1466, #2128 ),
 .UNSPECIFIED., .F., .F.,
 ( 4, 4 ),
 ( 0.000000000000000000, 0.0002757319783928311417 ),
 .UNSPECIFIED. ) ;
#1980 = CARTESIAN_POINT ( 'NONE',  ( 12.69121183001820086, -10.95429716785449870, 45.03434178679309952 ) ) ;
#1981 = LINE ( 'NONE', #3122, #3414 ) ;
#1982 = EDGE_CURVE ( 'NONE', #2863, #1669, #2073, .T. ) ;
#1983 = CARTESIAN_POINT ( 'NONE',  ( -9.136287924749222356, -114.9008714134383951, -2.964599618479323961 ) ) ;
#1984 = CARTESIAN_POINT ( 'NONE',  ( 15.56287843227186940, -114.9999999478460069, 14.62499999998341060 ) ) ;
#1985 = CARTESIAN_POINT ( 'NONE',  ( 9.352887599032671417, -10.05397584039612902, 45.99562378728744250 ) ) ;
#1986 = ORIENTED_EDGE ( 'NONE', *, *, #1463, .F. ) ;
#1987 = EDGE_CURVE ( 'NONE', #866, #587, #764, .T. ) ;
#1988 = CARTESIAN_POINT ( 'NONE',  ( 17.61027088041551991, -116.4817327624001280, 37.45860189887744696 ) ) ;
#1989 = PLANE ( 'NONE',  #1448 ) ;
#1990 = ORIENTED_EDGE ( 'NONE', *, *, #2643, .T. ) ;
#1991 = ORIENTED_EDGE ( 'NONE', *, *, #2740, .F. ) ;
#1992 = CARTESIAN_POINT ( 'NONE',  ( 5.262878432270877482, -116.4999999478460069, -7.612710456145668658 ) ) ;
#1993 = VECTOR ( 'NONE', #2645, 1000.000000000000000 ) ;
#1994 = CIRCLE ( 'NONE', #1528, 14.99999999999998579 ) ;
#1995 = VECTOR ( 'NONE', #2612, 1000.000000000000000 ) ;
#1996 = ORIENTED_EDGE ( 'NONE', *, *, #3556, .F. ) ;
#1997 = CARTESIAN_POINT ( 'NONE',  ( 1.302827653579820222, -9.421915362777399494, 46.24071193534825852 ) ) ;
#1998 = AXIS2_PLACEMENT_3D ( 'NONE', #2947, #1549, #2647 ) ;
#1999 = CARTESIAN_POINT ( 'NONE',  ( 0.8292401070826402876, -6.839671310725427666, 42.97523491265368989 ) ) ;
#2000 = CARTESIAN_POINT ( 'NONE',  ( 18.56287843228809109, -11.49999994784619872, 24.69999999997861195 ) ) ;
#2001 = CARTESIAN_POINT ( 'NONE',  ( -9.385444194550728980, -115.1392728974179960, -2.908894000025193272 ) ) ;
#2002 = CARTESIAN_POINT ( 'NONE',  ( -5.037121567709733405, 10.00000005215379950, 26.20000000001644125 ) ) ;
#2003 = EDGE_CURVE ( 'NONE', #1616, #1146, #1588, .T. ) ;
#2004 = CARTESIAN_POINT ( 'NONE',  ( 5.262878432270550633, -13.89999994784670001, 44.00000000000000000 ) ) ;
#2005 = VERTEX_POINT ( 'NONE', #3253 ) ;
#2006 = CARTESIAN_POINT ( 'NONE',  ( 12.69121183001820086, -6.845702727857680081, 45.03434178679309952 ) ) ;
#2007 = CARTESIAN_POINT ( 'NONE',  ( 10.55179226673467241, -19.26726172198232589, 42.11901525349623654 ) ) ;
#2008 = EDGE_CURVE ( 'NONE', #1408, #2898, #329, .T. ) ;
#2009 = DIRECTION ( 'NONE',  ( 1.000000000000000000, -1.959217102279369698E-16, -1.603068372491023297E-12 ) ) ;
#2010 = ORIENTED_EDGE ( 'NONE', *, *, #3212, .F. ) ;
#2011 = ORIENTED_EDGE ( 'NONE', *, *, #3201, .F. ) ;
#2012 = DIRECTION ( 'NONE',  ( -5.329070518200429736E-16, -1.000000000000000000, 8.546859407318822576E-28 ) ) ;
#2013 = DIRECTION ( 'NONE',  ( 9.355088397137460852E-31, -1.000000000000000000, -1.959217102279369698E-16 ) ) ;
#2014 = PRODUCT ( 'penetrolyzer_main', 'penetrolyzer_main', '', ( #3135 ) ) ;
#2015 = ORIENTED_EDGE ( 'NONE', *, *, #2495, .F. ) ;
#2016 = CARTESIAN_POINT ( 'NONE',  ( 5.262878432270531981, -122.4999999478460211, 42.24999999999997158 ) ) ;
#2017 = CARTESIAN_POINT ( 'NONE',  ( 1.094819556665158400, -10.30479178042440758, 42.17299171895040644 ) ) ;
#2018 = DIRECTION ( 'NONE',  ( -1.609882366304660195E-12, 6.458627165704296668E-43, -1.000000000000000000 ) ) ;
#2019 = CARTESIAN_POINT ( 'NONE',  ( -9.037121567753045426, -122.5099999478460120, -0.7999999999769857872 ) ) ;
#2020 = CARTESIAN_POINT ( 'NONE',  ( 19.56287843229389978, -116.4999999478460353, 28.29999999999999361 ) ) ;
#2021 = CARTESIAN_POINT ( 'NONE',  ( -7.537121567739981209, -114.9999999478460069, 7.350000000020397550 ) ) ;
#2022 = DIRECTION ( 'NONE',  ( 9.355088397137441584E-31, -1.000000000000000000, -1.959217102279369698E-16 ) ) ;
#2023 = ORIENTED_EDGE ( 'NONE', *, *, #2419, .F. ) ;
#2024 = AXIS2_PLACEMENT_3D ( 'NONE', #1129, #1385, #1937 ) ;
#2025 = CC_DESIGN_PERSON_AND_ORGANIZATION_ASSIGNMENT ( #777, #1886, ( #2077 ) ) ;
#2026 = AXIS2_PLACEMENT_3D ( 'NONE', #2072, #1016, #493 ) ;
#2027 = CARTESIAN_POINT ( 'NONE',  ( 19.36978674494288555, -114.7389162641663773, 38.99135316404309748 ) ) ;
#2028 = CARTESIAN_POINT ( 'NONE',  ( 10.47237760284021135, -18.93970352151652747, 43.28788014846423948 ) ) ;
#2029 = CARTESIAN_POINT ( 'NONE',  ( 15.56287843227271672, 8.500000052153810159, 15.14999999998340918 ) ) ;
#2030 = ORIENTED_EDGE ( 'NONE', *, *, #2945, .F. ) ;
#2031 = ORIENTED_EDGE ( 'NONE', *, *, #3290, .T. ) ;
#2032 = EDGE_CURVE ( 'NONE', #2293, #2662, #311, .T. ) ;
#2033 = ORIENTED_EDGE ( 'NONE', *, *, #1133, .F. ) ;
#2034 = DIRECTION ( 'NONE',  ( -1.959217102279369698E-16, -1.000000000000000000, 3.144753976324933694E-28 ) ) ;
#2035 = EDGE_CURVE ( 'NONE', #357, #2083, #1075, .T. ) ;
#2036 = CARTESIAN_POINT ( 'NONE',  ( -9.037121567729419880, -34.49999994784597135, 39.00000000000000000 ) ) ;
#2037 = DIRECTION ( 'NONE',  ( -1.000000000000000000, 1.959217102279369698E-16, 1.609882366304660195E-12 ) ) ;
#2038 = DIRECTION ( 'NONE',  ( -1.602749865885598077E-12, -3.995004817365700896E-31, -1.000000000000000000 ) ) ;
#2039 = CARTESIAN_POINT ( 'NONE',  ( 0.3106561671054249851, -18.89999994784669823, 44.68956119119539494 ) ) ;
#2040 = CARTESIAN_POINT ( 'NONE',  ( 15.56287843227271672, -114.9999999478460069, 15.14999999998340918 ) ) ;
#2041 = ORIENTED_EDGE ( 'NONE', *, *, #2941, .F. ) ;
#2042 = LINE ( 'NONE', #1148, #3383 ) ;
#2043 = LINE ( 'NONE', #2615, #2804 ) ;
#2044 = CARTESIAN_POINT ( 'NONE',  ( -2.090238800714331546, -7.136910608405536927, 45.47763322434096978 ) ) ;
#2045 = VERTEX_POINT ( 'NONE', #1980 ) ;
#2046 = EDGE_LOOP ( 'NONE', ( #1074, #287, #2820, #2015, #2313, #409, #89, #2561 ) ) ;
#2047 = ORIENTED_EDGE ( 'NONE', *, *, #1813, .F. ) ;
#2048 = EDGE_CURVE ( 'NONE', #3493, #317, #3360, .T. ) ;
#2049 = CIRCLE ( 'NONE', #2741, 7.000000000000001776 ) ;
#2050 = AXIS2_PLACEMENT_3D ( 'NONE', #2799, #1431, #1396 ) ;
#2051 = DIRECTION ( 'NONE',  ( -2.775557561562989959E-17, 1.000000000000000000, 1.959217102279369698E-16 ) ) ;
#2052 = EDGE_CURVE ( 'NONE', #812, #3149, #3285, .T. ) ;
#2053 = CARTESIAN_POINT ( 'NONE',  ( -2.390280952858999886, -6.599999947856220572, 44.00000000000000000 ) ) ;
#2054 = AXIS2_PLACEMENT_3D ( 'NONE', #1085, #1411, #29 ) ;
#2055 = FACE_OUTER_BOUND ( 'NONE', #397, .T. ) ;
#2056 = CARTESIAN_POINT ( 'NONE',  ( -2.974018934508231293, -7.062930617872122063, 42.60725349054514055 ) ) ;
#2057 = CARTESIAN_POINT ( 'NONE',  ( 19.82487667667853515, -115.0558633712817738, -2.931845639431838624 ) ) ;
#2058 = ORIENTED_EDGE ( 'NONE', *, *, #582, .T. ) ;
#2059 = CARTESIAN_POINT ( 'NONE',  ( 5.262878432270550633, -4.899999947846710668, 44.00000000000000000 ) ) ;
#2060 = DIRECTION ( 'NONE',  ( -1.000000000000000000, 1.959217102279369698E-16, 1.603068372491023297E-12 ) ) ;
#2061 = CARTESIAN_POINT ( 'NONE',  ( -2.057848898468324528, -7.275944534329973123, 45.63188925914518279 ) ) ;
#2062 = EDGE_LOOP ( 'NONE', ( #487, #2064, #2238, #2901 ) ) ;
#2063 = ORIENTED_EDGE ( 'NONE', *, *, #3392, .F. ) ;
#2064 = ORIENTED_EDGE ( 'NONE', *, *, #1278, .F. ) ;
#2065 = CARTESIAN_POINT ( 'NONE',  ( 19.27303982678090577, -116.4999999478460069, -18.11729409359903542 ) ) ;
#2066 = LINE ( 'NONE', #3428, #1221 ) ;
#2067 = CARTESIAN_POINT ( 'NONE',  ( -8.632667893986948116, -114.9639880050299610, 38.96158925423048913 ) ) ;
#2068 = EDGE_CURVE ( 'NONE', #733, #648, #3213, .T. ) ;
#2069 = DIRECTION ( 'NONE',  ( 9.355088397137460852E-31, -1.000000000000000000, -1.959217102279369698E-16 ) ) ;
#2070 = CARTESIAN_POINT ( 'NONE',  ( 3.349639285967572100, -114.4999999478460211, 45.97535211267608446 ) ) ;
#2071 = CARTESIAN_POINT ( 'NONE',  ( 7.712878432270589890, -23.89999994784669823, 39.00000000000000000 ) ) ;
#2072 = CARTESIAN_POINT ( 'NONE',  ( 5.262878432270550633, 10.00000005215329857, 44.00000000000000000 ) ) ;
#2073 = CIRCLE ( 'NONE', #814, 2.000000000000001776 ) ;
#2074 = EDGE_CURVE ( 'NONE', #246, #1022, #1002, .T. ) ;
#2075 = PLANE ( 'NONE',  #1422 ) ;
#2076 = CARTESIAN_POINT ( 'NONE',  ( 10.33717650149760026, -18.89999994784669823, 44.00000000000000000 ) ) ;
#2077 = SECURITY_CLASSIFICATION ( '', '', #1097 ) ;
#2078 = DIRECTION ( 'NONE',  ( -1.603068372491023297E-12, -3.995004817365800739E-31, -1.000000000000000000 ) ) ;
#2079 = ORIENTED_EDGE ( 'NONE', *, *, #2713, .T. ) ;
#2080 = ORIENTED_EDGE ( 'NONE', *, *, #1401, .T. ) ;
#2081 = APPROVAL_PERSON_ORGANIZATION ( #520, #271, #3537 ) ;
#2082 = CARTESIAN_POINT ( 'NONE',  ( 18.06287843227046253, -114.9999999478460069, 13.74999999997940314 ) ) ;
#2083 = VERTEX_POINT ( 'NONE', #3192 ) ;
#2084 = DIRECTION ( 'NONE',  ( 1.506059184577299174E-42, 1.000000000000000000, 9.355088397137501139E-31 ) ) ;
#2085 = CIRCLE ( 'NONE', #1682, 2.750000000000009326 ) ;
#2086 = PLANE ( 'NONE',  #3532 ) ;
#2087 = LINE ( 'NONE', #992, #3297 ) ;
#2088 = CARTESIAN_POINT ( 'NONE',  ( 3.826777884956103382, -116.1882030070176626, 45.01183619766903377 ) ) ;
#2089 = CARTESIAN_POINT ( 'NONE',  ( 5.262878432270531981, -32.49999994784597135, 43.99999999999999289 ) ) ;
#2090 = DIRECTION ( 'NONE',  ( -3.165304382199374329E-29, 1.000000000000000000, -3.995004816858373925E-31 ) ) ;
#2091 = LINE ( 'NONE', #421, #2195 ) ;
#2092 = EDGE_CURVE ( 'NONE', #623, #960, #2883, .T. ) ;
#2093 = CARTESIAN_POINT ( 'NONE',  ( -11.03712156772940034, 8.500000052153810159, 32.30000000000000426 ) ) ;
#2094 = CARTESIAN_POINT ( 'NONE',  ( 1.337002733779749875, -8.899999947856109372, 46.30000000000000426 ) ) ;
#2095 = CARTESIAN_POINT ( 'NONE',  ( -11.03712156772940034, -116.4999999478460069, 37.00000000000000000 ) ) ;
#2096 = CARTESIAN_POINT ( 'NONE',  ( 18.06287843229227619, -11.49999994784619872, 27.29999999997940563 ) ) ;
#2097 = ORIENTED_EDGE ( 'NONE', *, *, #1713, .F. ) ;
#2098 = ORIENTED_EDGE ( 'NONE', *, *, #41, .T. ) ;
#2099 = EDGE_CURVE ( 'NONE', #1022, #3149, #450, .T. ) ;
#2100 = CARTESIAN_POINT ( 'NONE',  ( 12.51960597724836255, -10.20357644373327233, 45.89496573200114682 ) ) ;
#2101 = VERTEX_POINT ( 'NONE', #1011 ) ;
#2102 = DIRECTION ( 'NONE',  ( 1.000000000000000000, 0.000000000000000000, 0.000000000000000000 ) ) ;
#2103 = CARTESIAN_POINT ( 'NONE',  ( -8.987856237926703074, -34.43481009817302407, 38.99999999999985079 ) ) ;
#2104 = DIRECTION ( 'NONE',  ( -9.796085511398459494E-17, 1.000000000000000000, 9.796085511395178326E-17 ) ) ;
#2105 = CARTESIAN_POINT ( 'NONE',  ( 5.262878432270531981, -34.49999994784597135, 43.99999999999999289 ) ) ;
#2106 = CARTESIAN_POINT ( 'NONE',  ( 5.147639871235816678, -116.3301051922112350, 46.74999999999997868 ) ) ;
#2107 = CARTESIAN_POINT ( 'NONE',  ( 0.1885803630434620126, -18.89999994784669823, 44.00000000000000000 ) ) ;
#2108 = CARTESIAN_POINT ( 'NONE',  ( 19.94090747370952599, -115.1661474833133951, -2.900575892179025228 ) ) ;
#2109 = VECTOR ( 'NONE', #916, 1000.000000000000000 ) ;
#2110 = CIRCLE ( 'NONE', #682, 16.99999999999999289 ) ;
#2111 = CARTESIAN_POINT ( 'NONE',  ( 0.9337934432744320334, -7.073474191511543552, 45.40641739045944547 ) ) ;
#2112 = CARTESIAN_POINT ( 'NONE',  ( 13.37040901310797558, -10.89852958102624392, 42.85210158955845117 ) ) ;
#2113 = CARTESIAN_POINT ( 'NONE',  ( 7.330459393037980220, -114.4999999478460069, -8.848621377813651989 ) ) ;
#2114 = ORIENTED_EDGE ( 'NONE', *, *, #2870, .T. ) ;
#2115 = ORIENTED_EDGE ( 'NONE', *, *, #3424, .F. ) ;
#2116 = ADVANCED_FACE ( 'NONE', ( #971 ), #2086, .T. ) ;
#2117 = CARTESIAN_POINT ( 'NONE',  ( 19.85087176825845390, -34.49999994784597135, 53.99723507312019422 ) ) ;
#2118 = ORIENTED_EDGE ( 'NONE', *, *, #2048, .T. ) ;
#2119 = EDGE_CURVE ( 'NONE', #742, #674, #2066, .T. ) ;
#2120 = CARTESIAN_POINT ( 'NONE',  ( 3.491410442247166124, -33.64912302236874808, 45.85962196421537840 ) ) ;
#2121 = ORIENTED_EDGE ( 'NONE', *, *, #952, .F. ) ;
#2122 = CARTESIAN_POINT ( 'NONE',  ( 9.782877272036367700, -6.659561631569348883, 44.52694212287231323 ) ) ;
#2123 = CARTESIAN_POINT ( 'NONE',  ( -9.037121567729400340, 0.5485211521307939986, 37.00000000000000000 ) ) ;
#2124 = CARTESIAN_POINT ( 'NONE',  ( 19.56287843227060108, -114.4999999478460211, 39.00000000000000000 ) ) ;
#2125 = CARTESIAN_POINT ( 'NONE',  ( -0.02514631112222183787, -19.28840456994732477, 42.06773825077779350 ) ) ;
#2126 = CARTESIAN_POINT ( 'NONE',  ( 19.58140996394514488, -114.8222719858734280, -2.977042428205781022 ) ) ;
#2127 = CARTESIAN_POINT ( 'NONE',  ( 21.56287843227086753, -116.4999999478460069, -1.153819764727937569 ) ) ;
#2128 = CARTESIAN_POINT ( 'NONE',  ( -11.03712156772908770, -116.4999999478460069, -1.155084182785721225 ) ) ;
#2129 = DIRECTION ( 'NONE',  ( 1.000000000000000000, 0.000000000000000000, -1.603068372491023297E-12 ) ) ;
#2130 = CARTESIAN_POINT ( 'NONE',  ( -2.082159791550987293, -10.62919851510736891, 45.51721517761404812 ) ) ;
#2131 = EDGE_LOOP ( 'NONE', ( #2367, #2276, #2526, #2695, #1347, #2033, #3571 ) ) ;
#2132 = VERTEX_POINT ( 'NONE', #3171 ) ;
#2133 = VECTOR ( 'NONE', #1510, 1000.000000000000000 ) ;
#2134 = CARTESIAN_POINT ( 'NONE',  ( 18.06287843225927503, 10.00000005215379950, 6.799999999979386978 ) ) ;
#2135 = VERTEX_POINT ( 'NONE', #2661 ) ;
#2136 = EDGE_CURVE ( 'NONE', #3478, #2505, #19, .T. ) ;
#2137 = VECTOR ( 'NONE', #459, 1000.000000000000000 ) ;
#2138 = CIRCLE ( 'NONE', #133, 2.000000000000001332 ) ;
#2139 = EDGE_LOOP ( 'NONE', ( #2418, #2636, #2326, #1023, #3250, #896 ) ) ;
#2140 = CARTESIAN_POINT ( 'NONE',  ( 9.371941989523591587, -7.684431051148131075, 45.95451886754808157 ) ) ;
#2141 = EDGE_CURVE ( 'NONE', #3539, #2658, #1731, .T. ) ;
#2142 = CARTESIAN_POINT ( 'NONE',  ( 8.506069836809118101, -22.42121068897501956, 39.22323895981933362 ) ) ;
#2143 = CARTESIAN_POINT ( 'NONE',  ( 0.01991589069310153309, -19.58896351021675031, 41.44704576121337425 ) ) ;
#2144 = DIRECTION ( 'NONE',  ( -3.469446951953611033E-15, 0.000000000000000000, -1.000000000000000000 ) ) ;
#2145 = EDGE_CURVE ( 'NONE', #1425, #3558, #2593, .T. ) ;
#2146 = FACE_OUTER_BOUND ( 'NONE', #1700, .T. ) ;
#2147 = CARTESIAN_POINT ( 'NONE',  ( 6.992525973996939648, -116.2874933009426002, 44.30636315249043378 ) ) ;
#2148 = LINE ( 'NONE', #1268, #1050 ) ;
#2149 = ORIENTED_EDGE ( 'NONE', *, *, #1046, .F. ) ;
#2150 = ORIENTED_EDGE ( 'NONE', *, *, #2669, .F. ) ;
#2151 = CARTESIAN_POINT ( 'NONE',  ( -7.537121567707973036, -11.49999994784619872, 27.30000000002044658 ) ) ;
#2152 = VERTEX_POINT ( 'NONE', #130 ) ;
#2153 = EDGE_CURVE ( 'NONE', #960, #3029, #3013, .T. ) ;
#2154 = ORIENTED_EDGE ( 'NONE', *, *, #1393, .F. ) ;
#2155 = FACE_OUTER_BOUND ( 'NONE', #3425, .T. ) ;
#2156 = EDGE_CURVE ( 'NONE', #1809, #515, #322, .T. ) ;
#2157 = DIRECTION ( 'NONE',  ( 3.959199282646049916E-31, 1.000000000000000000, -3.164890935497105272E-29 ) ) ;
#2158 = DIRECTION ( 'NONE',  ( 0.000000000000000000, 0.000000000000000000, -1.000000000000000000 ) ) ;
#2159 = CARTESIAN_POINT ( 'NONE',  ( 15.56287843227046075, 10.00000005215379950, 13.74999999998341060 ) ) ;
#2160 = VECTOR ( 'NONE', #2887, 1000.000000000000000 ) ;
#2161 = DIRECTION ( 'NONE',  ( 4.857225732735062231E-15, 0.7071067811865482389, -0.7071067811865467956 ) ) ;
#2162 = CARTESIAN_POINT ( 'NONE',  ( 6.913948304021192648, -116.2270278781465436, 44.59958925807698904 ) ) ;
#2163 = CYLINDRICAL_SURFACE ( 'NONE', #1506, 15.11732520417430692 ) ;
#2164 = VERTEX_POINT ( 'NONE', #2241 ) ;
#2165 = ORIENTED_EDGE ( 'NONE', *, *, #760, .F. ) ;
#2166 = CIRCLE ( 'NONE', #103, 2.000000000000001332 ) ;
#2167 = CARTESIAN_POINT ( 'NONE',  ( 9.352887933373725815, -7.746023040738036158, 42.00437689794103591 ) ) ;
#2168 = VERTEX_POINT ( 'NONE', #2788 ) ;
#2169 = COORDINATED_UNIVERSAL_TIME_OFFSET ( 8, 0, .BEHIND. ) ;
#2170 = EDGE_LOOP ( 'NONE', ( #2784, #554, #198, #2545 ) ) ;
#2171 = CARTESIAN_POINT ( 'NONE',  ( -7.537121567739981209, -114.9999999478460069, 7.350000000020397550 ) ) ;
#2172 = CARTESIAN_POINT ( 'NONE',  ( 8.443065409995604398, -22.48498773370567605, 39.20392264842619312 ) ) ;
#2173 = DIRECTION ( 'NONE',  ( 1.000000000000000000, -1.959217102279369698E-16, -1.603068372491023297E-12 ) ) ;
#2174 = CARTESIAN_POINT ( 'NONE',  ( -9.037121567729400340, 10.00000005215379950, 37.00000000000000000 ) ) ;
#2175 = EDGE_CURVE ( 'NONE', #2981, #1829, #1919, .T. ) ;
#2176 = CARTESIAN_POINT ( 'NONE',  ( 3.146297908565713897, -114.5780767675472589, -8.762690335237600436 ) ) ;
#2177 = CARTESIAN_POINT ( 'NONE',  ( -3.342833519604327730, -10.07154880933271279, 42.01439557022881388 ) ) ;
#2178 = CARTESIAN_POINT ( 'NONE',  ( -8.716613492040369948, -116.4999999478460069, -0.5000000000002919887 ) ) ;
#2179 = EDGE_LOOP ( 'NONE', ( #3456, #1235, #177, #2030 ) ) ;
#2180 = ORIENTED_EDGE ( 'NONE', *, *, #600, .T. ) ;
#2181 = ADVANCED_FACE ( 'NONE', ( #1150 ), #591, .T. ) ;
#2182 = CARTESIAN_POINT ( 'NONE',  ( 9.812878432270549567, -11.19999994785599995, 44.00000000000000000 ) ) ;
#2183 = DIRECTION ( 'NONE',  ( -1.959217102279369698E-16, -1.000000000000000000, 3.144753976324933694E-28 ) ) ;
#2184 = ORIENTED_EDGE ( 'NONE', *, *, #2603, .F. ) ;
#2185 = COORDINATED_UNIVERSAL_TIME_OFFSET ( 8, 0, .BEHIND. ) ;
#2186 = ADVANCED_FACE ( 'NONE', ( #1420 ), #1114, .F. ) ;
#2187 = DIRECTION ( 'NONE',  ( 0.000000000000000000, -2.292547886235076363E-16, 1.000000000000000000 ) ) ;
#2188 = VECTOR ( 'NONE', #2190, 1000.000000000000000 ) ;
#2189 = ORIENTED_EDGE ( 'NONE', *, *, #184, .T. ) ;
#2190 = DIRECTION ( 'NONE',  ( -3.165304382199374329E-29, 1.000000000000000000, -3.995004816858373925E-31 ) ) ;
#2191 = AXIS2_PLACEMENT_3D ( 'NONE', #432, #398, #165 ) ;
#2192 = DIRECTION ( 'NONE',  ( -1.603068372491023297E-12, -3.995004817365800739E-31, -1.000000000000000000 ) ) ;
#2193 = DIRECTION ( 'NONE',  ( 0.000000000000000000, 0.000000000000000000, 1.000000000000000000 ) ) ;
#2194 = FACE_OUTER_BOUND ( 'NONE', #2179, .T. ) ;
#2195 = VECTOR ( 'NONE', #978, 1000.000000000000000 ) ;
#2196 = LINE ( 'NONE', #243, #2565 ) ;
#2197 = CARTESIAN_POINT ( 'NONE',  ( -3.206134689654517533, -7.442414859696134144, 42.22083499128249429 ) ) ;
#2198 = ADVANCED_FACE ( 'NONE', ( #2206 ), #3079, .F. ) ;
#2199 = FACE_OUTER_BOUND ( 'NONE', #2701, .T. ) ;
#2200 = EDGE_LOOP ( 'NONE', ( #1846, #1938, #1954, #3503 ) ) ;
#2201 = VERTEX_POINT ( 'NONE', #3010 ) ;
#2202 = CARTESIAN_POINT ( 'NONE',  ( 21.06287843226168732, 8.500000052153810159, 8.299999999974556175 ) ) ;
#2204 = DIRECTION ( 'NONE',  ( 9.355088397137460852E-31, -1.000000000000000000, -1.959217102279369698E-16 ) ) ;
#2203 = CARTESIAN_POINT ( 'NONE',  ( 1.037044077509571727, -21.32795155499469786, 39.70860368980911659 ) ) ;
#2205 = EDGE_CURVE ( 'NONE', #375, #2293, #2511, .T. ) ;
#2206 = FACE_OUTER_BOUND ( 'NONE', #3039, .T. ) ;
#2207 = EDGE_LOOP ( 'NONE', ( #3373, #3516, #792, #2165, #1915 ) ) ;
#2208 = CARTESIAN_POINT ( 'NONE',  ( 19.62432300124939744, 8.500000052153859897, 45.99972745446670785 ) ) ;
#2209 = ADVANCED_FACE ( 'NONE', ( #39 ), #3335, .F. ) ;
#2210 = ORIENTED_EDGE ( 'NONE', *, *, #1762, .F. ) ;
#2211 = CARTESIAN_POINT ( 'NONE',  ( 5.262878432270877482, -122.4999999478460069, -7.612710456145669546 ) ) ;
#2212 = CARTESIAN_POINT ( 'NONE',  ( 0.8285800485818860528, -10.96224555698346848, 42.97038610588188590 ) ) ;
#2213 = CARTESIAN_POINT ( 'NONE',  ( 5.262878432270531981, -32.49999994784597135, 43.99999999999999289 ) ) ;
#2214 = CARTESIAN_POINT ( 'NONE',  ( -9.037121567752240736, -114.9999999478460069, -0.3000000000001820655 ) ) ;
#2215 = CARTESIAN_POINT ( 'NONE',  ( 2.922432789815962995, -115.3546252507045011, -8.192621925085379786 ) ) ;
#2216 = FACE_OUTER_BOUND ( 'NONE', #983, .T. ) ;
#2217 = FACE_OUTER_BOUND ( 'NONE', #2765, .T. ) ;
#2218 = ORIENTED_EDGE ( 'NONE', *, *, #2156, .T. ) ;
#2219 = VECTOR ( 'NONE', #2269, 1000.000000000000000 ) ;
#2220 = ORIENTED_EDGE ( 'NONE', *, *, #3546, .F. ) ;
#2221 = CIRCLE ( 'NONE', #850, 1.749999999999999778 ) ;
#2222 = CARTESIAN_POINT ( 'NONE',  ( 9.371941722221370341, -10.11556801664587013, 42.04548057049181153 ) ) ;
#2223 = CARTESIAN_POINT ( 'NONE',  ( 21.47967182451264634, -116.4458604133640875, -1.620461642101416855 ) ) ;
#2224 = CARTESIAN_POINT ( 'NONE',  ( -6.287121567720883597, -28.99999994784619872, 19.25000000001843858 ) ) ;
#2225 = ORIENTED_EDGE ( 'NONE', *, *, #380, .F. ) ;
#2226 = VECTOR ( 'NONE', #1070, 1000.000000000000000 ) ;
#2227 = EDGE_CURVE ( 'NONE', #2474, #3132, #3317, .T. ) ;
#2228 = AXIS2_PLACEMENT_3D ( 'NONE', #552, #3553, #1094 ) ;
#2229 = ORIENTED_EDGE ( 'NONE', *, *, #3296, .T. ) ;
#2230 = CARTESIAN_POINT ( 'NONE',  ( 0.7738246458385495963, -11.07714482234064945, 44.74585573498524838 ) ) ;
#2231 = CARTESIAN_POINT ( 'NONE',  ( 1.230701301321862839, -9.820160107422912787, 41.89184396153076761 ) ) ;
#2232 = DIRECTION ( 'NONE',  ( -1.000000000000000000, -3.165304382199309869E-29, 1.603068372491023297E-12 ) ) ;
#2233 = FACE_OUTER_BOUND ( 'NONE', #1686, .T. ) ;
#2234 = CARTESIAN_POINT ( 'NONE',  ( -11.03712156772940034, 10.00000005215379950, 37.00000000000000000 ) ) ;
#2235 = CARTESIAN_POINT ( 'NONE',  ( -3.513732417945099940, -9.516877401394992830, 41.77939335913673347 ) ) ;
#2236 = DIRECTION ( 'NONE',  ( -1.603068372491023499E-12, -3.995004817365801615E-31, -1.000000000000000000 ) ) ;
#2237 = VERTEX_POINT ( 'NONE', #1900 ) ;
#2238 = ORIENTED_EDGE ( 'NONE', *, *, #2398, .T. ) ;
#2239 = B_SPLINE_CURVE_WITH_KNOTS ( 'NONE', 3,
 ( #1468, #2567, #106, #1201, #1502, #2044, #679, #2061, #2292, #3147, #2604, #141, #3165, #2808, #3405, #3131, #1750, #1435, #3514, #2362, #482, #1807, #3454, #1059, #1827, #2616, #210, #2130, #175, #3259, #3242, #3185, #713, #158 ),
 .UNSPECIFIED., .F., .F.,
 ( 4, 2, 2, 2, 2, 2, 2, 2, 2, 2, 2, 2, 2, 2, 2, 2, 4 ),
 ( 0.000000000000000000, 0.06249999999999940326, 0.09374999999999912570, 0.1249999999999988620, 0.1874999999999980016, 0.2187499999999975575, 0.2499999999999971134, 0.3749999999999973355, 0.4999999999999976685, 0.6249999999999978906, 0.6874999999999981126, 0.7187499999999984457, 0.7499999999999987788, 0.8749999999999983347, 0.9062499999999985567, 0.9374999999999987788, 1.000000000000000000 ),
 .UNSPECIFIED. ) ;
#2240 = CARTESIAN_POINT ( 'NONE',  ( 7.482691964705626475, -115.0147534156682383, -8.553687872437961914 ) ) ;
#2241 = CARTESIAN_POINT ( 'NONE',  ( -7.537121567723146676, -114.9999999478460069, 17.85000000002044729 ) ) ;
#2242 = ORIENTED_EDGE ( 'NONE', *, *, #1393, .T. ) ;
#2243 = CARTESIAN_POINT ( 'NONE',  ( -7.237121567740826933, -4.388673885524689844, 6.800000000019915447 ) ) ;
#2244 = ORIENTED_EDGE ( 'NONE', *, *, #540, .F. ) ;
#2245 = EDGE_CURVE ( 'NONE', #1453, #2281, #1030, .T. ) ;
#2246 = CARTESIAN_POINT ( 'NONE',  ( 0.9167546751280828410, -10.76414099013056180, 45.34711892779181852 ) ) ;
#2247 = AXIS2_PLACEMENT_3D ( 'NONE', #2963, #2408, #1049 ) ;
#2248 = DIRECTION ( 'NONE',  ( 1.000000000000000000, -1.959217102279369698E-16, -1.603068372491023297E-12 ) ) ;
#2249 = EDGE_CURVE ( 'NONE', #60, #3478, #650, .T. ) ;
#2250 = DIRECTION ( 'NONE',  ( 0.000000000000000000, 0.000000000000000000, 1.000000000000000000 ) ) ;
#2251 = CIRCLE ( 'NONE', #1850, 1.750000000000000666 ) ;
#2252 = CARTESIAN_POINT ( 'NONE',  ( 5.262878432270531981, -34.49999994784597135, 46.75000000000000000 ) ) ;
#2253 = CARTESIAN_POINT ( 'NONE',  ( 5.262878432270550633, 10.00000005215329857, 44.00000000000000000 ) ) ;
#2254 = EDGE_CURVE ( 'NONE', #60, #408, #612, .T. ) ;
#2255 = CARTESIAN_POINT ( 'NONE',  ( 9.646282344874590464, -10.85070156889167414, 45.22163489574513306 ) ) ;
#2256 = EDGE_LOOP ( 'NONE', ( #1179, #3096, #1092, #1288 ) ) ;
#2257 = TOROIDAL_SURFACE ( 'NONE', #3128, 0.7500000000000084377, 2.000000000000000000 ) ;
#2258 = CARTESIAN_POINT ( 'NONE',  ( 19.15910915017244420, -114.9632613562321808, 38.96170665910296549 ) ) ;
#2259 = CARTESIAN_POINT ( 'NONE',  ( -9.098566136708308605, -17.64999994784669823, 45.99972745446670785 ) ) ;
#2260 = VERTEX_POINT ( 'NONE', #1632 ) ;
#2261 = EDGE_LOOP ( 'NONE', ( #3282, #162, #2400, #1117, #899, #2751 ) ) ;
#2262 = DIRECTION ( 'NONE',  ( -9.355088397137460852E-31, 1.000000000000000000, 1.959217102279369945E-16 ) ) ;
#2263 = ORIENTED_EDGE ( 'NONE', *, *, #138, .T. ) ;
#2264 = CARTESIAN_POINT ( 'NONE',  ( 0.7428812647127994717, -11.14043640241017563, 44.52695693592855974 ) ) ;
#2265 = EDGE_CURVE ( 'NONE', #2045, #1489, #2730, .T. ) ;
#2266 = CARTESIAN_POINT ( 'NONE',  ( 0.9741973490207707087, -10.62906188188938827, 42.47613558028933056 ) ) ;
#2267 = DIRECTION ( 'NONE',  ( -1.000000000000000000, 1.959217102279369945E-16, 1.609882366304660195E-12 ) ) ;
#2268 = EDGE_CURVE ( 'NONE', #2845, #26, #2476, .T. ) ;
#2269 = DIRECTION ( 'NONE',  ( -1.000000000000000000, 1.959217102279369698E-16, 1.603068372491023297E-12 ) ) ;
#2270 = DIRECTION ( 'NONE',  ( 5.279050934211309632E-19, -1.000000000000000000, -1.921304537145050016E-16 ) ) ;
#2271 = LINE ( 'NONE', #3107, #478 ) ;
#2272 = VERTEX_POINT ( 'NONE', #1405 ) ;
#2273 = CARTESIAN_POINT ( 'NONE',  ( 7.640439201172310568, -116.1820408345703726, -7.131553342627652725 ) ) ;
#2274 = LINE ( 'NONE', #1785, #3327 ) ;
#2275 = CARTESIAN_POINT ( 'NONE',  ( 12.79866443860088410, -11.15905556319105862, 44.44467725378074618 ) ) ;
#2276 = ORIENTED_EDGE ( 'NONE', *, *, #3427, .T. ) ;
#2277 = EDGE_LOOP ( 'NONE', ( #1977, #951, #2727, #358, #3046, #810 ) ) ;
#2278 = AXIS2_PLACEMENT_3D ( 'NONE', #2818, #387, #420 ) ;
#2279 = AXIS2_PLACEMENT_3D ( 'NONE', #1727, #115, #65 ) ;
#2280 = VECTOR ( 'NONE', #1265, 999.9999999999998863 ) ;
#2281 = VERTEX_POINT ( 'NONE', #2750 ) ;
#2282 = DIRECTION ( 'NONE',  ( -2.775557561562989959E-17, 1.000000000000000000, 1.959217102279369698E-16 ) ) ;
#2283 = VECTOR ( 'NONE', #2826, 1000.000000000000000 ) ;
#2284 = CARTESIAN_POINT ( 'NONE',  ( 1.063038390922328436, -7.408251239727253967, 42.24956923494765704 ) ) ;
#2285 = CARTESIAN_POINT ( 'NONE',  ( 7.176117578573524725, -34.32338181812423983, 45.97535211267607735 ) ) ;
#2286 = CARTESIAN_POINT ( 'NONE',  ( -8.716613492040350408, -114.4999999478460069, -3.000000000000250022 ) ) ;
#2287 = CARTESIAN_POINT ( 'NONE',  ( 9.781836766200260769, -11.14043826414287608, 44.60458202680419504 ) ) ;
#2288 = ORIENTED_EDGE ( 'NONE', *, *, #1175, .F. ) ;
#2289 = EDGE_CURVE ( 'NONE', #806, #773, #2493, .T. ) ;
#2290 = CARTESIAN_POINT ( 'NONE',  ( 19.51318298294500764, -114.5814780690961925, 38.99942349381355911 ) ) ;
#2291 = CARTESIAN_POINT ( 'NONE',  ( 13.92058863985359274, -7.862973273282427122, 41.94107143373146585 ) ) ;
#2292 = CARTESIAN_POINT ( 'NONE',  ( -2.041500638623079400, -7.350914348608406534, 45.70313569437018231 ) ) ;
#2293 = VERTEX_POINT ( 'NONE', #1487 ) ;
#2294 = EDGE_LOOP ( 'NONE', ( #2438, #2380, #75, #556, #2031, #1151, #1472, #1328 ) ) ;
#2295 = ADVANCED_FACE ( 'NONE', ( #695 ), #1989, .T. ) ;
#2296 = ORIENTED_EDGE ( 'NONE', *, *, #207, .T. ) ;
#2297 = DIRECTION ( 'NONE',  ( -1.000000000000000000, 1.959217102279369698E-16, 1.603068372491023297E-12 ) ) ;
#2298 = CARTESIAN_POINT ( 'NONE',  ( -7.506814499832283438, -33.85317003184667328, 38.99999999999988631 ) ) ;
#2299 = DIRECTION ( 'NONE',  ( 1.000000000000000000, -3.599519737876700206E-31, 6.612135081886870379E-15 ) ) ;
#2300 = VECTOR ( 'NONE', #2282, 1000.000000000000000 ) ;
#2301 = CARTESIAN_POINT ( 'NONE',  ( 7.712878432270559692, -18.89999994784669823, 44.00000000000000000 ) ) ;
#2302 = FACE_OUTER_BOUND ( 'NONE', #2139, .T. ) ;
#2303 = LINE ( 'NONE', #3126, #1455 ) ;
#2304 = ORIENTED_EDGE ( 'NONE', *, *, #2136, .F. ) ;
#2305 = EDGE_CURVE ( 'NONE', #2772, #404, #71, .T. ) ;
#2306 = VECTOR ( 'NONE', #546, 1000.000000000000000 ) ;
#2307 = CARTESIAN_POINT ( 'NONE',  ( 7.416253127935758194, -114.8404037848785748, -8.693453349241401895 ) ) ;
#2308 = DIRECTION ( 'NONE',  ( 1.000000000000000000, -1.959217102279369698E-16, -1.602749865885598077E-12 ) ) ;
#2309 = DIRECTION ( 'NONE',  ( -1.000000000000000000, 1.959217102279369698E-16, 1.602852795204688366E-12 ) ) ;
#2310 = EDGE_LOOP ( 'NONE', ( #3294, #3267, #1323, #1126 ) ) ;
#2311 = ORIENTED_EDGE ( 'NONE', *, *, #3494, .F. ) ;
#2312 = EDGE_CURVE ( 'NONE', #2734, #341, #626, .T. ) ;
#2313 = ORIENTED_EDGE ( 'NONE', *, *, #2531, .F. ) ;
#2314 = CARTESIAN_POINT ( 'NONE',  ( 7.176117578573507849, -114.6235799755751401, 45.97535211267609156 ) ) ;
#2315 = EDGE_CURVE ( 'NONE', #2101, #2825, #1218, .T. ) ;
#2316 = CARTESIAN_POINT ( 'NONE',  ( -8.451313755558199858, -34.19860310913484369, 38.99999999999988631 ) ) ;
#2317 = CARTESIAN_POINT ( 'NONE',  ( -8.214481802579969738, -115.4030404527257190, 38.83608962622577820 ) ) ;
#2318 = CARTESIAN_POINT ( 'NONE',  ( 4.225454030583878584, -115.7894615035974084, 46.55375052903509925 ) ) ;
#2319 = CARTESIAN_POINT ( 'NONE',  ( 18.06287843226506951, -114.9999999478460069, 10.39999999997940527 ) ) ;
#2320 = PLANE ( 'NONE',  #651 ) ;
#2321 = ORIENTED_EDGE ( 'NONE', *, *, #3173, .T. ) ;
#2322 = CARTESIAN_POINT ( 'NONE',  ( 1.253557485474859234, -8.085433010031509937, 46.15129382915108636 ) ) ;
#2323 = CARTESIAN_POINT ( 'NONE',  ( 20.91455567094413226, -116.0424319748250070, -2.358476840767019578 ) ) ;
#2324 = DIRECTION ( 'NONE',  ( -1.603068372491023297E-12, 0.000000000000000000, -1.000000000000000000 ) ) ;
#2325 = EDGE_LOOP ( 'NONE', ( #248, #3022, #3476, #52 ) ) ;
#2326 = ORIENTED_EDGE ( 'NONE', *, *, #1419, .F. ) ;
#2327 = ORIENTED_EDGE ( 'NONE', *, *, #1369, .F. ) ;
#2328 = CARTESIAN_POINT ( 'NONE',  ( 6.789557558016339200, -115.3146501803759065, 46.29310204456162836 ) ) ;
#2329 = CIRCLE ( 'NONE', #156, 14.99999999999999289 ) ;
#2330 = EDGE_CURVE ( 'NONE', #2863, #3090, #2481, .T. ) ;
#2331 = VECTOR ( 'NONE', #168, 1000.000000000000000 ) ;
#2332 = CARTESIAN_POINT ( 'NONE',  ( 21.56287843227080003, 8.500000052153820818, 3.199999999999950440 ) ) ;
#2333 = CARTESIAN_POINT ( 'NONE',  ( 9.610093822596939006, -7.032028974546220113, 45.34474534007149060 ) ) ;
#2334 = VECTOR ( 'NONE', #369, 1000.000000000000000 ) ;
#2335 = CARTESIAN_POINT ( 'NONE',  ( -0.5121215677208936778, -114.9999999478460069, 19.25000000000918376 ) ) ;
#2336 = LINE ( 'NONE', #2908, #3266 ) ;
#2337 = CARTESIAN_POINT ( 'NONE',  ( -9.037121567729400340, -116.4999999478460069, 37.00000000000000000 ) ) ;
#2338 = LINE ( 'NONE', #3451, #1911 ) ;
#2339 = DIRECTION ( 'NONE',  ( 0.000000000000000000, 0.000000000000000000, -1.000000000000000000 ) ) ;
#2340 = CARTESIAN_POINT ( 'NONE',  ( 10.55239289335360731, -19.24567488127133785, 42.17247315583426825 ) ) ;
#2341 = DIRECTION ( 'NONE',  ( -1.602749865885598077E-12, 0.000000000000000000, -1.000000000000000000 ) ) ;
#2342 = EDGE_LOOP ( 'NONE', ( #142, #796, #1370, #2047 ) ) ;
#2343 = ORIENTED_EDGE ( 'NONE', *, *, #3009, .T. ) ;
#2344 = LINE ( 'NONE', #985, #220 ) ;
#2345 = DIRECTION ( 'NONE',  ( 1.000000000000000000, 0.000000000000000000, 6.813993813636899845E-15 ) ) ;
#2346 = ORIENTED_EDGE ( 'NONE', *, *, #1568, .F. ) ;
#2347 = DIRECTION ( 'NONE',  ( 2.775557561562989959E-17, -1.000000000000000000, -1.959217102279369698E-16 ) ) ;
#2348 = ADVANCED_FACE ( 'NONE', ( #1716 ), #762, .F. ) ;
#2349 = DIRECTION ( 'NONE',  ( 1.609882366304660195E-12, 3.995004817367950856E-31, 1.000000000000000000 ) ) ;
#2350 = CARTESIAN_POINT ( 'NONE',  ( -8.012929825196408729, -115.6109122300238710, 38.73493118202733854 ) ) ;
#2351 = ADVANCED_FACE ( 'NONE', ( #3368 ), #895, .T. ) ;
#2352 = CARTESIAN_POINT ( 'NONE',  ( 4.261697389026533500, -116.2643364355240294, 45.44324183245356608 ) ) ;
#2353 = MANIFOLD_SOLID_BREP ( 'Cut-Extrude10', #728 ) ;
#2354 = DIRECTION ( 'NONE',  ( 9.355088397137441584E-31, -1.000000000000000000, -1.959217102279369698E-16 ) ) ;
#2355 = B_SPLINE_CURVE_WITH_KNOTS ( 'NONE', 3,
 ( #2684, #3016, #279, #1889, #3287, #2172, #2142, #2757, #1333, #544, #2998, #524, #1871, #2703, #1908, #1638, #3033, #2466, #2983, #2737, #2721, #1856, #507, #560 ),
 .UNSPECIFIED., .F., .F.,
 ( 4, 2, 2, 2, 2, 1, 1, 2, 2, 2, 2, 1, 1, 4 ),
 ( 0.000000000000000000, 0.1409912044994266478, 0.2114868067491391945, 0.2467346078739955373, 0.2511405830146021256, 0.2555465581552087695, 0.2643585084364207805, 0.2819824089988449689, 0.4229736134982350904, 0.4934692157479314556, 0.5022811660291419678, 0.5110931163103524799, 0.5287170168727747255, 0.5639648179976187725 ),
 .UNSPECIFIED. ) ;
#2356 = PLANE ( 'NONE',  #3098 ) ;
#2357 = CARTESIAN_POINT ( 'NONE',  ( 20.50816382418229011, -115.6911053835137153, -2.655934140708162250 ) ) ;
#2358 = AXIS2_PLACEMENT_3D ( 'NONE', #3426, #1793, #2921 ) ;
#2359 = PLANE ( 'NONE',  #3565 ) ;
#2360 = DIRECTION ( 'NONE',  ( -1.000000000000000000, 1.959217102279369698E-16, 1.609882366304660195E-12 ) ) ;
#2361 = CARTESIAN_POINT ( 'NONE',  ( 6.002851405611713709, -116.3339724726498332, 45.59303291172867034 ) ) ;
#2362 = CARTESIAN_POINT ( 'NONE',  ( -1.912287344497294539, -9.629746535649983841, 46.18355702137236563 ) ) ;
#2363 = ORIENTED_EDGE ( 'NONE', *, *, #1945, .F. ) ;
#2364 = ORIENTED_EDGE ( 'NONE', *, *, #1720, .F. ) ;
#2365 = AXIS2_PLACEMENT_3D ( 'NONE', #2587, #946, #2877 ) ;
#2366 = CARTESIAN_POINT ( 'NONE',  ( 12.56725750315829870, -10.44908554708662685, 45.70313569439529999 ) ) ;
#2367 = ORIENTED_EDGE ( 'NONE', *, *, #3320, .T. ) ;
#2368 = AXIS2_PLACEMENT_3D ( 'NONE', #188, #3485, #1782 ) ;
#2369 = CARTESIAN_POINT ( 'NONE',  ( 8.262878432271241635, -11.19999994785599995, 44.00000000000000000 ) ) ;
#2370 = CARTESIAN_POINT ( 'NONE',  ( 19.56287843227060108, -116.4999999478460069, 37.00000000000000000 ) ) ;
#2371 = LINE ( 'NONE', #1013, #1532 ) ;
#2372 = CARTESIAN_POINT ( 'NONE',  ( -9.037121567729215599, -116.4999999478460069, 28.29999999999995097 ) ) ;
#2373 = CARTESIAN_POINT ( 'NONE',  ( -11.03712156772929909, 10.00000005215379950, 25.00000000000000000 ) ) ;
#2374 = FACE_BOUND ( 'NONE', #2769, .T. ) ;
#2375 = ADVANCED_FACE ( 'NONE', ( #3094, #2528 ), #340, .F. ) ;
#2376 = LINE ( 'NONE', #1337, #2627 ) ;
#2377 = DIRECTION ( 'NONE',  ( -1.000000000000000000, 1.959217102279369698E-16, 1.603068372491023297E-12 ) ) ;
#2378 = CARTESIAN_POINT ( 'NONE',  ( 13.92044632753465905, -9.937597521227999664, 41.94126995475703268 ) ) ;
#2379 = DIRECTION ( 'NONE',  ( -0.9904444530330244190, 0.000000000000000000, -0.1379122382390808865 ) ) ;
#2380 = ORIENTED_EDGE ( 'NONE', *, *, #2491, .T. ) ;
#2381 = ORIENTED_EDGE ( 'NONE', *, *, #424, .F. ) ;
#2382 = CARTESIAN_POINT ( 'NONE',  ( -9.537121567729329286, -116.4999999478460069, 28.29999999999999716 ) ) ;
#2383 = ORIENTED_EDGE ( 'NONE', *, *, #18, .T. ) ;
#2384 = CARTESIAN_POINT ( 'NONE',  ( -7.537121567755426632, 10.00000005215379950, -2.299999999979603249 ) ) ;
#2385 = VECTOR ( 'NONE', #1373, 1000.000000000000000 ) ;
#2386 = ORIENTED_EDGE ( 'NONE', *, *, #1830, .F. ) ;
#2387 = DIRECTION ( 'NONE',  ( 0.6546536707079826378, 0.000000000000000000, -0.7559289460184496212 ) ) ;
#2388 = VECTOR ( 'NONE', #2018, 1000.000000000000000 ) ;
#2389 = CARTESIAN_POINT ( 'NONE',  ( 3.553578153726789868, -32.72958278898740758, 44.38816515399972218 ) ) ;
#2390 = CARTESIAN_POINT ( 'NONE',  ( 5.262878432270550633, -4.899999947846710668, 44.00000000000000000 ) ) ;
#2391 = CARTESIAN_POINT ( 'NONE',  ( -0.01665005731229819708, -19.42876555142300532, 41.73668460073360365 ) ) ;
#2392 = CARTESIAN_POINT ( 'NONE',  ( 19.24237035658210004, -114.4999999478460069, -3.000000000000059952 ) ) ;
#2393 = VECTOR ( 'NONE', #1745, 1000.000000000000000 ) ;
#2394 = VECTOR ( 'NONE', #1955, 1000.000000000000000 ) ;
#2395 = CARTESIAN_POINT ( 'NONE',  ( 1.740967240970283880, -22.13106843407971525, 39.32336511514729693 ) ) ;
#2396 = CARTESIAN_POINT ( 'NONE',  ( 1.207925827918633122, -7.876211748906499999, 46.06496092001546572 ) ) ;
#2397 = CARTESIAN_POINT ( 'NONE',  ( 5.861760008764592023, -116.3727295507256514, 45.65121507708174420 ) ) ;
#2398 = EDGE_CURVE ( 'NONE', #2168, #3059, #660, .T. ) ;
#2399 = CARTESIAN_POINT ( 'NONE',  ( -1.319932821992228833, -32.49999994784597135, 39.00000000000001421 ) ) ;
#2400 = ORIENTED_EDGE ( 'NONE', *, *, #1457, .F. ) ;
#2401 = ORIENTED_EDGE ( 'NONE', *, *, #2268, .T. ) ;
#2402 = CARTESIAN_POINT ( 'NONE',  ( 12.67802506639515059, -10.90661386493421148, 45.12904517969501228 ) ) ;
#2403 = EDGE_CURVE ( 'NONE', #3059, #2045, #144, .T. ) ;
#2404 = ORIENTED_EDGE ( 'NONE', *, *, #3494, .T. ) ;
#2405 = EDGE_CURVE ( 'NONE', #90, #246, #2239, .T. ) ;
#2406 = B_SPLINE_CURVE_WITH_KNOTS ( 'NONE', 3,
 ( #763, #490, #1295, #995, #3234, #2389, #472, #688, #2907, #434, #1244, #2409 ),
 .UNSPECIFIED., .F., .F.,
 ( 4, 2, 2, 2, 2, 4 ),
 ( 0.001724302991966037346, 0.002333552180887583580, 0.002942801369809130031, 0.003247425964269913014, 0.003552050558730696431, 0.004161299747652281479 ),
 .UNSPECIFIED. ) ;
#2407 = ORIENTED_EDGE ( 'NONE', *, *, #807, .T. ) ;
#2408 = DIRECTION ( 'NONE',  ( 1.603068372491023297E-12, 3.995004817365800739E-31, 1.000000000000000000 ) ) ;
#2409 = CARTESIAN_POINT ( 'NONE',  ( 4.122159458623062989, -32.76794914027708927, 45.32712479562422203 ) ) ;
#2410 = CARTESIAN_POINT ( 'NONE',  ( 19.85087176825845390, -116.4999999478460211, 53.99723507312018000 ) ) ;
#2411 = CARTESIAN_POINT ( 'NONE',  ( 5.262878432270550633, -17.64999994784669823, 44.00000000000000000 ) ) ;
#2412 = FACE_OUTER_BOUND ( 'NONE', #146, .T. ) ;
#2413 = CARTESIAN_POINT ( 'NONE',  ( -2.165454965477140004, -16.39999994784669823, 45.03434178679309952 ) ) ;
#2414 = CARTESIAN_POINT ( 'NONE',  ( -10.36123834358169482, -116.0204172294508425, -2.382902272235691843 ) ) ;
#2415 = CARTESIAN_POINT ( 'NONE',  ( 13.49913248801114563, -10.73806499031103101, 42.60841061096088112 ) ) ;
#2416 = CARTESIAN_POINT ( 'NONE',  ( 21.56287843227059753, 10.00000005215379950, 37.00000000000000000 ) ) ;
#2417 = ORIENTED_EDGE ( 'NONE', *, *, #727, .F. ) ;
#2418 = ORIENTED_EDGE ( 'NONE', *, *, #1562, .F. ) ;
#2419 = EDGE_CURVE ( 'NONE', #623, #2152, #2251, .T. ) ;
#2420 = CIRCLE ( 'NONE', #701, 1.750000000000001554 ) ;
#2421 = CARTESIAN_POINT ( 'NONE',  ( 12.53524826812965998, -10.28824021590213711, 45.83401929051604640 ) ) ;
#2422 = VERTEX_POINT ( 'NONE', #1040 ) ;
#2423 = PERSON_AND_ORGANIZATION ( #2969, #3174 ) ;
#2424 = CC_DESIGN_APPROVAL ( #271, ( #2077 ) ) ;
#2425 = AXIS2_PLACEMENT_3D ( 'NONE', #3299, #2460, #3045 ) ;
#2426 = EDGE_CURVE ( 'NONE', #1096, #3478, #1286, .T. ) ;
#2427 = CIRCLE ( 'NONE', #882, 15.11732520417430692 ) ;
#2428 = ORIENTED_EDGE ( 'NONE', *, *, #2227, .F. ) ;
#2429 = FACE_OUTER_BOUND ( 'NONE', #1166, .T. ) ;
#2430 = CARTESIAN_POINT ( 'NONE',  ( -5.037121567709733405, 10.00000005215379950, 26.20000000001644125 ) ) ;
#2431 = DIRECTION ( 'NONE',  ( -1.603068372491023297E-12, -3.995004817365800739E-31, -1.000000000000000000 ) ) ;
#2432 = DIRECTION ( 'NONE',  ( -9.355088397137460852E-31, 1.000000000000000000, 1.959217102279369698E-16 ) ) ;
#2433 = DIRECTION ( 'NONE',  ( -1.959217102279369698E-16, -1.000000000000000000, 3.144753976324933694E-28 ) ) ;
#2434 = CARTESIAN_POINT ( 'NONE',  ( -10.37160744065865003, -116.0290132116573574, -2.373804345506174585 ) ) ;
#2435 = CARTESIAN_POINT ( 'NONE',  ( 5.570911381580515354, -116.4397792714265307, 45.72924436549189409 ) ) ;
#2436 = DIRECTION ( 'NONE',  ( 9.695610183446549272E-17, -1.000000000000000000, -8.396644724052568724E-17 ) ) ;
#2437 = ORIENTED_EDGE ( 'NONE', *, *, #1813, .T. ) ;
#2438 = ORIENTED_EDGE ( 'NONE', *, *, #11, .F. ) ;
#2439 = CYLINDRICAL_SURFACE ( 'NONE', #2228, 14.99999999999998579 ) ;
#2440 = CARTESIAN_POINT ( 'NONE',  ( 0.7128784322705490339, -6.599999947856220572, 44.00000000000000000 ) ) ;
#2441 = ORIENTED_EDGE ( 'NONE', *, *, #1222, .F. ) ;
#2442 = ORIENTED_EDGE ( 'NONE', *, *, #2509, .T. ) ;
#2443 = EDGE_CURVE ( 'NONE', #290, #246, #1862, .T. ) ;
#2444 = LINE ( 'NONE', #2997, #2885 ) ;
#2445 = LINE ( 'NONE', #1119, #2385 ) ;
#2446 = DIRECTION ( 'NONE',  ( -0.7071067811865506814, 0.000000000000000000, 0.7071067811865445751 ) ) ;
#2447 = ADVANCED_FACE ( 'NONE', ( #2973 ), #20, .F. ) ;
#2448 = CARTESIAN_POINT ( 'NONE',  ( -2.165454965477140004, 10.00000005215329857, 45.03434178679309952 ) ) ;
#2449 = VECTOR ( 'NONE', #1698, 1000.000000000000000 ) ;
#2450 = CIRCLE ( 'NONE', #2054, 2.408810253138427893 ) ;
#2451 = CARTESIAN_POINT ( 'NONE',  ( -8.716613492040369948, 10.00000005215379950, -0.5000000000002620126 ) ) ;
#2452 = CARTESIAN_POINT ( 'NONE',  ( -3.562136988436675367, -9.208525075688108075, 41.71609116871515965 ) ) ;
#2453 = DIRECTION ( 'NONE',  ( 9.355088397137460852E-31, -1.000000000000000000, -1.959217102279369698E-16 ) ) ;
#2454 = ORIENTED_EDGE ( 'NONE', *, *, #2733, .F. ) ;
#2455 = ORIENTED_EDGE ( 'NONE', *, *, #2405, .T. ) ;
#2456 = AXIS2_PLACEMENT_3D ( 'NONE', #645, #1471, #2570 ) ;
#2457 = CARTESIAN_POINT ( 'NONE',  ( 9.470080317064953235, -10.41595366724770599, 42.26349952622690154 ) ) ;
#2459 = CARTESIAN_POINT ( 'NONE',  ( -9.325114903717384607, -114.4999999478460211, 53.99723507312018711 ) ) ;
#2458 = CARTESIAN_POINT ( 'NONE',  ( 0.5056715998708706250, -20.60830954380701741, 40.22062470634024578 ) ) ;
#2460 = DIRECTION ( 'NONE',  ( -9.355088397137460852E-31, 1.000000000000000000, 1.959217102279369698E-16 ) ) ;
#2461 = ORIENTED_EDGE ( 'NONE', *, *, #76, .T. ) ;
#2462 = CALENDAR_DATE ( 2026, 30, 8 ) ;
#2463 = ORIENTED_EDGE ( 'NONE', *, *, #1678, .T. ) ;
#2464 = CARTESIAN_POINT ( 'NONE',  ( 16.18787843227271850, 10.00000005215379950, 15.14999999998241442 ) ) ;
#2465 = EDGE_CURVE ( 'NONE', #2479, #1408, #1322, .T. ) ;
#2466 = CARTESIAN_POINT ( 'NONE',  ( 9.893758574454471599, -20.78398525104685390, 40.08964498797653420 ) ) ;
#2467 = CARTESIAN_POINT ( 'NONE',  ( 5.262878432270531981, -34.49999994784597135, 43.99999999999999289 ) ) ;
#2468 = CARTESIAN_POINT ( 'NONE',  ( 5.262878432270531981, -34.49999994784597135, 43.99999999999999289 ) ) ;
#2469 = ADVANCED_FACE ( 'NONE', ( #3530 ), #1595, .T. ) ;
#2470 = CARTESIAN_POINT ( 'NONE',  ( 17.56859675562461476, -116.4999999478460069, 37.15113104973523406 ) ) ;
#2471 = CARTESIAN_POINT ( 'NONE',  ( 4.122159458623062989, -32.76794914027708927, 45.32712479562422203 ) ) ;
#2472 = DIRECTION ( 'NONE',  ( 0.6546536707079826378, 0.000000000000000000, -0.7559289460184496212 ) ) ;
#2473 = ORIENTED_EDGE ( 'NONE', *, *, #1590, .F. ) ;
#2474 = VERTEX_POINT ( 'NONE', #2953 ) ;
#2475 = DIRECTION ( 'NONE',  ( 4.489872526057620357E-15, 0.000000000000000000, -1.000000000000000000 ) ) ;
#2476 = LINE ( 'NONE', #1095, #1677 ) ;
#2477 = ORIENTED_EDGE ( 'NONE', *, *, #145, .F. ) ;
#2478 = AXIS2_PLACEMENT_3D ( 'NONE', #3459, #1755, #127 ) ;
#2479 = VERTEX_POINT ( 'NONE', #2672 ) ;
#2480 = CARTESIAN_POINT ( 'NONE',  ( 9.353651313119785371, -7.747741637932047176, 45.99238200593558190 ) ) ;
#2481 = CIRCLE ( 'NONE', #2365, 1.750000000000001554 ) ;
#2482 = AXIS2_PLACEMENT_3D ( 'NONE', #1746, #1695, #2525 ) ;
#2483 = DIRECTION ( 'NONE',  ( 1.000000000000000000, 9.595023292451579945E-31, -1.224646799147353207E-16 ) ) ;
#2484 = CARTESIAN_POINT ( 'NONE',  ( 18.82010054975228286, -34.13984587911193813, 39.00000000000005684 ) ) ;
#2485 = CARTESIAN_POINT ( 'NONE',  ( -9.037121567729419880, -32.49999994784597135, 39.00000000000001421 ) ) ;
#2486 = DIRECTION ( 'NONE',  ( -0.7071067811865506814, 0.000000000000000000, 0.7071067811865445751 ) ) ;
#2487 = CARTESIAN_POINT ( 'NONE',  ( -8.951617135207740716, -16.40074762259499863, 38.99999999999970157 ) ) ;
#2488 = CARTESIAN_POINT ( 'NONE',  ( -7.537121567738431338, 10.00000005215379950, 8.300000000020396840 ) ) ;
#2489 = VERTEX_POINT ( 'NONE', #2113 ) ;
#2490 = VERTEX_POINT ( 'NONE', #2416 ) ;
#2491 = EDGE_CURVE ( 'NONE', #2201, #3539, #1518, .T. ) ;
#2492 = CARTESIAN_POINT ( 'NONE',  ( 9.258067223878390095, -8.157858288475061670, 41.82257340269132584 ) ) ;
#2493 = LINE ( 'NONE', #1956, #878 ) ;
#2494 = ORIENTED_EDGE ( 'NONE', *, *, #297, .F. ) ;
#2495 = EDGE_CURVE ( 'NONE', #2898, #866, #3223, .T. ) ;
#2496 = DIRECTION ( 'NONE',  ( -0.9904444530330244190, 0.000000000000000000, -0.1379122382390811363 ) ) ;
#2497 = EDGE_LOOP ( 'NONE', ( #2229, #1387, #984, #1313, #832 ) ) ;
#2498 = CARTESIAN_POINT ( 'NONE',  ( 0.8612131219068500654, -10.89181523672921337, 45.15969205475439452 ) ) ;
#2499 = CARTESIAN_POINT ( 'NONE',  ( 1.222589985650438527, -9.855035656655278586, 41.90741465941395205 ) ) ;
#2500 = DIRECTION ( 'NONE',  ( 0.000000000000000000, 0.000000000000000000, -1.000000000000000000 ) ) ;
#2501 = CARTESIAN_POINT ( 'NONE',  ( 0.7128784326202153299, -11.19999994718425462, 43.99999999999995737 ) ) ;
#2502 = CARTESIAN_POINT ( 'NONE',  ( 5.262878432270531981, -116.4999999478460211, 42.24999999999997158 ) ) ;
#2503 = CARTESIAN_POINT ( 'NONE',  ( -3.130206700732775627, -10.49560139365169675, 42.34154391566149656 ) ) ;
#2504 = PLANE ( 'NONE',  #534 ) ;
#2505 = VERTEX_POINT ( 'NONE', #2399 ) ;
#2506 = AXIS2_PLACEMENT_3D ( 'NONE', #2089, #723, #1034 ) ;
#2507 = EDGE_LOOP ( 'NONE', ( #2189, #212, #2916, #2994, #774, #2813, #1721, #897 ) ) ;
#2508 = CIRCLE ( 'NONE', #2278, 1.750000000000001554 ) ;
#2509 = EDGE_CURVE ( 'NONE', #1628, #1253, #2148, .T. ) ;
#2510 = CARTESIAN_POINT ( 'NONE',  ( 9.781836930224127258, -6.659561631569347107, 43.39541879666980151 ) ) ;
#2511 = LINE ( 'NONE', #1363, #2541 ) ;
#2512 = ORIENTED_EDGE ( 'NONE', *, *, #1156, .T. ) ;
#2513 = AXIS2_PLACEMENT_3D ( 'NONE', #620, #3431, #3159 ) ;
#2514 = DIRECTION ( 'NONE',  ( -5.279050934211309632E-19, 1.000000000000000000, 1.997129667413689873E-16 ) ) ;
#2515 = EDGE_CURVE ( 'NONE', #3134, #1041, #1844, .T. ) ;
#2516 = ORIENTED_EDGE ( 'NONE', *, *, #582, .F. ) ;
#2517 = LINE ( 'NONE', #3394, #3119 ) ;
#2518 = ADVANCED_FACE ( 'NONE', ( #2653 ), #982, .T. ) ;
#2519 =( BOUNDED_CURVE ( )  B_SPLINE_CURVE ( 2, ( #820, #2781, #3310, #315 ),
 .UNSPECIFIED., .F., .F. ) 
 B_SPLINE_CURVE_WITH_KNOTS ( ( 3, 1, 3 ),
 ( 5.409244676396530060, 5.421326237056700137, 8.557254003448591106 ),
 .UNSPECIFIED. ) 
 CURVE ( )  GEOMETRIC_REPRESENTATION_ITEM ( )  RATIONAL_B_SPLINE_CURVE ( ( 5.307031342425710285, 5.310751544480379671, 6.278830737568870113, 6.915249222721799427 ) ) 
 REPRESENTATION_ITEM ( '' )  );
#2520 = CARTESIAN_POINT ( 'NONE',  ( 0.7722071604647431364, -6.719206670867202469, 43.25384803415236235 ) ) ;
#2521 = DIRECTION ( 'NONE',  ( -1.000000000000000000, -3.165304382199374329E-29, -6.813993813636899845E-15 ) ) ;
#2522 = B_SPLINE_CURVE_WITH_KNOTS ( 'NONE', 3,
 ( #1414, #3329, #1969, #1355, #2524, #1662, #1626, #2503, #50, #1378, #3275, #1144, #1089, #2177, #2725, #32, #2235, #2452, #874, #602, #803, #3075, #335, #66, #1106, #1894, #3002, #2197, #3568, #922, #100, #2056, #402, #116, #958, #2581, #907 ),
 .UNSPECIFIED., .F., .F.,
 ( 4, 2, 2, 2, 2, 2, 2, 2, 2, 1, 2, 2, 2, 2, 2, 2, 2, 2, 4 ),
 ( 0.1250717020244486721, 0.2344377392713944408, 0.2891207578948672419, 0.3438037765183401540, 0.3711452858300759994, 0.3848160404859438111, 0.3984867951418116783, 0.4531698137652818703, 0.5078528323887521179, 0.5625358510122222544, 0.6172188696356925020, 0.6719018882591625275, 0.7265849068826328860, 0.7402556615385014194, 0.7539264161943699527, 0.7812679255061059092, 0.8359509441295793764, 0.8906339627530528436, 1.000000000000000000 ),
 .UNSPECIFIED. ) ;
#2523 = CARTESIAN_POINT ( 'NONE',  ( -10.29486750098976167, -115.9652037417944541, -2.440380821228429031 ) ) ;
#2524 = CARTESIAN_POINT ( 'NONE',  ( -2.844629013687711705, -10.89856535978626439, 42.85214830404228792 ) ) ;
#2525 = DIRECTION ( 'NONE',  ( 0.9904444530330247520, 0.000000000000000000, -0.1379122382390792767 ) ) ;
#2526 = ORIENTED_EDGE ( 'NONE', *, *, #2964, .T. ) ;
#2527 = CARTESIAN_POINT ( 'NONE',  ( 17.97463221196239047, -116.1688611462574272, 38.24811991230713204 ) ) ;
#2528 = FACE_OUTER_BOUND ( 'NONE', #337, .T. ) ;
#2529 = VERTEX_POINT ( 'NONE', #2096 ) ;
#2530 = ORIENTED_EDGE ( 'NONE', *, *, #1222, .T. ) ;
#2531 = EDGE_CURVE ( 'NONE', #1204, #2898, #3202, .T. ) ;
#2532 = LINE ( 'NONE', #343, #2283 ) ;
#2533 = B_SPLINE_CURVE_WITH_KNOTS ( 'NONE', 3,
 ( #2070, #745, #1014, #2929, #1764, #976, #689, #2318, #3507, #435, #1494, #2646, #2106, #3176 ),
 .UNSPECIFIED., .F., .F.,
 ( 4, 2, 2, 2, 2, 2, 4 ),
 ( 0.000000000000000000, 0.0003659370078382001850, 0.0007318740156764003699, 0.001463748031352800740, 0.002195622047029199917, 0.002561559054867389856, 0.002927496062705579362 ),
 .UNSPECIFIED. ) ;
#2534 = EDGE_LOOP ( 'NONE', ( #499, #2591, #2917, #1712, #1254, #758, #1767, #2874 ) ) ;
#2535 = CARTESIAN_POINT ( 'NONE',  ( 0.7128784322705491450, -11.20000234176245257, 44.15324627950406011 ) ) ;
#2536 = EDGE_CURVE ( 'NONE', #2489, #102, #859, .T. ) ;
#2537 = VECTOR ( 'NONE', #2034, 1000.000000000000000 ) ;
#2538 = CARTESIAN_POINT ( 'NONE',  ( 1.206379972669353373, -7.878366231440988798, 41.93901921325040405 ) ) ;
#2539 = CARTESIAN_POINT ( 'NONE',  ( 6.518479914920476403, -32.85501037986712447, 45.42722216459321061 ) ) ;
#2540 = ADVANCED_FACE ( 'NONE', ( #316 ), #34, .T. ) ;
#2541 = VECTOR ( 'NONE', #880, 1000.000000000000000 ) ;
#2542 = DIRECTION ( 'NONE',  ( 3.995004817367950856E-31, 1.000000000000000000, -3.165304382199309869E-29 ) ) ;
#2543 = CARTESIAN_POINT ( 'NONE',  ( -7.537121567738441996, -4.388673885524689844, 8.300000000020396840 ) ) ;
#2544 = CARTESIAN_POINT ( 'NONE',  ( 6.680837269401517453, -32.80880191717416494, 45.03069956396864626 ) ) ;
#2545 = ORIENTED_EDGE ( 'NONE', *, *, #3068, .T. ) ;
#2546 = AXIS2_PLACEMENT_3D ( 'NONE', #3000, #1660, #3289 ) ;
#2547 = CARTESIAN_POINT ( 'NONE',  ( 7.330459393037981108, -114.5795293513785538, -8.848621377813651989 ) ) ;
#2548 = CARTESIAN_POINT ( 'NONE',  ( 13.86883586533345714, -7.729196394935204495, 42.01404561914029046 ) ) ;
#2549 = CARTESIAN_POINT ( 'NONE',  ( 5.262878432270664320, -114.9999999478460069, 13.99999999999992006 ) ) ;
#2550 = ORIENTED_EDGE ( 'NONE', *, *, #760, .T. ) ;
#2551 = ORIENTED_EDGE ( 'NONE', *, *, #164, .F. ) ;
#2552 = PRODUCT_RELATED_PRODUCT_CATEGORY ( 'detail', '', ( #2014 ) ) ;
#2553 = ORIENTED_EDGE ( 'NONE', *, *, #3359, .T. ) ;
#2554 = DIRECTION ( 'NONE',  ( 3.959199282646049916E-31, 1.000000000000000000, -3.164890935497105272E-29 ) ) ;
#2555 = ADVANCED_FACE ( 'NONE', ( #3038 ), #1611, .T. ) ;
#2556 = CARTESIAN_POINT ( 'NONE',  ( 1.067601833143824841, -7.421177091991073560, 42.23865599858887521 ) ) ;
#2557 = CARTESIAN_POINT ( 'NONE',  ( -7.537121567755426632, 10.00000005215379950, -2.299999999979603249 ) ) ;
#2558 = CARTESIAN_POINT ( 'NONE',  ( -7.537121567740835637, 10.00000005215379950, 6.800000000020397728 ) ) ;
#2559 = CARTESIAN_POINT ( 'NONE',  ( 15.56287843229197598, 10.00000005215379950, 27.29999999998342020 ) ) ;
#2560 = CARTESIAN_POINT ( 'NONE',  ( 9.222638806101505438, -9.423477341980543542, 46.24122397620610769 ) ) ;
#2561 = ORIENTED_EDGE ( 'NONE', *, *, #829, .T. ) ;
#2562 = VECTOR ( 'NONE', #1316, 1000.000000000000000 ) ;
#2563 = EDGE_CURVE ( 'NONE', #60, #3080, #3550, .T. ) ;
#2564 = LINE ( 'NONE', #1973, #3435 ) ;
#2565 = VECTOR ( 'NONE', #2708, 1000.000000000000000 ) ;
#2566 = CARTESIAN_POINT ( 'NONE',  ( 14.03953041338289509, -8.283519083935310334, 41.77933909143962410 ) ) ;
#2567 = CARTESIAN_POINT ( 'NONE',  ( -2.152268201853510199, -6.893386030779997675, 45.12904517969890605 ) ) ;
#2568 = VERTEX_POINT ( 'NONE', #3330 ) ;
#2569 = ORIENTED_EDGE ( 'NONE', *, *, #1515, .F. ) ;
#2570 = DIRECTION ( 'NONE',  ( -1.000000000000000000, 0.000000000000000000, -6.476300976980080082E-15 ) ) ;
#2571 = VECTOR ( 'NONE', #2090, 1000.000000000000000 ) ;
#2572 = EDGE_LOOP ( 'NONE', ( #2407, #211, #447, #2810, #1718, #3225, #126 ) ) ;
#2573 = CARTESIAN_POINT ( 'NONE',  ( 1.112474412818226011, -10.24593393425972820, 45.86461306235260338 ) ) ;
#2574 = AXIS2_PLACEMENT_3D ( 'NONE', #2208, #1407, #2496 ) ;
#2575 = CARTESIAN_POINT ( 'NONE',  ( 11.45698784027629813, -20.07939681743079774, 38.99999999999992184 ) ) ;
#2576 = DIRECTION ( 'NONE',  ( 9.355088397137460852E-31, -1.000000000000000000, -1.959217102279369698E-16 ) ) ;
#2577 = ADVANCED_BREP_SHAPE_REPRESENTATION ( 'penetrolyzer_main', ( #2353, #1271 ), #2771 ) ;
#2578 = ADVANCED_FACE ( 'NONE', ( #1340 ), #2726, .F. ) ;
#2579 = DESIGN_CONTEXT ( 'detailed design', #25, 'design' ) ;
#2580 = CARTESIAN_POINT ( 'NONE',  ( -10.03303891454608987, -115.7374440420229007, -2.625428541767918844 ) ) ;
#2581 = CARTESIAN_POINT ( 'NONE',  ( -2.481318047047503583, -6.599999947856217020, 43.69460698818664923 ) ) ;
#2582 = CARTESIAN_POINT ( 'NONE',  ( 20.75818933940911393, -115.9110874439112848, -2.489668363576431176 ) ) ;
#2583 = ORIENTED_EDGE ( 'NONE', *, *, #2205, .T. ) ;
#2584 = EDGE_CURVE ( 'NONE', #1223, #291, #1895, .T. ) ;
#2585 = CARTESIAN_POINT ( 'NONE',  ( 7.330459393037980220, -114.4999999478460069, -8.848621377813651989 ) ) ;
#2586 = DIRECTION ( 'NONE',  ( 3.906496303164600132E-31, 1.000000000000000000, -3.165845295199385078E-29 ) ) ;
#2587 = CARTESIAN_POINT ( 'NONE',  ( 5.262878432270531981, -32.76794914027709638, 43.99999999999999289 ) ) ;
#2588 = ORIENTED_EDGE ( 'NONE', *, *, #3445, .F. ) ;
#2589 = ORIENTED_EDGE ( 'NONE', *, *, #2515, .F. ) ;
#2590 = ADVANCED_FACE ( 'NONE', ( #3057 ), #2163, .F. ) ;
#2591 = ORIENTED_EDGE ( 'NONE', *, *, #993, .F. ) ;
#2592 = FACE_OUTER_BOUND ( 'NONE', #3077, .T. ) ;
#2593 = LINE ( 'NONE', #1492, #3244 ) ;
#2594 = CARTESIAN_POINT ( 'NONE',  ( 9.552179476368117150, -7.171371384520375258, 45.51923692804172106 ) ) ;
#2595 = CARTESIAN_POINT ( 'NONE',  ( 5.262878432270550633, -13.89999994784670001, 44.00000000000000000 ) ) ;
#2596 = CARTESIAN_POINT ( 'NONE',  ( 18.06287843226651901, 10.00000005215379950, 11.29999999997941451 ) ) ;
#2597 = CARTESIAN_POINT ( 'NONE',  ( 9.272199379066096370, -9.714566885695296250, 46.15129382915136347 ) ) ;
#2598 = ORIENTED_EDGE ( 'NONE', *, *, #829, .F. ) ;
#2599 = AXIS2_PLACEMENT_3D ( 'NONE', #498, #2935, #2379 ) ;
#2600 = CIRCLE ( 'NONE', #1169, 1.750000000000001554 ) ;
#2601 = CARTESIAN_POINT ( 'NONE',  ( -10.45133513010250148, 10.00000005215379950, 38.41421356237308515 ) ) ;
#2602 = PLANE ( 'NONE',  #2864 ) ;
#2603 = EDGE_CURVE ( 'NONE', #110, #3409, #1124, .T. ) ;
#2604 = CARTESIAN_POINT ( 'NONE',  ( -2.009491403593122172, -7.511759679797714639, 45.83401929049801993 ) ) ;
#2605 = ORIENTED_EDGE ( 'NONE', *, *, #2035, .F. ) ;
#2606 = VERTEX_POINT ( 'NONE', #567 ) ;
#2607 = EDGE_LOOP ( 'NONE', ( #924, #3332, #1436, #2454 ) ) ;
#2608 = CARTESIAN_POINT ( 'NONE',  ( -9.037121567729423433, -34.47849172922213512, 39.00000000000000711 ) ) ;
#2609 = CARTESIAN_POINT ( 'NONE',  ( 18.06287843226651901, 10.00000005215379950, 11.29999999997941451 ) ) ;
#2610 = DIRECTION ( 'NONE',  ( -0.7071067811865506814, 0.000000000000000000, 0.7071067811865445751 ) ) ;
#2611 = FACE_OUTER_BOUND ( 'NONE', #3515, .T. ) ;
#2612 = DIRECTION ( 'NONE',  ( 1.603068372491023297E-12, 3.995004817365800739E-31, 1.000000000000000000 ) ) ;
#2613 = FACE_OUTER_BOUND ( 'NONE', #2728, .T. ) ;
#2614 = CARTESIAN_POINT ( 'NONE',  ( 13.16287843226168697, -11.49999994784619872, 8.299999999987274890 ) ) ;
#2615 = CARTESIAN_POINT ( 'NONE',  ( -2.137121567729329819, -116.4999999478460069, 28.29999999999999716 ) ) ;
#2616 = CARTESIAN_POINT ( 'NONE',  ( -2.008717215792819477, -10.29423318076568883, 45.84045190695853478 ) ) ;
#2617 = EDGE_LOOP ( 'NONE', ( #789, #3264, #521, #1115, #1465, #1792, #1310, #1503, #2939, #2959, #2719, #2569, #805 ) ) ;
#2618 = VERTEX_POINT ( 'NONE', #2488 ) ;
#2619 = ADVANCED_FACE ( 'NONE', ( #2199 ), #2504, .F. ) ;
#2620 = CARTESIAN_POINT ( 'NONE',  ( 12.69121183001820086, -6.845702727857680081, 45.03434178679309952 ) ) ;
#2621 = VERTEX_POINT ( 'NONE', #549 ) ;
#2622 = VECTOR ( 'NONE', #222, 1000.000000000000000 ) ;
#2623 = ADVANCED_FACE ( 'NONE', ( #2217 ), #2764, .T. ) ;
#2624 = VECTOR ( 'NONE', #299, 1000.000000000000000 ) ;
#2625 = CARTESIAN_POINT ( 'NONE',  ( -8.915234027387104021, -34.39233469265113285, 38.99999999999986500 ) ) ;
#2626 = DIRECTION ( 'NONE',  ( -1.000000000000000000, 1.959217102279369698E-16, 1.603068372491023297E-12 ) ) ;
#2627 = VECTOR ( 'NONE', #2433, 1000.000000000000000 ) ;
#2628 = ADVANCED_FACE ( 'NONE', ( #285 ), #1738, .T. ) ;
#2629 = CARTESIAN_POINT ( 'NONE',  ( 5.262878432270539086, -116.4852899446984793, 45.74999999998661337 ) ) ;
#2630 = CARTESIAN_POINT ( 'NONE',  ( -7.537121567740835637, 8.500000052153820818, 6.800000000020397728 ) ) ;
#2631 = CARTESIAN_POINT ( 'NONE',  ( 19.60143029870548048, -114.8415039428116415, -2.974169514158587102 ) ) ;
#2632 = CARTESIAN_POINT ( 'NONE',  ( -7.537121567720893367, -10.24999994784620050, 19.25000000002044231 ) ) ;
#2633 = LINE ( 'NONE', #1860, #3210 ) ;
#2634 = CARTESIAN_POINT ( 'NONE',  ( 16.81287843227046253, -28.99999994784619872, 13.74999999998140687 ) ) ;
#2635 = DIRECTION ( 'NONE',  ( 9.355088397137460852E-31, -1.000000000000000000, -1.959217102279369698E-16 ) ) ;
#2636 = ORIENTED_EDGE ( 'NONE', *, *, #2890, .F. ) ;
#2637 = VERTEX_POINT ( 'NONE', #1929 ) ;
#2638 = CARTESIAN_POINT ( 'NONE',  ( 7.176117578573524725, -32.49999994784597135, 45.97535211267607025 ) ) ;
#2639 = EDGE_LOOP ( 'NONE', ( #1602, #323 ) ) ;
#2640 = EDGE_CURVE ( 'NONE', #1539, #2490, #1379, .T. ) ;
#2641 = DIRECTION ( 'NONE',  ( 1.824176510940380801E-15, 0.000000000000000000, -1.000000000000000000 ) ) ;
#2642 = CARTESIAN_POINT ( 'NONE',  ( -8.969805693275457514, -34.42360388940081606, 38.99999999999986500 ) ) ;
#2643 = EDGE_CURVE ( 'NONE', #3204, #90, #2812, .T. ) ;
#2644 = CARTESIAN_POINT ( 'NONE',  ( -8.922830593566921209, -114.6535718392996728, 38.99690542644396629 ) ) ;
#2645 = DIRECTION ( 'NONE',  ( 3.995004817367950856E-31, 1.000000000000000000, -3.165304382199309869E-29 ) ) ;
#2646 = CARTESIAN_POINT ( 'NONE',  ( 5.033553397474042512, -116.2826408208661348, 46.74262432894300900 ) ) ;
#2647 = DIRECTION ( 'NONE',  ( 0.000000000000000000, 0.000000000000000000, 1.000000000000000000 ) ) ;
#2648 = FACE_BOUND ( 'NONE', #1290, .T. ) ;
#2649 = VECTOR ( 'NONE', #1705, 1000.000000000000000 ) ;
#2650 = DIRECTION ( 'NONE',  ( 1.603068372491023297E-12, 3.995004817365800739E-31, 1.000000000000000000 ) ) ;
#2651 = CARTESIAN_POINT ( 'NONE',  ( 0.8296643351201342664, -6.840266814913733562, 45.02649802954626068 ) ) ;
#2652 = CARTESIAN_POINT ( 'NONE',  ( -2.165454965477140004, -16.39999994784669823, 45.03434178679309952 ) ) ;
#2653 = FACE_OUTER_BOUND ( 'NONE', #1386, .T. ) ;
#2654 = ORIENTED_EDGE ( 'NONE', *, *, #1515, .T. ) ;
#2655 = ORIENTED_EDGE ( 'NONE', *, *, #3173, .F. ) ;
#2656 = VECTOR ( 'NONE', #1165, 1000.000000000000000 ) ;
#2657 = LINE ( 'NONE', #1009, #3041 ) ;
#2658 = VERTEX_POINT ( 'NONE', #3004 ) ;
#2659 =( NAMED_UNIT ( * ) PLANE_ANGLE_UNIT ( ) SI_UNIT ( $, .RADIAN. ) );
#2660 = VECTOR ( 'NONE', #261, 1000.000000000000000 ) ;
#2661 = CARTESIAN_POINT ( 'NONE',  ( 7.176117578573524725, -34.49999994784597135, 45.97535211267607025 ) ) ;
#2662 = VERTEX_POINT ( 'NONE', #1627 ) ;
#2663 = CARTESIAN_POINT ( 'NONE',  ( -8.527107555460512245, -115.0754191958684061, 38.93697600190970576 ) ) ;
#2664 = EDGE_CURVE ( 'NONE', #26, #102, #2427, .T. ) ;
#2665 = CARTESIAN_POINT ( 'NONE',  ( 3.672186014779701413, -116.2041396549472410, 44.74558360084387942 ) ) ;
#2666 = LINE ( 'NONE', #1799, #2160 ) ;
#2667 = CARTESIAN_POINT ( 'NONE',  ( -0.02546333896852343709, -19.28186573333845644, 42.08343962118735249 ) ) ;
#2668 = PLANE ( 'NONE',  #1055 ) ;
#2669 = EDGE_CURVE ( 'NONE', #2878, #1425, #2303, .T. ) ;
#2670 = CARTESIAN_POINT ( 'NONE',  ( 1.303118058439167060, -8.376522553778269042, 46.24122397620531189 ) ) ;
#2671 = CARTESIAN_POINT ( 'NONE',  ( 6.994099822523619281, -116.4327096443987983, 43.70223438998977628 ) ) ;
#2672 = CARTESIAN_POINT ( 'NONE',  ( -7.237121567738421746, -11.49999994784619872, 8.300000000020014923 ) ) ;
#2673 = EDGE_LOOP ( 'NONE', ( #715, #2789, #2242, #68, #1098, #1186, #1110 ) ) ;
#2674 = B_SPLINE_CURVE_WITH_KNOTS ( 'NONE', 3,
 ( #221, #1569, #1261, #1511, #203, #2352, #3194, #3523, #2088, #2665, #1279, #3465, #2886, #418, #1583, #2683, #3506, #1818 ),
 .UNSPECIFIED., .F., .F.,
 ( 4, 2, 2, 2, 2, 2, 2, 2, 4 ),
 ( 0.0002577242249798251624, 0.0007196264525732736818, 0.001181528680166722255, 0.001643430907760170612, 0.002105333135353619402, 0.002567235362947067542, 0.003029137590540516116, 0.003491039818133964689, 0.003952942045727413263 ),
 .UNSPECIFIED. ) ;
#2675 = VERTEX_POINT ( 'NONE', #2856 ) ;
#2676 = CARTESIAN_POINT ( 'NONE',  ( 12.43804420903912344, -8.170253360045718338, 46.18355702136999952 ) ) ;
#2677 = EDGE_LOOP ( 'NONE', ( #137, #2225, #661, #568, #3336, #697, #2824 ) ) ;
#2678 = PERSON_AND_ORGANIZATION_ROLE ( 'design_supplier' ) ;
#2679 = AXIS2_PLACEMENT_3D ( 'NONE', #2875, #405, #1732 ) ;
#2680 = EDGE_LOOP ( 'NONE', ( #2327, #3321, #1828, #3231, #1990, #1447, #2516, #2716 ) ) ;
#2681 = CYLINDRICAL_SURFACE ( 'NONE', #355, 2.500000000000000444 ) ;
#2682 = VECTOR ( 'NONE', #3387, 1000.000000000000000 ) ;
#2683 = CARTESIAN_POINT ( 'NONE',  ( 3.609295928749895133, -116.4837783722142461, 43.40719091154470988 ) ) ;
#2684 = CARTESIAN_POINT ( 'NONE',  ( 6.925747665284240462, -23.89999994784669823, 39.00000000000000000 ) ) ;
#2685 = CARTESIAN_POINT ( 'NONE',  ( 0.3398090794812040905, -20.31791360521994605, 40.51154959886410012 ) ) ;
#2686 = DIRECTION ( 'NONE',  ( 9.355088397137460852E-31, -1.000000000000000000, -1.959217102279369698E-16 ) ) ;
#2687 = AXIS2_PLACEMENT_3D ( 'NONE', #479, #1876, #3182 ) ;
#2688 = ADVANCED_FACE ( 'NONE', ( #3142 ), #3417, .T. ) ;
#2689 = CIRCLE ( 'NONE', #2456, 7.500000000000000000 ) ;
#2690 = FACE_OUTER_BOUND ( 'NONE', #326, .T. ) ;
#2691 = CARTESIAN_POINT ( 'NONE',  ( -10.75262918376539467, -116.3216140342245950, -1.950797470681419288 ) ) ;
#2692 = CARTESIAN_POINT ( 'NONE',  ( 6.264864292472596574, -116.2641270611257625, 45.44268437126117277 ) ) ;
#2693 = DIRECTION ( 'NONE',  ( 3.995004817367950856E-31, 1.000000000000000000, -3.165304382199309869E-29 ) ) ;
#2694 = VERTEX_POINT ( 'NONE', #1766 ) ;
#2695 = ORIENTED_EDGE ( 'NONE', *, *, #62, .T. ) ;
#2696 = EDGE_CURVE ( 'NONE', #3090, #1364, #2760, .T. ) ;
#2697 = CARTESIAN_POINT ( 'NONE',  ( 12.61599022768804090, -7.136940405370046925, 45.47766066344442493 ) ) ;
#2698 = CARTESIAN_POINT ( 'NONE',  ( 0.6908297583504243722, -20.88114304028824719, 39.99842982357487386 ) ) ;
#2699 = ORIENTED_EDGE ( 'NONE', *, *, #1723, .F. ) ;
#2700 = EDGE_CURVE ( 'NONE', #214, #143, #1399, .T. ) ;
#2701 = EDGE_LOOP ( 'NONE', ( #2731, #1832, #3203, #2897 ) ) ;
#2702 = LINE ( 'NONE', #2720, #523 ) ;
#2703 = CARTESIAN_POINT ( 'NONE',  ( 9.100147247965290731, -21.79423052713125131, 39.45179732568142583 ) ) ;
#2704 = CARTESIAN_POINT ( 'NONE',  ( 7.176117578573524725, -114.4999999478460211, 45.97535211267605604 ) ) ;
#2705 = DIRECTION ( 'NONE',  ( -1.832864918100701093E-46, 1.959217102279369698E-16, -1.000000000000000000 ) ) ;
#2706 = CARTESIAN_POINT ( 'NONE',  ( 21.56287843227086753, -116.4999999478460069, -1.246369095643416358 ) ) ;
#2707 = B_SPLINE_CURVE_WITH_KNOTS ( 'NONE', 3,
 ( #2629, #1262, #3217, #1245 ),
 .UNSPECIFIED., .F., .F.,
 ( 4, 4 ),
 ( 0.0004670082068536205344, 0.001471653230105196683 ),
 .UNSPECIFIED. ) ;
#2708 = DIRECTION ( 'NONE',  ( 9.695610183446549272E-17, -1.000000000000000000, -8.396644724052568724E-17 ) ) ;
#2709 = CARTESIAN_POINT ( 'NONE',  ( 13.86861730244979007, -10.07147161826054393, 42.01435623023784416 ) ) ;
#2710 = DIRECTION ( 'NONE',  ( 0.000000000000000000, -1.000000000000000000, 0.000000000000000000 ) ) ;
#2711 = ORIENTED_EDGE ( 'NONE', *, *, #1259, .F. ) ;
#2712 = EDGE_LOOP ( 'NONE', ( #1555, #2862, #2304, #1061, #40 ) ) ;
#2713 = EDGE_CURVE ( 'NONE', #3401, #1108, #2271, .T. ) ;
#2714 = VECTOR ( 'NONE', #1906, 1000.000000000000000 ) ;
#2715 = CARTESIAN_POINT ( 'NONE',  ( 9.188796593869465568, -9.203635994018011246, 41.70007248038458414 ) ) ;
#2716 = ORIENTED_EDGE ( 'NONE', *, *, #249, .F. ) ;
#2717 = VECTOR ( 'NONE', #514, 1000.000000000000000 ) ;
#2718 = AXIS2_PLACEMENT_3D ( 'NONE', #599, #1158, #1965 ) ;
#2719 = ORIENTED_EDGE ( 'NONE', *, *, #2003, .T. ) ;
#2720 = CARTESIAN_POINT ( 'NONE',  ( -5.037121567729697880, 8.500000052153820818, 13.75000000001643308 ) ) ;
#2721 = CARTESIAN_POINT ( 'NONE',  ( 9.969572043728103239, -20.67209075976910526, 40.18097524235363238 ) ) ;
#2722 = CARTESIAN_POINT ( 'NONE',  ( 19.44157252070637298, -34.39262163104864101, 39.00000000000007105 ) ) ;
#2723 = CARTESIAN_POINT ( 'NONE',  ( -9.037121567729215599, -116.4999999478460069, -0.3000000000002798761 ) ) ;
#2724 = CARTESIAN_POINT ( 'NONE',  ( 3.234816881038213854, -116.4823311000993300, -6.304374818127286950 ) ) ;
#2725 = CARTESIAN_POINT ( 'NONE',  ( -3.394658800731749970, -9.937683207486195158, 41.94131292081338813 ) ) ;
#2726 = CYLINDRICAL_SURFACE ( 'NONE', #1620, 2.299999999999890576 ) ;
#2727 = ORIENTED_EDGE ( 'NONE', *, *, #801, .F. ) ;
#2728 = EDGE_LOOP ( 'NONE', ( #1183, #2956, #1848, #1881, #1504, #2058, #2512, #2149, #500, #576, #1416, #1203, #1772, #411, #643, #776 ) ) ;
#2729 = CARTESIAN_POINT ( 'NONE',  ( 9.664409217267360575, -10.89214622640264629, 42.84003729936534910 ) ) ;
#2730 = LINE ( 'NONE', #305, #1274 ) ;
#2731 = ORIENTED_EDGE ( 'NONE', *, *, #181, .T. ) ;
#2732 = CALENDAR_DATE ( 2026, 30, 8 ) ;
#2733 = EDGE_CURVE ( 'NONE', #519, #461, #191, .T. ) ;
#2734 = VERTEX_POINT ( 'NONE', #2040 ) ;
#2735 = CARTESIAN_POINT ( 'NONE',  ( 12.91603781740009893, -6.599999947856220572, 44.00000000000000000 ) ) ;
#2736 = EDGE_CURVE ( 'NONE', #3455, #2168, #833, .T. ) ;
#2737 = CARTESIAN_POINT ( 'NONE',  ( 9.930681539881332398, -20.72986431731921897, 40.13336515230391655 ) ) ;
#2738 = CARTESIAN_POINT ( 'NONE',  ( 14.49878489965946038, -32.80035539484089924, 39.00000000000002842 ) ) ;
#2739 = DIRECTION ( 'NONE',  ( -1.000000000000000000, -3.165304382199309869E-29, 1.603068372491023297E-12 ) ) ;
#2740 = EDGE_CURVE ( 'NONE', #1628, #2845, #307, .T. ) ;
#2741 = AXIS2_PLACEMENT_3D ( 'NONE', #3129, #606, #1748 ) ;
#2742 = CIRCLE ( 'NONE', #3211, 15.13358553068783863 ) ;
#2743 = CARTESIAN_POINT ( 'NONE',  ( 7.712878432270559692, -23.89999994784669823, 44.00000000000000000 ) ) ;
#2744 = CARTESIAN_POINT ( 'NONE',  ( 18.06287843227046253, -10.24999994784620050, 13.74999999997940314 ) ) ;
#2745 = CARTESIAN_POINT ( 'NONE',  ( 19.24237035658210004, -116.4999999478460069, -0.5000000000001010303 ) ) ;
#2746 = ORIENTED_EDGE ( 'NONE', *, *, #2074, .F. ) ;
#2747 = ORIENTED_EDGE ( 'NONE', *, *, #3469, .T. ) ;
#2748 = VECTOR ( 'NONE', #1007, 1000.000000000000000 ) ;
#2749 = DIRECTION ( 'NONE',  ( -9.355088397137460852E-31, 1.000000000000000000, 1.959217102279369698E-16 ) ) ;
#2750 = CARTESIAN_POINT ( 'NONE',  ( -7.537121567720873827, 10.00000005215379950, 19.25000000002044231 ) ) ;
#2751 = ORIENTED_EDGE ( 'NONE', *, *, #510, .T. ) ;
#2752 = PERSON_AND_ORGANIZATION_ROLE ( 'creator' ) ;
#2753 = CARTESIAN_POINT ( 'NONE',  ( 5.262878432270550633, 10.00000005215329857, 44.00000000000000000 ) ) ;
#2754 = ORIENTED_EDGE ( 'NONE', *, *, #249, .T. ) ;
#2755 = LINE ( 'NONE', #2464, #1672 ) ;
#2756 = EDGE_CURVE ( 'NONE', #1669, #60, #2085, .T. ) ;
#2757 = CARTESIAN_POINT ( 'NONE',  ( 8.574113101701396289, -22.35132692733857951, 39.24587773653493628 ) ) ;
#2758 = CARTESIAN_POINT ( 'NONE',  ( 17.08045948474213915, -33.52459444537202415, 39.00000000000004974 ) ) ;
#2759 = CARTESIAN_POINT ( 'NONE',  ( 18.06287843224945533, 8.500000052153810159, 0.6999999999793837802 ) ) ;
#2760 = B_SPLINE_CURVE_WITH_KNOTS ( 'NONE', 3,
 ( #3381, #1970, #1464, #2544, #84, #656, #1711, #673, #351, #3076, #2838, #603, #622, #1178 ),
 .UNSPECIFIED., .F., .F.,
 ( 4, 2, 2, 2, 2, 2, 4 ),
 ( 0.0009752918603770924710, 0.001279689588304374487, 0.001584087316231656828, 0.001888485044158938735, 0.002192882772086221076, 0.002801678227940769712, 0.003410473683795318348 ),
 .UNSPECIFIED. ) ;
#2761 = EDGE_CURVE ( 'NONE', #1920, #592, #2091, .T. ) ;
#2762 = CARTESIAN_POINT ( 'NONE',  ( -10.68304697992517838, -116.2732260596918223, -2.046477259726109388 ) ) ;
#2763 = DIRECTION ( 'NONE',  ( 4.322097740253710386E-31, 1.000000000000000000, -3.165304382199309869E-29 ) ) ;
#2764 = CYLINDRICAL_SURFACE ( 'NONE', #2775, 2.500000000000001776 ) ;
#2765 = EDGE_LOOP ( 'NONE', ( #627, #734, #2401, #2363 ) ) ;
#2766 = VERTEX_POINT ( 'NONE', #998 ) ;
#2767 = CARTESIAN_POINT ( 'NONE',  ( 9.812878432270553120, -6.599999947856220572, 43.69344522106939621 ) ) ;
#2768 = CARTESIAN_POINT ( 'NONE',  ( 3.438287135654949367, -33.81302793978507282, 45.90306937392866615 ) ) ;
#2769 = EDGE_LOOP ( 'NONE', ( #3169, #3352, #3438, #3393 ) ) ;
#2770 = CARTESIAN_POINT ( 'NONE',  ( -7.537121567750616258, 8.500000052153820818, 0.7000000000203996375 ) ) ;
#2771 =( GEOMETRIC_REPRESENTATION_CONTEXT ( 3 ) GLOBAL_UNCERTAINTY_ASSIGNED_CONTEXT ( ( #956 ) ) GLOBAL_UNIT_ASSIGNED_CONTEXT ( ( #3443, #2659, #180 ) ) REPRESENTATION_CONTEXT ( 'NONE', 'WORKASPACE' ) );
#2772 = VERTEX_POINT ( 'NONE', #1514 ) ;
#2773 = CARTESIAN_POINT ( 'NONE',  ( 1.273732585753262869, -9.607574820763010948, 46.18846512690950590 ) ) ;
#2774 = VECTOR ( 'NONE', #2782, 1000.000000000000000 ) ;
#2775 = AXIS2_PLACEMENT_3D ( 'NONE', #2745, #2989, #2472 ) ;
#2776 = CARTESIAN_POINT ( 'NONE',  ( 1.222750776308177523, -7.945427989657273926, 41.90710963506782605 ) ) ;
#2777 = CARTESIAN_POINT ( 'NONE',  ( 11.84568968653330323, -32.49999994784597135, 39.00000000000001421 ) ) ;
#2778 = CARTESIAN_POINT ( 'NONE',  ( 5.262878432270531981, -32.49999994784597135, 43.99999999999999289 ) ) ;
#2779 = ADVANCED_FACE ( 'NONE', ( #1840 ), #2320, .T. ) ;
#2780 = DIRECTION ( 'NONE',  ( 9.355088397137460852E-31, -1.000000000000000000, -1.959217102279369698E-16 ) ) ;
#2781 = CARTESIAN_POINT ( 'NONE',  ( 3.582812048394159454, -23.88493930537812560, 38.99999999999975131 ) ) ;
#2782 = DIRECTION ( 'NONE',  ( -6.813993813636899845E-15, -1.959217102279369698E-16, 1.000000000000000000 ) ) ;
#2783 = ORIENTED_EDGE ( 'NONE', *, *, #3097, .T. ) ;
#2784 = ORIENTED_EDGE ( 'NONE', *, *, #2330, .F. ) ;
#2785 = ADVANCED_FACE ( 'NONE', ( #725 ), #2931, .T. ) ;
#2786 = CARTESIAN_POINT ( 'NONE',  ( 9.197370243597092099, -8.598402813697028080, 41.71451915227097373 ) ) ;
#2787 = CARTESIAN_POINT ( 'NONE',  ( 21.52437006333994418, -116.4672854901254482, -1.526249917769327391 ) ) ;
#2788 = CARTESIAN_POINT ( 'NONE',  ( 9.812878432270549567, -11.19999994785599995, 44.00000000000000000 ) ) ;
#2789 = ORIENTED_EDGE ( 'NONE', *, *, #11, .T. ) ;
#2790 = ADVANCED_FACE ( 'NONE', ( #206, #2648, #1572 ), #2889, .T. ) ;
#2791 = DIRECTION ( 'NONE',  ( -9.355088397137460852E-31, 1.000000000000000000, 1.959217102279369698E-16 ) ) ;
#2792 = ORIENTED_EDGE ( 'NONE', *, *, #1544, .T. ) ;
#2793 = LINE ( 'NONE', #2814, #2300 ) ;
#2794 = CARTESIAN_POINT ( 'NONE',  ( 0.8806384205694344214, -6.953322548235675526, 42.77540462119820575 ) ) ;
#2795 = CARTESIAN_POINT ( 'NONE',  ( 0.7128784322705502552, -4.899999947846710668, 43.99999999999997158 ) ) ;
#2796 = LINE ( 'NONE', #331, #3246 ) ;
#2797 = FACE_OUTER_BOUND ( 'NONE', #72, .T. ) ;
#2798 = B_SPLINE_CURVE_WITH_KNOTS ( 'NONE', 3,
 ( #2182, #791, #288, #1361, #267, #3042, #536, #3060, #2729, #1884, #1649, #2993, #3008, #2457, #828, #2222, #1402, #37, #320, #1614, #570, #1918, #2715, #3333, #2786, #304, #1, #862, #2492, #843, #3262, #1899, #2167, #251, #1418, #3298, #518, #1665, #1128, #1631, #55, #3315, #1382, #2510, #2767, #3024 ),
 .UNSPECIFIED., .F., .F.,
 ( 4, 2, 2, 2, 2, 2, 2, 2, 2, 2, 2, 2, 2, 2, 2, 2, 2, 2, 2, 2, 2, 2, 4 ),
 ( 0.000000000000000000, 0.06250000000000044409, 0.09375000000000066613, 0.1250000000000008882, 0.1875000000000016098, 0.2187500000000021649, 0.2500000000000027200, 0.3125000000000031641, 0.3437500000000041633, 0.3593750000000039968, 0.3750000000000038303, 0.5000000000000007772, 0.5624999999999996669, 0.5937499999999991118, 0.6093749999999992228, 0.6249999999999993339, 0.6874999999999973355, 0.7187499999999962252, 0.7499999999999951150, 0.8124999999999947820, 0.8437499999999944489, 0.8749999999999941158, 1.000000000000000000 ),
 .UNSPECIFIED. ) ;
#2799 = CARTESIAN_POINT ( 'NONE',  ( -7.537121567740835637, 8.500000052153820818, 6.800000000020397728 ) ) ;
#2800 = ADVANCED_FACE ( 'NONE', ( #1282, #1036, #2613, #1858, #2374, #3432 ), #691, .F. ) ;
#2801 = DIRECTION ( 'NONE',  ( -1.000000000000000000, 0.000000000000000000, -6.100126508929431957E-15 ) ) ;
#2802 = ORIENTED_EDGE ( 'NONE', *, *, #2536, .T. ) ;
#2803 = VECTOR ( 'NONE', #238, 1000.000000000000000 ) ;
#2804 = VECTOR ( 'NONE', #1467, 1000.000000000000000 ) ;
#2805 = CARTESIAN_POINT ( 'NONE',  ( 7.667724339415157964, -115.6501534761348182, -7.897285794365927813 ) ) ;
#2806 = FACE_OUTER_BOUND ( 'NONE', #1753, .T. ) ;
#2807 = ADVANCED_FACE ( 'NONE', ( #477 ), #2668, .T. ) ;
#2808 = CARTESIAN_POINT ( 'NONE',  ( -1.947410495876606529, -7.870328983548672497, 46.06787737227442392 ) ) ;
#2809 = ORIENTED_EDGE ( 'NONE', *, *, #1111, .F. ) ;
#2810 = ORIENTED_EDGE ( 'NONE', *, *, #2491, .F. ) ;
#2811 = CARTESIAN_POINT ( 'NONE',  ( -9.037121567729419880, -114.4999999478460211, 39.00000000000000000 ) ) ;
#2812 = B_SPLINE_CURVE_WITH_KNOTS ( 'NONE', 3,
 ( #3311, #804, #787, #1880 ),
 .UNSPECIFIED., .F., .F.,
 ( 4, 4 ),
 ( 0.000000000000000000, 1.000000000000000000 ),
 .UNSPECIFIED. ) ;
#2813 = ORIENTED_EDGE ( 'NONE', *, *, #1525, .T. ) ;
#2814 = CARTESIAN_POINT ( 'NONE',  ( 5.262878432270877482, -122.4999999478460069, -5.862710456145670435 ) ) ;
#2815 = CARTESIAN_POINT ( 'NONE',  ( 1.053244627700840486, -7.380820513531205940, 42.27325523959748210 ) ) ;
#2816 = CARTESIAN_POINT ( 'NONE',  ( 12.91603951660394323, -11.19999994077990380, 43.99999430004171330 ) ) ;
#2817 = CARTESIAN_POINT ( 'NONE',  ( -9.056531711832477072, -114.8241795416245026, -2.976939335149608290 ) ) ;
#2818 = CARTESIAN_POINT ( 'NONE',  ( 5.262878432270531981, -32.49999994784597135, 43.99999999999999289 ) ) ;
#2819 = CARTESIAN_POINT ( 'NONE',  ( 9.188754130761321193, -8.899999947856109372, 46.30000000000000426 ) ) ;
#2820 = ORIENTED_EDGE ( 'NONE', *, *, #1987, .F. ) ;
#2821 = CARTESIAN_POINT ( 'NONE',  ( 17.56859675562461476, -116.4999999478460069, 37.15113104973523406 ) ) ;
#2822 = CARTESIAN_POINT ( 'NONE',  ( 12.91603781740009893, -6.599999947856220572, 44.00000000000000000 ) ) ;
#2823 = CARTESIAN_POINT ( 'NONE',  ( 8.262878432271241635, -11.19999994785599995, 44.00000000000000000 ) ) ;
#2824 = ORIENTED_EDGE ( 'NONE', *, *, #1369, .T. ) ;
#2825 = VERTEX_POINT ( 'NONE', #1247 ) ;
#2826 = DIRECTION ( 'NONE',  ( -1.959217102279369698E-16, -1.000000000000000000, 3.144753976324933694E-28 ) ) ;
#2827 = EDGE_CURVE ( 'NONE', #538, #674, #2338, .T. ) ;
#2828 = VERTEX_POINT ( 'NONE', #818 ) ;
#2829 = CARTESIAN_POINT ( 'NONE',  ( -5.037121567720721949, 10.00000005215379950, 19.35000000001643627 ) ) ;
#2830 = AXIS2_PLACEMENT_3D ( 'NONE', #2065, #3479, #2641 ) ;
#2831 = EDGE_CURVE ( 'NONE', #15, #1064, #3534, .T. ) ;
#2832 = CARTESIAN_POINT ( 'NONE',  ( 1.151720783306691143, -10.12111186989491074, 42.04989069594801521 ) ) ;
#2833 = CARTESIAN_POINT ( 'NONE',  ( 8.262878432271241635, -8.899999947856109372, 44.00000000000000000 ) ) ;
#2834 = ADVANCED_FACE ( 'NONE', ( #2194 ), #1335, .T. ) ;
#2835 = VECTOR ( 'NONE', #2453, 1000.000000000000000 ) ;
#2836 = DIRECTION ( 'NONE',  ( 1.000000000000000000, 0.000000000000000000, -1.603068372491023297E-12 ) ) ;
#2837 = LINE ( 'NONE', #2021, #1081 ) ;
#2838 = CARTESIAN_POINT ( 'NONE',  ( 7.021326095730888284, -32.60951722417865284, 43.89536678514269141 ) ) ;
#2839 = ORIENTED_EDGE ( 'NONE', *, *, #1720, .T. ) ;
#2840 = AXIS2_PLACEMENT_3D ( 'NONE', #3035, #2432, #3256 ) ;
#2841 = CARTESIAN_POINT ( 'NONE',  ( -11.03712156772932218, -116.4937789749992021, -1.338905931957235174 ) ) ;
#2842 = CARTESIAN_POINT ( 'NONE',  ( 21.00045368726222961, -116.1126091813944186, -2.278470672159190080 ) ) ;
#2843 = DIRECTION ( 'NONE',  ( -3.165304382199374329E-29, 1.000000000000000000, -3.995004816858373925E-31 ) ) ;
#2844 = VERTEX_POINT ( 'NONE', #2448 ) ;
#2845 = VERTEX_POINT ( 'NONE', #3545 ) ;
#2846 = CYLINDRICAL_SURFACE ( 'NONE', #2574, 7.000000000000002665 ) ;
#2847 = ORIENTED_EDGE ( 'NONE', *, *, #429, .T. ) ;
#2848 = EDGE_CURVE ( 'NONE', #110, #317, #1873, .T. ) ;
#2849 = CARTESIAN_POINT ( 'NONE',  ( 0.9464476819859529710, -10.69384165924888030, 45.43938110169126077 ) ) ;
#2850 = CARTESIAN_POINT ( 'NONE',  ( 0.8624673024010534039, -10.88861274860847139, 42.83580477037894951 ) ) ;
#2851 = EDGE_CURVE ( 'NONE', #1655, #1365, #2138, .T. ) ;
#2852 = DIRECTION ( 'NONE',  ( 1.000000000000000000, -1.959217102279369698E-16, -1.603068372491023297E-12 ) ) ;
#2853 = PLANE ( 'NONE',  #2923 ) ;
#2854 = CARTESIAN_POINT ( 'NONE',  ( -9.037121567729419880, -16.39999994784669823, 39.00000000000000000 ) ) ;
#2855 = EDGE_CURVE ( 'NONE', #2662, #1041, #1910, .T. ) ;
#2856 = CARTESIAN_POINT ( 'NONE',  ( -11.03712156772930797, 10.00000005215379950, -1.430183998283623081 ) ) ;
#2857 = ORIENTED_EDGE ( 'NONE', *, *, #494, .F. ) ;
#2858 = CARTESIAN_POINT ( 'NONE',  ( 19.52591035174673806, -114.5668162674506618, 38.99969327187723422 ) ) ;
#2859 = CIRCLE ( 'NONE', #955, 7.500000000000000000 ) ;
#2860 = CARTESIAN_POINT ( 'NONE',  ( 10.41546443218988216, -18.89999994784669113, 43.63641471247613168 ) ) ;
#2861 = CARTESIAN_POINT ( 'NONE',  ( 12.74308722542515326, -11.09762987196065787, 44.70366497157560559 ) ) ;
#2862 = ORIENTED_EDGE ( 'NONE', *, *, #254, .F. ) ;
#2863 = VERTEX_POINT ( 'NONE', #1891 ) ;
#2864 = AXIS2_PLACEMENT_3D ( 'NONE', #392, #2308, #3164 ) ;
#2865 = AXIS2_PLACEMENT_3D ( 'NONE', #2253, #3106, #3399 ) ;
#2866 = ORIENTED_EDGE ( 'NONE', *, *, #2145, .T. ) ;
#2867 = CARTESIAN_POINT ( 'NONE',  ( -5.037121567723127136, 8.500000052153820818, 17.85000000001643272 ) ) ;
#2868 = CARTESIAN_POINT ( 'NONE',  ( -9.020224358057078007, -34.46153676896310714, 38.99999999999986500 ) ) ;
#2869 = CARTESIAN_POINT ( 'NONE',  ( 9.773687386609537953, -6.678174657729702979, 44.60042198546867809 ) ) ;
#2870 = EDGE_CURVE ( 'NONE', #2505, #2237, #1926, .T. ) ;
#2871 = DIRECTION ( 'NONE',  ( 9.355088397137452094E-31, -1.000000000000000000, -1.959217102279369698E-16 ) ) ;
#2872 = LINE ( 'NONE', #3125, #2393 ) ;
#2873 = CARTESIAN_POINT ( 'NONE',  ( 9.188775947827421575, -9.051997945172072235, 46.29996276039570802 ) ) ;
#2874 = ORIENTED_EDGE ( 'NONE', *, *, #1278, .T. ) ;
#2875 = CARTESIAN_POINT ( 'NONE',  ( -6.287121567727454341, -28.99999994784619872, 15.15000000001843539 ) ) ;
#2876 = CARTESIAN_POINT ( 'NONE',  ( 13.68702326414765658, -7.358658212618442995, 42.29141508223873558 ) ) ;
#2877 = DIRECTION ( 'NONE',  ( -1.982541115402063335E-15, 0.000000000000000000, -1.000000000000000000 ) ) ;
#2878 = VERTEX_POINT ( 'NONE', #3564 ) ;
#2879 = ORIENTED_EDGE ( 'NONE', *, *, #364, .F. ) ;
#2880 = B_SPLINE_CURVE_WITH_KNOTS ( 'NONE', 3,
 ( #227, #2934, #193, #2671, #3222, #1843, #2147, #2162, #750, #209, #513, #3241, #2692, #2361, #2397, #2435, #244, #1302 ),
 .UNSPECIFIED., .F., .F.,
 ( 4, 2, 2, 2, 2, 2, 2, 2, 4 ),
 ( 0.002664033969317894726, 0.003124826898674370416, 0.003585619828030846105, 0.004046412757387322229, 0.004507205686743797485, 0.004967998616100272741, 0.005428791545456748864, 0.005889584474813224987, 0.006350377404169700243 ),
 .UNSPECIFIED. ) ;
#2881 = ORIENTED_EDGE ( 'NONE', *, *, #1156, .F. ) ;
#2882 = CARTESIAN_POINT ( 'NONE',  ( 5.378528332213536878, -116.3299650821259377, 46.75000000000000711 ) ) ;
#2883 = LINE ( 'NONE', #3444, #189 ) ;
#2884 = CARTESIAN_POINT ( 'NONE',  ( 9.805131954034994379, -6.614890368784502428, 44.30440596805031106 ) ) ;
#2885 = VECTOR ( 'NONE', #1603, 1000.000000000000000 ) ;
#2886 = CARTESIAN_POINT ( 'NONE',  ( 3.513333360834990149, -116.3251593704250695, 44.15550911900373166 ) ) ;
#2887 = DIRECTION ( 'NONE',  ( -1.000000000000000000, 1.959217102279369698E-16, 1.602852795204688366E-12 ) ) ;
#2888 = FACE_OUTER_BOUND ( 'NONE', #1154, .T. ) ;
#2889 = PLANE ( 'NONE',  #2368 ) ;
#2890 = EDGE_CURVE ( 'NONE', #1223, #1905, #1112, .T. ) ;
#2891 = VECTOR ( 'NONE', #2009, 1000.000000000000000 ) ;
#2892 = AXIS2_PLACEMENT_3D ( 'NONE', #908, #370, #942 ) ;
#2893 = CARTESIAN_POINT ( 'NONE',  ( 1.172869265525053439, -7.746024055350220650, 45.99562378732150592 ) ) ;
#2894 =( BOUNDED_CURVE ( )  B_SPLINE_CURVE ( 2, ( #3497, #1147, #1791 ),
 .UNSPECIFIED., .F., .T. ) 
 B_SPLINE_CURVE_WITH_KNOTS ( ( 3, 3 ),
 ( -20.72856398366350206, -14.71152354434340026 ),
 .UNSPECIFIED. ) 
 CURVE ( )  GEOMETRIC_REPRESENTATION_ITEM ( )  RATIONAL_B_SPLINE_CURVE ( ( 6.915249222693259590, 8.136372936887269702, 8.150140864133250673 ) ) 
 REPRESENTATION_ITEM ( '' )  );
#2895 = CARTESIAN_POINT ( 'NONE',  ( -9.325114903717384607, -32.49999994784597135, 53.99723507312020132 ) ) ;
#2896 = CARTESIAN_POINT ( 'NONE',  ( 16.81287843227705991, -28.99999994784619872, 17.84999999998141007 ) ) ;
#2897 = ORIENTED_EDGE ( 'NONE', *, *, #41, .F. ) ;
#2898 = VERTEX_POINT ( 'NONE', #1086 ) ;
#2899 = ADVANCED_FACE ( 'NONE', ( #3526 ), #1606, .F. ) ;
#2900 = CARTESIAN_POINT ( 'NONE',  ( 12.41106570539581888, -9.318699695872389555, 46.27093448814387955 ) ) ;
#2901 = ORIENTED_EDGE ( 'NONE', *, *, #257, .F. ) ;
#2902 = PLANE ( 'NONE',  #815 ) ;
#2903 = CARTESIAN_POINT ( 'NONE',  ( -8.736967247723661956, 10.00000005215331100, -18.13357184339776040 ) ) ;
#2904 = VECTOR ( 'NONE', #1410, 1000.000000000000000 ) ;
#2905 = CARTESIAN_POINT ( 'NONE',  ( -3.974957821828512650, -32.80070738939246411, 38.99999999999990763 ) ) ;
#2906 = CARTESIAN_POINT ( 'NONE',  ( -9.037121567729419880, -114.4999999478460211, 39.00000000000000000 ) ) ;
#2907 = CARTESIAN_POINT ( 'NONE',  ( 3.687099177150960472, -32.79615484288566307, 44.76804184143649223 ) ) ;
#2908 = CARTESIAN_POINT ( 'NONE',  ( -6.912121567720872939, 10.00000005215379950, 19.25000000001944400 ) ) ;
#2909 = DIRECTION ( 'NONE',  ( 9.796085511398408958E-17, 1.000000000000000000, 9.796085511395299120E-17 ) ) ;
#2910 = CARTESIAN_POINT ( 'NONE',  ( 19.88628835554114715, -115.1143110521617103, -2.915661276915403999 ) ) ;
#2911 = CARTESIAN_POINT ( 'NONE',  ( 1.730945812361037506, -22.12040103957183845, 39.32741396309429405 ) ) ;
#2912 = EDGE_CURVE ( 'NONE', #408, #2863, #2600, .T. ) ;
#2913 = FACE_OUTER_BOUND ( 'NONE', #1635, .T. ) ;
#2914 = FACE_OUTER_BOUND ( 'NONE', #2572, .T. ) ;
#2915 = CARTESIAN_POINT ( 'NONE',  ( -7.537121567750616258, 8.500000052153820818, 0.7000000000203996375 ) ) ;
#2916 = ORIENTED_EDGE ( 'NONE', *, *, #3109, .T. ) ;
#2917 = ORIENTED_EDGE ( 'NONE', *, *, #780, .T. ) ;
#2918 = EDGE_CURVE ( 'NONE', #1920, #2828, #240, .T. ) ;
#2919 = CARTESIAN_POINT ( 'NONE',  ( 11.03787843227271814, -114.9999999478460069, 15.14999999999066382 ) ) ;
#2920 = ORIENTED_EDGE ( 'NONE', *, *, #429, .F. ) ;
#2921 = DIRECTION ( 'NONE',  ( 4.857225732735062231E-15, 0.7071067811865482389, -0.7071067811865467956 ) ) ;
#2922 = VECTOR ( 'NONE', #2763, 1000.000000000000000 ) ;
#2923 = AXIS2_PLACEMENT_3D ( 'NONE', #3363, #82, #2836 ) ;
#2924 = AXIS2_PLACEMENT_3D ( 'NONE', #3088, #1445, #3141 ) ;
#2925 = CARTESIAN_POINT ( 'NONE',  ( -2.188101772897255604, -11.03618796450924222, 44.87169918832206150 ) ) ;
#2926 = CARTESIAN_POINT ( 'NONE',  ( 9.812878432270549567, -6.599999947856220572, 44.00000000000000000 ) ) ;
#2927 = VECTOR ( 'NONE', #1719, 1000.000000000000000 ) ;
#2928 = FACE_OUTER_BOUND ( 'NONE', #505, .T. ) ;
#2929 = CARTESIAN_POINT ( 'NONE',  ( 3.482066409178165678, -114.9480267410169319, 46.09650485445742163 ) ) ;
#2930 = FACE_OUTER_BOUND ( 'NONE', #2131, .T. ) ;
#2931 = PLANE ( 'NONE',  #1336 ) ;
#2932 = LINE ( 'NONE', #2632, #735 ) ;
#2933 = CARTESIAN_POINT ( 'NONE',  ( 0.9732175458349556774, -7.168373583509517921, 45.52130955540120283 ) ) ;
#2934 = CARTESIAN_POINT ( 'NONE',  ( 6.856916582982602648, -116.4999999478462342, 43.26148277430911548 ) ) ;
#2935 = DIRECTION ( 'NONE',  ( 1.567653757339384746E-17, -1.000000000000000000, -1.937388655686884962E-16 ) ) ;
#2936 = VERTEX_POINT ( 'NONE', #2214 ) ;
#2937 = ORIENTED_EDGE ( 'NONE', *, *, #1459, .T. ) ;
#2938 = CARTESIAN_POINT ( 'NONE',  ( 12.67801955319025708, -6.893405966512548666, 45.12908477388393180 ) ) ;
#2939 = ORIENTED_EDGE ( 'NONE', *, *, #3157, .F. ) ;
#2940 = DIRECTION ( 'NONE',  ( 1.000000000000000000, -1.959217102279369698E-16, -1.601302108588210640E-12 ) ) ;
#2941 = EDGE_CURVE ( 'NONE', #3148, #2164, #30, .T. ) ;
#2942 = CARTESIAN_POINT ( 'NONE',  ( 0.7151673174651487219, -11.19532485744753281, 43.85094767810311112 ) ) ;
#2943 = ORIENTED_EDGE ( 'NONE', *, *, #2032, .F. ) ;
#2944 = CARTESIAN_POINT ( 'NONE',  ( -8.949078691574744227, -114.6250538656332765, 38.99822544180316441 ) ) ;
#2945 = EDGE_CURVE ( 'NONE', #2658, #2490, #1277, .T. ) ;
#2946 = CARTESIAN_POINT ( 'NONE',  ( 15.56287843227287659, -66.49999994784619162, 15.24999999998340883 ) ) ;
#2947 = CARTESIAN_POINT ( 'NONE',  ( 5.262878432270531981, -122.4999999478460211, 43.99999999999997158 ) ) ;
#2948 = DIRECTION ( 'NONE',  ( -1.000000000000000000, 2.220446049250000002E-16, 1.603068372491023297E-12 ) ) ;
#2949 = VECTOR ( 'NONE', #379, 1000.000000000000000 ) ;
#2950 = CARTESIAN_POINT ( 'NONE',  ( 10.15966880942336736, -20.36444892364257342, 40.46440937079125177 ) ) ;
#2951 = FACE_OUTER_BOUND ( 'NONE', #611, .T. ) ;
#2952 = CARTESIAN_POINT ( 'NONE',  ( 14.03948952853288468, -9.516900365036919496, 41.77939303472775379 ) ) ;
#2953 = CARTESIAN_POINT ( 'NONE',  ( 18.06287843227706347, 10.00000005215379950, 17.84999999997940279 ) ) ;
#2954 = ORIENTED_EDGE ( 'NONE', *, *, #564, .T. ) ;
#2955 = VECTOR ( 'NONE', #3155, 1000.000000000000000 ) ;
#2956 = ORIENTED_EDGE ( 'NONE', *, *, #1590, .T. ) ;
#2957 = AXIS2_PLACEMENT_3D ( 'NONE', #856, #1948, #281 ) ;
#2958 = CARTESIAN_POINT ( 'NONE',  ( 12.63194535983507372, -7.071635779504090280, 45.39591788056233668 ) ) ;
#2959 = ORIENTED_EDGE ( 'NONE', *, *, #807, .F. ) ;
#2960 = APPROVAL_STATUS ( 'not_yet_approved' ) ;
#2961 = EDGE_CURVE ( 'NONE', #1163, #3313, #1376, .T. ) ;
#2962 = ORIENTED_EDGE ( 'NONE', *, *, #1353, .F. ) ;
#2963 = CARTESIAN_POINT ( 'NONE',  ( 18.06287843224945533, 8.500000052153810159, 0.6999999999793837802 ) ) ;
#2964 = EDGE_CURVE ( 'NONE', #1581, #1868, #250, .T. ) ;
#2965 = LINE ( 'NONE', #1855, #2331 ) ;
#2966 = DIRECTION ( 'NONE',  ( 9.355088397137460852E-31, -1.000000000000000000, -1.959217102279369698E-16 ) ) ;
#2967 = CARTESIAN_POINT ( 'NONE',  ( 18.06287843226169088, 10.00000005215379950, 8.299999999979386089 ) ) ;
#2968 = CARTESIAN_POINT ( 'NONE',  ( 18.06287843225927503, 8.500000052153810159, 6.799999999979386978 ) ) ;
#2969 = PERSON ( 'UNSPECIFIED', 'UNSPECIFIED', 'UNSPECIFIED', ('UNSPECIFIED'), ('UNSPECIFIED'), ('UNSPECIFIED') ) ;
#2970 = CARTESIAN_POINT ( 'NONE',  ( -7.537121567729696991, 10.00000005215379950, 13.75000000002044764 ) ) ;
#2971 = DIRECTION ( 'NONE',  ( -1.603068372491023297E-12, -3.995004817365800739E-31, -1.000000000000000000 ) ) ;
#2972 = CARTESIAN_POINT ( 'NONE',  ( 13.00689398613610948, -11.19999659549426774, 43.69521486660403298 ) ) ;
#2973 = FACE_OUTER_BOUND ( 'NONE', #2673, .T. ) ;
#2974 = ORIENTED_EDGE ( 'NONE', *, *, #687, .T. ) ;
#2975 = ORIENTED_EDGE ( 'NONE', *, *, #543, .F. ) ;
#2976 = LINE ( 'NONE', #1343, #2748 ) ;
#2977 = CARTESIAN_POINT ( 'NONE',  ( 12.69121183001820086, -10.95429716785449870, 45.03434178679309952 ) ) ;
#2978 = ORIENTED_EDGE ( 'NONE', *, *, #468, .T. ) ;
#2979 = APPROVAL_DATE_TIME ( #3265, #3460 ) ;
#2980 = AXIS2_PLACEMENT_3D ( 'NONE', #2595, #1228, #3430 ) ;
#2981 = VERTEX_POINT ( 'NONE', #2159 ) ;
#2982 = CARTESIAN_POINT ( 'NONE',  ( 9.319284983075162287, -7.878404701322485160, 46.06116071090117714 ) ) ;
#2983 = CARTESIAN_POINT ( 'NONE',  ( 9.904276571224881920, -20.76868699692845865, 40.10185888342027738 ) ) ;
#2984 = CARTESIAN_POINT ( 'NONE',  ( -5.037121567723127136, 10.00000005215379950, 17.85000000001643272 ) ) ;
#2985 = FACE_OUTER_BOUND ( 'NONE', #2712, .T. ) ;
#2986 = ADVANCED_FACE ( 'NONE', ( #2412 ), #2257, .T. ) ;
#2987 = CARTESIAN_POINT ( 'NONE',  ( 2.904900363957945597, -116.1778362153378481, -7.103185109516527262 ) ) ;
#2988 = CARTESIAN_POINT ( 'NONE',  ( 13.30468299046121494, -10.96947751382884562, 42.98552280333091602 ) ) ;
#2989 = DIRECTION ( 'NONE',  ( 9.695610337554099168E-17, 1.000000000000000000, 8.396644857513789699E-17 ) ) ;
#2990 = VERTEX_POINT ( 'NONE', #2723 ) ;
#2991 = ORIENTED_EDGE ( 'NONE', *, *, #2032, .T. ) ;
#2992 = ADVANCED_FACE ( 'NONE', ( #2985 ), #1567, .T. ) ;
#2993 = CARTESIAN_POINT ( 'NONE',  ( 9.552179307765868543, -10.62862818484947347, 42.48076260164172879 ) ) ;
#2994 = ORIENTED_EDGE ( 'NONE', *, *, #3212, .T. ) ;
#2995 = PERSON_AND_ORGANIZATION ( #2969, #3174 ) ;
#2996 = ORIENTED_EDGE ( 'NONE', *, *, #784, .T. ) ;
#2997 = CARTESIAN_POINT ( 'NONE',  ( 8.262878432271241635, -6.599999947856220572, 44.00000000000000000 ) ) ;
#2998 = CARTESIAN_POINT ( 'NONE',  ( 8.631237193892729920, -22.29236291560155792, 39.26541057463337836 ) ) ;
#2999 = CARTESIAN_POINT ( 'NONE',  ( 19.51402471613676681, -34.43509697386772217, 39.00000000000006395 ) ) ;
#3000 = CARTESIAN_POINT ( 'NONE',  ( 8.262878432271241635, -8.899999947856109372, 44.00000000000000000 ) ) ;
#3001 = DIRECTION ( 'NONE',  ( 2.775557561562985028E-17, -1.000000000000000000, -1.959217102279369698E-16 ) ) ;
#3002 = CARTESIAN_POINT ( 'NONE',  ( -3.222519422345500040, -7.474009634543170577, 42.19540133623729616 ) ) ;
#3003 = ADVANCED_FACE ( 'NONE', ( #1623 ), #64, .T. ) ;
#3004 = CARTESIAN_POINT ( 'NONE',  ( 20.97709199464368623, 10.00000005215379950, 38.41421356237309936 ) ) ;
#3005 = ORIENTED_EDGE ( 'NONE', *, *, #2696, .T. ) ;
#3006 = ORIENTED_EDGE ( 'NONE', *, *, #3233, .T. ) ;
#3007 = AXIS2_PLACEMENT_3D ( 'NONE', #3522, #3322, #3305 ) ;
#3008 = CARTESIAN_POINT ( 'NONE',  ( 9.532400058551097288, -10.57894032336692369, 42.42613358844193527 ) ) ;
#3009 = EDGE_CURVE ( 'NONE', #291, #265, #70, .T. ) ;
#3010 = CARTESIAN_POINT ( 'NONE',  ( 19.56287843227060108, -16.39999994784669823, 39.00000000000000000 ) ) ;
#3011 = ORIENTED_EDGE ( 'NONE', *, *, #999, .T. ) ;
#3012 = APPROVAL_STATUS ( 'not_yet_approved' ) ;
#3013 = CIRCLE ( 'NONE', #129, 1.749999999999999778 ) ;
#3014 = ORIENTED_EDGE ( 'NONE', *, *, #3290, .F. ) ;
#3015 = CYLINDRICAL_SURFACE ( 'NONE', #17, 1.749999999999999778 ) ;
#3016 = CARTESIAN_POINT ( 'NONE',  ( 7.308884656264587498, -23.56446243447022226, 38.99999999999999289 ) ) ;
#3017 = DIRECTION ( 'NONE',  ( -2.775557561562989959E-17, 1.000000000000000000, 1.959217102279369698E-16 ) ) ;
#3018 = DIRECTION ( 'NONE',  ( -9.355088397137460852E-31, 1.000000000000000000, 1.959217102279369698E-16 ) ) ;
#3019 = CARTESIAN_POINT ( 'NONE',  ( -10.88047487926976942, -116.4042135745391562, -1.753148954515762137 ) ) ;
#3020 = LINE ( 'NONE', #1694, #2624 ) ;
#3021 = DIRECTION ( 'NONE',  ( -1.603068372491023297E-12, -3.995004817365800739E-31, -1.000000000000000000 ) ) ;
#3022 = ORIENTED_EDGE ( 'NONE', *, *, #1923, .T. ) ;
#3023 = ORIENTED_EDGE ( 'NONE', *, *, #3273, .T. ) ;
#3024 = CARTESIAN_POINT ( 'NONE',  ( 9.812878432270549567, -6.599999947856220572, 44.00000000000000000 ) ) ;
#3025 = CARTESIAN_POINT ( 'NONE',  ( 5.262878432270550633, -4.899999947846710668, 44.00000000000000000 ) ) ;
#3026 = ORIENTED_EDGE ( 'NONE', *, *, #1521, .F. ) ;
#3027 = PERSON_AND_ORGANIZATION ( #2969, #3174 ) ;
#3028 = ADVANCED_FACE ( 'NONE', ( #2233 ), #1191, .F. ) ;
#3029 = VERTEX_POINT ( 'NONE', #3362 ) ;
#3030 = CARTESIAN_POINT ( 'NONE',  ( 7.712878432270584561, -20.36446604191396048, 40.46446609406726225 ) ) ;
#3031 = CIRCLE ( 'NONE', #614, 2.500000000000000444 ) ;
#3032 = APPLICATION_CONTEXT ( 'configuration controlled 3d designs of mechanical parts and assemblies' ) ;
#3033 = CARTESIAN_POINT ( 'NONE',  ( 9.793069674240944877, -20.92937750389299723, 39.97476304024514349 ) ) ;
#3034 = CARTESIAN_POINT ( 'NONE',  ( 19.56287843227060108, -34.49999994784597135, 39.00000000000000000 ) ) ;
#3035 = CARTESIAN_POINT ( 'NONE',  ( -8.736967247723658403, -116.4999999478460069, -18.13357184339778172 ) ) ;
#3036 = CARTESIAN_POINT ( 'NONE',  ( 3.098795740403973653, -114.7875620366627771, -8.671250608648659153 ) ) ;
#3037 = CARTESIAN_POINT ( 'NONE',  ( -6.239056960932058971, -16.49079616059298914, 38.99999999999982947 ) ) ;
#3038 = FACE_OUTER_BOUND ( 'NONE', #3108, .T. ) ;
#3039 = EDGE_LOOP ( 'NONE', ( #842, #550, #3, #1507 ) ) ;
#3040 = DIRECTION ( 'NONE',  ( -5.279050934211309632E-19, 1.000000000000000000, 1.997129667413689873E-16 ) ) ;
#3041 = VECTOR ( 'NONE', #1062, 1000.000000000000000 ) ;
#3042 = CARTESIAN_POINT ( 'NONE',  ( 9.751936736306594966, -11.07715397519767642, 43.25417192762242991 ) ) ;
#3044 = CARTESIAN_POINT ( 'NONE',  ( 21.37570013926132262, -116.3853577065966789, -1.804334177221009528 ) ) ;
#3043 = CARTESIAN_POINT ( 'NONE',  ( 1.371207397768739344, -21.72417519403024500, 39.49734589111366034 ) ) ;
#3045 = DIRECTION ( 'NONE',  ( -9.251858538542975772E-16, 0.000000000000000000, -1.000000000000000000 ) ) ;
#3046 = ORIENTED_EDGE ( 'NONE', *, *, #3546, .T. ) ;
#3047 = CARTESIAN_POINT ( 'NONE',  ( -10.35324766881029213, 10.00000005215379950, -2.389822365046417652 ) ) ;
#3048 = ORIENTED_EDGE ( 'NONE', *, *, #2315, .F. ) ;
#3049 = EDGE_CURVE ( 'NONE', #1863, #3148, #1981, .T. ) ;
#3050 = DIRECTION ( 'NONE',  ( -2.775557561562989959E-17, 1.000000000000000000, 1.959217102279369698E-16 ) ) ;
#3051 = CARTESIAN_POINT ( 'NONE',  ( 0.9747680675993749544, -7.172543547945235076, 42.47467027214553781 ) ) ;
#3052 = FACE_OUTER_BOUND ( 'NONE', #1901, .T. ) ;
#3053 = DIRECTION ( 'NONE',  ( 1.000000000000000000, -6.374551446412130102E-45, -1.603068372491023297E-12 ) ) ;
#3054 = B_SPLINE_CURVE_WITH_KNOTS ( 'NONE', 3,
 ( #2822, #1215, #354, #1251, #945, #3184, #1770, #1450, #2876, #3130, #659, #1715, #105, #2548, #2291, #640, #2566, #1536, #1553, #1285, #2952, #3490, #2378, #2709, #497, #786, #1575, #481, #174, #1879, #1609, #2415, #2112, #2988, #3529, #2972, #1805 ),
 .UNSPECIFIED., .F., .F.,
 ( 4, 2, 2, 2, 2, 2, 2, 2, 2, 1, 2, 2, 2, 2, 2, 2, 2, 2, 4 ),
 ( 0.000000000000000000, 0.1093660077809816555, 0.1640490116714725111, 0.2187320155619633943, 0.2460735175072088776, 0.2597442684798322854, 0.2734150194524557209, 0.3280980233429485193, 0.3827810272334417618, 0.4374640311239351709, 0.4921470350144285244, 0.5468300389049217669, 0.6015130427954151759, 0.6151837937680387780, 0.6288545447406623801, 0.6561960466859073637, 0.7108790505763994405, 0.7655620544668912952, 0.8749280622478768921 ),
 .UNSPECIFIED. ) ;
#3055 = CARTESIAN_POINT ( 'NONE',  ( 21.56287843227059753, -116.4999999478460069, 37.00000000000000000 ) ) ;
#3056 = CARTESIAN_POINT ( 'NONE',  ( 12.69121183001820086, 8.500000052153859897, 45.03434178679309952 ) ) ;
#3057 = FACE_OUTER_BOUND ( 'NONE', #427, .T. ) ;
#3058 = ORIENTED_EDGE ( 'NONE', *, *, #359, .F. ) ;
#3059 = VERTEX_POINT ( 'NONE', #2816 ) ;
#3060 = CARTESIAN_POINT ( 'NONE',  ( 9.697399034146689800, -10.96279708643634621, 42.97150238056190119 ) ) ;
#3061 = CARTESIAN_POINT ( 'NONE',  ( 21.56287843227066148, -116.4811642072285451, -1.430183998284401792 ) ) ;
#3062 = CARTESIAN_POINT ( 'NONE',  ( 15.56287843227046075, -66.49999994784619162, 13.74999999998341060 ) ) ;
#3063 = VERTEX_POINT ( 'NONE', #3085 ) ;
#3064 = AXIS2_PLACEMENT_3D ( 'NONE', #147, #2940, #989 ) ;
#3065 = ORIENTED_EDGE ( 'NONE', *, *, #1982, .F. ) ;
#3066 = CARTESIAN_POINT ( 'NONE',  ( 1.337002733779749875, -8.899999947856109372, 46.30000000000000426 ) ) ;
#3067 = VECTOR ( 'NONE', #2236, 1000.000000000000000 ) ;
#3068 = EDGE_CURVE ( 'NONE', #2135, #3090, #1586, .T. ) ;
#3069 = VECTOR ( 'NONE', #3053, 1000.000000000000000 ) ;
#3070 = CARTESIAN_POINT ( 'NONE',  ( 1.023796997073781023, -7.300762103739547371, 42.34668819768852899 ) ) ;
#3071 = CARTESIAN_POINT ( 'NONE',  ( -7.537121567727473881, -114.9999999478460069, 15.15000000002044800 ) ) ;
#3072 = CARTESIAN_POINT ( 'NONE',  ( 1.337002733779749875, -8.899999947856109372, 46.30000000000000426 ) ) ;
#3073 = EDGE_CURVE ( 'NONE', #2260, #773, #1708, .T. ) ;
#3074 = CARTESIAN_POINT ( 'NONE',  ( -10.13526900289900468, -115.8276726880125977, -2.558887903607045544 ) ) ;
#3075 = CARTESIAN_POINT ( 'NONE',  ( -3.480290223847080977, -8.141273703302919884, 41.82357502555073125 ) ) ;
#3076 = CARTESIAN_POINT ( 'NONE',  ( 7.021725586359235827, -32.66161814209762326, 44.09425094405344225 ) ) ;
#3077 = EDGE_LOOP ( 'NONE', ( #516, #3248, #753, #460 ) ) ;
#3078 = CARTESIAN_POINT ( 'NONE',  ( 7.461458069240061164, -116.4246105062544530, -6.587744623733389204 ) ) ;
#3079 = PLANE ( 'NONE',  #2024 ) ;
#3080 = VERTEX_POINT ( 'NONE', #920 ) ;
#3081 = CARTESIAN_POINT ( 'NONE',  ( 3.745855855423472214, -116.4999999478501138, 43.12756518790502014 ) ) ;
#3082 = ORIENTED_EDGE ( 'NONE', *, *, #2756, .T. ) ;
#3083 = CARTESIAN_POINT ( 'NONE',  ( 1.083413184984442168, -10.33346479264205975, 45.79866585638902166 ) ) ;
#3084 = CARTESIAN_POINT ( 'NONE',  ( 0.8139031328772610152, -6.806866371035882324, 43.04385587264341950 ) ) ;
#3085 = CARTESIAN_POINT ( 'NONE',  ( -5.037121567709744063, -11.49999994784619872, 26.20000000001644125 ) ) ;
#3086 = LINE ( 'NONE', #3396, #2388 ) ;
#3087 = CARTESIAN_POINT ( 'NONE',  ( 19.56287843227060108, 8.500000052153859897, 39.00000000000000000 ) ) ;
#3088 = CARTESIAN_POINT ( 'NONE',  ( -8.736967247723658403, -114.4999999478460069, -18.13357184339778172 ) ) ;
#3089 = CARTESIAN_POINT ( 'NONE',  ( 20.65977752238383758, -115.8255288771930793, -2.559752114397050526 ) ) ;
#3090 = VERTEX_POINT ( 'NONE', #1442 ) ;
#3091 = CIRCLE ( 'NONE', #1645, 2.000000000000001332 ) ;
#3092 = ADVANCED_FACE ( 'NONE', ( #1208 ), #81, .F. ) ;
#3093 = CARTESIAN_POINT ( 'NONE',  ( 18.53768415424955762, -115.6119108651855925, 38.73412179261084987 ) ) ;
#3094 = FACE_BOUND ( 'NONE', #778, .T. ) ;
#3095 = ORIENTED_EDGE ( 'NONE', *, *, #2515, .T. ) ;
#3096 = ORIENTED_EDGE ( 'NONE', *, *, #3538, .T. ) ;
#3097 = EDGE_CURVE ( 'NONE', #3558, #515, #903, .T. ) ;
#3098 = AXIS2_PLACEMENT_3D ( 'NONE', #1297, #3254, #3196 ) ;
#3099 = LINE ( 'NONE', #2243, #1823 ) ;
#3100 = ORIENTED_EDGE ( 'NONE', *, *, #94, .F. ) ;
#3101 = CARTESIAN_POINT ( 'NONE',  ( 5.262878432270873930, 10.00000005215330923, -7.612710456145643789 ) ) ;
#3102 = B_SPLINE_CURVE_WITH_KNOTS ( 'NONE', 3,
 ( #3328, #3291, #2724, #838, #3528, #1071, #2987, #802, #1927, #262, #1088, #1338, #2215, #858, #819, #3567, #3036, #3257, #2176, #1105 ),
 .UNSPECIFIED., .F., .F.,
 ( 4, 2, 2, 2, 2, 2, 2, 2, 2, 4 ),
 ( 4.336808689942017736E-19, 0.0004575197733833856343, 0.0009150395467667708348, 0.001372559320150155927, 0.001830079093533541236, 0.002287598866916928497, 0.002745118640300315757, 0.003202638413683703018, 0.003431398300375412477, 0.003660158187067121937 ),
 .UNSPECIFIED. ) ;
#3103 = CARTESIAN_POINT ( 'NONE',  ( 1.336974501800935577, -8.826136464913370006, 41.70004818989833240 ) ) ;
#3104 = CYLINDRICAL_SURFACE ( 'NONE', #1225, 2.299999999999890576 ) ;
#3105 = CARTESIAN_POINT ( 'NONE',  ( -9.720811285655598155, -115.4543001443351216, -2.794709065495447398 ) ) ;
#3106 = DIRECTION ( 'NONE',  ( 2.775557561562985028E-17, -1.000000000000000000, -1.959217102279369698E-16 ) ) ;
#3107 = CARTESIAN_POINT ( 'NONE',  ( 9.812878432270549567, -4.899999947846710668, 44.00000000000002842 ) ) ;
#3108 = EDGE_LOOP ( 'NONE', ( #2473, #2792, #160, #2080 ) ) ;
#3109 = EDGE_CURVE ( 'NONE', #2766, #909, #1760, .T. ) ;
#3110 = CARTESIAN_POINT ( 'NONE',  ( 19.27303982678090577, -114.4999999478460069, -18.11729409359903542 ) ) ;
#3111 = CARTESIAN_POINT ( 'NONE',  ( 0.7128784322705502552, -13.89999994784670001, 43.99999999999997158 ) ) ;
#3112 = CARTESIAN_POINT ( 'NONE',  ( -5.037121567707973036, 10.00000005215379950, 27.30000000001643201 ) ) ;
#3113 = ORIENTED_EDGE ( 'NONE', *, *, #2761, .T. ) ;
#3114 = ORIENTED_EDGE ( 'NONE', *, *, #2289, .T. ) ;
#3115 = FACE_OUTER_BOUND ( 'NONE', #2294, .T. ) ;
#3116 = ADVANCED_FACE ( 'NONE', ( #3343 ), #3104, .F. ) ;
#3117 = ORIENTED_EDGE ( 'NONE', *, *, #517, .T. ) ;
#3118 = CARTESIAN_POINT ( 'NONE',  ( -1.137121567707974013, -11.49999994784619872, 27.30000000001018279 ) ) ;
#3119 = VECTOR ( 'NONE', #884, 1000.000000000000000 ) ;
#3120 = CARTESIAN_POINT ( 'NONE',  ( 0.8627870479965190631, -6.913347529279492143, 42.84118285654107439 ) ) ;
#3121 = LINE ( 'NONE', #330, #332 ) ;
#3122 = CARTESIAN_POINT ( 'NONE',  ( -5.037121567725039384, -114.9999999478460069, 16.67500000001643201 ) ) ;
#3123 = AXIS2_PLACEMENT_3D ( 'NONE', #3293, #1914, #264 ) ;
#3124 = FACE_OUTER_BOUND ( 'NONE', #1971, .T. ) ;
#3125 = CARTESIAN_POINT ( 'NONE',  ( 20.06287843227089951, -114.9999999478460069, -0.3000000000000819789 ) ) ;
#3126 = CARTESIAN_POINT ( 'NONE',  ( 19.56287843224782819, -116.4999999478460353, -0.3000000000000605516 ) ) ;
#3127 = ORIENTED_EDGE ( 'NONE', *, *, #18, .F. ) ;
#3128 = AXIS2_PLACEMENT_3D ( 'NONE', #2468, #509, #2705 ) ;
#3129 = CARTESIAN_POINT ( 'NONE',  ( -9.098566136708308605, -16.39999994784669823, 45.99972745446670785 ) ) ;
#3130 = CARTESIAN_POINT ( 'NONE',  ( 13.73189193214113857, -7.442415253868699843, 42.22083432282621374 ) ) ;
#3131 = CARTESIAN_POINT ( 'NONE',  ( -1.885308840854338364, -8.481300199936846695, 46.27093448814512300 ) ) ;
#3132 = VERTEX_POINT ( 'NONE', #669 ) ;
#3133 = ORIENTED_EDGE ( 'NONE', *, *, #2870, .F. ) ;
#3134 = VERTEX_POINT ( 'NONE', #1692 ) ;
#3135 = MECHANICAL_CONTEXT ( 'NONE', #3032, 'mechanical' ) ;
#3136 = ADVANCED_FACE ( 'NONE', ( #1460 ), #872, .T. ) ;
#3137 = CARTESIAN_POINT ( 'NONE',  ( -2.165454965477140004, -10.95429716785449870, 45.03434178679309952 ) ) ;
#3138 = DIRECTION ( 'NONE',  ( 9.355088397137441584E-31, -1.000000000000000000, -1.959217102279369698E-16 ) ) ;
#3139 = DIRECTION ( 'NONE',  ( -1.603068372491023297E-12, -3.995004817365800739E-31, -1.000000000000000000 ) ) ;
#3140 = CARTESIAN_POINT ( 'NONE',  ( -8.800372096053113324, -114.5791558493638576, -2.999990028774159878 ) ) ;
#3141 = DIRECTION ( 'NONE',  ( -1.832864918100701093E-46, 1.959217102279369698E-16, -1.000000000000000000 ) ) ;
#3142 = FACE_OUTER_BOUND ( 'NONE', #376, .T. ) ;
#3143 = ORIENTED_EDGE ( 'NONE', *, *, #3561, .T. ) ;
#3144 = CARTESIAN_POINT ( 'NONE',  ( 18.74251924541956527, -115.4006706275925325, 38.83704350401180960 ) ) ;
#3145 = CIRCLE ( 'NONE', #2980, 4.549999999999999822 ) ;
#3146 = CARTESIAN_POINT ( 'NONE',  ( -7.537121567729718308, -114.9999999478460069, 13.75000000002044764 ) ) ;
#3147 = CARTESIAN_POINT ( 'NONE',  ( -2.017437120775388504, -7.470639538447684913, 45.80226569885353882 ) ) ;
#3148 = VERTEX_POINT ( 'NONE', #313 ) ;
#3149 = VERTEX_POINT ( 'NONE', #2501 ) ;
#3150 = AXIS2_PLACEMENT_3D ( 'NONE', #2895, #423, #1500 ) ;
#3151 = CIRCLE ( 'NONE', #2865, 4.549999999999999822 ) ;
#3152 = VERTEX_POINT ( 'NONE', #3072 ) ;
#3153 = LINE ( 'NONE', #431, #2537 ) ;
#3154 = EDGE_CURVE ( 'NONE', #1957, #255, #2796, .T. ) ;
#3155 = DIRECTION ( 'NONE',  ( 1.000000000000000000, -3.599519737876700206E-31, 6.612135081886870379E-15 ) ) ;
#3156 = CYLINDRICAL_SURFACE ( 'NONE', #986, 2.500000000000001776 ) ;
#3157 = EDGE_CURVE ( 'NONE', #286, #1539, #1330, .T. ) ;
#3158 = PLANE ( 'NONE',  #328 ) ;
#3159 = DIRECTION ( 'NONE',  ( -1.832864918100701093E-46, 1.959217102279369698E-16, -1.000000000000000000 ) ) ;
#3160 = CARTESIAN_POINT ( 'NONE',  ( 19.66282982300435123, -114.9004275273698568, -2.964466931957114415 ) ) ;
#3161 = ORIENTED_EDGE ( 'NONE', *, *, #2465, .F. ) ;
#3162 = EDGE_CURVE ( 'NONE', #2936, #515, #131, .T. ) ;
#3163 = LINE ( 'NONE', #1784, #3205 ) ;
#3164 = DIRECTION ( 'NONE',  ( -1.602749865885598077E-12, 0.000000000000000000, -1.000000000000000000 ) ) ;
#3165 = CARTESIAN_POINT ( 'NONE',  ( -1.986429402304786818, -7.638320827058321605, 45.92313152772958773 ) ) ;
#3166 = ORIENTED_EDGE ( 'NONE', *, *, #871, .F. ) ;
#3167 = ORIENTED_EDGE ( 'NONE', *, *, #1175, .T. ) ;
#3168 = DIRECTION ( 'NONE',  ( 0.000000000000000000, 0.000000000000000000, -1.000000000000000000 ) ) ;
#3169 = ORIENTED_EDGE ( 'NONE', *, *, #1903, .T. ) ;
#3170 = AXIS2_PLACEMENT_3D ( 'NONE', #798, #2192, #835 ) ;
#3171 = CARTESIAN_POINT ( 'NONE',  ( 3.600009199256899883, -23.89999994784669823, 39.00000000000000000 ) ) ;
#3172 = CARTESIAN_POINT ( 'NONE',  ( 9.591180003980154467, -7.076454238498476101, 45.40427554089583140 ) ) ;
#3173 = EDGE_CURVE ( 'NONE', #92, #1096, #3358, .T. ) ;
#3174 = ORGANIZATION ( 'UNSPECIFIED', 'UNSPECIFIED', '' ) ;
#3175 = DIRECTION ( 'NONE',  ( -1.832864918100701093E-46, 1.959217102279369698E-16, -1.000000000000000000 ) ) ;
#3176 = CARTESIAN_POINT ( 'NONE',  ( 5.262878432270538198, -116.3693577022278873, 46.74999999999998579 ) ) ;
#3177 = CARTESIAN_POINT ( 'NONE',  ( -0.02627365459156494679, -19.19705930228926505, 42.29912600916196652 ) ) ;
#3178 = CARTESIAN_POINT ( 'NONE',  ( 19.64284047659509724, -114.8812451477808452, -2.967805200943980815 ) ) ;
#3179 = AXIS2_PLACEMENT_3D ( 'NONE', #2915, #443, #2341 ) ;
#3180 = EDGE_CURVE ( 'NONE', #680, #2260, #1012, .T. ) ;
#3181 = B_SPLINE_CURVE_WITH_KNOTS ( 'NONE', 3,
 ( #542, #1083, #1118, #2735 ),
 .UNSPECIFIED., .F., .F.,
 ( 4, 4 ),
 ( 0.000000000000000000, 1.000000000000000000 ),
 .UNSPECIFIED. ) ;
#3182 = DIRECTION ( 'NONE',  ( 0.000000000000000000, -1.000000000000000000, 0.000000000000000000 ) ) ;
#3183 = CARTESIAN_POINT ( 'NONE',  ( 0.8621749027125310549, -6.910935242490007901, 45.15796972359864725 ) ) ;
#3184 = CARTESIAN_POINT ( 'NONE',  ( 13.49973490446919122, -7.062871715563525221, 42.60732801826436855 ) ) ;
#3185 = CARTESIAN_POINT ( 'NONE',  ( -2.137689626006220145, -10.85223013096387668, 45.22048730576648978 ) ) ;
#3186 = ORIENTED_EDGE ( 'NONE', *, *, #1615, .T. ) ;
#3187 = ORIENTED_EDGE ( 'NONE', *, *, #910, .T. ) ;
#3188 = EDGE_CURVE ( 'NONE', #2662, #1204, #1493, .T. ) ;
#3189 = CARTESIAN_POINT ( 'NONE',  ( -5.037121567709744063, -11.49999994784619872, 26.20000000001644125 ) ) ;
#3190 = ORIENTED_EDGE ( 'NONE', *, *, #1762, .T. ) ;
#3191 = LINE ( 'NONE', #2867, #1048 ) ;
#3192 = CARTESIAN_POINT ( 'NONE',  ( 13.20140967759449957, -18.89999994784669823, 39.00000000000000000 ) ) ;
#3193 = CARTESIAN_POINT ( 'NONE',  ( 9.697399145673687215, -6.837202436313184251, 45.02849705952212389 ) ) ;
#3194 = CARTESIAN_POINT ( 'NONE',  ( 4.141443610312710355, -116.2335419749928604, 45.35231021103130900 ) ) ;
#3195 = DIRECTION ( 'NONE',  ( -1.000000000000000000, 0.000000000000000000, -6.476300976980080082E-15 ) ) ;
#3196 = DIRECTION ( 'NONE',  ( -1.603068372491023297E-12, 0.000000000000000000, -1.000000000000000000 ) ) ;
#3197 = DIRECTION ( 'NONE',  ( -2.220446049250000002E-16, -1.000000000000000000, 3.574656940018424056E-28 ) ) ;
#3198 = DIRECTION ( 'NONE',  ( -1.000000000000000000, 4.322097740251499838E-31, -6.980944644407601102E-15 ) ) ;
#3199 = CARTESIAN_POINT ( 'NONE',  ( -7.537121567712139480, 10.00000005215379950, 24.70000000002045937 ) ) ;
#3200 = DIRECTION ( 'NONE',  ( 1.000000000000000000, -6.374551446412130102E-45, -1.603068372491023297E-12 ) ) ;
#3201 = EDGE_CURVE ( 'NONE', #2828, #893, #2087, .T. ) ;
#3202 = LINE ( 'NONE', #732, #1394 ) ;
#3203 = ORIENTED_EDGE ( 'NONE', *, *, #2305, .F. ) ;
#3204 = VERTEX_POINT ( 'NONE', #2053 ) ;
#3205 = VECTOR ( 'NONE', #422, 1000.000000000000000 ) ;
#3206 = CARTESIAN_POINT ( 'NONE',  ( 12.54319398531137786, -10.32936035725039403, 45.80226569887415877 ) ) ;
#3207 = EDGE_LOOP ( 'NONE', ( #2218, #484, #309, #3389 ) ) ;
#3208 = CYLINDRICAL_SURFACE ( 'NONE', #2358, 4.999999999999997335 ) ;
#3209 = AXIS2_PLACEMENT_3D ( 'NONE', #2459, #2204, #844 ) ;
#3210 = VECTOR ( 'NONE', #2971, 1000.000000000000000 ) ;
#3211 = AXIS2_PLACEMENT_3D ( 'NONE', #2903, #2347, #2187 ) ;
#3212 = EDGE_CURVE ( 'NONE', #909, #2529, #1546, .T. ) ;
#3213 = LINE ( 'NONE', #1835, #824 ) ;
#3214 = CARTESIAN_POINT ( 'NONE',  ( -7.054666769861054121, -116.4999999478460495, 37.30719512577704222 ) ) ;
#3215 = AXIS2_PLACEMENT_3D ( 'NONE', #360, #575, #610 ) ;
#3216 = DIRECTION ( 'NONE',  ( -1.000000000000000000, -3.165304382199309869E-29, 1.602852795204688366E-12 ) ) ;
#3217 = CARTESIAN_POINT ( 'NONE',  ( 5.262878432270539975, -116.4252351684285145, 46.41978993557335542 ) ) ;
#3218 = CARTESIAN_POINT ( 'NONE',  ( -0.02296411992390187326, -19.15849189552531584, 42.41113843599101330 ) ) ;
#3219 = CARTESIAN_POINT ( 'NONE',  ( 19.27701657433747329, -114.5324078345991410, -3.000000000000103473 ) ) ;
#3220 = DIRECTION ( 'NONE',  ( 1.603068372491023297E-12, 3.995004817365800739E-31, 1.000000000000000000 ) ) ;
#3221 = DIRECTION ( 'NONE',  ( 9.355088397137460852E-31, -1.000000000000000000, -1.959217102279369698E-16 ) ) ;
#3222 = CARTESIAN_POINT ( 'NONE',  ( 7.013299192564741880, -116.3975293853875002, 43.85465606474824085 ) ) ;
#3223 = LINE ( 'NONE', #751, #1907 ) ;
#3224 = EDGE_LOOP ( 'NONE', ( #3331, #1042, #3422, #1456 ) ) ;
#3225 = ORIENTED_EDGE ( 'NONE', *, *, #1656, .F. ) ;
#3226 = CARTESIAN_POINT ( 'NONE',  ( 12.46805422256908891, -7.922176710227524232, 46.08229504850594083 ) ) ;
#3227 = ORIENTED_EDGE ( 'NONE', *, *, #2305, .T. ) ;
#3228 = DATE_TIME_ROLE ( 'classification_date' ) ;
#3229 = ADVANCED_FACE ( 'NONE', ( #1227 ), #3156, .T. ) ;
#3230 = CARTESIAN_POINT ( 'NONE',  ( 3.900292656872484276, -32.96186079236771604, 45.51838173848982905 ) ) ;
#3231 = ORIENTED_EDGE ( 'NONE', *, *, #424, .T. ) ;
#3232 = CARTESIAN_POINT ( 'NONE',  ( -7.458663894814462125, -116.1571225726278840, 38.23501200676571443 ) ) ;
#3233 = EDGE_CURVE ( 'NONE', #2981, #341, #1032, .T. ) ;
#3234 = CARTESIAN_POINT ( 'NONE',  ( 3.504139362725584128, -32.66155986173301073, 44.09410314178374790 ) ) ;
#3235 = DIRECTION ( 'NONE',  ( 0.000000000000000000, 0.000000000000000000, -1.000000000000000000 ) ) ;
#3236 = CARTESIAN_POINT ( 'NONE',  ( -0.01233819128517971327, -19.08599612544756496, 42.63952731847332700 ) ) ;
#3237 = CARTESIAN_POINT ( 'NONE',  ( 19.89188195951363980, -115.1196293819387790, -2.914174533801759726 ) ) ;
#3238 = CC_DESIGN_APPROVAL ( #3460, ( #3486 ) ) ;
#3239 = DIRECTION ( 'NONE',  ( -1.959217102279369698E-16, -1.000000000000000000, 3.144753976324933694E-28 ) ) ;
#3240 = CARTESIAN_POINT ( 'NONE',  ( 0.7439200983449482107, -6.659561631569345330, 44.60458202682480078 ) ) ;
#3241 = CARTESIAN_POINT ( 'NONE',  ( 6.387935457697775377, -116.2327462861320555, 45.34919464071504791 ) ) ;
#3242 = CARTESIAN_POINT ( 'NONE',  ( -2.114286347043740744, -10.76069359422116811, 45.35256756985580751 ) ) ;
#3243 = ORIENTED_EDGE ( 'NONE', *, *, #3340, .T. ) ;
#3244 = VECTOR ( 'NONE', #2349, 1000.000000000000000 ) ;
#3245 = EDGE_LOOP ( 'NONE', ( #2263, #2220, #531, #2588, #3048, #1986, #430, #2962 ) ) ;
#3246 = VECTOR ( 'NONE', #3481, 1000.000000000000000 ) ;
#3247 = CARTESIAN_POINT ( 'NONE',  ( 12.41112376317633803, -8.480692217364037333, 46.27074645170362999 ) ) ;
#3248 = ORIENTED_EDGE ( 'NONE', *, *, #1257, .F. ) ;
#3249 = CALENDAR_DATE ( 2026, 30, 8 ) ;
#3250 = ORIENTED_EDGE ( 'NONE', *, *, #1741, .F. ) ;
#3251 = EDGE_CURVE ( 'NONE', #1108, #3455, #1375, .T. ) ;
#3252 = DIRECTION ( 'NONE',  ( 9.695610183446549272E-17, -1.000000000000000000, -8.396644724052568724E-17 ) ) ;
#3253 = CARTESIAN_POINT ( 'NONE',  ( 18.06287843227046253, 10.00000005215379950, 13.74999999997940314 ) ) ;
#3254 = DIRECTION ( 'NONE',  ( 1.000000000000000000, -1.959217102279369698E-16, -1.603068372491023297E-12 ) ) ;
#3255 = ADVANCED_FACE ( 'NONE', ( #3268 ), #2681, .T. ) ;
#3256 = DIRECTION ( 'NONE',  ( 1.822445308464805206E-15, 0.000000000000000000, -1.000000000000000000 ) ) ;
#3257 = CARTESIAN_POINT ( 'NONE',  ( 3.132645915152339366, -114.6524633878592994, -8.737819595167204412 ) ) ;
#3258 = DIRECTION ( 'NONE',  ( 0.000000000000000000, 0.000000000000000000, 1.000000000000000000 ) ) ;
#3259 = CARTESIAN_POINT ( 'NONE',  ( -2.106188495293928487, -10.72836411620788155, 45.39591788056269905 ) ) ;
#3260 = ORIENTED_EDGE ( 'NONE', *, *, #2700, .F. ) ;
#3261 = ORIENTED_EDGE ( 'NONE', *, *, #3154, .F. ) ;
#3262 = CARTESIAN_POINT ( 'NONE',  ( 9.280025783757217539, -8.047895673631220603, 41.86334609152334707 ) ) ;
#3263 = CARTESIAN_POINT ( 'NONE',  ( 1.715947105522093619, -22.10441384360983719, 39.33351329169227029 ) ) ;
#3264 = ORIENTED_EDGE ( 'NONE', *, *, #687, .F. ) ;
#3265 = DATE_AND_TIME ( #3249, #1217 ) ;
#3266 = VECTOR ( 'NONE', #419, 1000.000000000000000 ) ;
#3267 = ORIENTED_EDGE ( 'NONE', *, *, #932, .F. ) ;
#3268 = FACE_OUTER_BOUND ( 'NONE', #444, .T. ) ;
#3269 = ADVANCED_FACE ( 'NONE', ( #2155 ), #3015, .F. ) ;
#3270 = CARTESIAN_POINT ( 'NONE',  ( -5.037121567729717420, -114.9999999478460069, 13.75000000001643308 ) ) ;
#3271 = DIRECTION ( 'NONE',  ( 9.355088397137460852E-31, -1.000000000000000000, -1.959217102279369698E-16 ) ) ;
#3272 = VECTOR ( 'NONE', #855, 1000.000000000000000 ) ;
#3273 = EDGE_CURVE ( 'NONE', #3204, #812, #2444, .T. ) ;
#3274 = DIRECTION ( 'NONE',  ( -2.775557561562985028E-17, 1.000000000000000000, 1.959217102279369698E-16 ) ) ;
#3275 = CARTESIAN_POINT ( 'NONE',  ( -3.222090041391185711, -10.32694704662280394, 42.19606431130978308 ) ) ;
#3276 = DIRECTION ( 'NONE',  ( -1.832864918100700704E-46, 1.959217102279369698E-16, -1.000000000000000000 ) ) ;
#3277 = ORIENTED_EDGE ( 'NONE', *, *, #3162, .F. ) ;
#3278 = ORIENTED_EDGE ( 'NONE', *, *, #1008, .T. ) ;
#3279 = EDGE_CURVE ( 'NONE', #341, #733, #2755, .T. ) ;
#3280 = CARTESIAN_POINT ( 'NONE',  ( -11.03712156772932218, -116.4813394167322542, -1.430183998283618863 ) ) ;
#3281 = ORIENTED_EDGE ( 'NONE', *, *, #2912, .F. ) ;
#3282 = ORIENTED_EDGE ( 'NONE', *, *, #2848, .T. ) ;
#3283 = DATE_AND_TIME ( #2462, #588 ) ;
#3284 = ORIENTED_EDGE ( 'NONE', *, *, #1423, .T. ) ;
#3285 = B_SPLINE_CURVE_WITH_KNOTS ( 'NONE', 3,
 ( #1724, #886, #854, #347, #2520, #3084, #1999, #597, #3120, #2794, #1946, #1707, #3051, #3070, #615, #2815, #2284, #2556, #95, #381, #1673, #1441, #2538, #2776, #3395, #1742, #366, #79, #919, #1190, #3103, #3324, #1963, #2231, #2499, #1476, #1173, #579, #2832, #2017, #1690, #2266, #3375, #2850, #2212, #45, #1139, #3341, #869, #2942, #685, #182, #1814 ),
 .UNSPECIFIED., .F., .F.,
 ( 4, 2, 2, 2, 2, 2, 2, 1, 2, 2, 1, 2, 2, 2, 2, 2, 2, 2, 2, 2, 2, 2, 2, 2, 2, 1, 2, 4 ),
 ( 0.000000000000000000, 0.04166698455811194274, 0.08333396911622388548, 0.1041674613952798950, 0.1145842075348078998, 0.1250009536743359184, 0.1666679382324433578, 0.1770846843719703634, 0.1822930574417332417, 0.1875014305114960922, 0.2083349227905474388, 0.2291684150695987299, 0.2395851612091242921, 0.2500019073486497989, 0.2916688919067513264, 0.3125023841858018958, 0.3333358764648524653, 0.4166698455810547430, 0.4270865917205805551, 0.4375033378601062561, 0.4583368301391586574, 0.5000038146972644038, 0.5416707992553703166, 0.5833377838134761184, 0.6250047683715819202, 0.6458382606506347656, 0.6562550067901611328, 0.6666717529296876110 ),
 .UNSPECIFIED. ) ;
#3286 = CARTESIAN_POINT ( 'NONE',  ( -5.037121567709733405, 8.500000052153820818, 26.20000000001644125 ) ) ;
#3287 = CARTESIAN_POINT ( 'NONE',  ( 8.246487555493926536, -22.68127851702833553, 39.14889825010292412 ) ) ;
#3288 = DIRECTION ( 'NONE',  ( 1.000000000000000000, 0.000000000000000000, -1.603068372491023297E-12 ) ) ;
#3289 = DIRECTION ( 'NONE',  ( 0.000000000000000000, -1.000000000000000000, 0.000000000000000000 ) ) ;
#3290 = EDGE_CURVE ( 'NONE', #1406, #1735, #3181, .T. ) ;
#3291 = CARTESIAN_POINT ( 'NONE',  ( 3.320656104865402192, -116.4999999478460353, -6.179455278207713675 ) ) ;
#3292 = PLANE ( 'NONE',  #2050 ) ;
#3293 = CARTESIAN_POINT ( 'NONE',  ( -5.037121567707973036, 8.500000052153820818, 27.30000000001643201 ) ) ;
#3294 = ORIENTED_EDGE ( 'NONE', *, *, #2941, .T. ) ;
#3295 = ORIENTED_EDGE ( 'NONE', *, *, #3251, .T. ) ;
#3296 = EDGE_CURVE ( 'NONE', #1539, #846, #3559, .T. ) ;
#3297 = VECTOR ( 'NONE', #2626, 1000.000000000000000 ) ;
#3298 = CARTESIAN_POINT ( 'NONE',  ( 9.470179559941021452, -7.385887454327305868, 42.26685659363621284 ) ) ;
#3299 = CARTESIAN_POINT ( 'NONE',  ( -9.325114903717384607, -34.49999994784597135, 53.99723507312020132 ) ) ;
#3300 = ORIENTED_EDGE ( 'NONE', *, *, #2227, .T. ) ;
#3301 = DATE_AND_TIME ( #1849, #1560 ) ;
#3302 = AXIS2_PLACEMENT_3D ( 'NONE', #2224, #1667, #608 ) ;
#3303 = VECTOR ( 'NONE', #800, 1000.000000000000000 ) ;
#3304 = ORIENTED_EDGE ( 'NONE', *, *, #517, .F. ) ;
#3305 = DIRECTION ( 'NONE',  ( 0.9904444530330246410, 3.097720492815726426E-17, -0.1379122382390791657 ) ) ;
#3306 = FACE_OUTER_BOUND ( 'NONE', #2310, .T. ) ;
#3307 = LINE ( 'NONE', #1622, #1026 ) ;
#3308 = CARTESIAN_POINT ( 'NONE',  ( 19.56287843227060108, 0.5485211521307939986, 37.00000000000000000 ) ) ;
#3309 = CARTESIAN_POINT ( 'NONE',  ( -9.037121567729430538, 10.00000005215389898, 39.00000000000000000 ) ) ;
#3310 = CARTESIAN_POINT ( 'NONE',  ( -0.2020365683953501690, -20.57240234104437349, 38.99999999999977263 ) ) ;
#3311 = CARTESIAN_POINT ( 'NONE',  ( -2.390280952858999886, -6.599999947856220572, 44.00000000000000000 ) ) ;
#3312 = ORIENTED_EDGE ( 'NONE', *, *, #2961, .T. ) ;
#3313 = VERTEX_POINT ( 'NONE', #1888 ) ;
#3314 = EDGE_CURVE ( 'NONE', #1600, #395, #7, .T. ) ;
#3315 = CARTESIAN_POINT ( 'NONE',  ( 9.696092664994850452, -6.840266414894766278, 42.97350256750453923 ) ) ;
#3316 = CARTESIAN_POINT ( 'NONE',  ( 1.163861697469257050, -21.48311608206104495, 39.61923500816700283 ) ) ;
#3317 = LINE ( 'NONE', #830, #414 ) ;
#3318 = ORIENTED_EDGE ( 'NONE', *, *, #1353, .T. ) ;
#3319 = CARTESIAN_POINT ( 'NONE',  ( -8.037121567712144810, 8.500000052153820818, 24.70000000002125518 ) ) ;
#3320 = EDGE_CURVE ( 'NONE', #1063, #1668, #2420, .T. ) ;
#3321 = ORIENTED_EDGE ( 'NONE', *, *, #2443, .T. ) ;
#3322 = DIRECTION ( 'NONE',  ( 9.619273283052130854E-31, -1.000000000000000000, -1.959217102279369698E-16 ) ) ;
#3323 = AXIS2_PLACEMENT_3D ( 'NONE', #2743, #226, #2161 ) ;
#3324 = CARTESIAN_POINT ( 'NONE',  ( 1.336995150242039632, -9.196826184927640924, 41.70001294417620130 ) ) ;
#3325 = CARTESIAN_POINT ( 'NONE',  ( 12.52091691790596428, -32.49999994784598556, 39.00000000000002132 ) ) ;
#3326 = CARTESIAN_POINT ( 'NONE',  ( -0.5121215677231366614, -114.9999999478460069, 17.85000000000917808 ) ) ;
#3327 = VECTOR ( 'NONE', #2060, 1000.000000000000000 ) ;
#3328 = CARTESIAN_POINT ( 'NONE',  ( 3.420635360858301777, -116.4999999478460069, -6.060773826815343490 ) ) ;
#3329 = CARTESIAN_POINT ( 'NONE',  ( -2.481105178638650877, -11.20002043693512839, 43.69532166096138326 ) ) ;
#3330 = CARTESIAN_POINT ( 'NONE',  ( 5.262878432270539086, -116.4852899446984793, 45.74999999998661337 ) ) ;
#3331 = ORIENTED_EDGE ( 'NONE', *, *, #578, .T. ) ;
#3332 = ORIENTED_EDGE ( 'NONE', *, *, #1630, .F. ) ;
#3333 = CARTESIAN_POINT ( 'NONE',  ( 9.188732899207348481, -8.748181924775128238, 41.69996375980799996 ) ) ;
#3334 = CARTESIAN_POINT ( 'NONE',  ( 21.09526438361171330, -116.1869878904299327, -2.178483165618037454 ) ) ;
#3335 = CYLINDRICAL_SURFACE ( 'NONE', #1790, 4.549999999999999822 ) ;
#3336 = ORIENTED_EDGE ( 'NONE', *, *, #2733, .T. ) ;
#3337 = EDGE_CURVE ( 'NONE', #3063, #538, #813, .T. ) ;
#3338 = ORIENTED_EDGE ( 'NONE', *, *, #2205, .F. ) ;
#3339 = CARTESIAN_POINT ( 'NONE',  ( 1.292317121045787776, -9.496232652848238587, 46.22211603201672858 ) ) ;
#3340 = EDGE_CURVE ( 'NONE', #1957, #2828, #2702, .T. ) ;
#3341 = CARTESIAN_POINT ( 'NONE',  ( 0.7276242726762882640, -11.17008844177720839, 43.62627394120153212 ) ) ;
#3342 = CARTESIAN_POINT ( 'NONE',  ( -10.35320012158685543, -116.0137890442018289, -2.389799068422628459 ) ) ;
#3343 = FACE_OUTER_BOUND ( 'NONE', #252, .T. ) ;
#3344 = ADVANCED_FACE ( 'NONE', ( #256 ), #834, .F. ) ;
#3345 = CARTESIAN_POINT ( 'NONE',  ( -9.538545318326853817, -115.2837442647688704, -2.861341674649541922 ) ) ;
#3346 = CARTESIAN_POINT ( 'NONE',  ( -7.537121567720904025, -114.9999999478460069, 19.25000000002044231 ) ) ;
#3347 = CARTESIAN_POINT ( 'NONE',  ( 9.663581961830765010, -10.88906465323166550, 45.15796972359020600 ) ) ;
#3348 = ORIENTED_EDGE ( 'NONE', *, *, #1020, .T. ) ;
#3349 = LINE ( 'NONE', #3386, #2449 ) ;
#3350 = CARTESIAN_POINT ( 'NONE',  ( 21.32314859984794353, -116.3515883507993323, -1.886630992688592023 ) ) ;
#3351 = DIRECTION ( 'NONE',  ( -1.603068372491023297E-12, -3.995004817365800739E-31, -1.000000000000000000 ) ) ;
#3352 = ORIENTED_EDGE ( 'NONE', *, *, #2827, .T. ) ;
#3353 = DIRECTION ( 'NONE',  ( -5.329070518200429736E-16, -1.000000000000000000, 8.546859407318822576E-28 ) ) ;
#3354 = CIRCLE ( 'NONE', #2478, 16.99999999999997868 ) ;
#3355 = ORIENTED_EDGE ( 'NONE', *, *, #476, .F. ) ;
#3356 = CARTESIAN_POINT ( 'NONE',  ( 0.9361042546159079603, -10.71855429311613506, 45.40802923747845199 ) ) ;
#3357 = VECTOR ( 'NONE', #2309, 1000.000000000000000 ) ;
#3358 = B_SPLINE_CURVE_WITH_KNOTS ( 'NONE', 3,
 ( #166, #3214, #3429, #1260, #1276, #721, #3232, #686, #1241, #2350, #2317, #2663, #2067, #3446, #1294, #2644, #2944, #3463, #1527, #954, #470, #2906 ),
 .UNSPECIFIED., .F., .F.,
 ( 4, 2, 2, 2, 2, 2, 2, 2, 2, 2, 4 ),
 ( 0.000000000000000000, 0.0004615370548597939361, 0.0009230741097195878722, 0.001384611164579381591, 0.001846148219439175744, 0.002769222329158773158, 0.003230759384018586609, 0.003461527911448496371, 0.003576912175163451252, 0.003634604307020914814, 0.003692296438878378377 ),
 .UNSPECIFIED. ) ;
#3359 = EDGE_CURVE ( 'NONE', #831, #2606, #1922, .T. ) ;
#3360 = LINE ( 'NONE', #633, #1332 ) ;
#3361 = DIRECTION ( 'NONE',  ( -3.165304382199374329E-29, 1.000000000000000000, -3.995004816858373925E-31 ) ) ;
#3362 = CARTESIAN_POINT ( 'NONE',  ( 5.262878432270873930, 10.00000005215330923, -5.862710456145643789 ) ) ;
#3363 = CARTESIAN_POINT ( 'NONE',  ( 16.81287843227271850, -28.99999994784619872, 15.14999999998140723 ) ) ;
#3364 = CARTESIAN_POINT ( 'NONE',  ( -8.716613492040350408, -114.4999999478460069, -3.000000000000250022 ) ) ;
#3365 = CARTESIAN_POINT ( 'NONE',  ( 20.87898083359704060, -116.0129503436431122, -2.389802130821111259 ) ) ;
#3366 = ORIENTED_EDGE ( 'NONE', *, *, #1923, .F. ) ;
#3367 = CARTESIAN_POINT ( 'NONE',  ( 18.15473290800076711, -115.9951530396593427, 38.44059983401837854 ) ) ;
#3368 = FACE_OUTER_BOUND ( 'NONE', #2256, .T. ) ;
#3369 = ORIENTED_EDGE ( 'NONE', *, *, #1521, .T. ) ;
#3370 = ORIENTED_EDGE ( 'NONE', *, *, #494, .T. ) ;
#3371 = DIRECTION ( 'NONE',  ( 2.775557561562985028E-17, -1.000000000000000000, -1.959217102279369698E-16 ) ) ;
#3372 = PRODUCT_DEFINITION_SHAPE ( 'NONE', 'NONE',  #3486 ) ;
#3373 = ORIENTED_EDGE ( 'NONE', *, *, #2696, .F. ) ;
#3374 = CARTESIAN_POINT ( 'NONE',  ( 1.208603481372313437, -9.921299703420949356, 46.06630230265771075 ) ) ;
#3375 = CARTESIAN_POINT ( 'NONE',  ( 0.9350814666602050851, -10.72274076065330739, 42.58963052039344177 ) ) ;
#3376 = LINE ( 'NONE', #2795, #1877 ) ;
#3377 = DIRECTION ( 'NONE',  ( 1.959217102279369945E-16, 1.000000000000000000, -3.154109064722071479E-28 ) ) ;
#3378 = EDGE_CURVE ( 'NONE', #1108, #1735, #506, .T. ) ;
#3379 = DIRECTION ( 'NONE',  ( 0.000000000000000000, 0.000000000000000000, 1.000000000000000000 ) ) ;
#3380 = DIRECTION ( 'NONE',  ( 0.9904444530330246410, 0.000000000000000000, -0.1379122382390791657 ) ) ;
#3381 = CARTESIAN_POINT ( 'NONE',  ( 6.403597405918043606, -32.76794914027709638, 45.32712479562418650 ) ) ;
#3382 = ORIENTED_EDGE ( 'NONE', *, *, #1741, .T. ) ;
#3383 = VECTOR ( 'NONE', #86, 1000.000000000000227 ) ;
#3384 = ADVANCED_FACE ( 'NONE', ( #2429 ), #1854, .T. ) ;
#3385 = VECTOR ( 'NONE', #1964, 1000.000000000000000 ) ;
#3386 = CARTESIAN_POINT ( 'NONE',  ( -11.03712156772932218, -116.4999999478460069, -1.430183998283618863 ) ) ;
#3387 = DIRECTION ( 'NONE',  ( 4.322097740253710386E-31, 1.000000000000000000, -3.165304382199309869E-29 ) ) ;
#3388 = DIRECTION ( 'NONE',  ( -3.165304382199374329E-29, 1.000000000000000000, -3.995004816858373925E-31 ) ) ;
#3389 = ORIENTED_EDGE ( 'NONE', *, *, #207, .F. ) ;
#3390 = ORIENTED_EDGE ( 'NONE', *, *, #2003, .F. ) ;
#3391 = VECTOR ( 'NONE', #939, 1000.000000000000000 ) ;
#3392 = EDGE_CURVE ( 'NONE', #533, #1646, #779, .T. ) ;
#3393 = ORIENTED_EDGE ( 'NONE', *, *, #2315, .T. ) ;
#3394 = CARTESIAN_POINT ( 'NONE',  ( -5.037121567707973036, 8.500000052153820818, 27.30000000001643201 ) ) ;
#3395 = CARTESIAN_POINT ( 'NONE',  ( 1.230381546689111261, -7.978196607900840398, 41.89245451315655799 ) ) ;
#3396 = CARTESIAN_POINT ( 'NONE',  ( 19.56287843229389978, -116.4999999478460069, 28.29999999979032665 ) ) ;
#3397 = CARTESIAN_POINT ( 'NONE',  ( 6.625464207668615657, -32.96186079236771604, 45.51838173848980063 ) ) ;
#3398 = CARTESIAN_POINT ( 'NONE',  ( -9.075503713334562406, -114.8424418109271841, -2.974192271425311063 ) ) ;
#3399 = DIRECTION ( 'NONE',  ( -1.000000000000000000, 0.000000000000000000, -6.100126508929431957E-15 ) ) ;
#3400 = CARTESIAN_POINT ( 'NONE',  ( 9.812878432270549567, -11.19999994785599995, 44.00000000000000000 ) ) ;
#3401 = VERTEX_POINT ( 'NONE', #918 ) ;
#3402 = CARTESIAN_POINT ( 'NONE',  ( 19.05444695989866943, -115.0737505428293304, 38.93737630461209420 ) ) ;
#3403 = CARTESIAN_POINT ( 'NONE',  ( 11.03787843227931731, -114.9999999478460069, 19.24999999999066702 ) ) ;
#3404 = EDGE_CURVE ( 'NONE', #2152, #3029, #2793, .T. ) ;
#3405 = CARTESIAN_POINT ( 'NONE',  ( -1.921318884233246482, -8.066165758366675931, 46.15430584148379722 ) ) ;
#3406 = EDGE_LOOP ( 'NONE', ( #2530, #1452, #1381, #1010 ) ) ;
#3407 = ORIENTED_EDGE ( 'NONE', *, *, #3073, .F. ) ;
#3408 = EDGE_CURVE ( 'NONE', #2694, #680, #1458, .T. ) ;
#3409 = VERTEX_POINT ( 'NONE', #327 ) ;
#3410 = CARTESIAN_POINT ( 'NONE',  ( 6.303253785410532828, -115.7868792931559909, 46.55240672686341696 ) ) ;
#3411 = VECTOR ( 'NONE', #433, 1000.000000000000000 ) ;
#3412 = CARTESIAN_POINT ( 'NONE',  ( -6.556676238269111501, -33.52525784231217898, 38.99999999999987921 ) ) ;
#3413 = CARTESIAN_POINT ( 'NONE',  ( 7.176117578573524725, -34.49999994784597135, 45.97535211267607025 ) ) ;
#3414 = VECTOR ( 'NONE', #888, 1000.000000000000000 ) ;
#3415 = DIRECTION ( 'NONE',  ( -1.959217102279369945E-16, -1.000000000000000000, -1.327403839152458334E-30 ) ) ;
#3416 = DIRECTION ( 'NONE',  ( -1.602749865885598077E-12, -3.995004817365700896E-31, -1.000000000000000000 ) ) ;
#3417 = PLANE ( 'NONE',  #2892 ) ;
#3418 = ORIENTED_EDGE ( 'NONE', *, *, #1133, .T. ) ;
#3419 = CARTESIAN_POINT ( 'NONE',  ( 7.314208316604138282, -116.4999999478460353, -6.311485412950159635 ) ) ;
#3420 = CARTESIAN_POINT ( 'NONE',  ( -9.037121567729419880, 0.5485211521307939986, 39.00000000000000000 ) ) ;
#3421 = DIRECTION ( 'NONE',  ( 1.567653757339384746E-17, -1.000000000000000000, -1.981045548871854928E-16 ) ) ;
#3422 = ORIENTED_EDGE ( 'NONE', *, *, #3233, .F. ) ;
#3423 = VERTEX_POINT ( 'NONE', #1440 ) ;
#3424 = EDGE_CURVE ( 'NONE', #1163, #1253, #1100, .T. ) ;
#3425 = EDGE_LOOP ( 'NONE', ( #1789, #788, #463, #1681 ) ) ;
#3426 = CARTESIAN_POINT ( 'NONE',  ( 7.712878432270559692, -23.89999994784669823, 44.00000000000000000 ) ) ;
#3427 = EDGE_CURVE ( 'NONE', #1668, #1581, #43, .T. ) ;
#3428 = CARTESIAN_POINT ( 'NONE',  ( 15.56287843229050338, 8.500000052153810159, 26.19999999998342233 ) ) ;
#3429 = CARTESIAN_POINT ( 'NONE',  ( -7.084192938180747134, -116.4819418186185658, 37.45712236580456533 ) ) ;
#3430 = DIRECTION ( 'NONE',  ( -1.000000000000000000, 0.000000000000000000, -6.100126508929431957E-15 ) ) ;
#3431 = DIRECTION ( 'NONE',  ( 9.355088397137460852E-31, -1.000000000000000000, -1.959217102279369698E-16 ) ) ;
#3432 = FACE_BOUND ( 'NONE', #1357, .T. ) ;
#3433 = ORIENTED_EDGE ( 'NONE', *, *, #668, .T. ) ;
#3434 = CARTESIAN_POINT ( 'NONE',  ( 12.66287843227090093, -116.4999999478460069, -0.3000000000001319944 ) ) ;
#3435 = VECTOR ( 'NONE', #69, 1000.000000000000000 ) ;
#3436 = CARTESIAN_POINT ( 'NONE',  ( 10.52568521875277696, -19.04385513336426783, 42.79759766684394151 ) ) ;
#3437 = CARTESIAN_POINT ( 'NONE',  ( 12.71386256050790031, -11.03620215031851259, 44.87167101400970637 ) ) ;
#3438 = ORIENTED_EDGE ( 'NONE', *, *, #540, .T. ) ;
#3439 = ORIENTED_EDGE ( 'NONE', *, *, #476, .T. ) ;
#3440 = AXIS2_PLACEMENT_3D ( 'NONE', #1890, #3017, #2193 ) ;
#3441 = ORIENTED_EDGE ( 'NONE', *, *, #3392, .T. ) ;
#3442 = CC_DESIGN_PERSON_AND_ORGANIZATION_ASSIGNMENT ( #1867, #253, ( #2014 ) ) ;
#3443 =( LENGTH_UNIT ( ) NAMED_UNIT ( * ) SI_UNIT ( .MILLI., .METRE. ) );
#3444 = CARTESIAN_POINT ( 'NONE',  ( 5.262878432270877482, -122.4999999478460069, -9.362710456145670435 ) ) ;
#3445 = EDGE_CURVE ( 'NONE', #2825, #1916, #2517, .T. ) ;
#3446 = CARTESIAN_POINT ( 'NONE',  ( -8.791131850145422533, -114.7953507646793696, 38.98553339256029204 ) ) ;
#3447 = DIRECTION ( 'NONE',  ( 1.000000000000000000, 3.165304382199309869E-29, -1.603068372491023297E-12 ) ) ;
#3448 = LINE ( 'NONE', #3483, #384 ) ;
#3449 = CYLINDRICAL_SURFACE ( 'NONE', #1998, 1.750000000000001554 ) ;
#3450 = EDGE_CURVE ( 'NONE', #102, #1273, #877, .T. ) ;
#3451 = CARTESIAN_POINT ( 'NONE',  ( 15.56287843229050338, 10.00000005215379950, 26.19999999998342233 ) ) ;
#3452 = CARTESIAN_POINT ( 'NONE',  ( 1.274264415000301298, -8.193976204039051581, 46.18943362415600973 ) ) ;
#3453 = DIRECTION ( 'NONE',  ( 1.000000000000000000, 3.165304382199309869E-29, -1.603068372491023297E-12 ) ) ;
#3454 = CARTESIAN_POINT ( 'NONE',  ( -1.949058989637433292, -9.926243495656581928, 46.05879824806426370 ) ) ;
#3455 = VERTEX_POINT ( 'NONE', #577 ) ;
#3456 = ORIENTED_EDGE ( 'NONE', *, *, #233, .F. ) ;
#3457 = CARTESIAN_POINT ( 'NONE',  ( 12.66345485681474692, -10.85225505062718376, 45.22043803958955976 ) ) ;
#3458 = EDGE_LOOP ( 'NONE', ( #1730, #2553, #42, #851 ) ) ;
#3459 = CARTESIAN_POINT ( 'NONE',  ( 19.85087176825845390, -32.49999994784597135, 53.99723507312019422 ) ) ;
#3460 = APPROVAL ( #3012, 'UNSPECIFIED' ) ;
#3461 = CARTESIAN_POINT ( 'NONE',  ( 5.262878432270873930, 10.00000005215330923, -7.612710456145643789 ) ) ;
#3462 = AXIS2_PLACEMENT_3D ( 'NONE', #2370, #2104, #1796 ) ;
#3463 = CARTESIAN_POINT ( 'NONE',  ( -8.987492300194054096, -114.5814015851058514, 38.99942518036601768 ) ) ;
#3464 = EDGE_CURVE ( 'NONE', #2529, #1885, #1978, .T. ) ;
#3465 = CARTESIAN_POINT ( 'NONE',  ( 3.533389430664557462, -116.2872656514525715, 44.30731682216219269 ) ) ;
#3466 = DIRECTION ( 'NONE',  ( 1.609882366304660195E-12, -6.458627165704280737E-43, 1.000000000000000000 ) ) ;
#3467 = CYLINDRICAL_SURFACE ( 'NONE', #333, 14.99999999999999289 ) ;
#3468 = DIRECTION ( 'NONE',  ( 0.000000000000000000, 0.000000000000000000, -1.000000000000000000 ) ) ;
#3469 = EDGE_CURVE ( 'NONE', #2618, #587, #346, .T. ) ;
#3470 = CARTESIAN_POINT ( 'NONE',  ( 21.56287843227066148, -116.4811642072285451, -1.430183998284401792 ) ) ;
#3471 = VECTOR ( 'NONE', #14, 1000.000000000000000 ) ;
#3472 = CARTESIAN_POINT ( 'NONE',  ( 15.56287843229197598, 8.500000052153810159, 27.29999999998342020 ) ) ;
#3473 = PLANE ( 'NONE',  #617 ) ;
#3474 = DIRECTION ( 'NONE',  ( 0.000000000000000000, 0.000000000000000000, -1.000000000000000000 ) ) ;
#3475 = ORIENTED_EDGE ( 'NONE', *, *, #125, .F. ) ;
#3476 = ORIENTED_EDGE ( 'NONE', *, *, #2563, .F. ) ;
#3477 = CARTESIAN_POINT ( 'NONE',  ( 12.56737637600920721, -7.346149568183534484, 45.70843913067542275 ) ) ;
#3478 = VERTEX_POINT ( 'NONE', #310 ) ;
#3479 = DIRECTION ( 'NONE',  ( -9.355088397137460852E-31, 1.000000000000000000, 1.959217102279369698E-16 ) ) ;
#3480 = DIRECTION ( 'NONE',  ( -3.165304382199374329E-29, 1.000000000000000000, -3.995004816858373925E-31 ) ) ;
#3481 = DIRECTION ( 'NONE',  ( -1.000000000000000000, -3.165304382199309869E-29, 1.603068372491023297E-12 ) ) ;
#3482 = CARTESIAN_POINT ( 'NONE',  ( 7.330459393037976668, 10.00000005215330923, -8.848621377813627120 ) ) ;
#3483 = CARTESIAN_POINT ( 'NONE',  ( -2.165454965477140004, 0.5485211521307939986, 45.03434178679309952 ) ) ;
#3484 = CARTESIAN_POINT ( 'NONE',  ( 18.06287843227271850, -114.9999999478460069, 15.14999999997940350 ) ) ;
#3485 = DIRECTION ( 'NONE',  ( 9.355088397137460852E-31, -1.000000000000000000, -1.959217102279369698E-16 ) ) ;
#3486 = PRODUCT_DEFINITION ( 'UNKNOWN', '', #1501, #2579 ) ;
#3487 = CARTESIAN_POINT ( 'NONE',  ( -7.537121567755426632, 10.00000005215379950, -2.299999999979603249 ) ) ;
#3488 = VECTOR ( 'NONE', #2248, 1000.000000000000000 ) ;
#3489 = PLANE ( 'NONE',  #1017 ) ;
#3490 = CARTESIAN_POINT ( 'NONE',  ( 14.00597652975202223, -9.659222812476311759, 41.82366838973717194 ) ) ;
#3491 = DIRECTION ( 'NONE',  ( -1.603068372491023297E-12, -3.995004817365800739E-31, -1.000000000000000000 ) ) ;
#3492 = ORIENTED_EDGE ( 'NONE', *, *, #410, .F. ) ;
#3493 = VERTEX_POINT ( 'NONE', #93 ) ;
#3494 = EDGE_CURVE ( 'NONE', #3149, #3152, #1752, .T. ) ;
#3495 = AXIS2_PLACEMENT_3D ( 'NONE', #2390, #2354, #1529 ) ;
#3496 = DIRECTION ( 'NONE',  ( -6.813993813636899845E-15, 3.165304382199309869E-29, 1.000000000000000000 ) ) ;
#3497 = CARTESIAN_POINT ( 'NONE',  ( 13.20140967759449957, -18.89999994784669468, 39.00000000000000000 ) ) ;
#3498 = ORIENTED_EDGE ( 'NONE', *, *, #885, .T. ) ;
#3499 = ADVANCED_FACE ( 'NONE', ( #1689 ), #3208, .F. ) ;
#3500 = CIRCLE ( 'NONE', #1934, 7.000000000000002665 ) ;
#3501 = CIRCLE ( 'NONE', #795, 7.000000000000001776 ) ;
#3502 = CARTESIAN_POINT ( 'NONE',  ( 3.367615014999505885, -34.15071112840218603, 45.96075805632646194 ) ) ;
#3503 = ORIENTED_EDGE ( 'NONE', *, *, #3109, .F. ) ;
#3504 = DIRECTION ( 'NONE',  ( 1.603068372491023297E-12, 3.995004817365800739E-31, 1.000000000000000000 ) ) ;
#3505 = CIRCLE ( 'NONE', #1142, 15.13358553068783863 ) ;
#3506 = CARTESIAN_POINT ( 'NONE',  ( 3.668749770171714886, -116.4999999478458363, 43.26164015892532433 ) ) ;
#3507 = CARTESIAN_POINT ( 'NONE',  ( 4.410937938636431355, -115.9320621716263560, 46.62281699801069834 ) ) ;
#3508 = DIRECTION ( 'NONE',  ( 9.355088397137460852E-31, -1.000000000000000000, -1.959217102279369698E-16 ) ) ;
#3509 = DIRECTION ( 'NONE',  ( -1.000000000000000000, 2.220446049250000002E-16, 1.603068372491023297E-12 ) ) ;
#3510 = LINE ( 'NONE', #1797, #3391 ) ;
#3511 = LINE ( 'NONE', #1037, #1706 ) ;
#3512 = DIRECTION ( 'NONE',  ( 0.000000000000000000, 0.000000000000000000, -1.000000000000000000 ) ) ;
#3513 = DIRECTION ( 'NONE',  ( -1.603068372491023297E-12, -3.995004817365800739E-31, -1.000000000000000000 ) ) ;
#3514 = CARTESIAN_POINT ( 'NONE',  ( -1.885366898636789301, -9.319307678381148818, 46.27074645169862777 ) ) ;
#3515 = EDGE_LOOP ( 'NONE', ( #1887, #2079, #3295, #302, #201, #3260, #1736, #2404, #3369, #361 ) ) ;
#3516 = ORIENTED_EDGE ( 'NONE', *, *, #3068, .F. ) ;
#3517 = ADVANCED_FACE ( 'NONE', ( #1833 ), #2902, .F. ) ;
#3518 = DIRECTION ( 'NONE',  ( 9.355088397137460852E-31, -1.000000000000000000, -1.959217102279369698E-16 ) ) ;
#3519 = EDGE_LOOP ( 'NONE', ( #662, #3243, #306, #3113 ) ) ;
#3520 = APPLICATION_PROTOCOL_DEFINITION ( 'international standard', 'config_control_design', 1994, #25 ) ;
#3521 = ORIENTED_EDGE ( 'NONE', *, *, #2052, .F. ) ;
#3522 = CARTESIAN_POINT ( 'NONE',  ( -9.098566136708308605, 0.5485211521307939986, 45.99972745446670785 ) ) ;
#3523 = CARTESIAN_POINT ( 'NONE',  ( 3.921904551195463551, -116.1947810336087485, 45.13496608629228035 ) ) ;
#3524 = DIRECTION ( 'NONE',  ( -9.355088397137460852E-31, 1.000000000000000000, 1.959217102279369698E-16 ) ) ;
#3525 = CARTESIAN_POINT ( 'NONE',  ( 0.3627937114727954881, -20.35858937262158364, 40.47034271233980007 ) ) ;
#3526 = FACE_OUTER_BOUND ( 'NONE', #1596, .T. ) ;
#3527 = VECTOR ( 'NONE', #1426, 1000.000000000000000 ) ;
#3528 = CARTESIAN_POINT ( 'NONE',  ( 3.028711103507397695, -116.3677572461630803, -6.701227180864393951 ) ) ;
#3529 = CARTESIAN_POINT ( 'NONE',  ( 13.11668111147701232, -11.14236557324668198, 43.40286103240845961 ) ) ;
#3530 = FACE_OUTER_BOUND ( 'NONE', #345, .T. ) ;
#3531 = ORIENTED_EDGE ( 'NONE', *, *, #1806, .T. ) ;
#3532 = AXIS2_PLACEMENT_3D ( 'NONE', #2332, #1795, #1545 ) ;
#3533 = ORIENTED_EDGE ( 'NONE', *, *, #3566, .F. ) ;
#3534 = CIRCLE ( 'NONE', #594, 2.500000000000000444 ) ;
#3535 = DIRECTION ( 'NONE',  ( 1.000000000000000000, 3.165304382199309869E-29, -1.603068372491023297E-12 ) ) ;
#3536 = ORIENTED_EDGE ( 'NONE', *, *, #400, .T. ) ;
#3537 = APPROVAL_ROLE ( '' ) ;
#3538 = EDGE_CURVE ( 'NONE', #3148, #680, #3191, .T. ) ;
#3539 = VERTEX_POINT ( 'NONE', #665 ) ;
#3540 = DIRECTION ( 'NONE',  ( -0.6546536707079718687, 0.000000000000000000, -0.7559289460184589471 ) ) ;
#3541 = ADVANCED_FACE ( 'NONE', ( #2592 ), #1291, .T. ) ;
#3542 =( BOUNDED_CURVE ( )  B_SPLINE_CURVE ( 2, ( #529, #3037, #2487, #263 ),
 .UNSPECIFIED., .F., .T. ) 
 B_SPLINE_CURVE_WITH_KNOTS ( ( 3, 1, 3 ),
 ( 8.557254003448591106, 14.38334823941449869, 14.57429444269799923 ),
 .UNSPECIFIED. ) 
 CURVE ( )  GEOMETRIC_REPRESENTATION_ITEM ( )  RATIONAL_B_SPLINE_CURVE ( ( 6.915249222721799427, 8.097621504299510775, 8.149703949430369576, 8.150140864133071261 ) ) 
 REPRESENTATION_ITEM ( '' )  );
#3543 = CARTESIAN_POINT ( 'NONE',  ( -0.5121215677274630895, -114.9999999478460069, 15.15000000000917701 ) ) ;
#3544 = FACE_OUTER_BOUND ( 'NONE', #1565, .T. ) ;
#3545 = CARTESIAN_POINT ( 'NONE',  ( 19.24237035658210004, -114.4999999478460069, -3.000000000000059952 ) ) ;
#3546 = EDGE_CURVE ( 'NONE', #1287, #1600, #3153, .T. ) ;
#3547 = LINE ( 'NONE', #1591, #1939 ) ;
#3548 = CARTESIAN_POINT ( 'NONE',  ( -10.84067360854793094, -116.3801243277705595, -1.820286628805950935 ) ) ;
#3549 = FACE_OUTER_BOUND ( 'NONE', #1220, .T. ) ;
#3550 = LINE ( 'NONE', #1952, #2835 ) ;
#3551 = ORIENTED_EDGE ( 'NONE', *, *, #999, .F. ) ;
#3552 = ORIENTED_EDGE ( 'NONE', *, *, #2092, .F. ) ;
#3553 = DIRECTION ( 'NONE',  ( 9.355088397137460852E-31, -1.000000000000000000, -1.959217102279369698E-16 ) ) ;
#3554 = EDGE_LOOP ( 'NONE', ( #3348, #3318, #2010, #1484, #947, #3278 ) ) ;
#3555 = COORDINATED_UNIVERSAL_TIME_OFFSET ( 8, 0, .BEHIND. ) ;
#3556 = EDGE_CURVE ( 'NONE', #1076, #846, #469, .T. ) ;
#3557 = AXIS2_PLACEMENT_3D ( 'NONE', #1950, #3001, #528 ) ;
#3558 = VERTEX_POINT ( 'NONE', #1238 ) ;
#3559 = LINE ( 'NONE', #797, #526 ) ;
#3560 = VECTOR ( 'NONE', #3200, 1000.000000000000000 ) ;
#3561 = EDGE_CURVE ( 'NONE', #1364, #2237, #3354, .T. ) ;
#3562 = CARTESIAN_POINT ( 'NONE',  ( -5.037121567707973036, -11.49999994784619872, 27.30000000001643201 ) ) ;
#3563 = CYLINDRICAL_SURFACE ( 'NONE', #3440, 2.408810253138427004 ) ;
#3564 = CARTESIAN_POINT ( 'NONE',  ( 19.56287843224782819, -116.4999999478460069, -0.3000000000000605516 ) ) ;
#3565 = AXIS2_PLACEMENT_3D ( 'NONE', #2093, #3198, #973 ) ;
#3566 = EDGE_CURVE ( 'NONE', #3423, #663, #475, .T. ) ;
#3567 = CARTESIAN_POINT ( 'NONE',  ( 3.078741877415308803, -114.8502286423470480, -8.629678766276709823 ) ) ;
#3568 = CARTESIAN_POINT ( 'NONE',  ( -3.161283186483318630, -7.358680088215296067, 42.29138852778763180 ) ) ;
#3569 = DIRECTION ( 'NONE',  ( 1.000000000000000000, -3.599519737876700206E-31, 6.612135081886870379E-15 ) ) ;
#3570 = ORIENTED_EDGE ( 'NONE', *, *, #1853, .T. ) ;
#3571 = ORIENTED_EDGE ( 'NONE', *, *, #80, .T. ) ;
ENDSEC;
END-ISO-10303-21;
