ISO-10303-21;
HEADER;
FILE_DESCRIPTION (( 'STEP AP214' ),
    '1' );
FILE_NAME ('sliding_part.STEP',
    '2026-08-31T04:38:25',
    ( '' ),
    ( '' ),
    'SwSTEP 2.0',
    'SolidWorks 2026',
    '' );
FILE_SCHEMA (( 'AUTOMOTIVE_DESIGN' ));
ENDSEC;

DATA;
#1 = CARTESIAN_POINT ( 'NONE',  ( 11.77371345111366097, -28.46311177798599346, -14.83632865056024031 ) ) ;
#2 = VERTEX_POINT ( 'NONE', #257 ) ;
#3 = CARTESIAN_POINT ( 'NONE',  ( 12.94255151902492074, -28.37426763644501548, -8.478464121978110057 ) ) ;
#4 = DIRECTION ( 'NONE',  ( -0.9999806710527905373, 0.000000000000000000, 0.006217517254554104887 ) ) ;
#5 = CARTESIAN_POINT ( 'NONE',  ( 6.999355972714618623, -21.98327553278199176, -8.109287869926520287 ) ) ;
#6 = CARTESIAN_POINT ( 'NONE',  ( 7.000040043817039148, -27.67878868632300993, -14.80792038678033862 ) ) ;
#7 = CARTESIAN_POINT ( 'NONE',  ( 7.026345403211139207, -22.04251963928699354, -8.122547299404558885 ) ) ;
#8 = CARTESIAN_POINT ( 'NONE',  ( 13.00004004358927823, -27.84580898527600112, -14.77761983745196872 ) ) ;
#9 = CARTESIAN_POINT ( 'NONE',  ( 13.08318187755537920, -22.00099400266100602, -8.344289866336138672 ) ) ;
#10 = CARTESIAN_POINT ( 'NONE',  ( 10.69138466879968519, -28.30045282601198409, -15.29175451878973924 ) ) ;
#11 = ORIENTED_EDGE ( 'NONE', *, *, #2437, .T. ) ;
#12 = CARTESIAN_POINT ( 'NONE',  ( 12.95999691820888877, -27.94931947749401502, -8.174857628250538966 ) ) ;
#13 = CIRCLE ( 'NONE', #1914, 0.1000000000000062644 ) ;
#14 = DIRECTION ( 'NONE',  ( -0.006217517254558937827, 0.000000000000000000, -0.9999806710527905373 ) ) ;
#15 = CARTESIAN_POINT ( 'NONE',  ( 7.042469548267837887, -22.07653094078498768, -8.075465317820681221 ) ) ;
#16 = FACE_BOUND ( 'NONE', #829, .T. ) ;
#17 = CARTESIAN_POINT ( 'NONE',  ( 13.01533559322305855, -28.42212686099696839, -8.580056265334761179 ) ) ;
#18 = CARTESIAN_POINT ( 'NONE',  ( 13.00004004358927823, -28.00280738016999749, -14.71148527456097987 ) ) ;
#19 = CARTESIAN_POINT ( 'NONE',  ( 7.089347713301410003, -28.71971925918798263, -13.88677161546176109 ) ) ;
#20 = TOROIDAL_SURFACE ( 'NONE', #1320, 4.400000000000180655, 0.1000000000000060146 ) ;
#21 = CARTESIAN_POINT ( 'NONE',  ( 7.039462332910379594, -27.92572913843299887, -8.166096454494290668 ) ) ;
#22 = LINE ( 'NONE', #1997, #1590 ) ;
#23 = ORIENTED_EDGE ( 'NONE', *, *, #1941, .F. ) ;
#24 = CARTESIAN_POINT ( 'NONE',  ( 10.96659192013694017, -28.32845224209898305, -7.782173370199499729 ) ) ;
#25 = CARTESIAN_POINT ( 'NONE',  ( 7.000040043686969859, -28.60295327278600297, -9.075499857540719972 ) ) ;
#26 = ORIENTED_EDGE ( 'NONE', *, *, #334, .T. ) ;
#27 = CARTESIAN_POINT ( 'NONE',  ( 7.042304695653678337, -28.46881052399293210, -8.545900138399497692 ) ) ;
#28 = CARTESIAN_POINT ( 'NONE',  ( 6.957323960919022277, -21.95260313469105640, -8.144867472264758490 ) ) ;
#29 = CARTESIAN_POINT ( 'NONE',  ( 6.900039324592319723, -21.99999999694399122, -8.377501442811579935 ) ) ;
#30 = ORIENTED_EDGE ( 'NONE', *, *, #2128, .F. ) ;
#31 = DIRECTION ( 'NONE',  ( 1.000000000000000000, 0.000000000000000000, 0.000000000000000000 ) ) ;
#32 = EDGE_CURVE ( 'NONE', #133, #517, #1576, .T. ) ;
#33 = CARTESIAN_POINT ( 'NONE',  ( 13.00004004358868848, -28.29007480503498329, -14.48029871430052928 ) ) ;
#34 = CARTESIAN_POINT ( 'NONE',  ( 7.658283807123090092, -27.52420781257100657, -15.34267845766027882 ) ) ;
#35 = CARTESIAN_POINT ( 'NONE',  ( 7.000040043591969408, -28.07589597330698084, -8.332126150548079480 ) ) ;
#36 = CARTESIAN_POINT ( 'NONE',  ( 7.040082149385430199, -27.94928179900799137, -8.174842162103489684 ) ) ;
#37 = CARTESIAN_POINT ( 'NONE',  ( 12.96564320849540941, -27.66073639666699790, -14.88453957048619003 ) ) ;
#38 = ORIENTED_EDGE ( 'NONE', *, *, #119, .T. ) ;
#39 = ORIENTED_EDGE ( 'NONE', *, *, #2025, .T. ) ;
#40 = CARTESIAN_POINT ( 'NONE',  ( 14.50004004358977916, -25.00000000000698819, -11.50000000000000000 ) ) ;
#41 = EDGE_CURVE ( 'NONE', #1303, #1699, #420, .T. ) ;
#42 = CARTESIAN_POINT ( 'NONE',  ( 7.042454097737400609, -22.10423164232992477, -8.075526824443921114 ) ) ;
#43 = CARTESIAN_POINT ( 'NONE',  ( 7.000040043589749850, -27.90989798850099390, -14.75473894566401967 ) ) ;
#44 = VERTEX_POINT ( 'NONE', #1803 ) ;
#45 = CARTESIAN_POINT ( 'NONE',  ( 13.01533559322305855, -27.66311612397996456, -8.132242397713083548 ) ) ;
#46 = DIRECTION ( 'NONE',  ( 0.000000000000000000, -1.000000000000000000, 0.000000000000000000 ) ) ;
#47 = CARTESIAN_POINT ( 'NONE',  ( 7.050425342372589554, -28.23910532216697433, -14.65343984518482046 ) ) ;
#48 = CARTESIAN_POINT ( 'NONE',  ( 7.000040043590240124, -27.71538944090798395, -8.195705123535558911 ) ) ;
#49 = CARTESIAN_POINT ( 'NONE',  ( 7.057526044420329825, -28.37424368935498364, -8.478433396292690105 ) ) ;
#50 = CARTESIAN_POINT ( 'NONE',  ( 12.96465863199510871, -27.72995608031900261, -14.87938659903208105 ) ) ;
#51 = ORIENTED_EDGE ( 'NONE', *, *, #2165, .T. ) ;
#52 = CARTESIAN_POINT ( 'NONE',  ( 10.00004004358999943, -21.09999999999701004, -11.50000000000000000 ) ) ;
#53 = CARTESIAN_POINT ( 'NONE',  ( 6.984744455884881909, -27.76951851252101022, -14.85999861119837817 ) ) ;
#54 = ORIENTED_EDGE ( 'NONE', *, *, #931, .T. ) ;
#55 = CARTESIAN_POINT ( 'NONE',  ( 7.042304695653678337, -27.77958987022888238, -8.082945789034456041 ) ) ;
#56 = VECTOR ( 'NONE', #2031, 1000.000000000000000 ) ;
#57 = CARTESIAN_POINT ( 'NONE',  ( 6.809769630000843676, -21.96314752747089827, -8.308458502709678228 ) ) ;
#58 = CARTESIAN_POINT ( 'NONE',  ( 7.000040043589749850, -28.17838002306599776, -14.59079591730809078 ) ) ;
#59 = AXIS2_PLACEMENT_3D ( 'NONE', #1075, #2187, #2199 ) ;
#60 = CARTESIAN_POINT ( 'NONE',  ( 12.87831699395879959, -27.94736180090295719, -8.148276412121999712 ) ) ;
#61 = DIRECTION ( 'NONE',  ( 0.000000000000000000, 0.000000000000000000, -1.000000000000000000 ) ) ;
#62 = CARTESIAN_POINT ( 'NONE',  ( 7.375446388256199803, -27.57052842055498942, -15.15533967564980067 ) ) ;
#63 = CIRCLE ( 'NONE', #181, 4.499999999999780620 ) ;
#64 = CARTESIAN_POINT ( 'NONE',  ( 7.079520929255170181, -28.64536471427398112, -8.912056613644690373 ) ) ;
#65 = CARTESIAN_POINT ( 'NONE',  ( 12.95281189761522000, -28.16483374167599862, -14.70922223080629010 ) ) ;
#66 = CARTESIAN_POINT ( 'NONE',  ( 7.000040043590240124, -28.48281849048100867, -8.798086198334818420 ) ) ;
#67 = EDGE_CURVE ( 'NONE', #1611, #2316, #72, .T. ) ;
#68 = EDGE_LOOP ( 'NONE', ( #82, #591, #1390, #641, #1432 ) ) ;
#69 = CARTESIAN_POINT ( 'NONE',  ( 6.514357338764116712, -27.77507747000913696, -14.36214302037104140 ) ) ;
#70 = DIRECTION ( 'NONE',  ( 0.6590581957521967071, -3.309422738622126777E-06, 0.7520919455764081274 ) ) ;
#71 = CARTESIAN_POINT ( 'NONE',  ( 13.62233181392466008, -28.36325481044106311, -8.883238907586497035 ) ) ;
#72 = LINE ( 'NONE', #1089, #703 ) ;
#73 = CARTESIAN_POINT ( 'NONE',  ( 12.99765191861588143, -27.75531388586310300, -8.218724069666842880 ) ) ;
#74 = CARTESIAN_POINT ( 'NONE',  ( 13.00004004349383990, -28.60295497264500497, -13.92449849066555068 ) ) ;
#75 = CARTESIAN_POINT ( 'NONE',  ( 7.131673347192969636, -27.61416437603700302, -14.96976866342918022 ) ) ;
#76 = CARTESIAN_POINT ( 'NONE',  ( 12.93565892221251090, -28.47908820271599595, -8.611241330956469042 ) ) ;
#77 = CARTESIAN_POINT ( 'NONE',  ( 7.000040043749639729, -27.77182723678298260, -8.204233645998849411 ) ) ;
#78 = CARTESIAN_POINT ( 'NONE',  ( 13.00004004359029963, -28.11377860303199228, -8.358626491592819008 ) ) ;
#79 = ADVANCED_FACE ( 'NONE', ( #1485 ), #1220, .T. ) ;
#80 = CARTESIAN_POINT ( 'NONE',  ( 12.94853135313841008, -28.26214212971600404, -14.63289446951763040 ) ) ;
#81 = CARTESIAN_POINT ( 'NONE',  ( 7.000040043589299543, -27.25000000000687805, -11.50000000000000000 ) ) ;
#82 = ORIENTED_EDGE ( 'NONE', *, *, #2195, .F. ) ;
#83 = EDGE_LOOP ( 'NONE', ( #1457, #929, #1541, #1059 ) ) ;
#84 = CARTESIAN_POINT ( 'NONE',  ( 6.309562627716819527, -27.85135305835092723, -14.07555569080617985 ) ) ;
#85 = CARTESIAN_POINT ( 'NONE',  ( 7.034132593882599593, -22.09999999768200141, -8.115717123961559309 ) ) ;
#86 = CARTESIAN_POINT ( 'NONE',  ( 13.76624252697387973, -27.88031851665095928, -9.041831400647261319 ) ) ;
#87 = CARTESIAN_POINT ( 'NONE',  ( 13.01527200623060487, -22.10258926542694269, -8.133118785998400213 ) ) ;
#88 = CARTESIAN_POINT ( 'NONE',  ( 13.02336911957151955, -21.95958745800999523, -14.83314575966923954 ) ) ;
#89 = CARTESIAN_POINT ( 'NONE',  ( 6.984744455884881909, -28.56041129743299578, -14.19379512354960227 ) ) ;
#90 = CARTESIAN_POINT ( 'NONE',  ( 13.00004004357757026, -28.67955990274598221, -13.64281246361793976 ) ) ;
#91 = CARTESIAN_POINT ( 'NONE',  ( 10.00004004358999943, -27.99999999999500133, -11.50000000000000000 ) ) ;
#92 = CARTESIAN_POINT ( 'NONE',  ( 7.000040043590240124, -27.81703819253900178, -8.214895390631310690 ) ) ;
#93 = CARTESIAN_POINT ( 'NONE',  ( 13.00004004359029963, -28.38940428207298439, -8.645757474243710661 ) ) ;
#94 = FACE_OUTER_BOUND ( 'NONE', #940, .T. ) ;
#95 = ORIENTED_EDGE ( 'NONE', *, *, #2450, .T. ) ;
#96 = CARTESIAN_POINT ( 'NONE',  ( 11.50706665683478036, -27.77501422212914406, -15.82515449205370217 ) ) ;
#97 = CARTESIAN_POINT ( 'NONE',  ( 7.232711562804829519, -27.59545713840699932, -7.949141557026520033 ) ) ;
#98 = CARTESIAN_POINT ( 'NONE',  ( 13.50490368243645811, -27.78210339159322828, -8.662876731060020319 ) ) ;
#99 = LINE ( 'NONE', #1843, #123 ) ;
#100 = CARTESIAN_POINT ( 'NONE',  ( 7.042304688249577005, -28.79940087053198639, -13.63167687065551270 ) ) ;
#101 = AXIS2_PLACEMENT_3D ( 'NONE', #914, #533, #356 ) ;
#102 = CARTESIAN_POINT ( 'NONE',  ( 13.00004004358927823, -28.55416751504299810, -14.05231247372170067 ) ) ;
#103 = CARTESIAN_POINT ( 'NONE',  ( 12.87831699515514039, -27.77643429792709640, -14.89953377544513913 ) ) ;
#104 = ADVANCED_FACE ( 'NONE', ( #780 ), #550, .T. ) ;
#105 = CARTESIAN_POINT ( 'NONE',  ( 12.90003979795640987, -28.77746323251198390, -9.336826402653398915 ) ) ;
#106 = CARTESIAN_POINT ( 'NONE',  ( 13.00004004359029963, -28.27354925202999070, -8.500736008163571000 ) ) ;
#107 = CARTESIAN_POINT ( 'NONE',  ( 13.00052745838929980, -22.08762570691100180, -8.191769694060839768 ) ) ;
#108 = AXIS2_PLACEMENT_3D ( 'NONE', #2160, #1193, #989 ) ;
#109 = ORIENTED_EDGE ( 'NONE', *, *, #588, .F. ) ;
#110 = CARTESIAN_POINT ( 'NONE',  ( 6.984744456103319621, -28.56033530070885718, -8.806044226482139692 ) ) ;
#111 = CIRCLE ( 'NONE', #693, 4.474999999999879741 ) ;
#112 = LINE ( 'NONE', #2360, #864 ) ;
#113 = CARTESIAN_POINT ( 'NONE',  ( 9.748501901447962581, -28.10529619511688892, -7.170490532036001952 ) ) ;
#114 = CARTESIAN_POINT ( 'NONE',  ( 13.00004004358927823, -28.63626204666699948, -13.82016828949914000 ) ) ;
#115 = DIRECTION ( 'NONE',  ( 0.000000000000000000, 1.000000000000000000, 0.000000000000000000 ) ) ;
#116 = CARTESIAN_POINT ( 'NONE',  ( 7.121763396730880658, -28.71004549432803188, -13.93528960426754360 ) ) ;
#117 =( BOUNDED_SURFACE ( )  B_SPLINE_SURFACE ( 3, 3, ( 
 ( #270, #1047, #1407, #1225, #453, #642, #1813, #442, #254, #2001, #843, #1211, #1019, #2014, #1800, #69, #84, #2383 ),
 ( #468, #1612, #1239, #1825, #2211, #2370, #96, #1421, #2471, #2054, #2234, #1519, #2267, #1304, #1674, #167, #1874, #318 ),
 ( #908, #895, #2078, #1665, #1123, #179, #505, #1281, #549, #1898, #157, #1087, #1319, #2066, #919, #930, #2280, #539 ),
 ( #1329, #2091, #2102, #2422, #361, #352, #1696, #725, #2457, #1709, #1134, #1863, #702, #1885, #2255, #1483, #2444, #736 ) ),
 .UNSPECIFIED., .F., .F., .T. ) 
 B_SPLINE_SURFACE_WITH_KNOTS ( ( 4, 4 ),
 ( 4, 1, 1, 1, 1, 1, 1, 1, 1, 1, 1, 1, 1, 1, 1, 4 ),
 ( 0.000000000000000000, 1.000000000000000000 ),
 ( 0.02866443439355000067, 0.06904830212446999571, 0.1383246531818999869, 0.2071546800901000185, 0.2749428707723999832, 0.3412135687355000169, 0.4057006964128000437, 0.4688756689417000190, 0.5315676008585000778, 0.5946764323145999898, 0.6590401111696000402, 0.7251818152746000168, 0.7928712255488999938, 0.8616430235173999641, 0.9309092050134999408, 0.9764427936177000333 ),
 .UNSPECIFIED. ) 
 GEOMETRIC_REPRESENTATION_ITEM ( )  RATIONAL_B_SPLINE_SURFACE ( (
 ( 1.137061503148999897, 1.137061503148999897, 1.137061503148999897, 1.137061503148999897, 1.137061503148999897, 1.137061503148999897, 1.137061503148999897, 1.137061503148999897, 1.137061503148999897, 1.137061503148999897, 1.137061503148999897, 1.137061503148999897, 1.137061503148999897, 1.137061503148999897, 1.137061503148999897, 1.137061503148999897, 1.137061503148999897, 1.137061503148999897),
 ( 0.9543128322837000077, 0.9543128322837000077, 0.9543128322837000077, 0.9543128322837000077, 0.9543128322837000077, 0.9543128322837000077, 0.9543128322837000077, 0.9543128322837000077, 0.9543128322837000077, 0.9543128322837000077, 0.9543128322837000077, 0.9543128322837000077, 0.9543128322837000077, 0.9543128322837000077, 0.9543128322837000077, 0.9543128322837000077, 0.9543128322837000077, 0.9543128322837000077),
 ( 0.9543128322837000077, 0.9543128322837000077, 0.9543128322837000077, 0.9543128322837000077, 0.9543128322837000077, 0.9543128322837000077, 0.9543128322837000077, 0.9543128322837000077, 0.9543128322837000077, 0.9543128322837000077, 0.9543128322837000077, 0.9543128322837000077, 0.9543128322837000077, 0.9543128322837000077, 0.9543128322837000077, 0.9543128322837000077, 0.9543128322837000077, 0.9543128322837000077),
 ( 1.137061503148999897, 1.137061503148999897, 1.137061503148999897, 1.137061503148999897, 1.137061503148999897, 1.137061503148999897, 1.137061503148999897, 1.137061503148999897, 1.137061503148999897, 1.137061503148999897, 1.137061503148999897, 1.137061503148999897, 1.137061503148999897, 1.137061503148999897, 1.137061503148999897, 1.137061503148999897, 1.137061503148999897, 1.137061503148999897) ) ) 
 REPRESENTATION_ITEM ( '' )  SURFACE ( )  );
#118 = CARTESIAN_POINT ( 'NONE',  ( 13.08853605528259756, -21.99707102449485063, -14.59964436865415927 ) ) ;
#119 = EDGE_CURVE ( 'NONE', #653, #2291, #1642, .T. ) ;
#120 = CARTESIAN_POINT ( 'NONE',  ( 13.00004004359029963, -28.32030018373399116, -8.554146348866749960 ) ) ;
#121 = CARTESIAN_POINT ( 'NONE',  ( 12.91073266730053071, -28.71971909624701524, -13.88677888241095992 ) ) ;
#122 = VERTEX_POINT ( 'NONE', #248 ) ;
#123 = VECTOR ( 'NONE', #274, 1000.000000000000227 ) ;
#124 = CARTESIAN_POINT ( 'NONE',  ( 7.306917087329536820, -28.71864087647676911, -9.063126443845762381 ) ) ;
#125 = CARTESIAN_POINT ( 'NONE',  ( 13.00034946734066033, -21.98364654476594637, -8.108982788413237941 ) ) ;
#126 = CARTESIAN_POINT ( 'NONE',  ( 12.96730304513797982, -22.07181301963900921, -14.88309777766949971 ) ) ;
#127 = CARTESIAN_POINT ( 'NONE',  ( 13.00004004351207065, -28.60798453237997663, -13.90961860704799058 ) ) ;
#128 = DIRECTION ( 'NONE',  ( 0.000000000000000000, 1.000000000000000000, 0.000000000000000000 ) ) ;
#129 = CARTESIAN_POINT ( 'NONE',  ( 12.97915435295931630, -21.90287568017103581, -14.84027737755482157 ) ) ;
#130 = DIRECTION ( 'NONE',  ( 0.000000000000000000, -1.000000000000000000, 0.000000000000000000 ) ) ;
#131 = CARTESIAN_POINT ( 'NONE',  ( 12.92870319564335091, -28.56480716156600863, -14.25156938087306990 ) ) ;
#132 = CARTESIAN_POINT ( 'NONE',  ( 7.002428168012939658, -28.64530036783694200, -13.70625837162682892 ) ) ;
#133 = VERTEX_POINT ( 'NONE', #2365 ) ;
#134 = CARTESIAN_POINT ( 'NONE',  ( 12.90003979795640987, -28.77746323251198390, -9.336826402653398915 ) ) ;
#135 = EDGE_CURVE ( 'NONE', #1571, #2470, #1968, .T. ) ;
#136 = CARTESIAN_POINT ( 'NONE',  ( 6.968994722215500204, -22.02712581424598426, -14.75363897883551978 ) ) ;
#137 = CARTESIAN_POINT ( 'NONE',  ( 15.10004004358992091, 132.0000000000000000, -6.400000000000079403 ) ) ;
#138 = CARTESIAN_POINT ( 'NONE',  ( 7.002455711767862745, -22.10159183935514449, -14.78740481018611952 ) ) ;
#139 = CARTESIAN_POINT ( 'NONE',  ( 6.916898367189689978, -22.00099403323599390, -8.344289859108060980 ) ) ;
#140 = CARTESIAN_POINT ( 'NONE',  ( 14.39995499622246022, -20.99999999999850075, -11.52735707592005987 ) ) ;
#141 = AXIS2_PLACEMENT_3D ( 'NONE', #91, #2390, #1440 ) ;
#142 = CARTESIAN_POINT ( 'NONE',  ( 13.00004004343070996, -27.77199145810699221, -8.204268675613350936 ) ) ;
#143 = CARTESIAN_POINT ( 'NONE',  ( 12.90688668176109921, -28.74343259721298693, -13.80703803792284923 ) ) ;
#144 = ORIENTED_EDGE ( 'NONE', *, *, #2012, .F. ) ;
#145 = CARTESIAN_POINT ( 'NONE',  ( 12.92246256967980855, -28.62883308809199789, -8.873427531653630851 ) ) ;
#146 = EDGE_CURVE ( 'NONE', #1179, #2077, #186, .T. ) ;
#147 = CARTESIAN_POINT ( 'NONE',  ( 6.986350197623859337, -22.04886170404801859, -14.78488116658724039 ) ) ;
#148 = VECTOR ( 'NONE', #130, 1000.000000000000000 ) ;
#149 = CARTESIAN_POINT ( 'NONE',  ( 6.961652700968661733, -22.03480189584603366, -14.83854606707027912 ) ) ;
#150 = CARTESIAN_POINT ( 'NONE',  ( 12.95777557923993939, -27.95364960016398825, -14.86838201640511770 ) ) ;
#151 = CARTESIAN_POINT ( 'NONE',  ( 7.000039560646400538, -22.09998725688899768, -8.190922722234340370 ) ) ;
#152 = CARTESIAN_POINT ( 'NONE',  ( 10.00004004358999943, -21.89999999999400870, -11.50000000000000000 ) ) ;
#153 = CARTESIAN_POINT ( 'NONE',  ( 13.09428381024594934, -22.00000014067698828, -8.366062788286230401 ) ) ;
#154 = EDGE_CURVE ( 'NONE', #790, #527, #1879, .T. ) ;
#155 = CARTESIAN_POINT ( 'NONE',  ( 12.43859324520304988, -27.53919473619298586, -7.716310524163369600 ) ) ;
#156 = ORIENTED_EDGE ( 'NONE', *, *, #1120, .F. ) ;
#157 = CARTESIAN_POINT ( 'NONE',  ( 9.207693206804750119, -28.13837991845920783, -15.75379820657758145 ) ) ;
#158 = CARTESIAN_POINT ( 'NONE',  ( 9.783249712096242945, -28.28060957065217096, -7.657806125530879804 ) ) ;
#159 = CYLINDRICAL_SURFACE ( 'NONE', #2116, 0.1000000000000055428 ) ;
#160 = CARTESIAN_POINT ( 'NONE',  ( 7.000040043589749850, -28.53598481407798459, -14.09536525284826070 ) ) ;
#161 = CARTESIAN_POINT ( 'NONE',  ( 6.829585477426670437, -21.89999999999400870, -14.69346490642837999 ) ) ;
#162 = CARTESIAN_POINT ( 'NONE',  ( 7.100040043588900396, -18.37499999999500488, -11.50000000000000000 ) ) ;
#163 = CARTESIAN_POINT ( 'NONE',  ( 13.00004004359029963, -27.84590112847099164, -8.222404013890869834 ) ) ;
#164 = CARTESIAN_POINT ( 'NONE',  ( 12.96594642120225949, -27.63305599285797953, -14.88428229628135924 ) ) ;
#165 = CARTESIAN_POINT ( 'NONE',  ( 9.069659013602388242, -27.37023563225499245, -7.097229152109179040 ) ) ;
#166 = ORIENTED_EDGE ( 'NONE', *, *, #146, .T. ) ;
#167 = CARTESIAN_POINT ( 'NONE',  ( 6.586857034170841452, -28.28359277692816676, -14.42342258531230392 ) ) ;
#168 = CARTESIAN_POINT ( 'NONE',  ( 7.000040043590500360, -28.29272648555100744, -8.522673261816880341 ) ) ;
#169 = DIRECTION ( 'NONE',  ( 0.000000000000000000, 1.000000000000000000, 0.000000000000000000 ) ) ;
#170 = CARTESIAN_POINT ( 'NONE',  ( 7.037497478380790206, -27.84205724545599381, -8.140797759742488537 ) ) ;
#171 = CARTESIAN_POINT ( 'NONE',  ( 6.964788549258800643, -22.01823209568610196, -14.70507992629926264 ) ) ;
#172 = CARTESIAN_POINT ( 'NONE',  ( 7.100040043588900396, -18.37499999999500488, -11.50000000000000000 ) ) ;
#173 = CARTESIAN_POINT ( 'NONE',  ( 4.900040043590078831, 132.0000000000000000, -16.30000000000111982 ) ) ;
#174 = DIRECTION ( 'NONE',  ( -1.000000000000000000, 0.000000000000000000, 0.000000000000000000 ) ) ;
#175 = CARTESIAN_POINT ( 'NONE',  ( 11.05293159677123072, -27.37789790478101182, -15.87689385135088926 ) ) ;
#176 = CIRCLE ( 'NONE', #2235, 0.09999829424418470170 ) ;
#177 = CARTESIAN_POINT ( 'NONE',  ( 12.66320912066565008, -27.57723481482299377, -7.872668960943039806 ) ) ;
#178 = ORIENTED_EDGE ( 'NONE', *, *, #1781, .F. ) ;
#179 = CARTESIAN_POINT ( 'NONE',  ( 11.87422147292499908, -28.30676923448720217, -15.34146162717567918 ) ) ;
#180 = CARTESIAN_POINT ( 'NONE',  ( 6.900039323387269441, -21.99999999839799614, -14.62249865120013048 ) ) ;
#181 = AXIS2_PLACEMENT_3D ( 'NONE', #1630, #128, #1831 ) ;
#182 = EDGE_CURVE ( 'NONE', #527, #2108, #868, .T. ) ;
#183 = CARTESIAN_POINT ( 'NONE',  ( 13.03108575289869897, -22.02712544929899607, -14.75363825221263880 ) ) ;
#184 = CARTESIAN_POINT ( 'NONE',  ( 7.000040043589749850, -28.38940475984696832, -14.35424230458749051 ) ) ;
#185 = CARTESIAN_POINT ( 'NONE',  ( 13.10004143112625918, -21.99999999796198225, -14.62249686179083952 ) ) ;
#186 = CIRCLE ( 'NONE', #2002, 0.1000000000000055428 ) ;
#187 = CARTESIAN_POINT ( 'NONE',  ( 13.00004004359029963, -27.73226488114699606, -8.197871326911460699 ) ) ;
#188 = CARTESIAN_POINT ( 'NONE',  ( 9.812614398762821821, -27.34226982304799236, -15.99609515331460941 ) ) ;
#189 = CARTESIAN_POINT ( 'NONE',  ( 12.27394565767315981, -28.58491508731297870, -14.44384504120085921 ) ) ;
#190 = ORIENTED_EDGE ( 'NONE', *, *, #2409, .T. ) ;
#191 = CARTESIAN_POINT ( 'NONE',  ( 9.308621132548951849, -28.30045832798200323, -7.708259864226959301 ) ) ;
#192 = CARTESIAN_POINT ( 'NONE',  ( 7.121763407081380670, -28.76154839680895492, -9.266364447170310825 ) ) ;
#193 = CARTESIAN_POINT ( 'NONE',  ( 6.813316559843715758, -21.96085013389389573, -8.303315911872202193 ) ) ;
#194 = CARTESIAN_POINT ( 'NONE',  ( 7.000040043589749850, -27.72355609876697713, -14.80324661804460895 ) ) ;
#195 = FACE_OUTER_BOUND ( 'NONE', #466, .T. ) ;
#196 = CARTESIAN_POINT ( 'NONE',  ( 13.00004004358927823, -27.72355635465101287, -14.80324647112359848 ) ) ;
#197 = CARTESIAN_POINT ( 'NONE',  ( 10.31086784541235701, -27.34382489267100880, -15.99098281009329270 ) ) ;
#198 = CARTESIAN_POINT ( 'NONE',  ( 12.90004019818574044, -28.77746460752800317, -13.66317343561428999 ) ) ;
#199 = EDGE_LOOP ( 'NONE', ( #2456, #1109, #1183, #1518 ) ) ;
#200 = CARTESIAN_POINT ( 'NONE',  ( 12.93610873614079892, -28.47286610067498103, -8.602473619134908489 ) ) ;
#201 = CARTESIAN_POINT ( 'NONE',  ( 15.10004004358992091, 132.0000000000000000, -16.30000000000111982 ) ) ;
#202 = CARTESIAN_POINT ( 'NONE',  ( 6.848640012821261003, -21.87234272523497580, -8.292434749639140179 ) ) ;
#203 = CARTESIAN_POINT ( 'NONE',  ( 7.000040043677409507, -27.63307911941398487, -14.80907745280213916 ) ) ;
#204 = CARTESIAN_POINT ( 'NONE',  ( 12.87831699395879959, -28.45457145102290752, -8.556539001071438832 ) ) ;
#205 = CARTESIAN_POINT ( 'NONE',  ( 13.00004004358894960, -27.90409759160900194, -14.75699868388428904 ) ) ;
#206 = CARTESIAN_POINT ( 'NONE',  ( 7.052681657725539566, -28.28519351928598979, -14.61213792357565922 ) ) ;
#207 = CARTESIAN_POINT ( 'NONE',  ( 7.034800245477309311, -27.68878281340500536, -8.116639483347748651 ) ) ;
#208 = CARTESIAN_POINT ( 'NONE',  ( 7.039934115394078873, -27.94379201323399187, -8.172718709740919962 ) ) ;
#209 = CARTESIAN_POINT ( 'NONE',  ( 6.900040043594779959, -21.89999999999400870, -14.62249899920337981 ) ) ;
#210 = ORIENTED_EDGE ( 'NONE', *, *, #1147, .F. ) ;
#211 = CARTESIAN_POINT ( 'NONE',  ( 10.41512602688424138, -28.28166205960597068, -7.659539027246679233 ) ) ;
#212 = CIRCLE ( 'NONE', #1712, 4.400000000000177991 ) ;
#213 = ORIENTED_EDGE ( 'NONE', *, *, #858, .F. ) ;
#214 = DIRECTION ( 'NONE',  ( 0.7045461337005944902, 0.000000000000000000, -0.7096581891921942553 ) ) ;
#215 = EDGE_CURVE ( 'NONE', #2369, #586, #1601, .T. ) ;
#216 = CARTESIAN_POINT ( 'NONE',  ( 6.885051912880222780, -22.00649241245998056, -8.281262132172379609 ) ) ;
#217 = CIRCLE ( 'NONE', #1264, 4.499999999999779732 ) ;
#218 = CARTESIAN_POINT ( 'NONE',  ( 4.900040043590078831, 132.0000000000000000, -16.30000000000111982 ) ) ;
#219 = CARTESIAN_POINT ( 'NONE',  ( 12.95777557976826522, -28.79940064564094371, -9.368324942943349498 ) ) ;
#220 = CARTESIAN_POINT ( 'NONE',  ( 13.00004004358864940, -28.24072338427099993, -14.53318633387309866 ) ) ;
#221 = CARTESIAN_POINT ( 'NONE',  ( 7.083237548813049678, -28.67611996305499744, -14.01240350758152076 ) ) ;
#222 = CARTESIAN_POINT ( 'NONE',  ( 7.035802677792359461, -27.75348577600300715, -8.123534084761258711 ) ) ;
#223 = AXIS2_PLACEMENT_3D ( 'NONE', #2489, #904, #1538 ) ;
#224 = CARTESIAN_POINT ( 'NONE',  ( 7.039788666002980477, -27.93830488329199113, -8.170655955663310266 ) ) ;
#225 = CARTESIAN_POINT ( 'NONE',  ( 7.496667233687259291, -28.65027559197400109, -14.20765566850308126 ) ) ;
#226 = ORIENTED_EDGE ( 'NONE', *, *, #2350, .F. ) ;
#227 = CARTESIAN_POINT ( 'NONE',  ( 7.000040043612379748, -28.51689286423300729, -8.863888929559939456 ) ) ;
#228 = EDGE_CURVE ( 'NONE', #2112, #2175, #1697, .T. ) ;
#229 = VERTEX_POINT ( 'NONE', #2072 ) ;
#230 =( LENGTH_UNIT ( ) NAMED_UNIT ( * ) SI_UNIT ( .MILLI., .METRE. ) );
#231 = CARTESIAN_POINT ( 'NONE',  ( 6.908935870258257061, -21.99684360353803214, -8.405419864237417826 ) ) ;
#232 = CARTESIAN_POINT ( 'NONE',  ( 7.000040043589749850, -28.00936756342498057, -14.70788345165446032 ) ) ;
#233 = FACE_OUTER_BOUND ( 'NONE', #68, .T. ) ;
#234 = CARTESIAN_POINT ( 'NONE',  ( 13.00004004342964947, -27.77182738671698914, -14.79576604208176072 ) ) ;
#235 = CARTESIAN_POINT ( 'NONE',  ( 7.069258151714659988, -28.54126162476000417, -14.29374408505764826 ) ) ;
#236 = CARTESIAN_POINT ( 'NONE',  ( 7.000040043836449399, -27.67686233706698218, -8.191947724810299647 ) ) ;
#237 = CARTESIAN_POINT ( 'NONE',  ( 7.043853555220929152, -28.07324260379898107, -8.233057780384388735 ) ) ;
#238 = CARTESIAN_POINT ( 'NONE',  ( 12.96043443306028919, -27.93282301142399504, -14.83134522770476060 ) ) ;
#239 = VERTEX_POINT ( 'NONE', #1891 ) ;
#240 = DIRECTION ( 'NONE',  ( 0.000000000000000000, -0.9790556642557310951, 0.2035927461595060384 ) ) ;
#241 = ORIENTED_EDGE ( 'NONE', *, *, #1746, .F. ) ;
#242 = DIRECTION ( 'NONE',  ( -1.000000000000000000, 0.000000000000000000, 0.000000000000000000 ) ) ;
#243 = CARTESIAN_POINT ( 'NONE',  ( 7.071983873902520479, -21.94875536692308060, -8.125396020664181762 ) ) ;
#244 = CARTESIAN_POINT ( 'NONE',  ( 7.000040043589749850, -27.79442037910598273, -14.79098830093283823 ) ) ;
#245 = CARTESIAN_POINT ( 'NONE',  ( 13.01533559322305855, -28.67200492100701581, -9.077093687454778959 ) ) ;
#246 = CARTESIAN_POINT ( 'NONE',  ( 13.00004004358663856, -27.98969237916701402, -14.71837563702063001 ) ) ;
#247 = CARTESIAN_POINT ( 'NONE',  ( 7.051981543303439182, -28.27102266005099196, -14.62497586608976974 ) ) ;
#248 = CARTESIAN_POINT ( 'NONE',  ( 7.034132046677759043, -22.09999999854001018, -8.115716499655238891 ) ) ;
#249 = ADVANCED_FACE ( 'NONE', ( #302 ), #1042, .T. ) ;
#250 = CARTESIAN_POINT ( 'NONE',  ( 7.048343053923419532, -28.19148492786396787, -8.309450680828678770 ) ) ;
#251 = CARTESIAN_POINT ( 'NONE',  ( 7.100040374098039564, -28.77746393108299117, -13.66317056197789981 ) ) ;
#252 = CARTESIAN_POINT ( 'NONE',  ( 7.034132254902819348, -22.10000082690499568, -14.88428326299765914 ) ) ;
#253 = VERTEX_POINT ( 'NONE', #81 ) ;
#254 = CARTESIAN_POINT ( 'NONE',  ( 10.33035918195599123, -27.14904826352194078, -15.98332468876830248 ) ) ;
#255 = CARTESIAN_POINT ( 'NONE',  ( 7.863314837279819614, -27.49344400768000085, -7.537884546631769211 ) ) ;
#256 = CARTESIAN_POINT ( 'NONE',  ( 9.721513682593291961, -27.65529679702322952, -6.914657897906001160 ) ) ;
#257 = CARTESIAN_POINT ( 'NONE',  ( 7.000039681383749546, -22.09999150420399872, -8.190922722232309994 ) ) ;
#258 = CARTESIAN_POINT ( 'NONE',  ( 12.99765191861588143, -27.90285472865211247, -8.259884036084361725 ) ) ;
#259 = EDGE_CURVE ( 'NONE', #2291, #653, #506, .T. ) ;
#260 = CYLINDRICAL_SURFACE ( 'NONE', #1880, 0.1000000000000061118 ) ;
#261 = CARTESIAN_POINT ( 'NONE',  ( 5.525040043590119687, -20.99999999999998934, -11.50000000000000000 ) ) ;
#262 = CARTESIAN_POINT ( 'NONE',  ( 8.490446949909479457, -28.41052421478399026, -8.009121272469919006 ) ) ;
#263 = CARTESIAN_POINT ( 'NONE',  ( 7.000040043590289862, -28.18883809125300033, -8.418891845629399739 ) ) ;
#264 = VECTOR ( 'NONE', #1380, 1000.000000000000227 ) ;
#265 = CARTESIAN_POINT ( 'NONE',  ( 7.044990659802638611, -28.10531378255099000, -8.251917592249359501 ) ) ;
#266 = CARTESIAN_POINT ( 'NONE',  ( 12.94936923265013995, -28.24431738812099724, -14.64809793462227994 ) ) ;
#267 = VECTOR ( 'NONE', #2194, 1000.000000000000000 ) ;
#268 = EDGE_LOOP ( 'NONE', ( #2164, #918, #2000, #1999 ) ) ;
#269 = ORIENTED_EDGE ( 'NONE', *, *, #2491, .T. ) ;
#270 = CARTESIAN_POINT ( 'NONE',  ( 13.76621200237655884, -27.88030620326421172, -13.95821600304913623 ) ) ;
#271 = CARTESIAN_POINT ( 'NONE',  ( 12.90004004359109935, -18.37499999999500488, -11.50000000000000000 ) ) ;
#272 = CARTESIAN_POINT ( 'NONE',  ( 10.33039717003139657, -27.14905004396122834, -7.016677619078242500 ) ) ;
#273 = CARTESIAN_POINT ( 'NONE',  ( 13.16994881704653864, -21.95096916579702295, -8.279663604853819692 ) ) ;
#274 = DIRECTION ( 'NONE',  ( -8.729456919857933068E-08, -0.9999999999999957812, -2.666985217665979121E-08 ) ) ;
#275 =( BOUNDED_SURFACE ( )  B_SPLINE_SURFACE ( 3, 3, ( 
 ( #1227, #507, #1654, #658, #1827, #2236, #1989, #2189, #833, #272, #456, #1035, #671, #1816, #1049, #98, #1063, #86 ),
 ( #1666, #1460, #2004, #1627, #1615, #2386, #470, #845, #256, #1022, #1802, #860, #2032, #886, #1241, #1640, #71, #1448 ),
 ( #2213, #2413, #483, #310, #691, #1254, #296, #2372, #113, #644, #876, #1841, #1424, #682, #2224, #495, #1268, #2044 ),
 ( #1077, #1853, #124, #2423, #520, #1307, #1534, #329, #158, #750, #1913, #1484, #2093, #353, #1331, #1508, #2246, #2104 ) ),
 .UNSPECIFIED., .F., .F., .T. ) 
 B_SPLINE_SURFACE_WITH_KNOTS ( ( 4, 4 ),
 ( 4, 1, 1, 1, 1, 1, 1, 1, 1, 1, 1, 1, 1, 1, 1, 4 ),
 ( 0.000000000000000000, 1.000000000000000000 ),
 ( 0.02356350967263000015, 0.06908975153157000115, 0.1383538642423000065, 0.2071240263016000116, 0.2748149224161000048, 0.3409592516400000162, 0.4053249524788000158, 0.4684355711429000202, 0.5311283230187000548, 0.5943038111588999639, 0.6587925967014999218, 0.7250642703583999316, 0.7928515703529999126, 0.8616798930104000442, 0.9309551195644000243, 0.9713417103892000304 ),
 .UNSPECIFIED. ) 
 GEOMETRIC_REPRESENTATION_ITEM ( )  RATIONAL_B_SPLINE_SURFACE ( (
 ( 1.137061372837000039, 1.137061372837000039, 1.137061372837000039, 1.137061372837000039, 1.137061372837000039, 1.137061372837000039, 1.137061372837000039, 1.137061372837000039, 1.137061372837000039, 1.137061372837000039, 1.137061372837000039, 1.137061372837000039, 1.137061372837000039, 1.137061372837000039, 1.137061372837000039, 1.137061372837000039, 1.137061372837000039, 1.137061372837000039),
 ( 0.9543128757209999868, 0.9543128757209999868, 0.9543128757209999868, 0.9543128757209999868, 0.9543128757209999868, 0.9543128757209999868, 0.9543128757209999868, 0.9543128757209999868, 0.9543128757209999868, 0.9543128757209999868, 0.9543128757209999868, 0.9543128757209999868, 0.9543128757209999868, 0.9543128757209999868, 0.9543128757209999868, 0.9543128757209999868, 0.9543128757209999868, 0.9543128757209999868),
 ( 0.9543128757209999868, 0.9543128757209999868, 0.9543128757209999868, 0.9543128757209999868, 0.9543128757209999868, 0.9543128757209999868, 0.9543128757209999868, 0.9543128757209999868, 0.9543128757209999868, 0.9543128757209999868, 0.9543128757209999868, 0.9543128757209999868, 0.9543128757209999868, 0.9543128757209999868, 0.9543128757209999868, 0.9543128757209999868, 0.9543128757209999868, 0.9543128757209999868),
 ( 1.137061372837000039, 1.137061372837000039, 1.137061372837000039, 1.137061372837000039, 1.137061372837000039, 1.137061372837000039, 1.137061372837000039, 1.137061372837000039, 1.137061372837000039, 1.137061372837000039, 1.137061372837000039, 1.137061372837000039, 1.137061372837000039, 1.137061372837000039, 1.137061372837000039, 1.137061372837000039, 1.137061372837000039, 1.137061372837000039) ) ) 
 REPRESENTATION_ITEM ( '' )  SURFACE ( )  );
#276 = CARTESIAN_POINT ( 'NONE',  ( 13.00004004358927823, -28.38940642910098333, -14.35423946020658903 ) ) ;
#277 = CARTESIAN_POINT ( 'NONE',  ( 7.039115200621169244, -27.91340688321297847, -14.83903494426087910 ) ) ;
#278 = CARTESIAN_POINT ( 'NONE',  ( 13.19031045717915696, -21.96314752747092314, -14.69154149729032000 ) ) ;
#279 = DIRECTION ( 'NONE',  ( 9.125959189725847980E-07, -0.9790556627766042741, 0.2035927532704230880 ) ) ;
#280 = LINE ( 'NONE', #2230, #1182 ) ;
#281 = ORIENTED_EDGE ( 'NONE', *, *, #1044, .F. ) ;
#282 = ORIENTED_EDGE ( 'NONE', *, *, #971, .T. ) ;
#283 = PLANE ( 'NONE',  #656 ) ;
#284 = EDGE_CURVE ( 'NONE', #1394, #1571, #2123, .T. ) ;
#285 = CARTESIAN_POINT ( 'NONE',  ( 7.995357617498539682, -27.47564543484598687, -7.471197650601600238 ) ) ;
#286 = LINE ( 'NONE', #1436, #1392 ) ;
#287 = CARTESIAN_POINT ( 'NONE',  ( 12.87815661143476120, -22.10587913593586507, -8.093228692613898545 ) ) ;
#288 =( NAMED_UNIT ( * ) PLANE_ANGLE_UNIT ( ) SI_UNIT ( $, .RADIAN. ) );
#289 = CARTESIAN_POINT ( 'NONE',  ( 13.00004004358927823, -28.41135149167500629, -14.32276794979997980 ) ) ;
#290 = DIRECTION ( 'NONE',  ( 0.000000000000000000, -0.9999999999608978341, 8.843329386613978793E-06 ) ) ;
#291 = CARTESIAN_POINT ( 'NONE',  ( 12.95826646611439514, -22.11279774163218192, -14.92397874080199927 ) ) ;
#292 = CARTESIAN_POINT ( 'NONE',  ( 13.00004004351538001, -28.43410077926600366, -8.712816727119689020 ) ) ;
#293 = CARTESIAN_POINT ( 'NONE',  ( 12.92815978469544902, -28.57084319176600573, -14.24075661243906943 ) ) ;
#294 = ORIENTED_EDGE ( 'NONE', *, *, #1076, .F. ) ;
#295 = CARTESIAN_POINT ( 'NONE',  ( 6.984744456103319621, -28.10128210258698545, -8.272327495312200796 ) ) ;
#296 = CARTESIAN_POINT ( 'NONE',  ( 8.675975277190920210, -28.20419990266901067, -7.401681799558559760 ) ) ;
#297 = CARTESIAN_POINT ( 'NONE',  ( 13.18669413095234155, -21.96080678440011624, -8.303216745141400068 ) ) ;
#298 = EDGE_CURVE ( 'NONE', #2244, #2041, #2318, .T. ) ;
#299 = CIRCLE ( 'NONE', #570, 4.499999999999779732 ) ;
#300 = CARTESIAN_POINT ( 'NONE',  ( 12.96594783227726033, -22.10000082690499568, -8.115716737002809822 ) ) ;
#301 = CARTESIAN_POINT ( 'NONE',  ( 6.992605628188919731, -22.06131515846501756, -8.203985196652899603 ) ) ;
#302 = FACE_OUTER_BOUND ( 'NONE', #1584, .T. ) ;
#303 = CARTESIAN_POINT ( 'NONE',  ( 13.17007809659240003, -21.95103253082204375, -14.72016396700995777 ) ) ;
#304 = CARTESIAN_POINT ( 'NONE',  ( 13.00004004359029963, -28.17837746727097681, -8.409202234443110768 ) ) ;
#305 = CARTESIAN_POINT ( 'NONE',  ( 12.93694421080884993, -28.46132090730299424, -14.41379770550588013 ) ) ;
#306 = TOROIDAL_SURFACE ( 'NONE', #1918, 4.400000000000180655, 0.1000000000000060146 ) ;
#307 = ORIENTED_EDGE ( 'NONE', *, *, #67, .F. ) ;
#308 = CARTESIAN_POINT ( 'NONE',  ( 7.002428167527798841, -28.21113457231519206, -8.460229047854801010 ) ) ;
#309 = EDGE_CURVE ( 'NONE', #2041, #527, #1921, .T. ) ;
#310 = CARTESIAN_POINT ( 'NONE',  ( 7.241530428760979632, -28.54361250458875787, -8.342519073930537488 ) ) ;
#311 = DIRECTION ( 'NONE',  ( 0.000000000000000000, -1.000000000000000000, 0.000000000000000000 ) ) ;
#312 = CARTESIAN_POINT ( 'NONE',  ( 13.02337248933110025, -21.95958409698001290, -8.166857293900980252 ) ) ;
#313 = CARTESIAN_POINT ( 'NONE',  ( 7.000040072804379676, -22.09595727206098559, -8.190918974223039939 ) ) ;
#314 = CARTESIAN_POINT ( 'NONE',  ( 13.00668215983908027, -22.05513045234406988, -14.76591004522552275 ) ) ;
#315 = CARTESIAN_POINT ( 'NONE',  ( 7.089347314426969859, -28.71971817854099385, -9.113221896519569043 ) ) ;
#316 = CARTESIAN_POINT ( 'NONE',  ( 12.91250215664488010, -28.70803105623098617, -13.92332586870648825 ) ) ;
#317 = ORIENTED_EDGE ( 'NONE', *, *, #32, .T. ) ;
#318 = CARTESIAN_POINT ( 'NONE',  ( 6.311857743819998312, -28.38900368538494234, -14.01020427720320072 ) ) ;
#319 = CIRCLE ( 'NONE', #1613, 4.400000000000179767 ) ;
#320 = CARTESIAN_POINT ( 'NONE',  ( 4.900040043590078831, 132.0000000000000000, -6.400000000000079403 ) ) ;
#321 = CARTESIAN_POINT ( 'NONE',  ( 6.984460240677339726, -22.10727584960206471, -14.86646777115056040 ) ) ;
#322 = DIRECTION ( 'NONE',  ( -1.000000000000000000, 0.000000000000000000, 0.000000000000000000 ) ) ;
#323 = CARTESIAN_POINT ( 'NONE',  ( 12.92809621327747927, -21.94875536692308060, -14.87460397933581824 ) ) ;
#324 = CARTESIAN_POINT ( 'NONE',  ( 7.100040043588900396, -28.67956085072600914, -9.357186271828309643 ) ) ;
#325 = CARTESIAN_POINT ( 'NONE',  ( 12.90884262869366061, -28.73193571257598578, -13.84768479301360955 ) ) ;
#326 = EDGE_CURVE ( 'NONE', #229, #1303, #2196, .T. ) ;
#327 = ORIENTED_EDGE ( 'NONE', *, *, #1467, .T. ) ;
#328 = CARTESIAN_POINT ( 'NONE',  ( 12.90441031174277953, -28.75693105556997864, -9.244719801882419929 ) ) ;
#329 = CARTESIAN_POINT ( 'NONE',  ( 9.316643409234870887, -28.30659144429090546, -7.725002572854759109 ) ) ;
#330 = CARTESIAN_POINT ( 'NONE',  ( 6.984859660582080743, -22.08727276179491383, -14.86696603713649800 ) ) ;
#331 = CARTESIAN_POINT ( 'NONE',  ( 12.95777557923993939, -28.72689214824002590, -13.94087241446512238 ) ) ;
#332 = CARTESIAN_POINT ( 'NONE',  ( 6.998755893612520040, -21.98595018961199798, -14.85298478575946035 ) ) ;
#333 = CARTESIAN_POINT ( 'NONE',  ( 7.014996830462559174, -22.01366879582097980, -8.132563938573680318 ) ) ;
#334 = EDGE_CURVE ( 'NONE', #1445, #426, #958, .T. ) ;
#335 = CIRCLE ( 'NONE', #1872, 0.1000000000000061118 ) ;
#336 = DIRECTION ( 'NONE',  ( -0.6590949769846784490, 0.000000000000000000, -0.7520597125983855546 ) ) ;
#337 = CARTESIAN_POINT ( 'NONE',  ( 12.36698188091756023, -27.52812284885100524, -15.32724509710348926 ) ) ;
#338 = CARTESIAN_POINT ( 'NONE',  ( 8.226616185437299222, -27.44610200989300353, -7.362230565410639471 ) ) ;
#339 = ORIENTED_EDGE ( 'NONE', *, *, #1684, .T. ) ;
#340 = CARTESIAN_POINT ( 'NONE',  ( 12.91483570435736006, -28.69135995465899214, -9.028658551716668867 ) ) ;
#341 = PLANE ( 'NONE',  #900 ) ;
#342 = VECTOR ( 'NONE', #174, 1000.000000000000000 ) ;
#343 = CARTESIAN_POINT ( 'NONE',  ( 7.041792297986577687, -22.11308357430898042, -14.92396323574537931 ) ) ;
#344 = CARTESIAN_POINT ( 'NONE',  ( 12.95777557923993939, -28.61205260359892222, -14.21976181515180215 ) ) ;
#345 = DIRECTION ( 'NONE',  ( 8.434532272053981495E-09, -4.417356161767995484E-08, -0.9999999999999990008 ) ) ;
#346 = B_SPLINE_CURVE_WITH_KNOTS ( 'NONE', 3,
 ( #1258, #695, #139, #1438, #2021, #1232, #1274, #1618, #2047, #301, #2007, #880, #313, #889 ),
 .UNSPECIFIED., .F., .F.,
 ( 4, 1, 1, 1, 1, 1, 1, 1, 1, 1, 1, 4 ),
 ( 4.294688899741380206E-06, 0.09090909090909000956, 0.1818181818182000031, 0.2727272727273000186, 0.3636363636364000063, 0.4545454545454999939, 0.5454545454545000061, 0.6363636363636000493, 0.7272727272726999814, 0.8181818181818000246, 0.9090909090908999568, 1.000000000000000000 ),
 .UNSPECIFIED. ) ;
#347 = DIRECTION ( 'NONE',  ( 0.000000000000000000, 1.000000000000000000, 0.000000000000000000 ) ) ;
#348 = CARTESIAN_POINT ( 'NONE',  ( 13.04199926335001969, -22.01815425964601047, -8.266322849419559304 ) ) ;
#349 = CARTESIAN_POINT ( 'NONE',  ( 7.036924245082810003, -27.81521910258999242, -8.134102194402800023 ) ) ;
#350 = CARTESIAN_POINT ( 'NONE',  ( 8.946868204308509931, -27.37791798323499393, -7.123176957155309630 ) ) ;
#351 = ORIENTED_EDGE ( 'NONE', *, *, #2203, .T. ) ;
#352 = CARTESIAN_POINT ( 'NONE',  ( 11.62191242992002138, -28.43949072388215882, -14.90773677724840063 ) ) ;
#353 = CARTESIAN_POINT ( 'NONE',  ( 12.04078485990830671, -28.53277653344910192, -8.379066834248641626 ) ) ;
#354 = CARTESIAN_POINT ( 'NONE',  ( 6.993490932232378832, -22.05532737801008736, -14.76612081166200063 ) ) ;
#355 = CARTESIAN_POINT ( 'NONE',  ( 7.000040043621389430, -28.41250495745401139, -14.32009341194490126 ) ) ;
#356 = DIRECTION ( 'NONE',  ( 1.000000000000000000, 0.000000000000000000, 0.000000000000000000 ) ) ;
#357 = CARTESIAN_POINT ( 'NONE',  ( 13.00004004359029963, -28.00936736905099167, -8.292117128419739913 ) ) ;
#358 = CARTESIAN_POINT ( 'NONE',  ( 12.03176412058496858, -27.47927305396399689, -15.51523315324988062 ) ) ;
#359 = CARTESIAN_POINT ( 'NONE',  ( 12.63827818963057936, -27.57288505526397770, -7.854463331500190826 ) ) ;
#360 = ORIENTED_EDGE ( 'NONE', *, *, #443, .F. ) ;
#361 = CARTESIAN_POINT ( 'NONE',  ( 12.04074985682260746, -28.53276775746985550, -14.62096175586435898 ) ) ;
#362 = DIRECTION ( 'NONE',  ( 0.000000000000000000, -1.000000000000000000, 0.000000000000000000 ) ) ;
#363 = EDGE_CURVE ( 'NONE', #2395, #44, #540, .T. ) ;
#364 = CARTESIAN_POINT ( 'NONE',  ( 6.997054151455939675, -22.07448639440401195, -14.80381467135668139 ) ) ;
#365 = CARTESIAN_POINT ( 'NONE',  ( 6.817309871501479712, -21.88302557666587589, -14.67908357529740115 ) ) ;
#366 = CARTESIAN_POINT ( 'NONE',  ( 12.99765191908070250, -28.48894740104183043, -14.15831715991079776 ) ) ;
#367 = DIRECTION ( 'NONE',  ( 0.000000000000000000, -0.9790558420030832654, 0.2035918913896960503 ) ) ;
#368 = CARTESIAN_POINT ( 'NONE',  ( 13.00004004358908993, -27.92566497424498095, -8.251648673674759848 ) ) ;
#369 = CARTESIAN_POINT ( 'NONE',  ( 7.683008329221679311, -27.52039903478700822, -15.35763710509547941 ) ) ;
#370 = AXIS2_PLACEMENT_3D ( 'NONE', #932, #1700, #1088 ) ;
#371 = CARTESIAN_POINT ( 'NONE',  ( 11.05296341944955962, -27.37790014260499305, -7.123113821947999469 ) ) ;
#372 = VECTOR ( 'NONE', #1929, 1000.000000000000114 ) ;
#373 = ORIENTED_EDGE ( 'NONE', *, *, #846, .T. ) ;
#374 = CARTESIAN_POINT ( 'NONE',  ( 12.96511841167649948, -27.70157856977997923, -8.117242422185109163 ) ) ;
#375 =( NAMED_UNIT ( * ) PLANE_ANGLE_UNIT ( ) SI_UNIT ( $, .RADIAN. ) );
#376 = CIRCLE ( 'NONE', #2158, 10.62500000000069811 ) ;
#377 = CARTESIAN_POINT ( 'NONE',  ( 7.121943745326238862, -22.10534140820803728, -8.093217174686719417 ) ) ;
#378 = CARTESIAN_POINT ( 'NONE',  ( 13.01533559155174125, -27.76931572692186734, -14.86002446622667783 ) ) ;
#379 = CARTESIAN_POINT ( 'NONE',  ( 7.034132254902819348, -22.10000082690499568, -14.88428326299765914 ) ) ;
#380 = LINE ( 'NONE', #1325, #464 ) ;
#381 = CARTESIAN_POINT ( 'NONE',  ( 9.563779318082788805, -27.34699335096899020, -15.98054415838094044 ) ) ;
#382 = CARTESIAN_POINT ( 'NONE',  ( 10.96659205468556664, -28.32845225746599738, -15.21782658882522021 ) ) ;
#383 = ORIENTED_EDGE ( 'NONE', *, *, #154, .F. ) ;
#384 = CARTESIAN_POINT ( 'NONE',  ( 12.95662954394414079, -28.06113332081197598, -8.226584577054149250 ) ) ;
#385 = CARTESIAN_POINT ( 'NONE',  ( 7.000040043590240124, -28.62311397976399618, -9.137357593284431090 ) ) ;
#386 =( NAMED_UNIT ( * ) SI_UNIT ( $, .STERADIAN. ) SOLID_ANGLE_UNIT ( ) );
#387 = CARTESIAN_POINT ( 'NONE',  ( 6.978407066202559683, -22.06073869649895514, -8.140655673596681297 ) ) ;
#388 = CARTESIAN_POINT ( 'NONE',  ( 7.000040043589769390, -28.21165300696099010, -14.56045267107537100 ) ) ;
#389 = CARTESIAN_POINT ( 'NONE',  ( 12.95777557976826522, -27.66542893802316527, -8.074609283990460185 ) ) ;
#390 = CARTESIAN_POINT ( 'NONE',  ( 13.00004004358927823, -28.10652931456297665, -14.64656846758365916 ) ) ;
#391 = CARTESIAN_POINT ( 'NONE',  ( 7.072078680088249136, -28.57260338133998800, -14.23760409361624113 ) ) ;
#392 = CARTESIAN_POINT ( 'NONE',  ( 7.069952273650610408, -28.54873203589000497, -8.720119672262480748 ) ) ;
#393 = CARTESIAN_POINT ( 'NONE',  ( 12.34180225326404923, -27.52420832155300090, -7.657325182462019875 ) ) ;
#394 = EDGE_LOOP ( 'NONE', ( #1318, #884 ) ) ;
#395 = CARTESIAN_POINT ( 'NONE',  ( 7.159489946346209166, -28.75726951161999878, -9.239714444822061168 ) ) ;
#396 = ADVANCED_FACE ( 'NONE', ( #556 ), #1705, .T. ) ;
#397 = EDGE_LOOP ( 'NONE', ( #1122, #339, #962, #294, #30 ) ) ;
#398 = SURFACE_STYLE_FILL_AREA ( #1169 ) ;
#399 = CARTESIAN_POINT ( 'NONE',  ( 6.984817254222900118, -22.10235253605505434, -8.133108400575942198 ) ) ;
#400 = LINE ( 'NONE', #218, #699 ) ;
#401 = CARTESIAN_POINT ( 'NONE',  ( 5.500040043590220584, -21.09999999999701004, -11.50000000000000000 ) ) ;
#402 = CARTESIAN_POINT ( 'NONE',  ( 13.00004004358926046, -28.21152113999100663, -14.56057408191437119 ) ) ;
#403 = CARTESIAN_POINT ( 'NONE',  ( 7.095662200630929561, -28.75689146679197350, -13.75544368463543066 ) ) ;
#404 = ADVANCED_FACE ( 'NONE', ( #1315 ), #20, .T. ) ;
#405 = CARTESIAN_POINT ( 'NONE',  ( 7.071376002929879334, -28.56479804549000434, -8.748413494764669451 ) ) ;
#406 = CARTESIAN_POINT ( 'NONE',  ( 12.96485494908018943, -27.71708345708298538, -14.88068127036627075 ) ) ;
#407 = ORIENTED_EDGE ( 'NONE', *, *, #1528, .T. ) ;
#408 = CARTESIAN_POINT ( 'NONE',  ( 12.93283447108259843, -28.51670049963098208, -8.666504437504899627 ) ) ;
#409 = CARTESIAN_POINT ( 'NONE',  ( 7.000040043590240124, -28.55416461880799872, -8.947681706225679932 ) ) ;
#410 = CARTESIAN_POINT ( 'NONE',  ( 6.984744455884881909, -27.93248774213193997, -14.81442992766993960 ) ) ;
#411 = CIRCLE ( 'NONE', #1223, 0.1000000081587913009 ) ;
#412 = ORIENTED_EDGE ( 'NONE', *, *, #434, .T. ) ;
#413 = FILL_AREA_STYLE_COLOUR ( '', #1993 ) ;
#414 = DIRECTION ( 'NONE',  ( -1.000000000000000000, 0.000000000000000000, 0.000000000000000000 ) ) ;
#415 = AXIS2_PLACEMENT_3D ( 'NONE', #1236, #1261, #2010 ) ;
#416 = CARTESIAN_POINT ( 'NONE',  ( 7.000040043589749850, -27.91915809385700342, -14.75104345446964871 ) ) ;
#417 = CARTESIAN_POINT ( 'NONE',  ( 13.01533559322305855, -28.26676158966094476, -8.402874201881459726 ) ) ;
#418 = CARTESIAN_POINT ( 'NONE',  ( 13.00004004349428044, -27.74956692305999439, -14.79943464930380870 ) ) ;
#419 = CARTESIAN_POINT ( 'NONE',  ( 7.072792851790949520, -28.58029540277398795, -14.22336168448224925 ) ) ;
#420 = CIRCLE ( 'NONE', #2085, 4.474999999999879741 ) ;
#421 = CARTESIAN_POINT ( 'NONE',  ( 7.000040043780199284, -27.65484247088498293, -8.190927289461750860 ) ) ;
#422 = PRODUCT_DEFINITION_SHAPE ( 'NONE', 'NONE',  #1463 ) ;
#423 = CARTESIAN_POINT ( 'NONE',  ( 6.984744455884881909, -27.66311637340814400, -14.86775784152951729 ) ) ;
#424 = CARTESIAN_POINT ( 'NONE',  ( 7.075046641492949817, -28.60410149861400342, -8.821704682060488523 ) ) ;
#425 = CARTESIAN_POINT ( 'NONE',  ( 7.726066616884279981, -28.58493348991697403, -14.44378142444213964 ) ) ;
#426 = VERTEX_POINT ( 'NONE', #2087 ) ;
#427 = CARTESIAN_POINT ( 'NONE',  ( 7.000040043590240124, -28.46833585280100820, -8.771730183835678929 ) ) ;
#428 = ORIENTED_EDGE ( 'NONE', *, *, #2460, .T. ) ;
#429 = ORIENTED_EDGE ( 'NONE', *, *, #1631, .T. ) ;
#430 = PLANE ( 'NONE',  #1749 ) ;
#431 = CARTESIAN_POINT ( 'NONE',  ( 6.862690755242963014, -21.93942455810186942, -8.239165287943579941 ) ) ;
#432 = CARTESIAN_POINT ( 'NONE',  ( 7.000040043589999428, -27.90438313803797499, -14.75688883336589896 ) ) ;
#433 = CARTESIAN_POINT ( 'NONE',  ( 13.01533559322305855, -28.56041288422191116, -8.806210548859683129 ) ) ;
#434 = EDGE_CURVE ( 'NONE', #467, #612, #2086, .T. ) ;
#435 = CARTESIAN_POINT ( 'NONE',  ( 13.00004004351957043, -27.74085675102197612, -14.80087011805840902 ) ) ;
#436 = CARTESIAN_POINT ( 'NONE',  ( 7.071376969714929572, -28.56480596440399822, -14.25157098532391053 ) ) ;
#437 = CARTESIAN_POINT ( 'NONE',  ( 7.000040043737889128, -27.63307942109297244, -8.190922547929348596 ) ) ;
#438 = CARTESIAN_POINT ( 'NONE',  ( 7.046470179322019689, -28.14504990986998934, -8.276915348136999029 ) ) ;
#439 = CARTESIAN_POINT ( 'NONE',  ( 12.95923524459266041, -27.97757113475299207, -14.81421468479805092 ) ) ;
#440 = ORIENTED_EDGE ( 'NONE', *, *, #924, .T. ) ;
#441 = VERTEX_POINT ( 'NONE', #568 ) ;
#442 = CARTESIAN_POINT ( 'NONE',  ( 10.94149001484605854, -27.18966846104694923, -15.89881451172092142 ) ) ;
#443 = EDGE_CURVE ( 'NONE', #2065, #724, #1520, .T. ) ;
#444 = DIRECTION ( 'NONE',  ( 3.546517129682958842E-10, -0.9999999999999876765, 1.564227031561979363E-07 ) ) ;
#445 = CARTESIAN_POINT ( 'NONE',  ( 7.000040043589749850, -27.73226529882000335, -14.80212880757619942 ) ) ;
#446 = CARTESIAN_POINT ( 'NONE',  ( 12.87831699395879959, -27.66471842029313422, -8.092314706311318773 ) ) ;
#447 = CARTESIAN_POINT ( 'NONE',  ( 13.00004004358927823, -28.57029959208301406, -14.01411408428804961 ) ) ;
#448 = CARTESIAN_POINT ( 'NONE',  ( 7.044433503321419821, -28.08997676749100236, -14.75740777663988013 ) ) ;
#449 = CARTESIAN_POINT ( 'NONE',  ( 7.000040043590679772, -28.15671407871200671, -8.391137465741159929 ) ) ;
#450 = CARTESIAN_POINT ( 'NONE',  ( 7.056812604970369662, -28.36207165476198355, -8.464926092610159714 ) ) ;
#451 = CARTESIAN_POINT ( 'NONE',  ( 12.95173655708492078, -28.19149469828100152, -14.69054162719619860 ) ) ;
#452 = EDGE_LOOP ( 'NONE', ( #2279, #478, #1708, #2150 ) ) ;
#453 = CARTESIAN_POINT ( 'NONE',  ( 12.65311668853862237, -27.51022797039719592, -15.15124200601040094 ) ) ;
#454 = CIRCLE ( 'NONE', #2117, 10.62500000000070166 ) ;
#455 = FACE_OUTER_BOUND ( 'NONE', #397, .T. ) ;
#456 = CARTESIAN_POINT ( 'NONE',  ( 10.94153653731689424, -27.18967343784694535, -7.101194566386396012 ) ) ;
#457 = DIRECTION ( 'NONE',  ( 0.000000000000000000, -1.000000000000000000, 0.000000000000000000 ) ) ;
#458 = CARTESIAN_POINT ( 'NONE',  ( 13.17049460975601960, -21.89999999999400870, -8.306535093574309414 ) ) ;
#459 = CARTESIAN_POINT ( 'NONE',  ( 12.94763188001503984, -28.28053163706598028, -8.383571765340848359 ) ) ;
#460 = CARTESIAN_POINT ( 'NONE',  ( 7.000040043598019679, -27.96393653212797403, -8.268293156005579903 ) ) ;
#461 = CARTESIAN_POINT ( 'NONE',  ( 13.00004004359029963, -28.55416569978499908, -8.947683325466430304 ) ) ;
#462 = CARTESIAN_POINT ( 'NONE',  ( 13.17049459794668032, -21.89999999999400870, -14.69346488894287006 ) ) ;
#463 = DIRECTION ( 'NONE',  ( 1.000000000000000000, 0.000000000000000000, 0.000000000000000000 ) ) ;
#464 = VECTOR ( 'NONE', #535, 999.9999999999998863 ) ;
#465 = EDGE_CURVE ( 'NONE', #2382, #990, #380, .T. ) ;
#466 = EDGE_LOOP ( 'NONE', ( #226, #2221, #856, #907, #213 ) ) ;
#467 = VERTEX_POINT ( 'NONE', #2097 ) ;
#468 = CARTESIAN_POINT ( 'NONE',  ( 13.68816604657139635, -28.38898151552796989, -14.01029308490391756 ) ) ;
#469 = CARTESIAN_POINT ( 'NONE',  ( 7.759705079818130180, -27.50850199055399159, -7.595515618185659790 ) ) ;
#470 = CARTESIAN_POINT ( 'NONE',  ( 8.535822215203470620, -27.76807810788280761, -7.159271980198318452 ) ) ;
#471 = CARTESIAN_POINT ( 'NONE',  ( 13.12661050342108027, -21.90315471570597339, -14.73661834629316125 ) ) ;
#472 = CARTESIAN_POINT ( 'NONE',  ( 13.00004004344063091, -27.63307891975699704, -14.80907742530053994 ) ) ;
#473 = CARTESIAN_POINT ( 'NONE',  ( 12.87831699515514039, -28.12320517685082777, -14.76127934017402232 ) ) ;
#474 = CARTESIAN_POINT ( 'NONE',  ( 13.10374870723467744, -21.86544659495796594, -14.74790161837223934 ) ) ;
#475 = DIRECTION ( 'NONE',  ( 0.000000000000000000, -1.000000000000000000, 0.000000000000000000 ) ) ;
#476 = CARTESIAN_POINT ( 'NONE',  ( 13.00004004359029963, -28.61819246454300014, -9.121453764709928080 ) ) ;
#477 = DIRECTION ( 'NONE',  ( 1.000000000000000000, 0.000000000000000000, 0.000000000000000000 ) ) ;
#478 = ORIENTED_EDGE ( 'NONE', *, *, #1443, .T. ) ;
#479 = EDGE_CURVE ( 'NONE', #2291, #253, #1905, .T. ) ;
#480 = EDGE_LOOP ( 'NONE', ( #1664, #812, #1251, #282, #1507, #1971, #1280, #492, #538, #746, #654 ) ) ;
#481 = CARTESIAN_POINT ( 'NONE',  ( 7.002428167527798841, -27.61668188845084870, -8.212848932798904045 ) ) ;
#482 = CARTESIAN_POINT ( 'NONE',  ( 7.428669856715998776, -27.56117410219699337, -7.805271306838649892 ) ) ;
#483 = CARTESIAN_POINT ( 'NONE',  ( 6.901638128821260487, -28.65834299179012490, -8.745477550932978517 ) ) ;
#484 = CARTESIAN_POINT ( 'NONE',  ( 12.95764354875216107, -22.10465735710003443, -8.075539177246238154 ) ) ;
#485 = CARTESIAN_POINT ( 'NONE',  ( 12.96594804050224070, -22.09999999854001018, -14.88428350034476111 ) ) ;
#486 = CARTESIAN_POINT ( 'NONE',  ( 13.00004004357355925, -28.37241041399799002, -14.37821327805517058 ) ) ;
#487 = LINE ( 'NONE', #1452, #1021 ) ;
#488 = CARTESIAN_POINT ( 'NONE',  ( 4.900040043590078831, 132.0000000000000000, -6.400000000000079403 ) ) ;
#489 = CARTESIAN_POINT ( 'NONE',  ( 13.00004004353665898, -28.61315710139397694, -9.105829488887350109 ) ) ;
#490 = ADVANCED_FACE ( 'NONE', ( #1870, #936 ), #743, .F. ) ;
#491 = DIRECTION ( 'NONE',  ( 0.6590909090909025103, 0.000000000000000000, 0.7520632776261102492 ) ) ;
#492 = ORIENTED_EDGE ( 'NONE', *, *, #284, .T. ) ;
#493 = CARTESIAN_POINT ( 'NONE',  ( 6.984744456103319621, -28.74289995531488273, -9.379316515435400348 ) ) ;
#494 = CARTESIAN_POINT ( 'NONE',  ( 8.344856139360500080, -27.43303278491399055, -7.315461047716529386 ) ) ;
#495 = CARTESIAN_POINT ( 'NONE',  ( 13.11560736663898297, -28.66454687168593551, -8.769724601542158382 ) ) ;
#496 = DIRECTION ( 'NONE',  ( 1.000000000000000000, 0.000000000000000000, 0.000000000000000000 ) ) ;
#497 = CARTESIAN_POINT ( 'NONE',  ( 14.47504004358988006, 126.9999999999997016, -11.50000000000000000 ) ) ;
#498 = CARTESIAN_POINT ( 'NONE',  ( 5.500127023852458663, -21.09999999999701004, -11.47202117235448426 ) ) ;
#499 = CARTESIAN_POINT ( 'NONE',  ( 12.89167259628995943, -22.01058988419899620, -14.89817924502238178 ) ) ;
#500 = CARTESIAN_POINT ( 'NONE',  ( 13.00004004359028009, -28.21165577115100476, -8.439550314699710398 ) ) ;
#501 = CARTESIAN_POINT ( 'NONE',  ( 12.94653625513281980, -28.30282175882298290, -14.59634220290365114 ) ) ;
#502 = CARTESIAN_POINT ( 'NONE',  ( 7.002428168012939658, -28.66490371768289336, -13.60550865835933187 ) ) ;
#503 = CIRCLE ( 'NONE', #2269, 0.1000000000000065697 ) ;
#504 = EDGE_LOOP ( 'NONE', ( #2327, #51, #2101, #799, #601, #383 ) ) ;
#505 = CARTESIAN_POINT ( 'NONE',  ( 11.36291746059856855, -28.21029173803389867, -15.58358082242578035 ) ) ;
#506 = CIRCLE ( 'NONE', #979, 2.249999999999890754 ) ;
#507 = CARTESIAN_POINT ( 'NONE',  ( 6.309583411048381052, -27.85134597030299020, -8.924415546256678766 ) ) ;
#508 = CARTESIAN_POINT ( 'NONE',  ( 13.19027116191612059, -21.96312203313504341, -8.308401770313619039 ) ) ;
#509 = CARTESIAN_POINT ( 'NONE',  ( 7.000040043589299543, -25.00000000000698819, -11.50000000000000000 ) ) ;
#510 = CARTESIAN_POINT ( 'NONE',  ( 6.830131270133460220, -21.95096916579699098, -14.72033639514363834 ) ) ;
#511 = CARTESIAN_POINT ( 'NONE',  ( 12.87831699515514039, -27.66461533411292706, -14.90768365326016109 ) ) ;
#512 = CARTESIAN_POINT ( 'NONE',  ( 12.99762115114630134, -22.10144590248605923, -14.78741258878626041 ) ) ;
#513 = APPLICATION_CONTEXT ( 'automotive_design' ) ;
#514 = CARTESIAN_POINT ( 'NONE',  ( 13.00004004359029963, -28.63105895715900573, -9.163021717412629386 ) ) ;
#515 = CARTESIAN_POINT ( 'NONE',  ( 12.94326767167767933, -28.36207004620197480, -14.53507538427979995 ) ) ;
#516 = VERTEX_POINT ( 'NONE', #1682 ) ;
#517 = VERTEX_POINT ( 'NONE', #1793 ) ;
#518 = CARTESIAN_POINT ( 'NONE',  ( 12.91671011023571936, -28.67755171452299123, -8.990198367397249868 ) ) ;
#519 = EDGE_CURVE ( 'NONE', #1554, #2339, #633, .T. ) ;
#520 = CARTESIAN_POINT ( 'NONE',  ( 7.989217715165990441, -28.52543514566793093, -8.355445519621918393 ) ) ;
#521 = CARTESIAN_POINT ( 'NONE',  ( 12.87889220195239659, -22.11653097958008729, -8.093700428988176654 ) ) ;
#522 = CARTESIAN_POINT ( 'NONE',  ( 12.90004004359109935, -22.07469831132799598, -14.80907842155559884 ) ) ;
#523 = CARTESIAN_POINT ( 'NONE',  ( 12.99765191908070250, -28.05760961263895226, -14.66069868643606000 ) ) ;
#524 = FACE_OUTER_BOUND ( 'NONE', #480, .T. ) ;
#525 = CARTESIAN_POINT ( 'NONE',  ( 13.00004004359029963, -27.91915766022198753, -8.248956913012049696 ) ) ;
#526 = CARTESIAN_POINT ( 'NONE',  ( 10.93002336212946624, -27.37021086582799967, -15.90285487237955131 ) ) ;
#527 = VERTEX_POINT ( 'NONE', #1740 ) ;
#528 = CARTESIAN_POINT ( 'NONE',  ( 12.92655983102192074, -28.58788360955999508, -8.791179750550778493 ) ) ;
#529 = LINE ( 'NONE', #897, #2346 ) ;
#530 = EDGE_CURVE ( 'NONE', #239, #2090, #1152, .T. ) ;
#531 = CARTESIAN_POINT ( 'NONE',  ( 7.021386042461859489, -21.90316686363717480, -14.84059589236610499 ) ) ;
#532 = CARTESIAN_POINT ( 'NONE',  ( 7.000040043622480113, -28.67955973759100985, -13.64281339579973995 ) ) ;
#533 = DIRECTION ( 'NONE',  ( 0.000000000000000000, -1.000000000000000000, 0.000000000000000000 ) ) ;
#534 = VECTOR ( 'NONE', #345, 1000.000000000000114 ) ;
#535 = DIRECTION ( 'NONE',  ( -1.107166642993983240E-07, 0.9999999999999938938, 1.295743106767982167E-08 ) ) ;
#536 = CARTESIAN_POINT ( 'NONE',  ( 12.57097663786727892, -27.56109870426398700, -15.19504696519029885 ) ) ;
#537 = CARTESIAN_POINT ( 'NONE',  ( 12.71455377869187942, -28.71556367267499965, -13.94727819010489966 ) ) ;
#538 = ORIENTED_EDGE ( 'NONE', *, *, #135, .T. ) ;
#539 = CARTESIAN_POINT ( 'NONE',  ( 6.650719132801477862, -28.75121147783318065, -13.86346536477661218 ) ) ;
#540 = CIRCLE ( 'NONE', #1959, 4.499999999999779732 ) ;
#541 = DIRECTION ( 'NONE',  ( 6.408091071663026061E-07, -0.9790556835117695256, -0.2035926535582535113 ) ) ;
#542 = CARTESIAN_POINT ( 'NONE',  ( 7.002475370176598268, -22.09219487067093013, -14.78744106023300198 ) ) ;
#543 = CARTESIAN_POINT ( 'NONE',  ( 7.000040043663740441, -28.63871256944899812, -13.81058972138676921 ) ) ;
#544 = DIRECTION ( 'NONE',  ( 0.000000000000000000, -0.9790555793530399953, -0.2035931544470080123 ) ) ;
#545 = CARTESIAN_POINT ( 'NONE',  ( 13.00004004359029963, -27.81703487949399545, -8.214894870134509475 ) ) ;
#546 = CARTESIAN_POINT ( 'NONE',  ( 11.29608770853259081, -27.39757596157199515, -15.80932250477901846 ) ) ;
#547 = CARTESIAN_POINT ( 'NONE',  ( 11.53697475750017887, -27.41996160756399092, -7.268687504843729386 ) ) ;
#548 = ORIENTED_EDGE ( 'NONE', *, *, #1016, .F. ) ;
#549 = CARTESIAN_POINT ( 'NONE',  ( 10.29184656364381212, -28.10657936113109656, -15.82660180598659849 ) ) ;
#550 = PLANE ( 'NONE',  #1681 ) ;
#551 = ADVANCED_FACE ( 'NONE', ( #1357, #1578 ), #1010, .T. ) ;
#552 = CARTESIAN_POINT ( 'NONE',  ( 6.932033866675839207, -22.00485068635499175, -14.68484242262652018 ) ) ;
#553 = CARTESIAN_POINT ( 'NONE',  ( 13.06804641061046013, -22.00485064048299222, -14.68484235193069942 ) ) ;
#554 = CARTESIAN_POINT ( 'NONE',  ( 7.000040043668160017, -28.60801364331696917, -13.90952824377571950 ) ) ;
#555 = LINE ( 'NONE', #185, #1547 ) ;
#556 = FACE_OUTER_BOUND ( 'NONE', #83, .T. ) ;
#557 = CARTESIAN_POINT ( 'NONE',  ( 12.34177377249411123, -27.52420391212198680, -15.34269217384255946 ) ) ;
#558 = ADVANCED_FACE ( 'NONE', ( #2155 ), #806, .T. ) ;
#559 = CARTESIAN_POINT ( 'NONE',  ( 13.10004004359029928, -22.09999999999301323, -14.88263960056960045 ) ) ;
#560 = ORIENTED_EDGE ( 'NONE', *, *, #259, .T. ) ;
#561 = CARTESIAN_POINT ( 'NONE',  ( 12.94786631131366939, -28.27578678824099612, -8.379273227008310343 ) ) ;
#562 = CARTESIAN_POINT ( 'NONE',  ( 7.000040043590240124, -28.29536261252099649, -8.525656272441850092 ) ) ;
#563 = DIRECTION ( 'NONE',  ( 0.000000000000000000, -1.000000000000000000, 0.000000000000000000 ) ) ;
#564 = DIRECTION ( 'NONE',  ( 1.000000000000000000, 0.000000000000000000, 0.000000000000000000 ) ) ;
#565 = CARTESIAN_POINT ( 'NONE',  ( 7.000040043735689110, -28.59364995590599179, -13.95242603333523057 ) ) ;
#566 = CARTESIAN_POINT ( 'NONE',  ( 7.000040043622480113, -28.67955973759100985, -13.64281339579973995 ) ) ;
#567 = EDGE_CURVE ( 'NONE', #612, #1194, #987, .T. ) ;
#568 = CARTESIAN_POINT ( 'NONE',  ( 5.600125090957539520, -20.99999999999850075, -11.47264292407993835 ) ) ;
#569 = CARTESIAN_POINT ( 'NONE',  ( 8.463066137065810679, -27.41996680905200989, -15.73129762815778143 ) ) ;
#570 = AXIS2_PLACEMENT_3D ( 'NONE', #592, #996, #1356 ) ;
#571 = CARTESIAN_POINT ( 'NONE',  ( 10.06179116183429834, -27.34069042478101608, -6.998697149217420588 ) ) ;
#572 = ORIENTED_EDGE ( 'NONE', *, *, #2491, .F. ) ;
#573 = CARTESIAN_POINT ( 'NONE',  ( 12.95417177618394078, -28.13109159630896983, -8.267136130573799591 ) ) ;
#574 = CARTESIAN_POINT ( 'NONE',  ( 7.121763407081380670, -27.77643322813002058, -8.100465984486762139 ) ) ;
#575 = AXIS2_PLACEMENT_3D ( 'NONE', #1226, #2212, #1988 ) ;
#576 = CARTESIAN_POINT ( 'NONE',  ( 6.817248389983598500, -21.88304861637091392, -8.320973263412899001 ) ) ;
#577 = CARTESIAN_POINT ( 'NONE',  ( 7.000040043589749850, -28.29799237862598460, -14.47133935005732042 ) ) ;
#578 = DIRECTION ( 'NONE',  ( 0.000000000000000000, 1.000000000000000000, 0.000000000000000000 ) ) ;
#579 = EDGE_CURVE ( 'NONE', #724, #1377, #1257, .T. ) ;
#580 = CARTESIAN_POINT ( 'NONE',  ( 13.00004004358540044, -28.04349926872298937, -14.68843410634999991 ) ) ;
#581 = CARTESIAN_POINT ( 'NONE',  ( 7.336871050963209129, -27.57723436723899368, -15.12733110105889978 ) ) ;
#582 = CARTESIAN_POINT ( 'NONE',  ( 7.039523004584889776, -27.92809241129898368, -8.166937597249621206 ) ) ;
#583 = CARTESIAN_POINT ( 'NONE',  ( 9.584875490866917147, -28.28166745535298787, -15.34044707704577881 ) ) ;
#584 = ORIENTED_EDGE ( 'NONE', *, *, #1185, .F. ) ;
#585 = CARTESIAN_POINT ( 'NONE',  ( 12.95231135920571042, -28.17712032500999086, -8.299481938008019810 ) ) ;
#586 = VERTEX_POINT ( 'NONE', #2216 ) ;
#587 = CARTESIAN_POINT ( 'NONE',  ( 7.042304695653678337, -28.79940097840582780, -9.368323498053429788 ) ) ;
#588 = EDGE_CURVE ( 'NONE', #516, #1699, #646, .T. ) ;
#589 = CARTESIAN_POINT ( 'NONE',  ( 7.002458936033701065, -22.10144590248605923, -8.212587411213739585 ) ) ;
#590 = CARTESIAN_POINT ( 'NONE',  ( 7.000040043589299543, -30.40000000001097291, -15.99999999999977796 ) ) ;
#591 = ORIENTED_EDGE ( 'NONE', *, *, #309, .T. ) ;
#592 = CARTESIAN_POINT ( 'NONE',  ( 10.00004004358999943, -21.09999999999701004, -11.50000000000000000 ) ) ;
#593 = CARTESIAN_POINT ( 'NONE',  ( 13.00004004358915033, -28.18164614587598393, -14.58732130269859084 ) ) ;
#594 = CARTESIAN_POINT ( 'NONE',  ( 7.047652046769310452, -28.17425018911798418, -14.70254977110012007 ) ) ;
#595 = CARTESIAN_POINT ( 'NONE',  ( 13.00004004359069931, -25.00000000000698819, -11.50000000000000000 ) ) ;
#596 = CARTESIAN_POINT ( 'NONE',  ( 7.063135498537139512, -28.46131395371800821, -8.586192313261870268 ) ) ;
#597 = CARTESIAN_POINT ( 'NONE',  ( 12.95059066977892037, -28.21802081122598693, -14.67019639634147055 ) ) ;
#598 = EDGE_LOOP ( 'NONE', ( #2481, #2313, #1673, #757 ) ) ;
#599 = CARTESIAN_POINT ( 'NONE',  ( 12.92870212355743931, -28.56481632064197740, -8.748448330927940830 ) ) ;
#600 = CARTESIAN_POINT ( 'NONE',  ( 7.000040043581489790, -28.66688509323200762, -9.298831194300788638 ) ) ;
#601 = ORIENTED_EDGE ( 'NONE', *, *, #182, .F. ) ;
#602 = DIRECTION ( 'NONE',  ( 0.7096585575096139298, -2.351244426604049308E-06, 0.7045457627066148421 ) ) ;
#603 = CARTESIAN_POINT ( 'NONE',  ( 10.00004004358999943, -21.89999999999400870, -11.50000000000000000 ) ) ;
#604 = CARTESIAN_POINT ( 'NONE',  ( 7.000040043605239681, -28.37250032718799275, -14.37808886334408953 ) ) ;
#605 = CARTESIAN_POINT ( 'NONE',  ( 15.10004004358992091, 132.0000000000000000, -16.30000000000111982 ) ) ;
#606 = CARTESIAN_POINT ( 'NONE',  ( 5.500040043590220584, -18.37499999999500488, -11.50000000000000000 ) ) ;
#607 = CARTESIAN_POINT ( 'NONE',  ( 13.00004004358901000, -28.29271861309798197, -14.47733537297422934 ) ) ;
#608 = CARTESIAN_POINT ( 'NONE',  ( 7.561879919567179975, -27.53913464968399438, -15.28392922652081864 ) ) ;
#609 = CARTESIAN_POINT ( 'NONE',  ( 7.000040043591569727, -27.99624851951498883, -8.285016980519619878 ) ) ;
#610 = CARTESIAN_POINT ( 'NONE',  ( 7.043067465303670005, -28.04955088042598987, -8.220379931166098331 ) ) ;
#611 = CARTESIAN_POINT ( 'NONE',  ( 12.96441967520202887, -27.74493756351198570, -14.87761206786571933 ) ) ;
#612 = VERTEX_POINT ( 'NONE', #472 ) ;
#613 = VECTOR ( 'NONE', #719, 1000.000000000000000 ) ;
#614 = ORIENTED_EDGE ( 'NONE', *, *, #1467, .F. ) ;
#615 = CARTESIAN_POINT ( 'NONE',  ( 7.121763407081380670, -27.61376794071085783, -8.093549019235121378 ) ) ;
#616 = CARTESIAN_POINT ( 'NONE',  ( 7.020925734223220971, -21.90287568017103581, -8.159722622445180207 ) ) ;
#617 = CIRCLE ( 'NONE', #1839, 4.400000000000179767 ) ;
#618 = CARTESIAN_POINT ( 'NONE',  ( 7.000040043589749850, -28.11378167094200009, -14.64137198135876083 ) ) ;
#619 = CARTESIAN_POINT ( 'NONE',  ( 13.01533559322305855, -27.61475248359798940, -8.133414122534979640 ) ) ;
#620 = CARTESIAN_POINT ( 'NONE',  ( 13.00004004339764840, -27.65484236715998279, -14.80907267239249059 ) ) ;
#621 = CARTESIAN_POINT ( 'NONE',  ( 7.065346933187940159, -28.49150003552100685, -14.37066157291701884 ) ) ;
#622 = CARTESIAN_POINT ( 'NONE',  ( 7.000040043590240124, -28.00937042426898671, -8.292118130057730241 ) ) ;
#623 = CARTESIAN_POINT ( 'NONE',  ( 7.077160792216049323, -28.62462094299597481, -8.864250158076348640 ) ) ;
#624 = ADVANCED_FACE ( 'NONE', ( #1038 ), #1844, .F. ) ;
#625 = CARTESIAN_POINT ( 'NONE',  ( 12.95840522740848044, -28.00592331424298109, -14.80166464070625132 ) ) ;
#626 = ORIENTED_EDGE ( 'NONE', *, *, #1076, .T. ) ;
#627 = ORIENTED_EDGE ( 'NONE', *, *, #960, .F. ) ;
#628 = FACE_OUTER_BOUND ( 'NONE', #1237, .T. ) ;
#629 = PRODUCT_DEFINITION_FORMATION_WITH_SPECIFIED_SOURCE ( 'ANY', '', #1760, .NOT_KNOWN. ) ;
#630 = CARTESIAN_POINT ( 'NONE',  ( 7.131676789894620505, -27.61412917359199071, -8.030228350888148015 ) ) ;
#631 = CARTESIAN_POINT ( 'NONE',  ( 7.000040043596939654, -27.95782586359899113, -14.73457216635878986 ) ) ;
#632 = DIRECTION ( 'NONE',  ( 0.7096588634551063146, 0.000000000000000000, -0.7045454545447062955 ) ) ;
#633 = LINE ( 'NONE', #1939, #983 ) ;
#634 = CARTESIAN_POINT ( 'NONE',  ( 7.046485436877690134, -28.14540278026697706, -14.72283620648754088 ) ) ;
#635 = CARTESIAN_POINT ( 'NONE',  ( 7.000040043590240124, -27.72355704313098101, -8.196753434874599620 ) ) ;
#636 = CIRCLE ( 'NONE', #1529, 0.09999829424418527068 ) ;
#637 = CARTESIAN_POINT ( 'NONE',  ( 7.034133757160409672, -27.63305655817499584, -8.115717583547230163 ) ) ;
#638 = CARTESIAN_POINT ( 'NONE',  ( 7.070657837437039461, -28.55682021082500555, -8.734122540821509517 ) ) ;
#639 = CARTESIAN_POINT ( 'NONE',  ( 12.95701252471465992, -28.04955606898301568, -14.77961660138386080 ) ) ;
#640 = CARTESIAN_POINT ( 'NONE',  ( 7.000040043680090029, -28.60547995949397304, -9.082906016504070479 ) ) ;
#641 = ORIENTED_EDGE ( 'NONE', *, *, #1657, .F. ) ;
#642 = CARTESIAN_POINT ( 'NONE',  ( 12.11532197784977960, -27.37688999915104304, -15.48199656886875530 ) ) ;
#643 = CARTESIAN_POINT ( 'NONE',  ( 12.90004345510573991, -22.10000132564499253, -8.190924285147140438 ) ) ;
#644 = CARTESIAN_POINT ( 'NONE',  ( 10.29188011343371123, -28.10658047921406677, -7.173400780850999858 ) ) ;
#645 = CARTESIAN_POINT ( 'NONE',  ( 6.984744455884881909, -28.72270707172306459, -13.72446605335058756 ) ) ;
#646 = LINE ( 'NONE', #497, #2275 ) ;
#647 = CARTESIAN_POINT ( 'NONE',  ( 12.95777557923993939, -27.61333569519486986, -14.92412879317905983 ) ) ;
#648 = CARTESIAN_POINT ( 'NONE',  ( 12.96182495195857953, -27.87762059386100688, -8.149670759855201396 ) ) ;
#649 = B_SPLINE_CURVE_WITH_KNOTS ( 'NONE', 3,
 ( #1240, #630, #97, #2223, #482, #2385, #1614, #1410, #1423, #818, #469, #255, #2188, #2016, #1602, #285, #859, #338, #494, #2399, #1302, #670, #2075, #350, #165, #756, #1131, #2468, #1337, #734, #1707, #928, #571, #2480, #2100, #2278, #1540, #1317, #961, #2135, #371, #1517, #1143, #745, #547, #939, #1154, #2089, #1932, #1896, #1165, #2301, #1327, #1530, #393, #155, #1121, #1503, #359, #1907, #177, #917, #2264, #1720 ),
 .UNSPECIFIED., .F., .F.,
 ( 4, 3, 3, 3, 3, 3, 3, 3, 3, 3, 3, 3, 3, 3, 3, 3, 3, 3, 3, 3, 3, 4 ),
 ( 0.000000000000000000, 0.05882352941176000050, 0.1106487483041359993, 0.1176470588234999892, 0.1719063248405550137, 0.1764705882353000133, 0.2352941176471000095, 0.2941176470588000025, 0.3529411764706000265, 0.4117647058823999950, 0.4705882352941000435, 0.5294117647059000120, 0.5882352941176000050, 0.6470588235293999180, 0.7058823529412000530, 0.7647058823529000460, 0.8235294117646999590, 0.8779038748936900394, 0.8823529411764999830, 0.9341500110646359101, 0.9411764705882000870, 1.000000000000000000 ),
 .UNSPECIFIED. ) ;
#650 = CARTESIAN_POINT ( 'NONE',  ( 7.091239709027219895, -28.73194923178898463, -9.152361896124700635 ) ) ;
#651 = CARTESIAN_POINT ( 'NONE',  ( 12.94802213291026938, -28.27259017936800589, -14.62357757067921149 ) ) ;
#652 = CARTESIAN_POINT ( 'NONE',  ( 13.00004004359069931, -25.00000000000698819, -11.50000000000000000 ) ) ;
#653 = VERTEX_POINT ( 'NONE', #674 ) ;
#654 = ORIENTED_EDGE ( 'NONE', *, *, #1941, .T. ) ;
#655 = CARTESIAN_POINT ( 'NONE',  ( 6.984744456103319621, -27.61474166200398983, -8.133414135250220056 ) ) ;
#656 = AXIS2_PLACEMENT_3D ( 'NONE', #2358, #1458, #1625 ) ;
#657 = DIRECTION ( 'NONE',  ( 0.000000000000000000, -1.000000000000000000, 0.000000000000000000 ) ) ;
#658 = CARTESIAN_POINT ( 'NONE',  ( 6.894256726738779761, -27.64519759494515938, -8.222492621197536877 ) ) ;
#659 = CARTESIAN_POINT ( 'NONE',  ( 13.18277021567851826, -21.88302557666609260, -8.320916424702598846 ) ) ;
#660 = CARTESIAN_POINT ( 'NONE',  ( 12.98508325671743968, -22.01366879582097980, -14.86743606142631968 ) ) ;
#661 = CARTESIAN_POINT ( 'NONE',  ( 6.984744455884881909, -28.42212356588091993, -14.41994863636231727 ) ) ;
#662 = CARTESIAN_POINT ( 'NONE',  ( 13.08624486455129876, -21.91625486532500133, -8.224906596694699701 ) ) ;
#663 = CARTESIAN_POINT ( 'NONE',  ( 7.034498899552019680, -27.66704208094400386, -14.88460498080917915 ) ) ;
#664 = CARTESIAN_POINT ( 'NONE',  ( 13.06173395021533956, -22.01658400886290678, -14.80677944543981717 ) ) ;
#665 = EDGE_CURVE ( 'NONE', #990, #1394, #1814, .T. ) ;
#666 = CARTESIAN_POINT ( 'NONE',  ( 13.00004004357381859, -28.57847080946401874, -9.006805103542919966 ) ) ;
#667 = CARTESIAN_POINT ( 'NONE',  ( 12.94291313915988795, -28.36817296816898804, -14.52837242945152063 ) ) ;
#668 = EDGE_LOOP ( 'NONE', ( #584, #412, #2148, #1862 ) ) ;
#669 = PLANE ( 'NONE',  #59 ) ;
#670 = CARTESIAN_POINT ( 'NONE',  ( 8.703855702642929515, -27.39758735272698686, -7.190718603492969763 ) ) ;
#671 = CARTESIAN_POINT ( 'NONE',  ( 12.11537642007795057, -27.37690263976577398, -7.518031757879263921 ) ) ;
#672 = CARTESIAN_POINT ( 'NONE',  ( 10.00004004358999943, 132.0000000000000000, -11.50000000000000000 ) ) ;
#673 = ADVANCED_FACE ( 'NONE', ( #865 ), #260, .T. ) ;
#674 = CARTESIAN_POINT ( 'NONE',  ( 13.00004004359069931, -22.75000000000709832, -11.50000000000000000 ) ) ;
#675 = DIRECTION ( 'NONE',  ( 8.729444486479920849E-08, -0.9999999999999956701, 3.150797112338977162E-08 ) ) ;
#676 = CARTESIAN_POINT ( 'NONE',  ( 13.01525424789679874, -22.08695468419901076, -14.86692716427546301 ) ) ;
#677 = CARTESIAN_POINT ( 'NONE',  ( 13.00004004359018950, -28.21587330741298771, -8.443507719542850509 ) ) ;
#678 = CARTESIAN_POINT ( 'NONE',  ( 12.92291796437567086, -28.62462897559800368, -14.13573344286488975 ) ) ;
#679 = ORIENTED_EDGE ( 'NONE', *, *, #530, .F. ) ;
#680 = DIRECTION ( 'NONE',  ( -1.000000000000000000, 0.000000000000000000, 0.000000000000000000 ) ) ;
#681 = CARTESIAN_POINT ( 'NONE',  ( 10.00004004358999943, -21.09999999999701004, -11.50000000000000000 ) ) ;
#682 = CARTESIAN_POINT ( 'NONE',  ( 12.35392852919833118, -28.42440381189188159, -7.979617760473762367 ) ) ;
#683 = CARTESIAN_POINT ( 'NONE',  ( 0.000000000000000000, 0.000000000000000000, 0.000000000000000000 ) ) ;
#684 = CARTESIAN_POINT ( 'NONE',  ( 13.00004004353571041, -28.61313682206298381, -13.89423345241238117 ) ) ;
#685 = CARTESIAN_POINT ( 'NONE',  ( 12.95777557923993939, -27.66532354636198576, -14.92538903013280205 ) ) ;
#686 = CARTESIAN_POINT ( 'NONE',  ( 13.14396501583416210, -22.01686804766490013, -14.65591598603195855 ) ) ;
#687 = CARTESIAN_POINT ( 'NONE',  ( 7.098401139231769186, -28.77024515579798702, -9.302118646071420471 ) ) ;
#688 = CARTESIAN_POINT ( 'NONE',  ( 12.94786718454233920, -28.27574886094799567, -14.62073861557814780 ) ) ;
#689 = EDGE_LOOP ( 'NONE', ( #679, #1224, #281, #1086 ) ) ;
#690 = CARTESIAN_POINT ( 'NONE',  ( 12.90650495567033929, -28.74519837911798703, -9.201033155071110414 ) ) ;
#691 = CARTESIAN_POINT ( 'NONE',  ( 7.680362293410199825, -28.41515670818616002, -7.953186460865041774 ) ) ;
#692 = CARTESIAN_POINT ( 'NONE',  ( 13.08934230399014353, -21.93828829860095553, -8.188313017677280925 ) ) ;
#693 = AXIS2_PLACEMENT_3D ( 'NONE', #1866, #1497, #1486 ) ;
#694 = CARTESIAN_POINT ( 'NONE',  ( 13.00004004358927823, -28.29799458516199451, -14.47133655537787078 ) ) ;
#695 = CARTESIAN_POINT ( 'NONE',  ( 6.905796187939839292, -22.00000012416400352, -8.366062951493850264 ) ) ;
#696 = CARTESIAN_POINT ( 'NONE',  ( 13.13738933193703851, -21.93942455810189784, -14.76083471205641651 ) ) ;
#697 = CARTESIAN_POINT ( 'NONE',  ( 13.00004004356764042, -28.51694720312400477, -8.864005257379218961 ) ) ;
#698 = CARTESIAN_POINT ( 'NONE',  ( 12.93081965970114844, -28.54055643567699008, -14.29357312013838843 ) ) ;
#699 = VECTOR ( 'NONE', #981, 1000.000000000000000 ) ;
#700 = ADVANCED_FACE ( 'NONE', ( #1876 ), #159, .T. ) ;
#701 = ORIENTED_EDGE ( 'NONE', *, *, #298, .T. ) ;
#702 = CARTESIAN_POINT ( 'NONE',  ( 8.410398587160448969, -28.43316732382897882, -14.92621660373800019 ) ) ;
#703 = VECTOR ( 'NONE', #496, 1000.000000000000000 ) ;
#704 = PLANE ( 'NONE',  #813 ) ;
#705 = CARTESIAN_POINT ( 'NONE',  ( 13.03864560140864093, -21.87509533413211571, -8.202072553800517696 ) ) ;
#706 = CARTESIAN_POINT ( 'NONE',  ( 6.923400309175399059, -21.99857137605382817, -14.62271810226276081 ) ) ;
#707 = CARTESIAN_POINT ( 'NONE',  ( 12.95777557923993939, -28.13292508082988874, -14.77618330978181937 ) ) ;
#708 = CARTESIAN_POINT ( 'NONE',  ( 6.913835222633779587, -21.91625486532500133, -14.77509340331037890 ) ) ;
#709 = CARTESIAN_POINT ( 'NONE',  ( 7.034131397592219948, -27.63307239239501456, -14.88428388316941131 ) ) ;
#710 = CARTESIAN_POINT ( 'NONE',  ( 13.00004004358872045, -28.07607087984498406, -8.332244844367110659 ) ) ;
#711 = CARTESIAN_POINT ( 'NONE',  ( 12.91833075421902954, -28.66470290127401555, -14.04278277862549018 ) ) ;
#712 = EDGE_LOOP ( 'NONE', ( #1155, #1032, #1470, #109 ) ) ;
#713 = CARTESIAN_POINT ( 'NONE',  ( 12.92728622147587814, -28.58030428524000044, -8.776655691473861154 ) ) ;
#714 = CARTESIAN_POINT ( 'NONE',  ( 7.000040043590240124, -28.38940696131200880, -8.645760840759701082 ) ) ;
#715 = DIRECTION ( 'NONE',  ( 0.000000000000000000, -1.000000000000000000, 0.000000000000000000 ) ) ;
#716 = CARTESIAN_POINT ( 'NONE',  ( 6.938550909384678000, -22.01668985564106507, -14.80707603919511861 ) ) ;
#717 = CARTESIAN_POINT ( 'NONE',  ( 12.99765191908070250, -27.65983590602891340, -14.78819747427262143 ) ) ;
#718 = CARTESIAN_POINT ( 'NONE',  ( 7.121763396730880658, -28.29457626314003349, -14.62601066991941856 ) ) ;
#719 = DIRECTION ( 'NONE',  ( 0.000000000000000000, 1.000000000000000000, 0.000000000000000000 ) ) ;
#720 = EDGE_CURVE ( 'NONE', #229, #516, #111, .T. ) ;
#721 = CARTESIAN_POINT ( 'NONE',  ( 7.100040043588900396, -27.63307911481399515, -14.80907842155559884 ) ) ;
#722 = CARTESIAN_POINT ( 'NONE',  ( 9.937109148656338320, -27.34069405736200409, -16.00128488084055078 ) ) ;
#723 = CARTESIAN_POINT ( 'NONE',  ( 8.760174899334648657, -28.36533388360098940, -15.11782455806259939 ) ) ;
#724 = VERTEX_POINT ( 'NONE', #2438 ) ;
#725 = CARTESIAN_POINT ( 'NONE',  ( 10.71785751085338667, -28.30957100396607018, -15.26720434464405507 ) ) ;
#726 = DIRECTION ( 'NONE',  ( -1.240770918829391754E-22, -0.2035926535582939512, 0.9790556835119708090 ) ) ;
#727 = CARTESIAN_POINT ( 'NONE',  ( 7.000040043621539532, -28.66939663236697911, -13.69168207963522832 ) ) ;
#728 = CARTESIAN_POINT ( 'NONE',  ( 13.00004004359069931, -27.25000000000687805, -11.50000000000000000 ) ) ;
#729 = AXIS2_PLACEMENT_3D ( 'NONE', #2308, #578, #2073 ) ;
#730 = DIRECTION ( 'NONE',  ( -0.6590909090909075063, 0.000000000000000000, -0.7520632776261060304 ) ) ;
#731 = CARTESIAN_POINT ( 'NONE',  ( 12.66319069396852015, -27.57723158805999830, -15.12734456777771008 ) ) ;
#732 = ADVANCED_FACE ( 'NONE', ( #922 ), #1306, .T. ) ;
#733 = AXIS2_PLACEMENT_3D ( 'NONE', #2416, #322, #115 ) ;
#734 = CARTESIAN_POINT ( 'NONE',  ( 9.688153266792037144, -27.34384488450297823, -7.009092248249910284 ) ) ;
#735 = EDGE_LOOP ( 'NONE', ( #11, #440 ) ) ;
#736 = CARTESIAN_POINT ( 'NONE',  ( 7.087009290719802124, -28.79230943175589985, -13.58866414530165834 ) ) ;
#737 = CARTESIAN_POINT ( 'NONE',  ( 13.03529153792119999, -22.01823209568594564, -8.294920073700740915 ) ) ;
#738 = CARTESIAN_POINT ( 'NONE',  ( 7.000040043673369183, -28.43282450849299181, -8.710708909650250575 ) ) ;
#739 = CARTESIAN_POINT ( 'NONE',  ( 13.10004076258578998, -21.99999999694399122, -14.62249855718466129 ) ) ;
#740 = CARTESIAN_POINT ( 'NONE',  ( 12.99765191908070250, -28.59617541856397338, -13.89832714803232960 ) ) ;
#741 = CARTESIAN_POINT ( 'NONE',  ( 7.034133757160409672, -27.63305655817499584, -8.115717583547230163 ) ) ;
#742 = EDGE_CURVE ( 'NONE', #1762, #2077, #1729, .T. ) ;
#743 = PLANE ( 'NONE',  #223 ) ;
#744 = CARTESIAN_POINT ( 'NONE',  ( 7.995325792072929261, -27.47564967446597350, -15.52878651330178883 ) ) ;
#745 = CARTESIAN_POINT ( 'NONE',  ( 11.41712092086160979, -27.40809395983998087, -7.227079692484750240 ) ) ;
#746 = ORIENTED_EDGE ( 'NONE', *, *, #858, .T. ) ;
#747 = CARTESIAN_POINT ( 'NONE',  ( 12.95795435479413982, -28.02124370024100486, -8.205227446500959587 ) ) ;
#748 = ORIENTED_EDGE ( 'NONE', *, *, #1838, .T. ) ;
#749 = AXIS2_PLACEMENT_3D ( 'NONE', #1160, #31, #1214 ) ;
#750 = CARTESIAN_POINT ( 'NONE',  ( 10.25157246814715606, -28.28161726055915182, -7.660387381272600216 ) ) ;
#751 = CARTESIAN_POINT ( 'NONE',  ( 6.961434485768821290, -21.87509533413183149, -14.79792744619947875 ) ) ;
#752 = LINE ( 'NONE', #2258, #1798 ) ;
#753 = DIRECTION ( 'NONE',  ( -8.434532378576980599E-09, -4.417356161767995484E-08, 0.9999999999999990008 ) ) ;
#754 = CARTESIAN_POINT ( 'NONE',  ( 13.00004004358660836, -28.04367135502500119, -8.311667473510839343 ) ) ;
#755 = CARTESIAN_POINT ( 'NONE',  ( 10.18631305898474437, -27.34225759044600679, -15.99614305418919891 ) ) ;
#756 = CARTESIAN_POINT ( 'NONE',  ( 9.192449822896271883, -27.36255328127498743, -7.071281347063049338 ) ) ;
#757 = ORIENTED_EDGE ( 'NONE', *, *, #2025, .F. ) ;
#758 = CARTESIAN_POINT ( 'NONE',  ( 12.95669478227519988, -28.05917953300498979, -8.225530660866800403 ) ) ;
#759 = FACE_OUTER_BOUND ( 'NONE', #894, .T. ) ;
#760 = ADVANCED_FACE ( 'NONE', ( #1927 ), #1151, .T. ) ;
#761 = CARTESIAN_POINT ( 'NONE',  ( 7.041813621065601048, -22.11279774163195810, -8.076021259198000735 ) ) ;
#762 = CARTESIAN_POINT ( 'NONE',  ( 7.000040043592170136, -27.93217814646398267, -14.74556123847681022 ) ) ;
#763 = FACE_OUTER_BOUND ( 'NONE', #268, .T. ) ;
#764 = CARTESIAN_POINT ( 'NONE',  ( 13.00004004358786069, -27.87487897782697743, -14.76828717466995045 ) ) ;
#765 = CARTESIAN_POINT ( 'NONE',  ( 12.47630045796915965, -27.54531503492399480, -15.25913986450201953 ) ) ;
#766 = CARTESIAN_POINT ( 'NONE',  ( 7.051124814773429783, -28.25323005405100218, -8.359391132998890583 ) ) ;
#767 = CYLINDRICAL_SURFACE ( 'NONE', #1513, 0.1000000000000063338 ) ;
#768 = EDGE_LOOP ( 'NONE', ( #992, #1946 ) ) ;
#769 = CARTESIAN_POINT ( 'NONE',  ( 12.96333986853517040, -27.80658863652898916, -8.131947866533019820 ) ) ;
#770 = CARTESIAN_POINT ( 'NONE',  ( 7.000040043592949068, -28.66000036733198897, -9.270742540912028318 ) ) ;
#771 = ADVANCED_FACE ( 'NONE', ( #2166 ), #1764, .T. ) ;
#772 = VERTEX_POINT ( 'NONE', #1788 ) ;
#773 = CARTESIAN_POINT ( 'NONE',  ( 7.121763407081380670, -28.12320129923604384, -8.238717517950117752 ) ) ;
#774 = CARTESIAN_POINT ( 'NONE',  ( 6.853997653497879483, -22.01803972594100145, -8.349193685247284336 ) ) ;
#775 = FACE_OUTER_BOUND ( 'NONE', #504, .T. ) ;
#776 = CARTESIAN_POINT ( 'NONE',  ( 13.10004004358775909, -21.89999999999400870, -8.377501000796620190 ) ) ;
#777 = AXIS2_PLACEMENT_3D ( 'NONE', #721, #1501, #336 ) ;
#778 = CARTESIAN_POINT ( 'NONE',  ( 13.00004004358927823, -28.13164633338799447, -14.62856907210952073 ) ) ;
#779 = CARTESIAN_POINT ( 'NONE',  ( 7.048986290500139695, -28.20678424155700981, -14.67924559740936985 ) ) ;
#780 = FACE_OUTER_BOUND ( 'NONE', #1133, .T. ) ;
#781 = CARTESIAN_POINT ( 'NONE',  ( 7.039584145509679480, -27.93045630469398333, -8.167789861483520042 ) ) ;
#782 = CARTESIAN_POINT ( 'NONE',  ( 12.96014605748461967, -27.94379477303598946, -14.82727957813199993 ) ) ;
#783 = ORIENTED_EDGE ( 'NONE', *, *, #1313, .T. ) ;
#784 = CARTESIAN_POINT ( 'NONE',  ( 12.94739482582389911, -28.28526681545298516, -8.387929847079039547 ) ) ;
#785 = CARTESIAN_POINT ( 'NONE',  ( 7.000040043644428778, -28.61313384680200400, -9.105761078512029982 ) ) ;
#786 = ORIENTED_EDGE ( 'NONE', *, *, #2232, .F. ) ;
#787 = CARTESIAN_POINT ( 'NONE',  ( 7.121763407081380670, -27.66461533251310811, -8.092316361210221132 ) ) ;
#788 = CARTESIAN_POINT ( 'NONE',  ( 5.500040043590220584, -18.37499999999500488, -11.50000000000000000 ) ) ;
#789 = CARTESIAN_POINT ( 'NONE',  ( 7.000040043589749850, -27.91265723012900679, -14.75363779694600019 ) ) ;
#790 = VERTEX_POINT ( 'NONE', #2331 ) ;
#791 = B_SPLINE_CURVE_WITH_KNOTS ( 'NONE', 3,
 ( #878, #1256, #471, #1450, #1667, #88, #2425, #660, #1676, #126, #1828, #485 ),
 .UNSPECIFIED., .F., .F.,
 ( 4, 1, 1, 1, 1, 1, 1, 1, 1, 4 ),
 ( 0.000000000000000000, 0.1111111111111000027, 0.2222222222222000054, 0.3333333333333000081, 0.4444444444444000109, 0.5555555555555999891, 0.6666666666667000474, 0.7777777777777999946, 0.8888888888888999418, 1.000000000000000000 ),
 .UNSPECIFIED. ) ;
#792 = CARTESIAN_POINT ( 'NONE',  ( 12.95777557976826522, -28.30691553868989274, -8.361185962601258126 ) ) ;
#793 = CARTESIAN_POINT ( 'NONE',  ( 13.00004004358927823, -28.00937019483098922, -14.70788130891977019 ) ) ;
#794 = CARTESIAN_POINT ( 'NONE',  ( 7.047396235236309536, -28.16798642117199236, -14.70701192787393907 ) ) ;
#795 = CARTESIAN_POINT ( 'NONE',  ( 7.000040043590240124, -28.09121855616999852, -8.342458847417940859 ) ) ;
#796 = EDGE_CURVE ( 'NONE', #2175, #2395, #1066, .T. ) ;
#797 = CARTESIAN_POINT ( 'NONE',  ( 7.051980562473810110, -28.27100207974397961, -8.375005825212099353 ) ) ;
#798 = CARTESIAN_POINT ( 'NONE',  ( 12.96133692233441081, -27.89772321002201139, -14.84387095041828886 ) ) ;
#799 = ORIENTED_EDGE ( 'NONE', *, *, #1488, .F. ) ;
#800 = CARTESIAN_POINT ( 'NONE',  ( 7.000040043601759798, -28.67955971804300574, -9.357186510408569191 ) ) ;
#801 = ORIENTED_EDGE ( 'NONE', *, *, #2374, .F. ) ;
#802 = DIRECTION ( 'NONE',  ( -0.7045457627088220764, -1.631756402315738009E-07, 0.7096585575112989153 ) ) ;
#803 = CARTESIAN_POINT ( 'NONE',  ( 6.912178644478819578, -22.00730581243297834, -8.233393375852680052 ) ) ;
#804 = CARTESIAN_POINT ( 'NONE',  ( 7.000040043590429306, -28.15336419923900024, -14.61154220501544110 ) ) ;
#805 = EDGE_CURVE ( 'NONE', #2381, #1695, #1976, .T. ) ;
#806 = CYLINDRICAL_SURFACE ( 'NONE', #1645, 4.474999999999879741 ) ;
#807 = CARTESIAN_POINT ( 'NONE',  ( 7.064423162244379384, -28.47911417973297787, -14.38872281568202993 ) ) ;
#808 = CARTESIAN_POINT ( 'NONE',  ( 7.000040043591659433, -27.87487799923599141, -8.231712071974390810 ) ) ;
#809 = CARTESIAN_POINT ( 'NONE',  ( 7.035524620822649844, -27.73641129378901127, -8.121377649658549913 ) ) ;
#810 = CARTESIAN_POINT ( 'NONE',  ( 7.058799640830599742, -28.39578072783699270, -8.502579183677600128 ) ) ;
#811 = CARTESIAN_POINT ( 'NONE',  ( 12.96029151669674029, -27.93830739074698499, -14.82934245323635025 ) ) ;
#812 = ORIENTED_EDGE ( 'NONE', *, *, #363, .T. ) ;
#813 = AXIS2_PLACEMENT_3D ( 'NONE', #320, #2436, #2256 ) ;
#814 = DIRECTION ( 'NONE',  ( -1.000000000000000000, 0.000000000000000000, 0.000000000000000000 ) ) ;
#815 = PRESENTATION_LAYER_ASSIGNMENT (  '', '', ( #1308 ) ) ;
#816 = VERTEX_POINT ( 'NONE', #1447 ) ;
#817 = CARTESIAN_POINT ( 'NONE',  ( 5.600125090957538632, -21.09999999999701004, -11.47264292407993835 ) ) ;
#818 = CARTESIAN_POINT ( 'NONE',  ( 7.658309726359349590, -27.52420379858400068, -7.657305747088269499 ) ) ;
#819 = AXIS2_PLACEMENT_3D ( 'NONE', #1639, #1459, #1826 ) ;
#820 = CARTESIAN_POINT ( 'NONE',  ( 7.000040043589929262, -28.12103391440398781, -14.63602931078738045 ) ) ;
#821 = ORIENTED_EDGE ( 'NONE', *, *, #479, .T. ) ;
#822 = DIRECTION ( 'NONE',  ( 0.000000000000000000, -1.000000000000000000, -2.755736815211312727E-11 ) ) ;
#823 = DIRECTION ( 'NONE',  ( 0.000000000000000000, -1.000000000000000000, 0.000000000000000000 ) ) ;
#824 = CARTESIAN_POINT ( 'NONE',  ( 7.090720245165239355, -28.72858870606600945, -13.85838540257821982 ) ) ;
#825 = CARTESIAN_POINT ( 'NONE',  ( 7.062323123616979892, -28.44963841289199635, -8.570425756669550310 ) ) ;
#826 = CARTESIAN_POINT ( 'NONE',  ( 7.159489931069429325, -28.75726948590700971, -13.76028560099979892 ) ) ;
#827 = B_SPLINE_CURVE_WITH_KNOTS ( 'NONE', 3,
 ( #2335, #1401, #403, #1579, #1995, #824, #19, #1953, #1940, #221, #1768, #2323, #2310, #1358, #2133, #1384, #2349, #1216, #1175, #419, #391, #436, #235, #1606, #621, #1026, #807, #1806, #999, #1779, #2169, #1204, #1162, #2364, #1752, #1190, #206, #985, #2182, #247, #47, #779, #594, #1980, #794, #1011, #634, #1415, #1369, #448, #969, #1564, #1054, #1245, #2226, #277, #2427, #1092, #1845, #1669, #1081, #2217, #663, #2405 ),
 .UNSPECIFIED., .F., .F.,
 ( 4, 3, 3, 3, 3, 3, 3, 3, 3, 3, 3, 3, 3, 3, 3, 3, 3, 3, 3, 3, 3, 4 ),
 ( 8.230788030192569579E-07, 0.04945684831784820379, 0.08333333333333001192, 0.1355625710702050013, 0.1404085497203030053, 0.1666666666667000196, 0.2278198308854539889, 0.2500000000000000000, 0.3169731321583150185, 0.3333333333333000081, 0.4031282026575269684, 0.4166666666666999919, 0.4887278682601939872, 0.5000000000000000000, 0.5760178334735099881, 0.5833333333333000637, 0.6287209605741529428, 0.6666666666667000474, 0.7500000000000000000, 0.8333333333333000637, 0.9166666666667000474, 0.9999972524341680380 ),
 .UNSPECIFIED. ) ;
#828 = DIRECTION ( 'NONE',  ( 0.000000000000000000, -1.000000000000000000, 0.000000000000000000 ) ) ;
#829 = EDGE_LOOP ( 'NONE', ( #95, #1018 ) ) ;
#830 = FACE_OUTER_BOUND ( 'NONE', #1873, .T. ) ;
#831 = EDGE_CURVE ( 'NONE', #586, #2053, #2435, .T. ) ;
#832 = DIRECTION ( 'NONE',  ( 1.000000000000000000, 0.000000000000000000, 0.000000000000000000 ) ) ;
#833 = CARTESIAN_POINT ( 'NONE',  ( 9.715297694656227279, -27.14758307816208216, -7.013660481475238129 ) ) ;
#834 = CARTESIAN_POINT ( 'NONE',  ( 12.99765191861588143, -27.65992343376901985, -8.211801184355920213 ) ) ;
#835 = CARTESIAN_POINT ( 'NONE',  ( 13.00004004350059006, -28.60548223880399377, -13.91709065850245075 ) ) ;
#836 = CARTESIAN_POINT ( 'NONE',  ( 7.034131397592219948, -27.63307239239501456, -14.88428388316941131 ) ) ;
#837 = CARTESIAN_POINT ( 'NONE',  ( 9.584875410422577957, -28.28166746109397778, -7.659552937752259538 ) ) ;
#838 = CARTESIAN_POINT ( 'NONE',  ( 7.000040043590240124, -27.79433880461198925, -8.208990395241119842 ) ) ;
#839 = CARTESIAN_POINT ( 'NONE',  ( 13.00004004351747078, -28.63871399319800659, -9.189411683779459494 ) ) ;
#840 = CARTESIAN_POINT ( 'NONE',  ( 12.95675910888716942, -28.05719330610001450, -14.77552973420489124 ) ) ;
#841 = ORIENTED_EDGE ( 'NONE', *, *, #831, .F. ) ;
#842 = ORIENTED_EDGE ( 'NONE', *, *, #519, .T. ) ;
#843 = CARTESIAN_POINT ( 'NONE',  ( 9.103591944921076262, -27.18534716184115752, -15.90789524480401873 ) ) ;
#844 = CARTESIAN_POINT ( 'NONE',  ( 7.100040374098039564, -28.77746393108299117, -13.66317056197789981 ) ) ;
#845 = CARTESIAN_POINT ( 'NONE',  ( 9.123092196380236274, -27.69305837478907506, -6.994832165050158146 ) ) ;
#846 = EDGE_CURVE ( 'NONE', #2028, #816, #2371, .T. ) ;
#847 = CARTESIAN_POINT ( 'NONE',  ( 7.042304688249577005, -28.13320213899983102, -14.77600168512093681 ) ) ;
#848 = CARTESIAN_POINT ( 'NONE',  ( 13.00004004356906862, -28.64861662323198033, -13.77570596040992967 ) ) ;
#849 = CARTESIAN_POINT ( 'NONE',  ( 12.87831699515514039, -27.61376747457004299, -14.90645100605566142 ) ) ;
#850 = CARTESIAN_POINT ( 'NONE',  ( 13.08965646955941864, -21.93825360324301954, -14.81137401068551895 ) ) ;
#851 = CARTESIAN_POINT ( 'NONE',  ( 7.000040043590558980, -27.90409562147597100, -8.243000036602239788 ) ) ;
#852 = CARTESIAN_POINT ( 'NONE',  ( 13.00004004358734022, -28.56258975269801326, -8.967956544244520600 ) ) ;
#853 = CARTESIAN_POINT ( 'NONE',  ( 12.93611086525206844, -28.47285428634999249, -14.39754799592304835 ) ) ;
#854 = CARTESIAN_POINT ( 'NONE',  ( 7.002428168012939658, -27.75531372551296627, -14.78127614059435757 ) ) ;
#855 = ORIENTED_EDGE ( 'NONE', *, *, #1185, .T. ) ;
#856 = ORIENTED_EDGE ( 'NONE', *, *, #2437, .F. ) ;
#857 = CARTESIAN_POINT ( 'NONE',  ( 7.002428167527798841, -28.48894545443610582, -8.841676933959279339 ) ) ;
#858 = EDGE_CURVE ( 'NONE', #2470, #1405, #217, .T. ) ;
#859 = CARTESIAN_POINT ( 'NONE',  ( 8.109953284210639879, -27.46037564681799736, -7.414176258326479640 ) ) ;
#860 = CARTESIAN_POINT ( 'NONE',  ( 11.50711921058286258, -27.77502305426793683, -7.174864669017961383 ) ) ;
#861 = DIRECTION ( 'NONE',  ( 1.000000000000000000, 0.000000000000000000, 0.000000000000000000 ) ) ;
#862 = CARTESIAN_POINT ( 'NONE',  ( 7.042304688249577005, -28.77878110880000406, -13.73765584400752715 ) ) ;
#863 = B_SPLINE_CURVE_WITH_KNOTS ( 'NONE', 3,
 ( #2185, #37, #1783, #406, #1404, #50, #1430, #611, #2367, #1178, #1755, #1956, #2197, #1389, #798, #2338, #1970, #1943, #238, #811, #782, #1595, #439, #625, #1567, #1207, #639, #840, #1418, #1983, #1797, #2326, #1030, #65, #451, #597, #266, #1809, #80, #1621, #651, #2420, #688, #501, #2051, #1683, #515, #667, #2038, #1045, #2408, #1097, #1672, #305, #853, #1481, #1278, #698, #1871, #1861, #131, #293, #2026, #2431, #1072, #678, #870, #893, #2393, #2063, #711, #1468, #1291, #2243, #1084, #1849, #316, #1455, #121, #325, #143, #2253, #905, #2220, #883 ),
 .UNSPECIFIED., .F., .F.,
 ( 4, 3, 3, 3, 3, 3, 3, 3, 3, 3, 3, 3, 3, 3, 3, 3, 3, 3, 3, 3, 3, 3, 3, 3, 3, 3, 3, 3, 4 ),
 ( 1.215089674620240090E-05, 0.06791092667957190909, 0.08333333333333001192, 0.1037028894484989944, 0.1666666666667000196, 0.2317653548433200039, 0.2372588641257750153, 0.2500000000000000000, 0.3156461424702889929, 0.3333333333333000081, 0.3705127835131080127, 0.4166666666666999919, 0.4788822957508619971, 0.5000000000000000000, 0.5037648759005820542, 0.5683229730073929842, 0.5833333333333000637, 0.6365204369193330214, 0.6666666666667000474, 0.7273110345671809362, 0.7500000000000000000, 0.7671705137549490461, 0.8293235350920820093, 0.8333333333333000637, 0.8873810338906030770, 0.8946516499451669935, 0.9166666666667000474, 0.9633229224154070680, 1.000000000000000000 ),
 .UNSPECIFIED. ) ;
#864 = VECTOR ( 'NONE', #1626, 1000.000000000000000 ) ;
#865 = FACE_OUTER_BOUND ( 'NONE', #1944, .T. ) ;
#866 = CARTESIAN_POINT ( 'NONE',  ( 12.87831699515514039, -28.45442902606008673, -14.44366310406410214 ) ) ;
#867 = CARTESIAN_POINT ( 'NONE',  ( 13.11502817429978229, -22.00649241246000187, -14.71873786782761684 ) ) ;
#868 = CIRCLE ( 'NONE', #1108, 10.52500000000109992 ) ;
#869 = CARTESIAN_POINT ( 'NONE',  ( 13.00004004359013976, -28.21850442864798225, -8.445976557099170279 ) ) ;
#870 = CARTESIAN_POINT ( 'NONE',  ( 12.92070074057875928, -28.64411580999598428, -14.09082301183092945 ) ) ;
#871 = CARTESIAN_POINT ( 'NONE',  ( 7.002428168012939658, -28.59619708694803464, -13.89824082518719273 ) ) ;
#872 = AXIS2_PLACEMENT_3D ( 'NONE', #2034, #1425, #1231 ) ;
#873 = ORIENTED_EDGE ( 'NONE', *, *, #742, .F. ) ;
#874 = CARTESIAN_POINT ( 'NONE',  ( 7.002428167527798841, -28.66490381852101876, -9.394491689986690375 ) ) ;
#875 = CARTESIAN_POINT ( 'NONE',  ( 14.39995499622246200, -21.09999999999701004, -11.52735707592005987 ) ) ;
#876 = CARTESIAN_POINT ( 'NONE',  ( 10.83225497032090168, -28.14217234341200680, -7.254981265553562153 ) ) ;
#877 = CARTESIAN_POINT ( 'NONE',  ( 12.95754835712135922, -22.07710341202999871, -8.075419163546721180 ) ) ;
#878 = CARTESIAN_POINT ( 'NONE',  ( 13.17049459794668032, -21.89999999999400870, -14.69346488894287006 ) ) ;
#879 = CARTESIAN_POINT ( 'NONE',  ( 13.00004004358927823, -28.47554540758098796, -14.21514877083037121 ) ) ;
#880 = CARTESIAN_POINT ( 'NONE',  ( 6.999552502146299204, -22.08762461133298416, -8.191768872457199535 ) ) ;
#881 = CARTESIAN_POINT ( 'NONE',  ( 13.05739261809029905, -22.00448248414503638, -14.66063220704146275 ) ) ;
#882 = CARTESIAN_POINT ( 'NONE',  ( 13.00004004359029963, -28.48284656409100180, -8.798138029792381687 ) ) ;
#883 = CARTESIAN_POINT ( 'NONE',  ( 12.90004019818574044, -28.77746460752800317, -13.66317343561428999 ) ) ;
#884 = ORIENTED_EDGE ( 'NONE', *, *, #259, .F. ) ;
#885 = CARTESIAN_POINT ( 'NONE',  ( 7.002428167527798841, -28.05760614924790630, -8.339298371461623560 ) ) ;
#886 = CARTESIAN_POINT ( 'NONE',  ( 12.59714356122677970, -28.01828768178395279, -7.769010261694682562 ) ) ;
#887 = CARTESIAN_POINT ( 'NONE',  ( 14.50004004358977916, -21.09999999999701004, -11.50000000000000000 ) ) ;
#888 = CARTESIAN_POINT ( 'NONE',  ( 12.97373164273541946, -22.04252482042998196, -8.122544594154700093 ) ) ;
#889 = CARTESIAN_POINT ( 'NONE',  ( 7.000039681383749546, -22.09999150420399872, -8.190922722232309994 ) ) ;
#890 = CARTESIAN_POINT ( 'NONE',  ( 13.01560863466834128, -22.10711683963290142, -14.86648072850081803 ) ) ;
#891 = ADVANCED_FACE ( 'NONE', ( #455 ), #1716, .T. ) ;
#892 = CARTESIAN_POINT ( 'NONE',  ( 13.00004004355626108, -28.67955987624201697, -9.357187406715809175 ) ) ;
#893 = CARTESIAN_POINT ( 'NONE',  ( 12.92055769652571939, -28.64537300188499458, -14.08792561821275946 ) ) ;
#894 = EDGE_LOOP ( 'NONE', ( #38, #821, #1046, #1973 ) ) ;
#895 = CARTESIAN_POINT ( 'NONE',  ( 13.28922792976800160, -28.72852396760796267, -13.96429001956199656 ) ) ;
#896 =( BOUNDED_SURFACE ( )  B_SPLINE_SURFACE ( 3, 3, ( 
 ( #615, #787, #574, #1005, #773, #1926, #1557, #1947, #1585, #192, #1787 ),
 ( #2343, #1378, #55, #1572, #954, #1763, #27, #2151, #1736, #2317, #587 ),
 ( #655, #2176, #1033, #2222, #295, #1434, #1987, #110, #1637, #1837, #493 ),
 ( #481, #1266, #1061, #2042, #885, #308, #1252, #857, #1446, #2396, #874 ) ),
 .UNSPECIFIED., .F., .F., .T. ) 
 B_SPLINE_SURFACE_WITH_KNOTS ( ( 4, 4 ),
 ( 4, 1, 1, 1, 1, 1, 1, 1, 4 ),
 ( 0.000000000000000000, 1.000000000000000000 ),
 ( 0.008316331735855999122, 0.08480123092392999329, 0.1762897803870999980, 0.2761794440152000041, 0.3877644144578999974, 0.5139699379705000570, 0.6566040101536000373, 0.8179520693878999937, 0.9915048813215999735 ),
 .UNSPECIFIED. ) 
 GEOMETRIC_REPRESENTATION_ITEM ( )  RATIONAL_B_SPLINE_SURFACE ( (
 ( 1.301564965778000182, 1.301564965778000182, 1.301564965778000182, 1.301564965778000182, 1.301564965778000182, 1.301564965778000182, 1.301564965778000182, 1.301564965778000182, 1.301564965778000182, 1.301564965778000182, 1.301564965778000182),
 ( 0.8994783447406999866, 0.8994783447406999866, 0.8994783447406999866, 0.8994783447406999866, 0.8994783447406999866, 0.8994783447406999866, 0.8994783447406999866, 0.8994783447406999866, 0.8994783447406999866, 0.8994783447406999866, 0.8994783447406999866),
 ( 0.8994783447406999866, 0.8994783447406999866, 0.8994783447406999866, 0.8994783447406999866, 0.8994783447406999866, 0.8994783447406999866, 0.8994783447406999866, 0.8994783447406999866, 0.8994783447406999866, 0.8994783447406999866, 0.8994783447406999866),
 ( 1.301564965778000182, 1.301564965778000182, 1.301564965778000182, 1.301564965778000182, 1.301564965778000182, 1.301564965778000182, 1.301564965778000182, 1.301564965778000182, 1.301564965778000182, 1.301564965778000182, 1.301564965778000182) ) ) 
 REPRESENTATION_ITEM ( '' )  SURFACE ( )  );
#897 = CARTESIAN_POINT ( 'NONE',  ( 4.900040043590078831, 126.9999999999997016, -16.30000000000111982 ) ) ;
#898 = CARTESIAN_POINT ( 'NONE',  ( 12.97869404471560095, -21.90316686363722454, -8.159404107633896786 ) ) ;
#899 = DIRECTION ( 'NONE',  ( -0.000000000000000000, 1.000000000000000000, 0.000000000000000000 ) ) ;
#900 = AXIS2_PLACEMENT_3D ( 'NONE', #1295, #1522, #1321 ) ;
#901 = CARTESIAN_POINT ( 'NONE',  ( 6.942808045262059302, -22.00453365353705237, -14.66087185911486124 ) ) ;
#902 = CARTESIAN_POINT ( 'NONE',  ( 7.000040043589749850, -28.63105663453699279, -13.83698232873597078 ) ) ;
#903 = CARTESIAN_POINT ( 'NONE',  ( 13.15144007435873874, -21.87234272523497580, -14.70756525036086160 ) ) ;
#904 = DIRECTION ( 'NONE',  ( -1.000000000000000000, 0.000000000000000000, 0.000000000000000000 ) ) ;
#905 = CARTESIAN_POINT ( 'NONE',  ( 12.90329580068168980, -28.76241554145900281, -13.73189006841836957 ) ) ;
#906 = VECTOR ( 'NONE', #2412, 1000.000000000000000 ) ;
#907 = ORIENTED_EDGE ( 'NONE', *, *, #1838, .F. ) ;
#908 = CARTESIAN_POINT ( 'NONE',  ( 13.34930954783414059, -28.75119183200022377, -13.86354946696755874 ) ) ;
#909 = AXIS2_PLACEMENT_3D ( 'NONE', #324, #1860, #279 ) ;
#910 = CARTESIAN_POINT ( 'NONE',  ( 6.978433411537220188, -22.03739801762799644, -14.77074752591630080 ) ) ;
#911 = CARTESIAN_POINT ( 'NONE',  ( 7.042531730056097672, -22.07710341202993831, -14.92458083645073685 ) ) ;
#912 = CARTESIAN_POINT ( 'NONE',  ( 12.95777557923993939, -28.30669985385299370, -14.63902561758518317 ) ) ;
#913 = CARTESIAN_POINT ( 'NONE',  ( 7.121763396730880658, -28.78204296735087908, -13.62829965942239063 ) ) ;
#914 = CARTESIAN_POINT ( 'NONE',  ( 10.00004004358999943, 126.9999999999997016, -11.50000000000000000 ) ) ;
#915 = DIRECTION ( 'NONE',  ( -1.000000000000000000, 0.000000000000000000, 0.000000000000000000 ) ) ;
#916 = CARTESIAN_POINT ( 'NONE',  ( 12.86840189270894008, -27.61412827702300277, -14.96977288571349973 ) ) ;
#917 = CARTESIAN_POINT ( 'NONE',  ( 12.76737873194475092, -27.59546995480199882, -7.949149790661190096 ) ) ;
#918 = ORIENTED_EDGE ( 'NONE', *, *, #720, .T. ) ;
#919 = CARTESIAN_POINT ( 'NONE',  ( 7.241547546090217224, -28.54360681234690844, -14.65749997863485632 ) ) ;
#920 = CARTESIAN_POINT ( 'NONE',  ( 7.000040043590240124, -28.20736382253100061, -8.435584641640689441 ) ) ;
#921 = CARTESIAN_POINT ( 'NONE',  ( 6.905796276938819922, -22.00000014067698828, -14.63393721170278994 ) ) ;
#922 = FACE_OUTER_BOUND ( 'NONE', #1911, .T. ) ;
#923 = CARTESIAN_POINT ( 'NONE',  ( 12.95777557923993939, -28.79940071419504832, -13.63167483352776088 ) ) ;
#924 = EDGE_CURVE ( 'NONE', #2053, #441, #617, .T. ) ;
#925 = CARTESIAN_POINT ( 'NONE',  ( 6.976710967608480196, -21.95958745800999523, -8.166854240330760462 ) ) ;
#926 = CARTESIAN_POINT ( 'NONE',  ( 13.00004004349423070, -27.74981152306199661, -8.200605742343718418 ) ) ;
#927 = CARTESIAN_POINT ( 'NONE',  ( 13.00747424816345976, -22.06131568597299974, -8.203985556088300157 ) ) ;
#928 = CARTESIAN_POINT ( 'NONE',  ( 9.937142204049560945, -27.34069391877100230, -6.998714666003529317 ) ) ;
#929 = ORIENTED_EDGE ( 'NONE', *, *, #443, .T. ) ;
#930 = CARTESIAN_POINT ( 'NONE',  ( 6.901633023418717983, -28.65834443908194018, -14.25451864983915584 ) ) ;
#931 = EDGE_CURVE ( 'NONE', #517, #1695, #112, .T. ) ;
#932 = CARTESIAN_POINT ( 'NONE',  ( 7.100040043588900396, -28.67955613740000231, -13.64281263575782965 ) ) ;
#933 = CARTESIAN_POINT ( 'NONE',  ( 6.911593913479121554, -21.99707622232596194, -14.59974204243138196 ) ) ;
#934 = CARTESIAN_POINT ( 'NONE',  ( 7.000040043606698958, -28.57846668200198081, -13.99320359090740062 ) ) ;
#935 = CARTESIAN_POINT ( 'NONE',  ( 13.00004052653359921, -22.09998725688899768, -14.80907727776565963 ) ) ;
#936 = FACE_OUTER_BOUND ( 'NONE', #1886, .T. ) ;
#937 = CARTESIAN_POINT ( 'NONE',  ( 13.01372988955613863, -22.04886170404801859, -8.215118833412759614 ) ) ;
#938 = AXIS2_PLACEMENT_3D ( 'NONE', #1662, #1634, #477 ) ;
#939 = CARTESIAN_POINT ( 'NONE',  ( 11.65523532261464013, -27.43303312169700803, -7.315465547006149372 ) ) ;
#940 = EDGE_LOOP ( 'NONE', ( #1724, #351, #2266, #1250, #2452, #1743, #269, #1734, #1786, #1111, #1197 ) ) ;
#941 = CARTESIAN_POINT ( 'NONE',  ( 12.93520285516544810, -28.48526810995999270, -8.620148211180730158 ) ) ;
#942 = CARTESIAN_POINT ( 'NONE',  ( 7.000040043590240124, -28.32025255915801409, -8.554091837537580290 ) ) ;
#943 = FACE_OUTER_BOUND ( 'NONE', #1568, .T. ) ;
#944 = CARTESIAN_POINT ( 'NONE',  ( 13.02164690827883931, -22.03739770812898513, -14.77074711105048088 ) ) ;
#945 = CARTESIAN_POINT ( 'NONE',  ( 13.01533559155174125, -28.56033718831011470, -14.19394945469636049 ) ) ;
#946 = DIRECTION ( 'NONE',  ( -1.000000000000000000, 0.000000000000000000, 0.000000000000000000 ) ) ;
#947 = DIRECTION ( 'NONE',  ( -1.985233470127030569E-21, -0.9999999999653021998, -8.330407101925021103E-06 ) ) ;
#948 = CARTESIAN_POINT ( 'NONE',  ( 11.77346190796197867, -27.44610082714998711, -15.63777091920132101 ) ) ;
#949 = DIRECTION ( 'NONE',  ( 0.000000000000000000, 0.000000000000000000, 1.000000000000000000 ) ) ;
#950 = EDGE_LOOP ( 'NONE', ( #841, #1208, #23, #748, #1650 ) ) ;
#951 = CARTESIAN_POINT ( 'NONE',  ( 12.94588716410247997, -28.31538249138501584, -8.415647192989769820 ) ) ;
#952 = EDGE_CURVE ( 'NONE', #1699, #1303, #1998, .T. ) ;
#953 = CIRCLE ( 'NONE', #2488, 0.1000000000000059036 ) ;
#954 = CARTESIAN_POINT ( 'NONE',  ( 7.042304695653678337, -28.13292131126587137, -8.223813258914399071 ) ) ;
#955 = CARTESIAN_POINT ( 'NONE',  ( 6.830001990587597938, -21.95103253079600591, -8.279836032990038674 ) ) ;
#956 = CARTESIAN_POINT ( 'NONE',  ( 7.000040043589749850, -27.70102745982200432, -14.80613812912472937 ) ) ;
#957 = CARTESIAN_POINT ( 'NONE',  ( 13.00004004358927823, -27.73218473270000572, -14.80213901191898884 ) ) ;
#958 = B_SPLINE_CURVE_WITH_KNOTS ( 'NONE', 3,
 ( #892, #1671, #2392, #2219, #839, #514, #2229, #476, #489, #1620, #1441, #666, #852, #2024, #2062, #461, #2207, #697, #1235, #1248, #882, #1480, #1043, #292, #2009, #1056, #1833, #93, #1096, #2379, #1429, #1648, #120, #2242, #106, #2407, #1821, #1633, #869, #677, #500, #1454, #1260, #304, #1071, #1661, #2419, #78, #1290, #1277, #710, #1490, #754, #2109, #357, #2252, #1526, #2261, #368, #525, #2288, #1106, #1894, #2121, #2299, #163, #545, #1129, #142, #926, #1141, #187, #1299, #2441, #1730, #2478, #1514, #1881, #1919 ),
 .UNSPECIFIED., .F., .F.,
 ( 4, 3, 3, 3, 3, 3, 3, 3, 3, 3, 3, 3, 3, 3, 3, 3, 3, 3, 3, 3, 3, 3, 3, 3, 3, 3, 4 ),
 ( 3.856006155706979833E-08, 0.05194989590697540044, 0.08333333333333001192, 0.1027848071412569980, 0.1571307762476059910, 0.1666666666667000196, 0.2279346475390719995, 0.2500000000000000000, 0.3115612026603810092, 0.3333333333333000081, 0.3569391782388130485, 0.4166666666666999919, 0.4821106777984979774, 0.4889834080446889830, 0.5000000000000000000, 0.5646655117555819947, 0.5833333333333000637, 0.6225154745652029531, 0.6666666666667000474, 0.7331231604258350298, 0.7500000000000000000, 0.7571616065953860053, 0.8333333333333000637, 0.8930094217276650648, 0.9166666666667000474, 0.9778616160361209841, 1.000000000000000000 ),
 .UNSPECIFIED. ) ;
#959 = CARTESIAN_POINT ( 'NONE',  ( 8.946836457607469484, -27.37792021973897860, -15.87681538030293105 ) ) ;
#960 = EDGE_CURVE ( 'NONE', #1194, #1445, #2043, .T. ) ;
#961 = CARTESIAN_POINT ( 'NONE',  ( 10.80714856323219308, -27.36252567080599363, -7.071190217612060458 ) ) ;
#962 = ORIENTED_EDGE ( 'NONE', *, *, #960, .T. ) ;
#963 = CARTESIAN_POINT ( 'NONE',  ( 12.94951105855479057, -28.24205334082399688, -8.349189014090180549 ) ) ;
#964 = CARTESIAN_POINT ( 'NONE',  ( 7.000040043607709705, -28.49000403905699130, -8.811596924151409382 ) ) ;
#965 = CARTESIAN_POINT ( 'NONE',  ( 13.00004001437561918, -22.09595727206098559, -14.80908102577696006 ) ) ;
#966 = CARTESIAN_POINT ( 'NONE',  ( 7.000040043591289063, -28.24875582418498610, -14.52512102470563882 ) ) ;
#967 = CARTESIAN_POINT ( 'NONE',  ( 12.87831699395879959, -27.77664773633694750, -8.100493918030078788 ) ) ;
#968 = CARTESIAN_POINT ( 'NONE',  ( 13.00004004358927823, -27.91265953176699810, -14.75363633062644020 ) ) ;
#969 = CARTESIAN_POINT ( 'NONE',  ( 7.043864122030289998, -28.07360107280601369, -14.76675196954855096 ) ) ;
#970 = CIRCLE ( 'NONE', #1635, 2.249999999999890754 ) ;
#971 = EDGE_CURVE ( 'NONE', #122, #2244, #1801, .T. ) ;
#972 = CARTESIAN_POINT ( 'NONE',  ( 7.040844872976759206, -27.97756712106500032, -8.185782941293888726 ) ) ;
#973 = DIRECTION ( 'NONE',  ( -0.7096588634554054087, 0.000000000000000000, 0.7045454545444053140 ) ) ;
#974 = ORIENTED_EDGE ( 'NONE', *, *, #1573, .F. ) ;
#975 = CARTESIAN_POINT ( 'NONE',  ( 12.96096479744895902, -27.91341384846698759, -8.160968167089919234 ) ) ;
#976 = CARTESIAN_POINT ( 'NONE',  ( 7.000040043608939833, -28.49709562989000133, -8.825388285572010716 ) ) ;
#977 = ORIENTED_EDGE ( 'NONE', *, *, #363, .F. ) ;
#978 = B_SPLINE_CURVE_WITH_KNOTS ( 'NONE', 3,
 ( #1140, #2273, #1128, #2298, #1346, #925, #2477, #333, #7, #2487, #2465, #1525 ),
 .UNSPECIFIED., .F., .F.,
 ( 4, 1, 1, 1, 1, 1, 1, 1, 1, 4 ),
 ( 0.000000000000000000, 0.1111111111111000027, 0.2222222222222000054, 0.3333333333333000081, 0.4444444444444000109, 0.5555555555555999891, 0.6666666666667000474, 0.7777777777777999946, 0.8888888888888999418, 1.000000000000000000 ),
 .UNSPECIFIED. ) ;
#979 = AXIS2_PLACEMENT_3D ( 'NONE', #652, #463, #1058 ) ;
#980 = CARTESIAN_POINT ( 'NONE',  ( 6.984825839283198334, -22.08695468419900010, -8.133072835724540539 ) ) ;
#981 = DIRECTION ( 'NONE',  ( 0.000000000000000000, 0.000000000000000000, 1.000000000000000000 ) ) ;
#982 = CARTESIAN_POINT ( 'NONE',  ( 12.95777557976826522, -28.61213061032594140, -8.780403219364464107 ) ) ;
#983 = VECTOR ( 'NONE', #1751, 1000.000000000000114 ) ;
#984 = CARTESIAN_POINT ( 'NONE',  ( 13.00004004358565979, -28.26556155135598303, -14.50777466411459926 ) ) ;
#985 = CARTESIAN_POINT ( 'NONE',  ( 7.052445679571849091, -28.28047927380897164, -14.61647604401018086 ) ) ;
#986 = CARTESIAN_POINT ( 'NONE',  ( 14.50004004358977916, -27.99999999999500133, -11.50000000000000000 ) ) ;
#987 = B_SPLINE_CURVE_WITH_KNOTS ( 'NONE', 3,
 ( #1605, #620, #1400, #2363, #2168, #1930, #196, #957, #435, #418, #234, #1189, #1203, #8, #764, #205, #1383, #1767, #968, #1952, #1979, #246, #1549, #18, #793, #2309, #580, #2132, #1563, #2334, #390, #778, #2322, #593, #1368, #1161, #2143, #1966, #402, #1174, #220, #984, #33, #607, #998, #694, #1215, #1994, #2020, #486, #1857, #276, #289, #1025, #2006, #1805, #1629, #879, #1053, #1273, #1668, #2204, #2191, #102, #447, #2415, #1477, #74, #835, #127, #684, #1451, #1617, #114, #848, #1462, #2376, #1658, #90 ),
 .UNSPECIFIED., .F., .F.,
 ( 4, 3, 3, 3, 3, 3, 3, 3, 3, 3, 3, 3, 3, 3, 3, 3, 3, 3, 3, 3, 3, 3, 3, 3, 3, 3, 4 ),
 ( 2.734451775682859762E-07, 0.06114957062323460313, 0.08333333333333001192, 0.1067699743166260068, 0.1666666666667000196, 0.2425877370744800032, 0.2500000000000000000, 0.3164269593292400318, 0.3333333333333000081, 0.3772595600178419994, 0.4166666666666999919, 0.4813206069652499752, 0.5000000000000000000, 0.5108375187570719511, 0.5762756839837479550, 0.5833333333333000637, 0.6429300781727700365, 0.6666666666667000474, 0.7282175730169020422, 0.7500000000000000000, 0.7719794674122479883, 0.8333333333333000637, 0.8877056937472820319, 0.8971730747986790266, 0.9166666666667000474, 0.9686025092526110436, 1.000000000000000000 ),
 .UNSPECIFIED. ) ;
#988 = CARTESIAN_POINT ( 'NONE',  ( 7.038743304714019544, -27.89772167300796823, -8.156127958269708600 ) ) ;
#989 = DIRECTION ( 'NONE',  ( 0.000000000000000000, -0.9790565947282591219, 0.2035882715656906761 ) ) ;
#990 = VERTEX_POINT ( 'NONE', #1212 ) ;
#991 = CARTESIAN_POINT ( 'NONE',  ( 7.000040043590240124, -28.61818020672199481, -9.121418097914229861 ) ) ;
#992 = ORIENTED_EDGE ( 'NONE', *, *, #2274, .F. ) ;
#993 = DIRECTION ( 'NONE',  ( 0.000000000000000000, -1.000000000000000000, 0.000000000000000000 ) ) ;
#994 = CARTESIAN_POINT ( 'NONE',  ( 6.923315794881640173, -21.99855464365084146, -8.377447865022782381 ) ) ;
#995 = CARTESIAN_POINT ( 'NONE',  ( 7.000040043589919492, -28.21849661676401055, -14.55403119992300098 ) ) ;
#996 = DIRECTION ( 'NONE',  ( 0.000000000000000000, -1.000000000000000000, 0.000000000000000000 ) ) ;
#997 = EDGE_CURVE ( 'NONE', #990, #1850, #176, .T. ) ;
#998 = CARTESIAN_POINT ( 'NONE',  ( 13.00004004358927823, -28.29535859681001142, -14.47434804269969888 ) ) ;
#999 = CARTESIAN_POINT ( 'NONE',  ( 7.062040657155499446, -28.44615725758298197, -14.43516190477379979 ) ) ;
#1000 = CARTESIAN_POINT ( 'NONE',  ( 7.034436997844738748, -27.66073963263399094, -8.115460263032330701 ) ) ;
#1001 = CARTESIAN_POINT ( 'NONE',  ( 7.057166888714829334, -28.36817021883597434, -8.471624255474448972 ) ) ;
#1002 = DIRECTION ( 'NONE',  ( -0.7045454545444054251, 0.000000000000000000, -0.7096588634554049646 ) ) ;
#1003 = VERTEX_POINT ( 'NONE', #844 ) ;
#1004 = EDGE_LOOP ( 'NONE', ( #1685, #1851 ) ) ;
#1005 = CARTESIAN_POINT ( 'NONE',  ( 7.121763407081380670, -27.94705747603511625, -8.148156785683582370 ) ) ;
#1006 = ADVANCED_FACE ( 'NONE', ( #1653 ), #1350, .T. ) ;
#1007 = CARTESIAN_POINT ( 'NONE',  ( 6.984471452511662015, -22.10711683963292273, -8.133519271499180192 ) ) ;
#1008 = CARTESIAN_POINT ( 'NONE',  ( 7.000040043749109486, -27.77199165744498188, -14.79573156088222063 ) ) ;
#1009 = CARTESIAN_POINT ( 'NONE',  ( 12.99765191861588143, -28.64530113788906007, -9.293743344070019674 ) ) ;
#1010 = PLANE ( 'NONE',  #1761 ) ;
#1011 = CARTESIAN_POINT ( 'NONE',  ( 7.047269811139079465, -28.16485168076998491, -14.70920842956839003 ) ) ;
#1012 = CARTESIAN_POINT ( 'NONE',  ( 7.000040043706079018, -27.69916727430199543, -8.194042907592649527 ) ) ;
#1013 = CARTESIAN_POINT ( 'NONE',  ( 7.042576398923739767, -28.03427122125898308, -8.212578969816759056 ) ) ;
#1014 = CARTESIAN_POINT ( 'NONE',  ( 15.10004004358992091, 132.0000000000000000, -6.400000000000079403 ) ) ;
#1015 = AXIS2_PLACEMENT_3D ( 'NONE', #875, #1048, #1020 ) ;
#1016 = EDGE_CURVE ( 'NONE', #2244, #2382, #649, .T. ) ;
#1017 = CIRCLE ( 'NONE', #1950, 10.62500000000069811 ) ;
#1018 = ORIENTED_EDGE ( 'NONE', *, *, #2055, .T. ) ;
#1019 = CARTESIAN_POINT ( 'NONE',  ( 7.926296209377300173, -27.36782534120688837, -15.50334587925615537 ) ) ;
#1020 = DIRECTION ( 'NONE',  ( 0.9999806710527905373, 0.000000000000000000, -0.006217517254554104887 ) ) ;
#1021 = VECTOR ( 'NONE', #675, 1000.000000000000114 ) ;
#1022 = CARTESIAN_POINT ( 'NONE',  ( 10.32318659094179125, -27.65676348979675936, -6.917741264098919984 ) ) ;
#1023 = DIRECTION ( 'NONE',  ( 0.000000000000000000, -1.000000000000000000, 0.000000000000000000 ) ) ;
#1024 = DIRECTION ( 'NONE',  ( 1.000000000000000000, 0.000000000000000000, 0.000000000000000000 ) ) ;
#1025 = CARTESIAN_POINT ( 'NONE',  ( 13.00004004350492970, -28.43282309373698524, -14.28929252255202975 ) ) ;
#1026 = CARTESIAN_POINT ( 'NONE',  ( 7.064881909252719083, -28.48532976010800866, -14.37976360625646954 ) ) ;
#1027 = CARTESIAN_POINT ( 'NONE',  ( 10.13841620498124207, -28.27223111885399121, -7.635357752787379937 ) ) ;
#1028 = CARTESIAN_POINT ( 'NONE',  ( 7.000040043590240124, -28.19602952067898372, -8.425268291339520488 ) ) ;
#1029 = CARTESIAN_POINT ( 'NONE',  ( 7.039645759040069173, -27.93282075545500120, -8.168653296624020399 ) ) ;
#1030 = CARTESIAN_POINT ( 'NONE',  ( 12.95360962548386041, -28.14505564581698493, -14.72308020200983059 ) ) ;
#1031 = ADVANCED_FACE ( 'NONE', ( #2290 ), #767, .F. ) ;
#1032 = ORIENTED_EDGE ( 'NONE', *, *, #326, .T. ) ;
#1033 = CARTESIAN_POINT ( 'NONE',  ( 6.984744456103319621, -27.76931481526504442, -8.139975051729578581 ) ) ;
#1034 = DIRECTION ( 'NONE',  ( 0.000000000000000000, -1.000000000000000000, 0.000000000000000000 ) ) ;
#1035 = CARTESIAN_POINT ( 'NONE',  ( 11.54032110572706848, -27.26727864555208924, -7.268167203763794326 ) ) ;
#1036 = CARTESIAN_POINT ( 'NONE',  ( 13.17715196248781950, -21.88090360778308252, -8.315741639060318491 ) ) ;
#1037 = CARTESIAN_POINT ( 'NONE',  ( 6.984744455884881909, -28.67200203925004587, -13.92290942614351579 ) ) ;
#1038 = FACE_OUTER_BOUND ( 'NONE', #2136, .T. ) ;
#1039 = FACE_OUTER_BOUND ( 'NONE', #668, .T. ) ;
#1040 = CARTESIAN_POINT ( 'NONE',  ( 13.04275612626097924, -21.95260313469108482, -14.85513252773523796 ) ) ;
#1041 = CARTESIAN_POINT ( 'NONE',  ( 12.90004004359109935, -22.09999999961201311, -14.80907842155559884 ) ) ;
#1042 =( BOUNDED_SURFACE ( )  B_SPLINE_SURFACE ( 3, 3, ( 
 ( #913, #1846, #116, #1093, #2449, #718, #1499, #2259, #1311, #2083, #1228 ),
 ( #100, #862, #1656, #1271, #2238, #1095, #847, #1243, #2403, #1992, #1229 ),
 ( #2375, #645, #1037, #89, #661, #1341, #2115, #410, #53, #423, #1262 ),
 ( #502, #132, #871, #1279, #2052, #2039, #2027, #1085, #854, #2209, #1810 ) ),
 .UNSPECIFIED., .F., .F., .F. ) 
 B_SPLINE_SURFACE_WITH_KNOTS ( ( 4, 4 ),
 ( 4, 1, 1, 1, 1, 1, 1, 1, 4 ),
 ( 0.000000000000000000, 1.000000000000000000 ),
 ( 0.008495156279315000183, 0.1819916729841000169, 0.3432959363451000279, 0.4858977758411999748, 0.6120779145114999542, 0.7236459016270000433, 0.8235353406185998981, 0.9150574982215000652, 0.9916779470327999890 ),
 .UNSPECIFIED. ) 
 GEOMETRIC_REPRESENTATION_ITEM ( )  RATIONAL_B_SPLINE_SURFACE ( (
 ( 1.301564935865999972, 1.301564935865999972, 1.301564935865999972, 1.301564935865999972, 1.301564935865999972, 1.301564935865999972, 1.301564935865999972, 1.301564935865999972, 1.301564935865999972, 1.301564935865999972, 1.301564935865999972),
 ( 0.8994783547111999678, 0.8994783547111999678, 0.8994783547111999678, 0.8994783547111999678, 0.8994783547111999678, 0.8994783547111999678, 0.8994783547111999678, 0.8994783547111999678, 0.8994783547111999678, 0.8994783547111999678, 0.8994783547111999678),
 ( 0.8994783547111999678, 0.8994783547111999678, 0.8994783547111999678, 0.8994783547111999678, 0.8994783547111999678, 0.8994783547111999678, 0.8994783547111999678, 0.8994783547111999678, 0.8994783547111999678, 0.8994783547111999678, 0.8994783547111999678),
 ( 1.301564935865999972, 1.301564935865999972, 1.301564935865999972, 1.301564935865999972, 1.301564935865999972, 1.301564935865999972, 1.301564935865999972, 1.301564935865999972, 1.301564935865999972, 1.301564935865999972, 1.301564935865999972) ) ) 
 REPRESENTATION_ITEM ( '' )  SURFACE ( )  );
#1043 = CARTESIAN_POINT ( 'NONE',  ( 13.00004004359029963, -28.45516817353899341, -8.747768199374201359 ) ) ;
#1044 = EDGE_CURVE ( 'NONE', #1098, #1003, #1073, .T. ) ;
#1045 = CARTESIAN_POINT ( 'NONE',  ( 12.94128019770109894, -28.39578662743899429, -14.49741347560778948 ) ) ;
#1046 = ORIENTED_EDGE ( 'NONE', *, *, #2450, .F. ) ;
#1047 = CARTESIAN_POINT ( 'NONE',  ( 13.69902014702977944, -27.85460582603919022, -14.06236956872788291 ) ) ;
#1048 = DIRECTION ( 'NONE',  ( 0.006217517254558815529, -0.000000000000000000, 0.9999806710527905373 ) ) ;
#1049 = CARTESIAN_POINT ( 'NONE',  ( 13.13990471696721940, -27.65618760077774851, -8.255058641983580969 ) ) ;
#1050 = CARTESIAN_POINT ( 'NONE',  ( 13.13398014913388501, -22.01188284943098949, -8.320674743336841317 ) ) ;
#1051 = APPLICATION_PROTOCOL_DEFINITION ( 'draft international standard', 'automotive_design', 1998, #2161 ) ;
#1052 = PRODUCT_DEFINITION_CONTEXT ( 'detailed design', #2161, 'design' ) ;
#1053 = CARTESIAN_POINT ( 'NONE',  ( 13.00004004358927823, -28.48282007052499409, -14.20191008716700942 ) ) ;
#1054 = CARTESIAN_POINT ( 'NONE',  ( 7.042125520200499977, -28.02123560127900248, -14.79477730334103036 ) ) ;
#1055 = CARTESIAN_POINT ( 'NONE',  ( 13.00072411446537757, -21.98327553278198110, -14.89071213007347971 ) ) ;
#1056 = CARTESIAN_POINT ( 'NONE',  ( 13.00004004357344911, -28.40486990979199078, -8.668272299460769048 ) ) ;
#1057 = CYLINDRICAL_SURFACE ( 'NONE', #938, 4.499999999999780620 ) ;
#1058 = DIRECTION ( 'NONE',  ( 0.000000000000000000, -1.000000000000000000, 0.000000000000000000 ) ) ;
#1059 = ORIENTED_EDGE ( 'NONE', *, *, #2409, .F. ) ;
#1060 = VERTEX_POINT ( 'NONE', #462 ) ;
#1061 = CARTESIAN_POINT ( 'NONE',  ( 7.002428167527798841, -27.75513074304897998, -8.218700390359360952 ) ) ;
#1062 = CARTESIAN_POINT ( 'NONE',  ( 10.00004004358999943, -20.99999999999998934, -11.50000000000000000 ) ) ;
#1063 = CARTESIAN_POINT ( 'NONE',  ( 13.69904746269524054, -27.85461671509510140, -8.937669921480155821 ) ) ;
#1064 = CARTESIAN_POINT ( 'NONE',  ( 12.99762437541213878, -22.10159183935504856, -8.212595189813882257 ) ) ;
#1065 = LINE ( 'NONE', #137, #2287 ) ;
#1066 = CIRCLE ( 'NONE', #1272, 4.499999999999779732 ) ;
#1067 = CARTESIAN_POINT ( 'NONE',  ( 12.96593940895745867, -22.09066454132099722, -8.115704033169860665 ) ) ;
#1068 = CARTESIAN_POINT ( 'NONE',  ( 12.87831699515514039, -28.76154951971701834, -13.73363249156352062 ) ) ;
#1069 = CARTESIAN_POINT ( 'NONE',  ( 7.014998024475919358, -22.01367293581798990, -14.86743711591747896 ) ) ;
#1070 = CARTESIAN_POINT ( 'NONE',  ( 12.95762598944260091, -22.10423164232993898, -14.92447317555608421 ) ) ;
#1071 = CARTESIAN_POINT ( 'NONE',  ( 13.00004004358966014, -28.15335767729498784, -8.388452951203579033 ) ) ;
#1072 = CARTESIAN_POINT ( 'NONE',  ( 12.92503254773854060, -28.60410736150498323, -14.17828367713707927 ) ) ;
#1073 = B_SPLINE_CURVE_WITH_KNOTS ( 'NONE', 3,
 ( #198, #2111, #537, #1923, #189, #1351, #1, #1742, #2124, #382, #10, #1360, #1553, #2312, #583, #1694, #2455, #723, #2380, #1222, #1373, #425, #225, #1582, #826, #251 ),
 .UNSPECIFIED., .F., .F.,
 ( 4, 1, 1, 1, 1, 1, 1, 1, 1, 1, 1, 1, 1, 1, 1, 1, 1, 1, 1, 1, 1, 1, 1, 4 ),
 ( 0.000000000000000000, 0.04347826086957000402, 0.08695652173913000216, 0.1304347826087000062, 0.1739130434783000001, 0.2173913043478000184, 0.2608695652174000124, 0.3043478260870000063, 0.3478260869564999691, 0.3913043478261000185, 0.4347826086957000125, 0.4782608695651999753, 0.5217391304348000247, 0.5652173913043000431, 0.6086956521738999815, 0.6521739130435000309, 0.6956521739130000492, 0.7391304347825999876, 0.7826086956521999261, 0.8260869565217000554, 0.8695652173912999938, 0.9130434782608999322, 0.9565217391304000616, 0.9999997404107020538 ),
 .UNSPECIFIED. ) ;
#1074 = ORIENTED_EDGE ( 'NONE', *, *, #846, .F. ) ;
#1075 = CARTESIAN_POINT ( 'NONE',  ( 10.00004004358999943, 126.9999999999997016, -11.50000000000000000 ) ) ;
#1076 = EDGE_CURVE ( 'NONE', #1710, #1445, #1139, .T. ) ;
#1077 = CARTESIAN_POINT ( 'NONE',  ( 7.087033886888537637, -28.79230103027396126, -9.411293946154778212 ) ) ;
#1078 = DIRECTION ( 'NONE',  ( -3.890078445591854829E-05, 0.9999999988026619935, 2.968846855051885010E-05 ) ) ;
#1079 = B_SPLINE_CURVE_WITH_KNOTS ( 'NONE', 3,
 ( #532, #727, #1928, #1310, #543, #902, #2297, #2082, #2285, #554, #565, #934, #1116, #1344, #1890, #1297, #160, #1511, #1138, #2071, #2439, #1487, #1323, #2095, #355, #1333, #1916, #184, #1366, #604, #2153, #2130, #1738, #577, #1171, #966, #2320, #1587, #995, #1546, #388, #1964, #2167, #58, #804, #2345, #820, #618, #1603, #1213, #2361, #1397, #1187, #1776, #232, #1201, #631, #762, #1748, #416, #789, #43, #1411, #432, #1765, #2307, #1977, #244, #1008, #2178, #1789, #445, #194, #956, #6, #1355, #1159, #1937, #203 ),
 .UNSPECIFIED., .F., .F.,
 ( 4, 3, 3, 3, 3, 3, 3, 3, 3, 3, 3, 3, 3, 3, 3, 3, 3, 3, 3, 3, 3, 3, 3, 3, 3, 3, 4 ),
 ( 0.000000000000000000, 0.05194734341398119654, 0.08333333333333001192, 0.1027839065023089943, 0.1571325466566879936, 0.1666666666667000196, 0.2279355929324829999, 0.2500000000000000000, 0.3115632997769490209, 0.3333333333333000081, 0.3569426205407019714, 0.4166666666666999919, 0.4821240341526479845, 0.4889856677166130039, 0.5000000000000000000, 0.5646556684005380466, 0.5833333333333000637, 0.6225177120313609702, 0.6666666666667000474, 0.7331238032048950082, 0.7500000000000000000, 0.7571629719804849890, 0.8333333333333000637, 0.8930101793173620406, 0.9166666666667000474, 0.9778603996124389797, 1.000000000000000000 ),
 .UNSPECIFIED. ) ;
#1080 = CARTESIAN_POINT ( 'NONE',  ( 13.15545901298582088, -21.90000055455199046, -8.291609548498078297 ) ) ;
#1081 = CARTESIAN_POINT ( 'NONE',  ( 7.035522844998499892, -27.73645785032299926, -14.87861975542780968 ) ) ;
#1082 = CARTESIAN_POINT ( 'NONE',  ( 12.71455315379854056, -28.71556348017201188, -9.052721004479188593 ) ) ;
#1083 = CARTESIAN_POINT ( 'NONE',  ( 7.088455340474919097, -28.71395311194099875, -9.094773386823538530 ) ) ;
#1084 = CARTESIAN_POINT ( 'NONE',  ( 12.91365122892779027, -28.69995178527801016, -13.94696216150162016 ) ) ;
#1085 = CARTESIAN_POINT ( 'NONE',  ( 7.002428168012939658, -27.90285341895189219, -14.74011690967448018 ) ) ;
#1086 = ORIENTED_EDGE ( 'NONE', *, *, #1219, .T. ) ;
#1087 = CARTESIAN_POINT ( 'NONE',  ( 8.675982284442840253, -28.20419910803008534, -15.59832005149183587 ) ) ;
#1088 = DIRECTION ( 'NONE',  ( 0.000000000000000000, -0.9790549586736291277, -0.2035961391986063629 ) ) ;
#1089 = CARTESIAN_POINT ( 'NONE',  ( 4.900040043590078831, 126.9999999999997016, -6.400000000000079403 ) ) ;
#1090 =( NAMED_UNIT ( * ) SI_UNIT ( $, .STERADIAN. ) SOLID_ANGLE_UNIT ( ) );
#1091 = DIRECTION ( 'NONE',  ( -0.6590909090909075063, 0.000000000000000000, 0.7520632776261060304 ) ) ;
#1092 = CARTESIAN_POINT ( 'NONE',  ( 7.037497627380069787, -27.84209766033299260, -14.85919307020600044 ) ) ;
#1093 = CARTESIAN_POINT ( 'NONE',  ( 7.121763396730880658, -28.59624059247504491, -14.21167424470517737 ) ) ;
#1094 = CARTESIAN_POINT ( 'NONE',  ( 12.87813634185375733, -22.10534140820803728, -14.90678282531328058 ) ) ;
#1095 = CARTESIAN_POINT ( 'NONE',  ( 7.042304688249577005, -28.30691209617693715, -14.63881791402547883 ) ) ;
#1096 = CARTESIAN_POINT ( 'NONE',  ( 13.00004004359029963, -28.38098795307197975, -8.633687649417520760 ) ) ;
#1097 = CARTESIAN_POINT ( 'NONE',  ( 12.93854878523910124, -28.43783892452897533, -14.44486914473789163 ) ) ;
#1098 = VERTEX_POINT ( 'NONE', #1610 ) ;
#1099 = CARTESIAN_POINT ( 'NONE',  ( 12.91852122103931855, -28.66303297089800495, -8.953333365080069939 ) ) ;
#1100 = FACE_OUTER_BOUND ( 'NONE', #1756, .T. ) ;
#1101 = AXIS2_PLACEMENT_3D ( 'NONE', #2461, #726, #541 ) ;
#1102 = CARTESIAN_POINT ( 'NONE',  ( 6.978556316259658665, -22.06107107279712309, -14.85952308408237776 ) ) ;
#1103 = CARTESIAN_POINT ( 'NONE',  ( 13.01533559155174125, -28.10128571357812888, -14.72766923295444030 ) ) ;
#1104 = CARTESIAN_POINT ( 'NONE',  ( 6.948434863543580420, -21.93577182319200602, -14.80731141544776008 ) ) ;
#1105 = FACE_OUTER_BOUND ( 'NONE', #598, .T. ) ;
#1106 = CARTESIAN_POINT ( 'NONE',  ( 13.00004004359029963, -27.90989780536601472, -8.245261513250140339 ) ) ;
#1107 = CARTESIAN_POINT ( 'NONE',  ( 12.02276400737952855, -27.47805810310696728, -15.51978724662309972 ) ) ;
#1108 = AXIS2_PLACEMENT_3D ( 'NONE', #2341, #1972, #240 ) ;
#1109 = ORIENTED_EDGE ( 'NONE', *, *, #1903, .T. ) ;
#1110 = DIRECTION ( 'NONE',  ( 0.000000000000000000, -0.9465330220860468380, -0.3226069405649160116 ) ) ;
#1111 = ORIENTED_EDGE ( 'NONE', *, *, #1561, .T. ) ;
#1112 = CARTESIAN_POINT ( 'NONE',  ( 12.92455691474156865, -28.60878249664200368, -8.831227736070468737 ) ) ;
#1113 = EDGE_CURVE ( 'NONE', #816, #133, #2354, .T. ) ;
#1114 = CARTESIAN_POINT ( 'NONE',  ( 13.10004076258578998, -21.99999999694399122, -14.62249855718466129 ) ) ;
#1115 = CARTESIAN_POINT ( 'NONE',  ( 6.848834781710357866, -21.87229311187208936, -14.70773701873208417 ) ) ;
#1116 = CARTESIAN_POINT ( 'NONE',  ( 7.000040043592799854, -28.56258508397199591, -14.03205347726130903 ) ) ;
#1117 = DIRECTION ( 'NONE',  ( 0.000000000000000000, -1.000000000000000000, 0.000000000000000000 ) ) ;
#1118 = DIRECTION ( 'NONE',  ( 0.000000000000000000, 1.000000000000000000, 0.000000000000000000 ) ) ;
#1119 = CARTESIAN_POINT ( 'NONE',  ( 13.10004076379545879, -21.99999999839799614, -8.377501348796629443 ) ) ;
#1120 = EDGE_CURVE ( 'NONE', #1179, #467, #22, .T. ) ;
#1121 = CARTESIAN_POINT ( 'NONE',  ( 12.53336510979394980, -27.55476469444001353, -7.779085610888520463 ) ) ;
#1122 = ORIENTED_EDGE ( 'NONE', *, *, #1219, .F. ) ;
#1123 = CARTESIAN_POINT ( 'NONE',  ( 12.35388868829960174, -28.42439270713913757, -15.02041443822485789 ) ) ;
#1124 = CARTESIAN_POINT ( 'NONE',  ( 4.900040043590078831, 126.9999999999997016, -6.400000000000079403 ) ) ;
#1125 = UNCERTAINTY_MEASURE_WITH_UNIT (LENGTH_MEASURE( 1.000000000000000082E-05 ), #2402, 'distance_accuracy_value', 'NONE');
#1126 = CARTESIAN_POINT ( 'NONE',  ( 6.981702322418738227, -22.03566288310001653, -14.74029160325193999 ) ) ;
#1127 = CARTESIAN_POINT ( 'NONE',  ( 13.01533559155174125, -28.67197919720690891, -13.92299952139486940 ) ) ;
#1128 = CARTESIAN_POINT ( 'NONE',  ( 6.873469583758919477, -21.90315471570597339, -8.263381653706838748 ) ) ;
#1129 = CARTESIAN_POINT ( 'NONE',  ( 13.00004004359029963, -27.79441986340700055, -8.209011895627279287 ) ) ;
#1130 = CARTESIAN_POINT ( 'NONE',  ( 11.65520265084188090, -27.43302951076498175, -15.68454737618696093 ) ) ;
#1131 = CARTESIAN_POINT ( 'NONE',  ( 9.315961524605212318, -27.35634655463198328, -7.050546559512159916 ) ) ;
#1132 = B_SPLINE_CURVE_WITH_KNOTS ( 'NONE', 3,
 ( #1925, #395, #1555, #2008, #2315, #1958, #1427, #262, #2137, #1167, #191, #837, #1945, #1027, #211, #1757, #24, #1569, #2328, #1619, #2193, #1465, #2049, #1082, #1259, #105 ),
 .UNSPECIFIED., .F., .F.,
 ( 4, 1, 1, 1, 1, 1, 1, 1, 1, 1, 1, 1, 1, 1, 1, 1, 1, 1, 1, 1, 1, 1, 1, 4 ),
 ( 2.548127836028979617E-07, 0.04347826086957000402, 0.08695652173913000216, 0.1304347826087000062, 0.1739130434783000001, 0.2173913043478000184, 0.2608695652174000124, 0.3043478260870000063, 0.3478260869564999691, 0.3913043478261000185, 0.4347826086957000125, 0.4782608695651999753, 0.5217391304348000247, 0.5652173913043000431, 0.6086956521738999815, 0.6521739130435000309, 0.6956521739130000492, 0.7391304347825999876, 0.7826086956521999261, 0.8260869565217000554, 0.8695652173912999938, 0.9130434782608999322, 0.9565217391304000616, 0.9999996681710799917 ),
 .UNSPECIFIED. ) ;
#1133 = EDGE_LOOP ( 'NONE', ( #1531, #1556 ) ) ;
#1134 = CARTESIAN_POINT ( 'NONE',  ( 9.316634039465702344, -28.30659250662084503, -15.27499462051635959 ) ) ;
#1135 = CARTESIAN_POINT ( 'NONE',  ( 12.99760471700339792, -22.09219487067091592, -8.212558939766998023 ) ) ;
#1136 = CARTESIAN_POINT ( 'NONE',  ( 6.916898209626779703, -22.00099400266200433, -14.65571013367564923 ) ) ;
#1137 = CARTESIAN_POINT ( 'NONE',  ( 6.999730619839335866, -21.98364654476603519, -14.89101721158422009 ) ) ;
#1138 = CARTESIAN_POINT ( 'NONE',  ( 7.000040043608430018, -28.49717718362798635, -14.17445307763417084 ) ) ;
#1139 = CIRCLE ( 'NONE', #108, 0.1000000000000070416 ) ;
#1140 = CARTESIAN_POINT ( 'NONE',  ( 6.829585489233319429, -21.89999999999400870, -8.306535111057138820 ) ) ;
#1141 = CARTESIAN_POINT ( 'NONE',  ( 13.00004004351940878, -27.74101878596699322, -8.199153654717219908 ) ) ;
#1142 = CARTESIAN_POINT ( 'NONE',  ( 9.439853387496400572, -27.35167073927699377, -15.96499618256641817 ) ) ;
#1143 = CARTESIAN_POINT ( 'NONE',  ( 11.29611798681622936, -27.39757859360097925, -7.190686601663729860 ) ) ;
#1144 = EDGE_LOOP ( 'NONE', ( #1361, #1651, #1933, #801 ) ) ;
#1145 = CARTESIAN_POINT ( 'NONE',  ( 12.95280981653446872, -28.16486171025797702, -8.290799189625429833 ) ) ;
#1146 = CARTESIAN_POINT ( 'NONE',  ( 6.900040108387639926, -21.89999998368699607, -8.377501021233459966 ) ) ;
#1147 = EDGE_CURVE ( 'NONE', #2175, #2339, #1314, .T. ) ;
#1148 = CARTESIAN_POINT ( 'NONE',  ( 13.00302602822831943, -22.07448613004098092, -14.80381359352545978 ) ) ;
#1149 = CARTESIAN_POINT ( 'NONE',  ( 12.95777557923993939, -28.46881454125698241, -14.45409388685247798 ) ) ;
#1150 = CARTESIAN_POINT ( 'NONE',  ( 15.10004004358992091, 126.9999999999997016, -6.400000000000079403 ) ) ;
#1151 =( BOUNDED_SURFACE ( )  B_SPLINE_SURFACE ( 3, 3, ( 
 ( #576, #2118, #202, #1963, #2140, #616, #243, #1354, #1747, #377, #2152 ),
 ( #57, #193, #955, #431, #1775, #28, #5, #1186, #15, #42, #761 ),
 ( #774, #1558, #2306, #216, #803, #2129, #1365, #387, #980, #399, #1007 ),
 ( #231, #1200, #994, #1170, #1948, #1535, #1396, #2319, #1586, #589, #2296 ) ),
 .UNSPECIFIED., .F., .F., .F. ) 
 B_SPLINE_SURFACE_WITH_KNOTS ( ( 4, 4 ),
 ( 4, 1, 1, 1, 1, 1, 1, 1, 4 ),
 ( 0.000000000000000000, 1.000000000000000000 ),
 ( 0.1234195153041000026, 0.1646897368496999803, 0.3105830260051999914, 0.4402614867809999666, 0.5556079712546000415, 0.6583960449581000018, 0.7501595923643999964, 0.8320653182532000702, 0.8693241852647000112 ),
 .UNSPECIFIED. ) 
 GEOMETRIC_REPRESENTATION_ITEM ( )  RATIONAL_B_SPLINE_SURFACE ( (
 ( 1.301632919536999999, 1.301632919536999999, 1.301632919536999999, 1.301632919536999999, 1.301632919536999999, 1.301632919536999999, 1.301632919536999999, 1.301632919536999999, 1.301632919536999999, 1.301632919536999999, 1.301632919536999999),
 ( 0.8994556934874999854, 0.8994556934874999854, 0.8994556934874999854, 0.8994556934874999854, 0.8994556934874999854, 0.8994556934874999854, 0.8994556934874999854, 0.8994556934874999854, 0.8994556934874999854, 0.8994556934874999854, 0.8994556934874999854),
 ( 0.8994556934874999854, 0.8994556934874999854, 0.8994556934874999854, 0.8994556934874999854, 0.8994556934874999854, 0.8994556934874999854, 0.8994556934874999854, 0.8994556934874999854, 0.8994556934874999854, 0.8994556934874999854, 0.8994556934874999854),
 ( 1.301632919536999999, 1.301632919536999999, 1.301632919536999999, 1.301632919536999999, 1.301632919536999999, 1.301632919536999999, 1.301632919536999999, 1.301632919536999999, 1.301632919536999999, 1.301632919536999999, 1.301632919536999999) ) ) 
 REPRESENTATION_ITEM ( '' )  SURFACE ( )  );
#1152 = LINE ( 'NONE', #1414, #1960 ) ;
#1153 = CARTESIAN_POINT ( 'NONE',  ( 9.192416094904176660, -27.36255514196900407, -15.92871247929823042 ) ) ;
#1154 = CARTESIAN_POINT ( 'NONE',  ( 11.77349588772931988, -27.44610463583000026, -7.362243589168649294 ) ) ;
#1155 = ORIENTED_EDGE ( 'NONE', *, *, #2274, .T. ) ;
#1156 = CARTESIAN_POINT ( 'NONE',  ( 12.96455724467652004, -27.73646425753900502, -8.121381480152340515 ) ) ;
#1157 = CARTESIAN_POINT ( 'NONE',  ( 7.000040043590240124, -28.63625868066499436, -9.179824058070430226 ) ) ;
#1158 = CARTESIAN_POINT ( 'NONE',  ( 13.00747445899108001, -22.06131515846501756, -14.79601480334710040 ) ) ;
#1159 = CARTESIAN_POINT ( 'NONE',  ( 7.000040043794268918, -27.64887178953198799, -14.80894041880556955 ) ) ;
#1160 = CARTESIAN_POINT ( 'NONE',  ( 7.100040043588900396, -18.37499999999500488, -11.50000000000000000 ) ) ;
#1161 = CARTESIAN_POINT ( 'NONE',  ( 13.00004004358927823, -28.19603440305099085, -14.57472680389683894 ) ) ;
#1162 = CARTESIAN_POINT ( 'NONE',  ( 7.057852188204909893, -28.37973993435199915, -14.51540110768545055 ) ) ;
#1163 = CARTESIAN_POINT ( 'NONE',  ( 7.035225450370529821, -27.71709221877799578, -8.119319245237900162 ) ) ;
#1164 = CARTESIAN_POINT ( 'NONE',  ( 7.085868398604039164, -28.69593321195199209, -9.041532309270719381 ) ) ;
#1165 = CARTESIAN_POINT ( 'NONE',  ( 12.21484807968755959, -27.50473399501798966, -7.580972973151349770 ) ) ;
#1166 = EDGE_LOOP ( 'NONE', ( #1636, #548, #701, #39 ) ) ;
#1167 = CARTESIAN_POINT ( 'NONE',  ( 9.033416009573709715, -28.32846082902598539, -7.782196272635279577 ) ) ;
#1168 = ORIENTED_EDGE ( 'NONE', *, *, #805, .T. ) ;
#1169 = FILL_AREA_STYLE ('',( #413 ) ) ;
#1170 = CARTESIAN_POINT ( 'NONE',  ( 6.942687469089699803, -22.00448248414503638, -8.339367792958537251 ) ) ;
#1171 = CARTESIAN_POINT ( 'NONE',  ( 7.000040043589749850, -28.27354406389598296, -14.49927020904205932 ) ) ;
#1172 = ORIENTED_EDGE ( 'NONE', *, *, #2418, .T. ) ;
#1173 = CARTESIAN_POINT ( 'NONE',  ( 12.95777557976826522, -28.77878200211783266, -9.262347444142099206 ) ) ;
#1174 = CARTESIAN_POINT ( 'NONE',  ( 13.00004004358918053, -28.21567029806598725, -14.55668273387776068 ) ) ;
#1175 = CARTESIAN_POINT ( 'NONE',  ( 7.073519236073109617, -28.58787553912800661, -14.20883636209502043 ) ) ;
#1176 = CIRCLE ( 'NONE', #1347, 4.474999999999879741 ) ;
#1177 = CARTESIAN_POINT ( 'NONE',  ( 7.071919549835300245, -28.57083610689400999, -8.759229669962060427 ) ) ;
#1178 = CARTESIAN_POINT ( 'NONE',  ( 12.96412950498602967, -27.76205504686299363, -14.87517933175441875 ) ) ;
#1179 = VERTEX_POINT ( 'NONE', #1771 ) ;
#1180 = CARTESIAN_POINT ( 'NONE',  ( 12.95256247639483149, -28.17099456793997803, -8.295096544787488924 ) ) ;
#1181 = CARTESIAN_POINT ( 'NONE',  ( 7.000040043620389341, -28.67341636461900833, -9.327648724246270007 ) ) ;
#1182 = VECTOR ( 'NONE', #1822, 1000.000000000000000 ) ;
#1183 = ORIENTED_EDGE ( 'NONE', *, *, #1422, .T. ) ;
#1184 = CARTESIAN_POINT ( 'NONE',  ( 4.900040043590078831, 132.0000000000000000, -16.59999999999991971 ) ) ;
#1185 = EDGE_CURVE ( 'NONE', #467, #1098, #863, .T. ) ;
#1186 = CARTESIAN_POINT ( 'NONE',  ( 7.030574917482597108, -22.02947016637697075, -8.084598839716159446 ) ) ;
#1187 = CARTESIAN_POINT ( 'NONE',  ( 7.000040043593489081, -28.04366952408501845, -14.68833431159879943 ) ) ;
#1188 = CARTESIAN_POINT ( 'NONE',  ( 13.01533559322305855, -28.10155077588694894, -8.272505216592522359 ) ) ;
#1189 = CARTESIAN_POINT ( 'NONE',  ( 13.00004004358927823, -27.79433845536999215, -14.79100936298993041 ) ) ;
#1190 = CARTESIAN_POINT ( 'NONE',  ( 7.054190233893478990, -28.31533104797900791, -14.58440491101115910 ) ) ;
#1191 = CARTESIAN_POINT ( 'NONE',  ( 7.000040043685089586, -27.74956628006900061, -8.200565016398888574 ) ) ;
#1192 = CARTESIAN_POINT ( 'NONE',  ( 7.050710091835249216, -28.24430133735900128, -8.351888095547469248 ) ) ;
#1193 = DIRECTION ( 'NONE',  ( 0.000000000000000000, 0.2035882715656910091, 0.9790565947282590109 ) ) ;
#1194 = VERTEX_POINT ( 'NONE', #1442 ) ;
#1195 = CARTESIAN_POINT ( 'NONE',  ( 7.000040043614159657, -28.46104040003100266, -8.758877622767318627 ) ) ;
#1196 = ADVANCED_FACE ( 'NONE', ( #1649 ), #2442, .T. ) ;
#1197 = ORIENTED_EDGE ( 'NONE', *, *, #228, .T. ) ;
#1198 = DIRECTION ( 'NONE',  ( 0.000000000000000000, 0.000000000000000000, 1.000000000000000000 ) ) ;
#1199 = AXIS2_PLACEMENT_3D ( 'NONE', #683, #1628, #2019 ) ;
#1200 = CARTESIAN_POINT ( 'NONE',  ( 6.911544031897399520, -21.99707102449485063, -8.400355631345840735 ) ) ;
#1201 = CARTESIAN_POINT ( 'NONE',  ( 7.000040043589749850, -27.98357001315299186, -14.72205002443613964 ) ) ;
#1202 = CARTESIAN_POINT ( 'NONE',  ( 12.95777557976826522, -28.46895858808593971, -8.546110572055344079 ) ) ;
#1203 = CARTESIAN_POINT ( 'NONE',  ( 13.00004004358927823, -27.81703736037499652, -14.78510447782928949 ) ) ;
#1204 = CARTESIAN_POINT ( 'NONE',  ( 7.058180245926659602, -28.38520136500999413, -14.50916504805033114 ) ) ;
#1205 = CARTESIAN_POINT ( 'NONE',  ( 7.000040043594159656, -28.04349676259401747, -8.311563710788970383 ) ) ;
#1206 = CARTESIAN_POINT ( 'NONE',  ( 7.052057651844458874, -28.27258377050997851, -8.376416255230321184 ) ) ;
#1207 = CARTESIAN_POINT ( 'NONE',  ( 12.95726065549611050, -28.04191675285200347, -14.78357853558208923 ) ) ;
#1208 = ORIENTED_EDGE ( 'NONE', *, *, #215, .F. ) ;
#1209 = CARTESIAN_POINT ( 'NONE',  ( 7.000040043590240124, -28.57029721930098987, -8.985881585027298613 ) ) ;
#1210 = ORIENTED_EDGE ( 'NONE', *, *, #2055, .F. ) ;
#1211 = CARTESIAN_POINT ( 'NONE',  ( 8.503549826428590919, -27.26033673401105872, -15.74707996731405935 ) ) ;
#1212 = CARTESIAN_POINT ( 'NONE',  ( 12.96594783227726033, -22.10000082690499568, -8.115716737002809822 ) ) ;
#1213 = CARTESIAN_POINT ( 'NONE',  ( 7.000040043589749850, -28.09130341161800004, -14.65748026627189127 ) ) ;
#1214 = DIRECTION ( 'NONE',  ( 0.000000000000000000, -0.9465330220860468380, 0.3226069405649160116 ) ) ;
#1215 = CARTESIAN_POINT ( 'NONE',  ( 13.00004004358927823, -28.32025360051198959, -14.44590672277819898 ) ) ;
#1216 = CARTESIAN_POINT ( 'NONE',  ( 7.075521957380739302, -28.60877480823898011, -14.16878845169861023 ) ) ;
#1217 = CARTESIAN_POINT ( 'NONE',  ( 7.000040043590240124, -27.84580894048899324, -8.222379783363589212 ) ) ;
#1218 = DIRECTION ( 'NONE',  ( 1.000000000000000000, 0.000000000000000000, 0.000000000000000000 ) ) ;
#1219 = EDGE_CURVE ( 'NONE', #1098, #2090, #1954, .T. ) ;
#1220 =( BOUNDED_SURFACE ( )  B_SPLINE_SURFACE ( 3, 3, ( 
 ( #521, #287, #1842, #2424, #1854, #898, #705, #1269, #2201, #1036, #659 ),
 ( #2214, #484, #877, #1655, #125, #1641, #692, #2237, #273, #297, #508 ),
 ( #1242, #87, #2247, #1283, #2005, #2018, #1817, #1255, #1050, #2401, #2033 ),
 ( #1449, #1064, #1135, #1294, #2067, #1305, #737, #1521, #2281, #2145, #1330 ) ),
 .UNSPECIFIED., .F., .F., .F. ) 
 B_SPLINE_SURFACE_WITH_KNOTS ( ( 4, 4 ),
 ( 4, 1, 1, 1, 1, 1, 1, 1, 4 ),
 ( 0.000000000000000000, 1.000000000000000000 ),
 ( 0.1302688976569000012, 0.1669311355607999980, 0.2488317329498999919, 0.3406516644962000462, 0.4434993943508999670, 0.5589206925067000675, 0.6887054840573000325, 0.8348214758467999985, 0.8764290094394999731 ),
 .UNSPECIFIED. ) 
 GEOMETRIC_REPRESENTATION_ITEM ( )  RATIONAL_B_SPLINE_SURFACE ( (
 ( 1.301630424515000106, 1.301630424515000106, 1.301630424515000106, 1.301630424515000106, 1.301630424515000106, 1.301630424515000106, 1.301630424515000106, 1.301630424515000106, 1.301630424515000106, 1.301630424515000106, 1.301630424515000106),
 ( 0.8994565251616999380, 0.8994565251616999380, 0.8994565251616999380, 0.8994565251616999380, 0.8994565251616999380, 0.8994565251616999380, 0.8994565251616999380, 0.8994565251616999380, 0.8994565251616999380, 0.8994565251616999380, 0.8994565251616999380),
 ( 0.8994565251616999380, 0.8994565251616999380, 0.8994565251616999380, 0.8994565251616999380, 0.8994565251616999380, 0.8994565251616999380, 0.8994565251616999380, 0.8994565251616999380, 0.8994565251616999380, 0.8994565251616999380, 0.8994565251616999380),
 ( 1.301630424515000106, 1.301630424515000106, 1.301630424515000106, 1.301630424515000106, 1.301630424515000106, 1.301630424515000106, 1.301630424515000106, 1.301630424515000106, 1.301630424515000106, 1.301630424515000106, 1.301630424515000106) ) ) 
 REPRESENTATION_ITEM ( '' )  SURFACE ( )  );
#1221 = CARTESIAN_POINT ( 'NONE',  ( 7.081750146376199595, -28.66471478066798184, -8.957246451902420858 ) ) ;
#1222 = CARTESIAN_POINT ( 'NONE',  ( 8.226302184813219398, -28.46312619139398947, -14.83628521760672037 ) ) ;
#1223 = AXIS2_PLACEMENT_3D ( 'NONE', #1146, #602, #802 ) ;
#1224 = ORIENTED_EDGE ( 'NONE', *, *, #1475, .T. ) ;
#1225 = CARTESIAN_POINT ( 'NONE',  ( 13.13987381166708168, -27.65617681764021185, -14.74497208922749891 ) ) ;
#1226 = CARTESIAN_POINT ( 'NONE',  ( 13.00004004359069931, -18.37499999999500488, -11.50000000000000000 ) ) ;
#1227 = CARTESIAN_POINT ( 'NONE',  ( 6.233842159193617505, -27.88031689105094202, -9.041822053863569408 ) ) ;
#1228 = CARTESIAN_POINT ( 'NONE',  ( 7.121763396730880658, -27.61377984223618043, -14.90645124527031840 ) ) ;
#1229 = CARTESIAN_POINT ( 'NONE',  ( 7.042304688249577005, -27.61334831475289064, -14.92412932821482130 ) ) ;
#1230 = EDGE_CURVE ( 'NONE', #653, #1338, #280, .T. ) ;
#1231 = DIRECTION ( 'NONE',  ( 0.000000000000000000, 1.000000000000000000, 0.000000000000000000 ) ) ;
#1232 = CARTESIAN_POINT ( 'NONE',  ( 6.958080520874019292, -22.01815405502399869, -8.266323429832420189 ) ) ;
#1233 = AXIS2_PLACEMENT_3D ( 'NONE', #52, #828, #814 ) ;
#1234 = CARTESIAN_POINT ( 'NONE',  ( 12.95675965736626090, -28.05722562358897676, -8.224484930779111025 ) ) ;
#1235 = CARTESIAN_POINT ( 'NONE',  ( 13.00004004357113097, -28.49717965398901498, -8.825552363819408441 ) ) ;
#1236 = CARTESIAN_POINT ( 'NONE',  ( 12.90004004359109935, -18.37499999999500488, -11.50000000000000000 ) ) ;
#1237 = EDGE_LOOP ( 'NONE', ( #241, #1924, #974, #307 ) ) ;
#1238 = ORIENTED_EDGE ( 'NONE', *, *, #434, .F. ) ;
#1239 = CARTESIAN_POINT ( 'NONE',  ( 13.43199898447931950, -28.29061989955205902, -14.39786077676876097 ) ) ;
#1240 = CARTESIAN_POINT ( 'NONE',  ( 7.034133757160409672, -27.63305655817499584, -8.115717583547230163 ) ) ;
#1241 = CARTESIAN_POINT ( 'NONE',  ( 13.07422036129784004, -28.16449197931591542, -8.184852622411142420 ) ) ;
#1242 = CARTESIAN_POINT ( 'NONE',  ( 13.01561984650266091, -22.10727584960202563, -8.133532228846901191 ) ) ;
#1243 = CARTESIAN_POINT ( 'NONE',  ( 7.042304688249577005, -27.95395508347402824, -14.86826287385701661 ) ) ;
#1244 = CARTESIAN_POINT ( 'NONE',  ( 13.12660824699429973, -21.90315487003699602, -8.263379425080358942 ) ) ;
#1245 = CARTESIAN_POINT ( 'NONE',  ( 7.041050880908610310, -27.98521751074597930, -14.81125702955084122 ) ) ;
#1246 = CARTESIAN_POINT ( 'NONE',  ( 12.87811687317794096, -22.07039153904278805, -14.90683636204390261 ) ) ;
#1247 = CARTESIAN_POINT ( 'NONE',  ( 7.000040043658770195, -27.70725969487600082, -8.194803057691979475 ) ) ;
#1248 = CARTESIAN_POINT ( 'NONE',  ( 13.00004004357239040, -28.49006047146099263, -8.811703749299089949 ) ) ;
#1249 = CARTESIAN_POINT ( 'NONE',  ( 13.00004079034919968, -22.09999343793198179, -8.190922693678329480 ) ) ;
#1250 = ORIENTED_EDGE ( 'NONE', *, *, #2350, .T. ) ;
#1251 = ORIENTED_EDGE ( 'NONE', *, *, #2263, .T. ) ;
#1252 = CARTESIAN_POINT ( 'NONE',  ( 7.002428167527798841, -28.35734349605087345, -8.626724675462318359 ) ) ;
#1253 = CARTESIAN_POINT ( 'NONE',  ( 4.900040043590078831, 132.0000000000000000, -6.400000000000079403 ) ) ;
#1254 = CARTESIAN_POINT ( 'NONE',  ( 8.162826939405832150, -28.29878680003303160, -7.637843324412619594 ) ) ;
#1255 = CARTESIAN_POINT ( 'NONE',  ( 13.11489806263213964, -22.00647102967292668, -8.281009454034101935 ) ) ;
#1256 = CARTESIAN_POINT ( 'NONE',  ( 13.15546006657019973, -21.90000048825799084, -14.70838949207533908 ) ) ;
#1257 = LINE ( 'NONE', #2404, #2398 ) ;
#1258 = CARTESIAN_POINT ( 'NONE',  ( 6.900039324592319723, -21.99999999694399122, -8.377501442811579935 ) ) ;
#1259 = CARTESIAN_POINT ( 'NONE',  ( 12.84057908176198914, -28.75726435759601429, -9.239688030165108756 ) ) ;
#1260 = CARTESIAN_POINT ( 'NONE',  ( 13.00004004359029963, -28.20320273238299791, -8.431797729804328512 ) ) ;
#1261 = DIRECTION ( 'NONE',  ( -1.000000000000000000, 0.000000000000000000, 0.000000000000000000 ) ) ;
#1262 = CARTESIAN_POINT ( 'NONE',  ( 6.984744455884881909, -27.61475296279400027, -14.86658610136347569 ) ) ;
#1263 = ADVANCED_FACE ( 'NONE', ( #94 ), #1057, .T. ) ;
#1264 = AXIS2_PLACEMENT_3D ( 'NONE', #681, #1034, #1815 ) ;
#1265 = ORIENTED_EDGE ( 'NONE', *, *, #1781, .T. ) ;
#1266 = CARTESIAN_POINT ( 'NONE',  ( 7.002428167527798841, -27.65983605007307844, -8.211802467670601402 ) ) ;
#1267 = VECTOR ( 'NONE', #993, 1000.000000000000000 ) ;
#1268 = CARTESIAN_POINT ( 'NONE',  ( 13.28925222310778054, -28.72853306436396892, -9.035748411781257872 ) ) ;
#1269 = CARTESIAN_POINT ( 'NONE',  ( 13.10342960496203979, -21.86543652939483451, -8.251839036972457464 ) ) ;
#1270 = DIRECTION ( 'NONE',  ( 0.000000000000000000, 1.000000000000000000, 0.000000000000000000 ) ) ;
#1271 = CARTESIAN_POINT ( 'NONE',  ( 7.042304688249577005, -28.61212898988191711, -14.21960268935371907 ) ) ;
#1272 = AXIS2_PLACEMENT_3D ( 'NONE', #603, #1379, #414 ) ;
#1273 = CARTESIAN_POINT ( 'NONE',  ( 13.00004004357143117, -28.49000623283298594, -14.18839819477858022 ) ) ;
#1274 = CARTESIAN_POINT ( 'NONE',  ( 6.968994334281299885, -22.02712544929899607, -8.246361747787361196 ) ) ;
#1275 = CARTESIAN_POINT ( 'NONE',  ( 13.03542125742045954, -22.01813067046304795, -14.70481485271968403 ) ) ;
#1276 = AXIS2_PLACEMENT_3D ( 'NONE', #595, #1370, #1607 ) ;
#1277 = CARTESIAN_POINT ( 'NONE',  ( 13.00004004359029963, -28.09130482696900444, -8.342521413602359104 ) ) ;
#1278 = CARTESIAN_POINT ( 'NONE',  ( 12.93267181119573905, -28.51866989101900529, -14.33023331412242030 ) ) ;
#1279 = CARTESIAN_POINT ( 'NONE',  ( 7.002428168012939658, -28.48901825502698060, -14.15816939176590061 ) ) ;
#1280 = ORIENTED_EDGE ( 'NONE', *, *, #665, .T. ) ;
#1281 = CARTESIAN_POINT ( 'NONE',  ( 10.83221383675749649, -28.14216842558882448, -15.74502785618842005 ) ) ;
#1282 = DIRECTION ( 'NONE',  ( -0.6590909090909075063, 0.000000000000000000, 0.7520632776261060304 ) ) ;
#1283 = CARTESIAN_POINT ( 'NONE',  ( 13.02152377092034286, -22.06107107279690638, -8.140476915915082046 ) ) ;
#1284 = CARTESIAN_POINT ( 'NONE',  ( 7.100036632074259835, -22.10000132564499253, -14.80907571485285956 ) ) ;
#1285 = CARTESIAN_POINT ( 'NONE',  ( 6.984808080951940390, -22.10258926542696400, -14.86688121400159979 ) ) ;
#1286 = CARTESIAN_POINT ( 'NONE',  ( 12.87831699515514039, -27.94706030214102910, -14.85184177494160274 ) ) ;
#1287 = CARTESIAN_POINT ( 'NONE',  ( 7.032775358113459774, -22.07181658752596576, -14.88309618655000044 ) ) ;
#1288 = CARTESIAN_POINT ( 'NONE',  ( 12.99774152456061671, -22.10439272255099397, -14.78711705980150093 ) ) ;
#1289 = EDGE_CURVE ( 'NONE', #1850, #772, #1622, .T. ) ;
#1290 = CARTESIAN_POINT ( 'NONE',  ( 13.00004004359029963, -28.10652645590300125, -8.353429483542688772 ) ) ;
#1291 = CARTESIAN_POINT ( 'NONE',  ( 12.91421725791554920, -28.69589138047398791, -13.95859011969520935 ) ) ;
#1292 = ORIENTED_EDGE ( 'NONE', *, *, #1376, .F. ) ;
#1293 = CARTESIAN_POINT ( 'NONE',  ( 12.91073223158210048, -28.71972059831498569, -9.113228567216340892 ) ) ;
#1294 = CARTESIAN_POINT ( 'NONE',  ( 12.99976584700168125, -22.07564056123394280, -8.217898641513277980 ) ) ;
#1295 = CARTESIAN_POINT ( 'NONE',  ( 15.10004004358992091, 132.0000000000000000, -6.400000000000079403 ) ) ;
#1296 = CARTESIAN_POINT ( 'NONE',  ( 7.072429082293279379, -21.94927880969119016, -14.87489711043611962 ) ) ;
#1297 = CARTESIAN_POINT ( 'NONE',  ( 7.000040043589749850, -28.55416274402100640, -14.05232263997769948 ) ) ;
#1298 = CYLINDRICAL_SURFACE ( 'NONE', #141, 4.499999999999780620 ) ;
#1299 = CARTESIAN_POINT ( 'NONE',  ( 13.00004004359029963, -27.72355541869497841, -8.196753475314359605 ) ) ;
#1300 = CARTESIAN_POINT ( 'NONE',  ( 13.02164667564277956, -22.03739801762799644, -8.229252474083699198 ) ) ;
#1301 = EDGE_CURVE ( 'NONE', #467, #2065, #1408, .T. ) ;
#1302 = CARTESIAN_POINT ( 'NONE',  ( 8.582912595327899297, -27.40809874690200587, -7.227096956963750429 ) ) ;
#1303 = VERTEX_POINT ( 'NONE', #261 ) ;
#1304 = CARTESIAN_POINT ( 'NONE',  ( 7.440505343944721517, -28.00778835297299452, -15.25887032497989715 ) ) ;
#1305 = CARTESIAN_POINT ( 'NONE',  ( 13.01837776476125796, -22.03566288310007693, -8.259708396748056458 ) ) ;
#1306 =( BOUNDED_SURFACE ( )  B_SPLINE_SURFACE ( 3, 3, ( 
 ( #2248, #2485, #1689, #1678, #1296, #531, #751, #2070, #1115, #1726, #365 ),
 ( #343, #2239, #911, #1901, #1137, #1713, #1889, #1701, #510, #1332, #2081 ),
 ( #321, #1285, #330, #1102, #149, #716, #2447, #2094, #2462, #1510, #2271 ),
 ( #2058, #138, #542, #1322, #354, #1126, #171, #901, #706, #933, #2475 ) ),
 .UNSPECIFIED., .F., .F., .F. ) 
 B_SPLINE_SURFACE_WITH_KNOTS ( ( 4, 4 ),
 ( 4, 1, 1, 1, 1, 1, 1, 1, 4 ),
 ( 0.000000000000000000, 1.000000000000000000 ),
 ( 0.1302688976569000012, 0.1669311355607999980, 0.2488317329497999886, 0.3406516644961000151, 0.4434993943508999670, 0.5589206925066000364, 0.6887054840573000325, 0.8348214758467999985, 0.8764290094393999420 ),
 .UNSPECIFIED. ) 
 GEOMETRIC_REPRESENTATION_ITEM ( )  RATIONAL_B_SPLINE_SURFACE ( (
 ( 1.301630424504000016, 1.301630424504000016, 1.301630424504000016, 1.301630424504000016, 1.301630424504000016, 1.301630424504000016, 1.301630424504000016, 1.301630424504000016, 1.301630424504000016, 1.301630424504000016, 1.301630424504000016),
 ( 0.8994565251651999160, 0.8994565251651999160, 0.8994565251651999160, 0.8994565251651999160, 0.8994565251651999160, 0.8994565251651999160, 0.8994565251651999160, 0.8994565251651999160, 0.8994565251651999160, 0.8994565251651999160, 0.8994565251651999160),
 ( 0.8994565251651999160, 0.8994565251651999160, 0.8994565251651999160, 0.8994565251651999160, 0.8994565251651999160, 0.8994565251651999160, 0.8994565251651999160, 0.8994565251651999160, 0.8994565251651999160, 0.8994565251651999160, 0.8994565251651999160),
 ( 1.301630424504000016, 1.301630424504000016, 1.301630424504000016, 1.301630424504000016, 1.301630424504000016, 1.301630424504000016, 1.301630424504000016, 1.301630424504000016, 1.301630424504000016, 1.301630424504000016, 1.301630424504000016) ) ) 
 REPRESENTATION_ITEM ( '' )  SURFACE ( )  );
#1307 = CARTESIAN_POINT ( 'NONE',  ( 8.410379410831771096, -28.43317082905390691, -8.073793396920178722 ) ) ;
#1308 = STYLED_ITEM ( 'NONE', ( #1364 ), #1893 ) ;
#1309 = DIRECTION ( 'NONE',  ( 0.000000000000000000, -1.000000000000000000, 0.000000000000000000 ) ) ;
#1310 = CARTESIAN_POINT ( 'NONE',  ( 7.000040043640659349, -28.64604034529697074, -13.78346704653817056 ) ) ;
#1311 = CARTESIAN_POINT ( 'NONE',  ( 7.121763396730880658, -27.77664732351092169, -14.89950625130155970 ) ) ;
#1312 = DIRECTION ( 'NONE',  ( 0.7045457627088270725, -1.631760912595997072E-07, -0.7096585575112939193 ) ) ;
#1313 = EDGE_CURVE ( 'NONE', #1003, #2065, #827, .T. ) ;
#1314 = CIRCLE ( 'NONE', #1476, 0.1000000000000060563 ) ;
#1315 = FACE_OUTER_BOUND ( 'NONE', #2459, .T. ) ;
#1316 = CARTESIAN_POINT ( 'NONE',  ( 13.05430852162452027, -22.01067002709097764, -8.289228419958339700 ) ) ;
#1317 = CARTESIAN_POINT ( 'NONE',  ( 10.68348551710924887, -27.35631428376197860, -7.050445503605769382 ) ) ;
#1318 = ORIENTED_EDGE ( 'NONE', *, *, #119, .F. ) ;
#1319 = CARTESIAN_POINT ( 'NONE',  ( 8.162848842394787141, -28.29878230161609309, -15.36216811675067895 ) ) ;
#1320 = AXIS2_PLACEMENT_3D ( 'NONE', #2276, #1692, #1717 ) ;
#1321 = DIRECTION ( 'NONE',  ( 0.000000000000000000, 1.000000000000000000, 0.000000000000000000 ) ) ;
#1322 = CARTESIAN_POINT ( 'NONE',  ( 7.000314240178319380, -22.07564056123381491, -14.78210135848672024 ) ) ;
#1323 = CARTESIAN_POINT ( 'NONE',  ( 7.000040043589749850, -28.45516697118699767, -14.25223484053891809 ) ) ;
#1324 = DIRECTION ( 'NONE',  ( -0.7096585575096139298, -2.351243491266049595E-06, -0.7045457627066148421 ) ) ;
#1325 = CARTESIAN_POINT ( 'NONE',  ( 12.96594828569103974, -27.63307310042398157, -8.115716990388039065 ) ) ;
#1326 = CARTESIAN_POINT ( 'NONE',  ( 8.703826026991260179, -27.39758993045499125, -15.80927247028671800 ) ) ;
#1327 = CARTESIAN_POINT ( 'NONE',  ( 12.32515980198608041, -27.52163813555799621, -7.647220117130618888 ) ) ;
#1328 = ORIENTED_EDGE ( 'NONE', *, *, #1746, .T. ) ;
#1329 = CARTESIAN_POINT ( 'NONE',  ( 12.91302568619228097, -28.79229368687980184, -13.58873910862138246 ) ) ;
#1330 = CARTESIAN_POINT ( 'NONE',  ( 13.09111563591210015, -21.99684619377882555, -8.405363648213199923 ) ) ;
#1331 = CARTESIAN_POINT ( 'NONE',  ( 12.42185562690494649, -28.63520065102898116, -8.731643244024558825 ) ) ;
#1332 = CARTESIAN_POINT ( 'NONE',  ( 6.813385956227661744, -21.96080678440004164, -14.69678325485859993 ) ) ;
#1333 = CARTESIAN_POINT ( 'NONE',  ( 7.000040043606419182, -28.40486876475800671, -14.33172995829465002 ) ) ;
#1334 = DIRECTION ( 'NONE',  ( 2.379553538701998863E-08, 1.871466270934999139E-10, 0.9999999999999996669 ) ) ;
#1335 = CARTESIAN_POINT ( 'NONE',  ( 12.90004004359109935, -27.63307892131600241, -14.80907123457226149 ) ) ;
#1336 = CARTESIAN_POINT ( 'NONE',  ( 7.785061177695579815, -27.50475834393298413, -15.41893361381666949 ) ) ;
#1337 = CARTESIAN_POINT ( 'NONE',  ( 9.563813331954110097, -27.34699235624599112, -7.019452533979709585 ) ) ;
#1338 = VERTEX_POINT ( 'NONE', #1819 ) ;
#1339 = CARTESIAN_POINT ( 'NONE',  ( 12.95542150271471904, -28.09711024951300118, -8.246144200073988628 ) ) ;
#1340 = CARTESIAN_POINT ( 'NONE',  ( 7.000040043590899153, -28.24072436730498836, -8.466814002331950917 ) ) ;
#1341 = CARTESIAN_POINT ( 'NONE',  ( 6.984744455884881909, -28.26675821516910148, -14.59712956155271613 ) ) ;
#1342 = EDGE_CURVE ( 'NONE', #1571, #1060, #63, .T. ) ;
#1343 = CARTESIAN_POINT ( 'NONE',  ( 15.10004004358992091, 126.9999999999997016, -16.30000000000111982 ) ) ;
#1344 = CARTESIAN_POINT ( 'NONE',  ( 7.000040043590359140, -28.55979905177000333, -14.03886872558807042 ) ) ;
#1345 = TOROIDAL_SURFACE ( 'NONE', #729, 4.400000000000180655, 0.1000000000000060146 ) ;
#1346 = CARTESIAN_POINT ( 'NONE',  ( 6.948435929459659377, -21.93577187798001660, -8.192687580863619701 ) ) ;
#1347 = AXIS2_PLACEMENT_3D ( 'NONE', #1500, #1117, #2096 ) ;
#1348 = CARTESIAN_POINT ( 'NONE',  ( 14.50004004358977916, -27.25000000000687805, -11.50000000000000000 ) ) ;
#1349 = CARTESIAN_POINT ( 'NONE',  ( 11.53694339372198030, -27.41995819437900650, -15.73132383317251914 ) ) ;
#1350 = TOROIDAL_SURFACE ( 'NONE', #819, 4.400000000000180655, 0.1000000000000060146 ) ;
#1351 = CARTESIAN_POINT ( 'NONE',  ( 12.02956148566116923, -28.52182059775398670, -14.65384280008182039 ) ) ;
#1352 = EDGE_LOOP ( 'NONE', ( #2433, #2282, #1492, #2329 ) ) ;
#1353 = CARTESIAN_POINT ( 'NONE',  ( 12.95656394425093083, -28.06308695900600014, -8.227646714039440923 ) ) ;
#1354 = CARTESIAN_POINT ( 'NONE',  ( 7.108407490890041203, -22.01058988419899620, -8.101820754977619998 ) ) ;
#1355 = CARTESIAN_POINT ( 'NONE',  ( 7.000040043800320078, -27.65681996720997660, -14.80866942158850996 ) ) ;
#1356 = DIRECTION ( 'NONE',  ( -1.000000000000000000, 0.000000000000000000, 0.000000000000000000 ) ) ;
#1357 = FACE_BOUND ( 'NONE', #735, .T. ) ;
#1358 = CARTESIAN_POINT ( 'NONE',  ( 7.081713985107969123, -28.66403323550398241, -14.04347221239412136 ) ) ;
#1359 = CARTESIAN_POINT ( 'NONE',  ( 7.086713561517740345, -28.70195469036099212, -9.058901037758259278 ) ) ;
#1360 = CARTESIAN_POINT ( 'NONE',  ( 10.41512614619464472, -28.28166206697199669, -15.34046095383031982 ) ) ;
#1361 = ORIENTED_EDGE ( 'NONE', *, *, #665, .F. ) ;
#1362 = CARTESIAN_POINT ( 'NONE',  ( 12.93474058198792953, -28.49140324266799595, -8.629196253766259872 ) ) ;
#1363 = ORIENTED_EDGE ( 'NONE', *, *, #1289, .F. ) ;
#1364 = PRESENTATION_STYLE_ASSIGNMENT (( #2330 ) ) ;
#1365 = CARTESIAN_POINT ( 'NONE',  ( 6.961447840867840853, -22.03458853389007288, -8.161719432634942706 ) ) ;
#1366 = CARTESIAN_POINT ( 'NONE',  ( 7.000040043589749850, -28.38098726334897748, -14.36631376242561942 ) ) ;
#1367 = DIRECTION ( 'NONE',  ( 0.7045454545447014105, 0.000000000000000000, 0.7096588634551110886 ) ) ;
#1368 = CARTESIAN_POINT ( 'NONE',  ( 13.00004004358923027, -28.18884681626199296, -14.58109992662258136 ) ) ;
#1369 = CARTESIAN_POINT ( 'NONE',  ( 7.045027873964539111, -28.10632666451098771, -14.74746773352711138 ) ) ;
#1370 = DIRECTION ( 'NONE',  ( 1.000000000000000000, 0.000000000000000000, 0.000000000000000000 ) ) ;
#1371 = CARTESIAN_POINT ( 'NONE',  ( 7.035421698120909895, -27.72995890901097482, -8.120613391413408877 ) ) ;
#1372 = CARTESIAN_POINT ( 'NONE',  ( 7.052135025346419894, -28.27416446565600339, -8.377833206795019194 ) ) ;
#1373 = CARTESIAN_POINT ( 'NONE',  ( 7.970451540321990436, -28.52183675329700208, -14.65379107033514039 ) ) ;
#1374 = ORIENTED_EDGE ( 'NONE', *, *, #1147, .T. ) ;
#1375 = CARTESIAN_POINT ( 'NONE',  ( 12.93803895870533971, -28.44616607872599445, -8.564849983820320034 ) ) ;
#1376 = EDGE_CURVE ( 'NONE', #2382, #426, #2344, .T. ) ;
#1377 = VERTEX_POINT ( 'NONE', #2035 ) ;
#1378 = CARTESIAN_POINT ( 'NONE',  ( 7.042304695653678337, -27.66532353551591328, -8.074610686423518757 ) ) ;
#1379 = DIRECTION ( 'NONE',  ( 0.000000000000000000, 1.000000000000000000, 0.000000000000000000 ) ) ;
#1380 = DIRECTION ( 'NONE',  ( 7.770449363685954267E-08, 0.9999999999999966693, 2.065045870666983382E-08 ) ) ;
#1381 = CARTESIAN_POINT ( 'NONE',  ( 10.00004004358999943, -20.99999999999998934, -11.50000000000000000 ) ) ;
#1382 = CARTESIAN_POINT ( 'NONE',  ( 13.01533559322305855, -28.72270786211991123, -9.275536586257286942 ) ) ;
#1383 = CARTESIAN_POINT ( 'NONE',  ( 13.00004004358905974, -27.90695023905601246, -14.75589657532224841 ) ) ;
#1384 = CARTESIAN_POINT ( 'NONE',  ( 7.079810523771020492, -28.64786782863401626, -14.08209851238225951 ) ) ;
#1385 = ADVANCED_FACE ( 'NONE', ( #1426 ), #1858, .F. ) ;
#1386 = CARTESIAN_POINT ( 'NONE',  ( 7.000040043590240124, -28.10652866975799213, -8.353430401140979455 ) ) ;
#1387 = AXIS2_PLACEMENT_3D ( 'NONE', #606, #1024, #822 ) ;
#1388 = CARTESIAN_POINT ( 'NONE',  ( 7.044409886764729123, -28.08929160355999599, -8.242202552905469659 ) ) ;
#1389 = CARTESIAN_POINT ( 'NONE',  ( 12.96199008507641892, -27.86980706339300795, -14.85227862173127100 ) ) ;
#1390 = ORIENTED_EDGE ( 'NONE', *, *, #182, .T. ) ;
#1391 = CARTESIAN_POINT ( 'NONE',  ( 7.000040043629639719, -28.45366575899399564, -8.746288016375521224 ) ) ;
#1392 = VECTOR ( 'NONE', #2017, 1000.000000000000000 ) ;
#1393 = ORIENTED_EDGE ( 'NONE', *, *, #1631, .F. ) ;
#1394 = VERTEX_POINT ( 'NONE', #458 ) ;
#1395 = CARTESIAN_POINT ( 'NONE',  ( 10.00004004358999943, -21.99999999999399591, -11.50000000000000000 ) ) ;
#1396 = CARTESIAN_POINT ( 'NONE',  ( 6.993397927340919473, -22.05513045234406988, -8.234089954774480802 ) ) ;
#1397 = CARTESIAN_POINT ( 'NONE',  ( 7.000040043592359318, -28.06083422390798177, -14.67743286143680947 ) ) ;
#1398 = ORIENTED_EDGE ( 'NONE', *, *, #1413, .T. ) ;
#1399 = CARTESIAN_POINT ( 'NONE',  ( 12.99765191861588143, -28.66490351069802855, -9.394492117788468377 ) ) ;
#1400 = CARTESIAN_POINT ( 'NONE',  ( 13.00004004334207863, -27.67686264947399977, -14.80805217427200837 ) ) ;
#1401 = CARTESIAN_POINT ( 'NONE',  ( 7.097826834502879656, -28.76771504469699536, -13.71004268725986996 ) ) ;
#1402 = CARTESIAN_POINT ( 'NONE',  ( 7.000040043590229466, -28.02642060813997915, -8.301481219784838217 ) ) ;
#1403 = CARTESIAN_POINT ( 'NONE',  ( 7.038090152653129650, -27.86980559303098204, -8.147720402459858846 ) ) ;
#1404 = CARTESIAN_POINT ( 'NONE',  ( 12.96475838994942009, -27.72351297826600103, -14.88007270625105960 ) ) ;
#1405 = VERTEX_POINT ( 'NONE', #498 ) ;
#1406 = ORIENTED_EDGE ( 'NONE', *, *, #519, .F. ) ;
#1407 = CARTESIAN_POINT ( 'NONE',  ( 13.50487638854387917, -27.78209300901289680, -14.33715688159310275 ) ) ;
#1408 = B_SPLINE_CURVE_WITH_KNOTS ( 'NONE', 3,
 ( #164, #916, #1706, #731, #536, #765, #2074, #337, #2098, #557, #1931, #1515, #358, #1107, #2088, #1882, #2277, #948, #1130, #1349, #1741, #546, #2262, #175, #526, #2490, #1550, #1693, #2454, #197, #755, #1527, #722, #188, #1539, #381, #1142, #1731, #1153, #2300, #959, #1906, #1326, #1718, #569, #1502, #2122, #2479, #744, #2289, #1336, #369, #2110, #1592, #34, #608, #1794, #62, #2144, #1967, #581, #2156, #75, #836 ),
 .UNSPECIFIED., .F., .F.,
 ( 4, 3, 3, 3, 3, 3, 3, 3, 3, 3, 3, 3, 3, 3, 3, 3, 3, 3, 3, 3, 3, 4 ),
 ( 0.000000000000000000, 0.05882352941176000050, 0.1108930495826229989, 0.1176470588234999892, 0.1718374712848400043, 0.1764705882353000133, 0.2352941176471000095, 0.2941176470588000025, 0.3529411764706000265, 0.4117647058823999950, 0.4705882352941000435, 0.5294117647059000120, 0.5882352941176000050, 0.6470588235293999180, 0.7058823529412000530, 0.7647058823529000460, 0.8235294117646999590, 0.8779503640701540323, 0.8823529411764999830, 0.9339422092116630436, 0.9411764705882000870, 1.000000000000000000 ),
 .UNSPECIFIED. ) ;
#1409 = AXIS2_PLACEMENT_3D ( 'NONE', #509, #2045, #311 ) ;
#1410 = CARTESIAN_POINT ( 'NONE',  ( 7.632190772983888927, -27.52826491868998104, -7.673314142854329667 ) ) ;
#1411 = CARTESIAN_POINT ( 'NONE',  ( 7.000040043589939920, -27.90713992736398907, -14.75582259761518955 ) ) ;
#1412 = CARTESIAN_POINT ( 'NONE',  ( 12.87831699395879959, -28.71004851774084088, -9.064713084826140133 ) ) ;
#1413 = EDGE_CURVE ( 'NONE', #2, #790, #487, .T. ) ;
#1414 = CARTESIAN_POINT ( 'NONE',  ( 5.500040043590220584, -28.99999999999570832, -11.50000000029279690 ) ) ;
#1415 = CARTESIAN_POINT ( 'NONE',  ( 7.045738812723389977, -28.12588310732899544, -14.73557824673089023 ) ) ;
#1416 = CARTESIAN_POINT ( 'NONE',  ( 7.000040043590240124, -27.93824873710901002, -8.256575299250981104 ) ) ;
#1417 = CARTESIAN_POINT ( 'NONE',  ( 7.079808604455309684, -28.64786884628800578, -8.917887232392690322 ) ) ;
#1418 = CARTESIAN_POINT ( 'NONE',  ( 12.95622641484854931, -28.07324719951401093, -14.76693891411090931 ) ) ;
#1419 =( BOUNDED_SURFACE ( )  B_SPLINE_SURFACE ( 3, 3, ( 
 ( #1660, #2251, #903, #474, #1859, #129, #323, #499, #1246, #1094, #2022 ),
 ( #278, #1868, #303, #696, #850, #1040, #1055, #1646, #1832, #1070, #291 ),
 ( #1453, #686, #2227, #867, #1820, #664, #1847, #2406, #676, #1670, #890 ),
 ( #2218, #118, #2428, #881, #1275, #2417, #314, #1479, #2241, #512, #1288 ) ),
 .UNSPECIFIED., .F., .F., .F. ) 
 B_SPLINE_SURFACE_WITH_KNOTS ( ( 4, 4 ),
 ( 4, 1, 1, 1, 1, 1, 1, 1, 4 ),
 ( 0.000000000000000000, 1.000000000000000000 ),
 ( 0.1234195153042000059, 0.1646897368496999803, 0.3105830260050999603, 0.4402614867809999666, 0.5556079712546000415, 0.6583960449581000018, 0.7501595923643999964, 0.8320653182532000702, 0.8693241852647000112 ),
 .UNSPECIFIED. ) 
 GEOMETRIC_REPRESENTATION_ITEM ( )  RATIONAL_B_SPLINE_SURFACE ( (
 ( 1.301632919536999999, 1.301632919536999999, 1.301632919536999999, 1.301632919536999999, 1.301632919536999999, 1.301632919536999999, 1.301632919536999999, 1.301632919536999999, 1.301632919536999999, 1.301632919536999999, 1.301632919536999999),
 ( 0.8994556934875999055, 0.8994556934875999055, 0.8994556934875999055, 0.8994556934875999055, 0.8994556934875999055, 0.8994556934875999055, 0.8994556934875999055, 0.8994556934875999055, 0.8994556934875999055, 0.8994556934875999055, 0.8994556934875999055),
 ( 0.8994556934875999055, 0.8994556934875999055, 0.8994556934875999055, 0.8994556934875999055, 0.8994556934875999055, 0.8994556934875999055, 0.8994556934875999055, 0.8994556934875999055, 0.8994556934875999055, 0.8994556934875999055, 0.8994556934875999055),
 ( 1.301632919536999999, 1.301632919536999999, 1.301632919536999999, 1.301632919536999999, 1.301632919536999999, 1.301632919536999999, 1.301632919536999999, 1.301632919536999999, 1.301632919536999999, 1.301632919536999999, 1.301632919536999999) ) ) 
 REPRESENTATION_ITEM ( '' )  SURFACE ( )  );
#1420 = ORIENTED_EDGE ( 'NONE', *, *, #1903, .F. ) ;
#1421 = CARTESIAN_POINT ( 'NONE',  ( 10.92103303822567284, -27.69738134048882472, -15.99588186746643892 ) ) ;
#1422 = EDGE_CURVE ( 'NONE', #1554, #2, #346, .T. ) ;
#1423 = CARTESIAN_POINT ( 'NONE',  ( 7.645231846380249330, -27.52622900342699452, -7.665275381416829958 ) ) ;
#1424 = CARTESIAN_POINT ( 'NONE',  ( 11.87426988167452357, -28.30677990769412489, -7.658566170083940250 ) ) ;
#1425 = DIRECTION ( 'NONE',  ( 0.000000000000000000, 0.000000000000000000, -1.000000000000000000 ) ) ;
#1426 = FACE_OUTER_BOUND ( 'NONE', #2125, .T. ) ;
#1427 = CARTESIAN_POINT ( 'NONE',  ( 8.226302246799129136, -28.46312617777899234, -8.163714741887901027 ) ) ;
#1428 = CARTESIAN_POINT ( 'NONE',  ( 7.000040043592879790, -27.98969339187301486, -8.281624220952359394 ) ) ;
#1429 = CARTESIAN_POINT ( 'NONE',  ( 13.00004004356908993, -28.36395406035199684, -8.610428075347099863 ) ) ;
#1430 = CARTESIAN_POINT ( 'NONE',  ( 12.96455566785035884, -27.73641145488398152, -14.87862197091028094 ) ) ;
#1431 = CARTESIAN_POINT ( 'NONE',  ( 10.00004004358999943, -21.89999999999400870, -11.50000000000000000 ) ) ;
#1432 = ORIENTED_EDGE ( 'NONE', *, *, #1475, .F. ) ;
#1433 = ORIENTED_EDGE ( 'NONE', *, *, #1869, .T. ) ;
#1434 = CARTESIAN_POINT ( 'NONE',  ( 6.984744456103319621, -28.26655126709482246, -8.402667620211818900 ) ) ;
#1435 = DIRECTION ( 'NONE',  ( 3.890078449587855409E-05, 0.9999999988026619935, -2.968846858832884910E-05 ) ) ;
#1436 = CARTESIAN_POINT ( 'NONE',  ( 15.10004004358992091, 126.9999999999997016, -6.400000000000079403 ) ) ;
#1437 = CARTESIAN_POINT ( 'NONE',  ( 13.17049460975601960, -21.89999999999400870, -8.306535093574309414 ) ) ;
#1438 = CARTESIAN_POINT ( 'NONE',  ( 6.932033676569538727, -22.00485064048299222, -8.315157648066760387 ) ) ;
#1439 = AXIS2_PLACEMENT_3D ( 'NONE', #2466, #1118, #730 ) ;
#1440 = DIRECTION ( 'NONE',  ( 1.000000000000000000, 0.000000000000000000, 0.000000000000000000 ) ) ;
#1441 = CARTESIAN_POINT ( 'NONE',  ( 13.00004004344634012, -28.59365348058501155, -9.047580934691639598 ) ) ;
#1442 = CARTESIAN_POINT ( 'NONE',  ( 13.00004004357757026, -28.67955990274598221, -13.64281246361793976 ) ) ;
#1443 = EDGE_CURVE ( 'NONE', #2244, #790, #503, .T. ) ;
#1444 = B_SPLINE_CURVE_WITH_KNOTS ( 'NONE', 3,
 ( #2080, #1711, #1887, #364, #2484, #147, #910, #136, #2472, #2056, #552, #1136, #921, #180 ),
 .UNSPECIFIED., .F., .F.,
 ( 4, 1, 1, 1, 1, 1, 1, 1, 1, 1, 1, 4 ),
 ( 0.000000000000000000, 0.09090909090909000956, 0.1818181818182000031, 0.2727272727273000186, 0.3636363636364000063, 0.4545454545454999939, 0.5454545454545000061, 0.6363636363636000493, 0.7272727272726999814, 0.8181818181818000246, 0.9090909090908999568, 0.9999948660846690318 ),
 .UNSPECIFIED. ) ;
#1445 = VERTEX_POINT ( 'NONE', #2240 ) ;
#1446 = CARTESIAN_POINT ( 'NONE',  ( 7.002428167527798841, -28.59617209560886408, -9.101668787317938936 ) ) ;
#1447 = CARTESIAN_POINT ( 'NONE',  ( 15.10004004358992091, 132.0000000000000000, -6.400000000000079403 ) ) ;
#1448 = CARTESIAN_POINT ( 'NONE',  ( 13.68819574245562087, -28.38899355840506189, -8.989755594409702510 ) ) ;
#1449 = CARTESIAN_POINT ( 'NONE',  ( 12.99774550795626205, -22.10449116601715858, -8.212892489546938180 ) ) ;
#1450 = CARTESIAN_POINT ( 'NONE',  ( 13.08624720828041887, -21.91625378861899875, -14.77509121895356081 ) ) ;
#1451 = CARTESIAN_POINT ( 'NONE',  ( 13.00004004358927823, -28.61818327381498861, -13.87857601224244064 ) ) ;
#1452 = CARTESIAN_POINT ( 'NONE',  ( 7.000039560646400538, -22.09998725688899768, -8.190922722234340370 ) ) ;
#1453 = CARTESIAN_POINT ( 'NONE',  ( 13.14608243368212115, -22.01803972594101566, -14.65080631475272455 ) ) ;
#1454 = CARTESIAN_POINT ( 'NONE',  ( 13.00004004359029963, -28.20743203187400638, -8.435647159672969408 ) ) ;
#1455 = CARTESIAN_POINT ( 'NONE',  ( 12.91162449264884948, -28.71395461711198749, -13.90522564840160058 ) ) ;
#1456 = ADVANCED_FACE ( 'NONE', ( #1039 ), #1753, .T. ) ;
#1457 = ORIENTED_EDGE ( 'NONE', *, *, #1561, .F. ) ;
#1458 = DIRECTION ( 'NONE',  ( 0.000000000000000000, -1.000000000000000000, 0.000000000000000000 ) ) ;
#1459 = DIRECTION ( 'NONE',  ( 0.000000000000000000, 1.000000000000000000, 0.000000000000000000 ) ) ;
#1460 = CARTESIAN_POINT ( 'NONE',  ( 6.386129692984722439, -28.35997936230604921, -8.869684862718521856 ) ) ;
#1461 = SHAPE_DEFINITION_REPRESENTATION ( #422, #2270 ) ;
#1462 = CARTESIAN_POINT ( 'NONE',  ( 13.00004004358689080, -28.66000332946799745, -13.72924777291891907 ) ) ;
#1463 = PRODUCT_DEFINITION ( 'UNKNOWN', '', #629, #1052 ) ;
#1464 = CARTESIAN_POINT ( 'NONE',  ( 12.95777557923993939, -27.77959093664807710, -14.91705367028082208 ) ) ;
#1465 = CARTESIAN_POINT ( 'NONE',  ( 12.27394553889615025, -28.58491505358098905, -8.556154840447840471 ) ) ;
#1466 = CARTESIAN_POINT ( 'NONE',  ( 7.100040465619989583, -28.77746521556098713, -9.336829288294349993 ) ) ;
#1467 = EDGE_CURVE ( 'NONE', #2028, #1611, #752, .T. ) ;
#1468 = CARTESIAN_POINT ( 'NONE',  ( 12.91631553868051974, -28.68073967495099552, -14.00167657768594864 ) ) ;
#1469 = CIRCLE ( 'NONE', #370, 0.1000000000000075412 ) ;
#1470 = ORIENTED_EDGE ( 'NONE', *, *, #952, .F. ) ;
#1471 = CARTESIAN_POINT ( 'NONE',  ( 12.90935619450369920, -28.72861327037201562, -9.141689267902631144 ) ) ;
#1472 =( GEOMETRIC_REPRESENTATION_CONTEXT ( 3 ) GLOBAL_UNCERTAINTY_ASSIGNED_CONTEXT ( ( #2069 ) ) GLOBAL_UNIT_ASSIGNED_CONTEXT ( ( #230, #375, #386 ) ) REPRESENTATION_CONTEXT ( 'NONE', 'WORKASPACE' ) );
#1473 = CARTESIAN_POINT ( 'NONE',  ( 14.50004004358977916, -21.89999999999400870, -11.50000000000000000 ) ) ;
#1474 = FACE_OUTER_BOUND ( 'NONE', #2029, .T. ) ;
#1475 = EDGE_CURVE ( 'NONE', #239, #1003, #376, .T. ) ;
#1476 = AXIS2_PLACEMENT_3D ( 'NONE', #209, #973, #1002 ) ;
#1477 = CARTESIAN_POINT ( 'NONE',  ( 13.00004004349229980, -28.60040345910600124, -13.93184303333536000 ) ) ;
#1478 = DIRECTION ( 'NONE',  ( -0.6590596232754817319, 6.650985734379506823E-06, 0.7520906946131860060 ) ) ;
#1479 = CARTESIAN_POINT ( 'NONE',  ( 12.99981983998741875, -22.07541151795386014, -14.78196989528254157 ) ) ;
#1480 = CARTESIAN_POINT ( 'NONE',  ( 13.00004004359029963, -28.47554345992600489, -8.784847657374639240 ) ) ;
#1481 = CARTESIAN_POINT ( 'NONE',  ( 12.93443444617885874, -28.49605567796498207, -14.36485888771695052 ) ) ;
#1482 = ORIENTED_EDGE ( 'NONE', *, *, #32, .F. ) ;
#1483 = CARTESIAN_POINT ( 'NONE',  ( 7.306912794213921813, -28.71864205064282771, -13.93687000057486181 ) ) ;
#1484 = CARTESIAN_POINT ( 'NONE',  ( 11.17736419835379991, -28.36323442414722606, -7.876408501126877404 ) ) ;
#1485 = FACE_OUTER_BOUND ( 'NONE', #1144, .T. ) ;
#1486 = DIRECTION ( 'NONE',  ( 1.000000000000000000, 0.000000000000000000, 0.000000000000000000 ) ) ;
#1487 = CARTESIAN_POINT ( 'NONE',  ( 7.000040043589749850, -28.47554244850200433, -14.21515502996101965 ) ) ;
#1488 = EDGE_CURVE ( 'NONE', #2108, #724, #1079, .T. ) ;
#1489 = CARTESIAN_POINT ( 'NONE',  ( 13.00004040579625020, -22.09999150420399872, -14.80907727776768112 ) ) ;
#1490 = CARTESIAN_POINT ( 'NONE',  ( 13.00004004358772924, -28.06083708675699739, -8.322569658954259708 ) ) ;
#1491 = CARTESIAN_POINT ( 'NONE',  ( 12.90004004359109935, -27.66825944770401335, -8.190921578444401163 ) ) ;
#1492 = ORIENTED_EDGE ( 'NONE', *, *, #2099, .T. ) ;
#1493 = CARTESIAN_POINT ( 'NONE',  ( 12.92026824207633062, -28.64787371446700348, -8.917914734375431252 ) ) ;
#1494 = CARTESIAN_POINT ( 'NONE',  ( 7.000040043590240124, -28.41135259026797399, -8.677233060301308143 ) ) ;
#1495 = ADVANCED_FACE ( 'NONE', ( #16, #775 ), #1559, .F. ) ;
#1496 = DIRECTION ( 'NONE',  ( 0.000000000000000000, -1.000000000000000000, 0.000000000000000000 ) ) ;
#1497 = DIRECTION ( 'NONE',  ( 0.000000000000000000, -1.000000000000000000, 0.000000000000000000 ) ) ;
#1498 = CARTESIAN_POINT ( 'NONE',  ( 12.99765191908070250, -28.35734720412090581, -14.37327011619656147 ) ) ;
#1499 = CARTESIAN_POINT ( 'NONE',  ( 7.121763396730880658, -28.12347760836117061, -14.76110048030060184 ) ) ;
#1500 = CARTESIAN_POINT ( 'NONE',  ( 10.00004004358999943, 126.9999999999997016, -11.50000000000000000 ) ) ;
#1501 = DIRECTION ( 'NONE',  ( 0.000000000000000000, 1.000000000000000000, 0.000000000000000000 ) ) ;
#1502 = CARTESIAN_POINT ( 'NONE',  ( 8.344825310435190602, -27.43303619342898969, -15.68452675784792660 ) ) ;
#1503 = CARTESIAN_POINT ( 'NONE',  ( 12.62574634197816970, -27.57072058157200445, -7.845459476951619493 ) ) ;
#1504 = ORIENTED_EDGE ( 'NONE', *, *, #1528, .F. ) ;
#1505 = CARTESIAN_POINT ( 'NONE',  ( 12.92800040530650030, -28.57261303265498498, -8.762414352133360396 ) ) ;
#1506 = CARTESIAN_POINT ( 'NONE',  ( 7.000040043590829875, -28.29008654410800006, -8.519714168994140024 ) ) ;
#1507 = ORIENTED_EDGE ( 'NONE', *, *, #1016, .T. ) ;
#1508 = CARTESIAN_POINT ( 'NONE',  ( 12.70821336526147860, -28.72356619802078725, -9.084742726261058721 ) ) ;
#1509 = AXIS2_PLACEMENT_3D ( 'NONE', #173, #2120, #1917 ) ;
#1510 = CARTESIAN_POINT ( 'NONE',  ( 6.856156260691959936, -22.01684573879390783, -14.65601455788714347 ) ) ;
#1511 = CARTESIAN_POINT ( 'NONE',  ( 7.000040043611609697, -28.51694455258999028, -14.13600054574835951 ) ) ;
#1512 = FACE_OUTER_BOUND ( 'NONE', #1908, .T. ) ;
#1513 = AXIS2_PLACEMENT_3D ( 'NONE', #559, #949, #1733 ) ;
#1514 = CARTESIAN_POINT ( 'NONE',  ( 13.00004004338418895, -27.64887038780700124, -8.191059601679240743 ) ) ;
#1515 = CARTESIAN_POINT ( 'NONE',  ( 12.13703231303872876, -27.49348350639899152, -15.46196702573324089 ) ) ;
#1516 = CLOSED_SHELL ( 'NONE', ( #558, #2324, #1263, #2340, #1888, #1935, #1385, #104, #1031, #490, #891, #771, #2359, #1495, #624, #732, #396, #249, #1975, #1456, #700, #2048, #404, #79, #1196, #2384, #1598, #1912, #673, #760, #1006, #2079, #1609, #1647, #1759, #2295, #2474, #1791, #1922, #2114, #551 ) ) ;
#1517 = CARTESIAN_POINT ( 'NONE',  ( 11.17511505277064998, -27.38706322736100773, -7.154293510842649084 ) ) ;
#1518 = ORIENTED_EDGE ( 'NONE', *, *, #1719, .F. ) ;
#1519 = CARTESIAN_POINT ( 'NONE',  ( 8.535829933803478653, -27.76807690196792677, -15.84072996421485868 ) ) ;
#1520 = CIRCLE ( 'NONE', #777, 0.1000000000000065004 ) ;
#1521 = CARTESIAN_POINT ( 'NONE',  ( 13.05727204191794044, -22.00453365353700974, -8.339128140885138762 ) ) ;
#1522 = DIRECTION ( 'NONE',  ( 1.000000000000000000, 0.000000000000000000, 0.000000000000000000 ) ) ;
#1523 = CARTESIAN_POINT ( 'NONE',  ( 13.09428389923630043, -22.00000012416400352, -14.63393704849594990 ) ) ;
#1524 = DIRECTION ( 'NONE',  ( 0.000000000000000000, -1.000000000000000000, 0.000000000000000000 ) ) ;
#1525 = CARTESIAN_POINT ( 'NONE',  ( 7.034132046677759043, -22.09999999854001018, -8.115716499655238891 ) ) ;
#1526 = CARTESIAN_POINT ( 'NONE',  ( 13.00004004358312137, -27.95782582643499481, -8.265428442864399372 ) ) ;
#1527 = CARTESIAN_POINT ( 'NONE',  ( 10.06175827255692212, -27.34069028822200309, -16.00130329828510867 ) ) ;
#1528 = EDGE_CURVE ( 'NONE', #517, #2028, #400, .T. ) ;
#1529 = AXIS2_PLACEMENT_3D ( 'NONE', #1284, #1078, #2057 ) ;
#1530 = CARTESIAN_POINT ( 'NONE',  ( 12.33348847142956117, -27.52292107591899750, -7.652258685544139460 ) ) ;
#1531 = ORIENTED_EDGE ( 'NONE', *, *, #1829, .T. ) ;
#1532 = CARTESIAN_POINT ( 'NONE',  ( 12.93985563405441042, -28.41869247469499982, -8.529792495990109913 ) ) ;
#1533 = CARTESIAN_POINT ( 'NONE',  ( 7.000040043625219255, -28.34222894359397671, -8.581246571545110058 ) ) ;
#1534 = CARTESIAN_POINT ( 'NONE',  ( 8.856424831344430260, -28.35842306430093629, -7.863270740882256860 ) ) ;
#1535 = CARTESIAN_POINT ( 'NONE',  ( 6.981583509047019298, -22.03551206480888425, -8.259961609602060051 ) ) ;
#1536 = CARTESIAN_POINT ( 'NONE',  ( 13.01533559155174125, -27.93220070305607550, -14.81454169290487854 ) ) ;
#1537 = DIRECTION ( 'NONE',  ( 1.000000000000000000, 0.000000000000000000, 0.000000000000000000 ) ) ;
#1538 = DIRECTION ( 'NONE',  ( 0.000000000000000000, 0.000000000000000000, 1.000000000000000000 ) ) ;
#1539 = CARTESIAN_POINT ( 'NONE',  ( 9.688119648869518485, -27.34384558873498250, -15.99090542578868224 ) ) ;
#1540 = CARTESIAN_POINT ( 'NONE',  ( 10.55942357190933656, -27.35163926258599076, -7.034903128907159520 ) ) ;
#1541 = ORIENTED_EDGE ( 'NONE', *, *, #579, .T. ) ;
#1542 = CARTESIAN_POINT ( 'NONE',  ( 12.94809809803990142, -28.27103288736998365, -8.375033596109830114 ) ) ;
#1543 = CARTESIAN_POINT ( 'NONE',  ( 7.000040043590240124, -28.29799475442798595, -8.528663367781630811 ) ) ;
#1544 = FACE_OUTER_BOUND ( 'NONE', #452, .T. ) ;
#1545 = CARTESIAN_POINT ( 'NONE',  ( 13.00004040579625020, -22.09999150420399872, -14.80907727776768112 ) ) ;
#1546 = CARTESIAN_POINT ( 'NONE',  ( 7.000040043589859984, -28.21586971855199977, -14.55649606153468945 ) ) ;
#1547 = VECTOR ( 'NONE', #1334, 1000.000000000000114 ) ;
#1548 = CARTESIAN_POINT ( 'NONE',  ( 6.900039323387269441, -21.99999999839799614, -14.62249865120013048 ) ) ;
#1549 = CARTESIAN_POINT ( 'NONE',  ( 13.00004004358794951, -27.99624776423101480, -14.71498274660510042 ) ) ;
#1550 = CARTESIAN_POINT ( 'NONE',  ( 10.68345191816385942, -27.35631273336300140, -15.94955965114974106 ) ) ;
#1551 = CARTESIAN_POINT ( 'NONE',  ( 7.035660618398759780, -27.74493719405299430, -8.122387507222649461 ) ) ;
#1552 = CARTESIAN_POINT ( 'NONE',  ( 7.086430355595199515, -28.69996356161996687, -9.053075936958940417 ) ) ;
#1553 = CARTESIAN_POINT ( 'NONE',  ( 10.13841631275189314, -28.27223111890497620, -15.36464224711864013 ) ) ;
#1554 = VERTEX_POINT ( 'NONE', #29 ) ;
#1555 = CARTESIAN_POINT ( 'NONE',  ( 7.285482733006468870, -28.71557776252400984, -9.052781551846008412 ) ) ;
#1556 = ORIENTED_EDGE ( 'NONE', *, *, #2092, .F. ) ;
#1557 = CARTESIAN_POINT ( 'NONE',  ( 7.121763407081380670, -28.45442483025995628, -8.556331178472101229 ) ) ;
#1558 = CARTESIAN_POINT ( 'NONE',  ( 6.856115071345839418, -22.01686804766488592, -8.344084013968039670 ) ) ;
#1559 = PLANE ( 'NONE',  #2473 ) ;
#1560 = CARTESIAN_POINT ( 'NONE',  ( 12.87831699395879959, -28.76155551086600326, -9.266399269839299180 ) ) ;
#1561 = EDGE_CURVE ( 'NONE', #2065, #2112, #1575, .T. ) ;
#1562 = B_SPLINE_CURVE_WITH_KNOTS ( 'NONE', 3,
 ( #134, #1909, #328, #690, #2434, #1471, #1293, #1686, #2245, #340, #518, #1099, #1493, #145, #1112, #528, #713, #1505, #599, #2378, #408, #1362, #941, #76, #200, #1375, #1532, #1722, #1735, #2303, #3, #1934, #951, #784, #459, #561, #1542, #963, #1807, #2482, #585, #1180, #1145, #573, #1339, #1353, #384, #758, #1234, #747, #2292, #12, #975, #648, #2126, #769, #2113, #1156, #374, #1744, #2149 ),
 .UNSPECIFIED., .F., .F.,
 ( 4, 3, 3, 3, 3, 3, 3, 3, 3, 3, 3, 3, 3, 3, 3, 3, 3, 3, 3, 3, 4 ),
 ( 0.000000000000000000, 0.04936653781523400036, 0.08333333333333001192, 0.1179782252832449890, 0.1666666666667000196, 0.2278212770777399976, 0.2500000000000000000, 0.3170679120817699870, 0.3333333333333000081, 0.4031308232439950179, 0.4166666666666999919, 0.4886775171898630199, 0.5000000000000000000, 0.5690212998866379657, 0.5833333333333000637, 0.6621414559634399843, 0.6666666666667000474, 0.7500000000000000000, 0.8333333333333000637, 0.9166666666667000474, 0.9999984944744549908 ),
 .UNSPECIFIED. ) ;
#1563 = CARTESIAN_POINT ( 'NONE',  ( 13.00004004358758891, -28.07589878241198278, -14.66787126594145896 ) ) ;
#1564 = CARTESIAN_POINT ( 'NONE',  ( 7.043320149433239585, -28.05721699851399009, -14.77552051755379026 ) ) ;
#1565 = DIRECTION ( 'NONE',  ( 0.000000000000000000, 0.000000000000000000, -1.000000000000000000 ) ) ;
#1566 = CARTESIAN_POINT ( 'NONE',  ( 7.061531143292969048, -28.43783485902601171, -8.555125162485660795 ) ) ;
#1567 = CARTESIAN_POINT ( 'NONE',  ( 12.95750358663855906, -28.03427727902998967, -14.78741724430168070 ) ) ;
#1568 = EDGE_LOOP ( 'NONE', ( #1504, #54, #1328, #614 ) ) ;
#1569 = CARTESIAN_POINT ( 'NONE',  ( 11.23983705542840994, -28.36532286048299056, -7.882145056247600756 ) ) ;
#1570 = CARTESIAN_POINT ( 'NONE',  ( 7.000040043611919671, -28.64861336011498238, -9.224285252198329843 ) ) ;
#1571 = VERTEX_POINT ( 'NONE', #1473 ) ;
#1572 = CARTESIAN_POINT ( 'NONE',  ( 7.042304695653678337, -27.95364679854409928, -8.131616232701757596 ) ) ;
#1573 = EDGE_CURVE ( 'NONE', #2316, #2381, #286, .T. ) ;
#1574 = DIRECTION ( 'NONE',  ( 0.000000000000000000, -1.000000000000000000, -2.755736815211312727E-11 ) ) ;
#1575 = LINE ( 'NONE', #2332, #264 ) ;
#1576 = LINE ( 'NONE', #605, #2356 ) ;
#1577 = CARTESIAN_POINT ( 'NONE',  ( 13.01533559322305855, -28.74289957921711647, -9.379317543524019030 ) ) ;
#1578 = FACE_OUTER_BOUND ( 'NONE', #1004, .T. ) ;
#1579 = CARTESIAN_POINT ( 'NONE',  ( 7.093563867371739384, -28.74513367085099347, -13.79920436466497868 ) ) ;
#1580 = DIRECTION ( 'NONE',  ( 0.6590909090909025103, 0.000000000000000000, -0.7520632776261102492 ) ) ;
#1581 = CARTESIAN_POINT ( 'NONE',  ( 7.067407345251019990, -28.51865689508298374, -8.669745496873069612 ) ) ;
#1582 = CARTESIAN_POINT ( 'NONE',  ( 7.285482743869239997, -28.71557777334099626, -13.94721843018906959 ) ) ;
#1583 = ORIENTED_EDGE ( 'NONE', *, *, #1573, .T. ) ;
#1584 = EDGE_LOOP ( 'NONE', ( #360, #1721, #1824, #2254 ) ) ;
#1585 = CARTESIAN_POINT ( 'NONE',  ( 7.121763407081380670, -28.71001927174880564, -9.064615274751760765 ) ) ;
#1586 = CARTESIAN_POINT ( 'NONE',  ( 7.002464172154800437, -22.09200061611883115, -8.212587653407819488 ) ) ;
#1587 = CARTESIAN_POINT ( 'NONE',  ( 7.000040043589999428, -28.22112110990199341, -14.55154529115752915 ) ) ;
#1588 = DIRECTION ( 'NONE',  ( 1.000000000000000000, 0.000000000000000000, 0.000000000000000000 ) ) ;
#1589 = CARTESIAN_POINT ( 'NONE',  ( 12.87831699395879959, -28.78204299864411198, -9.371701970889809274 ) ) ;
#1590 = VECTOR ( 'NONE', #2171, 1000.000000000000114 ) ;
#1591 = CARTESIAN_POINT ( 'NONE',  ( 10.00004004358999943, 126.9999999999997016, -11.50000000000000000 ) ) ;
#1592 = CARTESIAN_POINT ( 'NONE',  ( 7.666510819532479815, -27.52293397105598416, -15.34769205893590893 ) ) ;
#1593 = CARTESIAN_POINT ( 'NONE',  ( 7.000040043590449734, -27.90694916782998547, -8.244102478479309326 ) ) ;
#1594 = CARTESIAN_POINT ( 'NONE',  ( 7.053543805620949847, -28.30282065583700302, -8.403656158867580217 ) ) ;
#1595 = CARTESIAN_POINT ( 'NONE',  ( 12.95999801317107902, -27.94928481201999659, -14.82515599909384818 ) ) ;
#1596 = EDGE_LOOP ( 'NONE', ( #429, #1406 ) ) ;
#1597 = AXIS2_PLACEMENT_3D ( 'NONE', #271, #832, #1110 ) ;
#1598 = ADVANCED_FACE ( 'NONE', ( #2400 ), #275, .T. ) ;
#1599 = ORIENTED_EDGE ( 'NONE', *, *, #971, .F. ) ;
#1600 = DIRECTION ( 'NONE',  ( 0.000000000000000000, 1.000000000000000000, 0.000000000000000000 ) ) ;
#1601 = CIRCLE ( 'NONE', #1233, 4.499999999999779732 ) ;
#1602 = CARTESIAN_POINT ( 'NONE',  ( 7.986465855783438705, -27.47683025553299174, -7.475622081710739941 ) ) ;
#1603 = CARTESIAN_POINT ( 'NONE',  ( 7.000040043589749850, -28.10652576759700594, -14.64657167928455017 ) ) ;
#1604 = CARTESIAN_POINT ( 'NONE',  ( 12.99765191861588143, -28.48901990762794512, -8.841835898398782589 ) ) ;
#1605 = CARTESIAN_POINT ( 'NONE',  ( 13.00004004344063091, -27.63307891975699704, -14.80907742530053994 ) ) ;
#1606 = CARTESIAN_POINT ( 'NONE',  ( 7.067250583952179532, -28.51675905686501622, -14.33340092586062120 ) ) ;
#1607 = DIRECTION ( 'NONE',  ( 0.000000000000000000, -1.000000000000000000, 0.000000000000000000 ) ) ;
#1608 = CARTESIAN_POINT ( 'NONE',  ( 7.079664552433699853, -28.64661896809700536, -8.914966988910858703 ) ) ;
#1609 = ADVANCED_FACE ( 'NONE', ( #2068 ), #306, .T. ) ;
#1610 = CARTESIAN_POINT ( 'NONE',  ( 12.90004019818574044, -28.77746460752800317, -13.66317343561428999 ) ) ;
#1611 = VERTEX_POINT ( 'NONE', #1124 ) ;
#1612 = CARTESIAN_POINT ( 'NONE',  ( 13.62230525862089969, -28.36324419009118003, -14.11680169422205822 ) ) ;
#1613 = AXIS2_PLACEMENT_3D ( 'NONE', #1855, #1270, #861 ) ;
#1614 = CARTESIAN_POINT ( 'NONE',  ( 7.619187445200379827, -27.53031102176900546, -7.681421612073489946 ) ) ;
#1615 = CARTESIAN_POINT ( 'NONE',  ( 7.440477893176661084, -28.00779643045198952, -7.741150264529339964 ) ) ;
#1616 = CARTESIAN_POINT ( 'NONE',  ( 12.96594885668053010, -27.63307494181999147, -8.115716328826360737 ) ) ;
#1617 = CARTESIAN_POINT ( 'NONE',  ( 13.00004004358927823, -28.62311709727499576, -13.86263613650629978 ) ) ;
#1618 = CARTESIAN_POINT ( 'NONE',  ( 6.978433178901159550, -22.03739770812898513, -8.229252888949519118 ) ) ;
#1619 = CARTESIAN_POINT ( 'NONE',  ( 11.77371330499329893, -28.46311174570298519, -8.163671251875818768 ) ) ;
#1620 = CARTESIAN_POINT ( 'NONE',  ( 13.00004004351285047, -28.60801635187299041, -9.090476379327659728 ) ) ;
#1621 = CARTESIAN_POINT ( 'NONE',  ( 12.94809918082705913, -28.27100933002999028, -14.62498727046492064 ) ) ;
#1622 = B_SPLINE_CURVE_WITH_KNOTS ( 'NONE', 3,
 ( #1249, #1834, #107, #1920, #927, #937, #1300, #1895, #348, #1316, #2467, #9, #153, #1119 ),
 .UNSPECIFIED., .F., .F.,
 ( 4, 1, 1, 1, 1, 1, 1, 1, 1, 1, 1, 4 ),
 ( 0.000000000000000000, 0.09090909090909000956, 0.1818181818182000031, 0.2727272727273000186, 0.3636363636364000063, 0.4545454545454999939, 0.5454545454545000061, 0.6363636363636000493, 0.7272727272726999814, 0.8181818181818000246, 0.9090909090908999568, 0.9999948661236809366 ),
 .UNSPECIFIED. ) ;
#1623 = ORIENTED_EDGE ( 'NONE', *, *, #1869, .F. ) ;
#1624 = ORIENTED_EDGE ( 'NONE', *, *, #2305, .F. ) ;
#1625 = DIRECTION ( 'NONE',  ( 0.000000000000000000, 0.000000000000000000, -1.000000000000000000 ) ) ;
#1626 = DIRECTION ( 'NONE',  ( 0.000000000000000000, -1.000000000000000000, 0.000000000000000000 ) ) ;
#1627 = CARTESIAN_POINT ( 'NONE',  ( 6.959268041605401578, -28.15348201177609511, -8.151520978246519888 ) ) ;
#1628 = DIRECTION ( 'NONE',  ( 0.000000000000000000, 0.000000000000000000, 1.000000000000000000 ) ) ;
#1629 = CARTESIAN_POINT ( 'NONE',  ( 13.00004004358927823, -28.46833596017101087, -14.22826877300515847 ) ) ;
#1630 = CARTESIAN_POINT ( 'NONE',  ( 10.00004004358999943, -21.89999999999400870, -11.50000000000000000 ) ) ;
#1631 = EDGE_CURVE ( 'NONE', #1554, #2339, #1677, .T. ) ;
#1632 = DIRECTION ( 'NONE',  ( 1.000000000000000000, 0.000000000000000000, 0.000000000000000000 ) ) ;
#1633 = CARTESIAN_POINT ( 'NONE',  ( 13.00004004359005982, -28.22113313449198202, -8.448466507603288989 ) ) ;
#1634 = DIRECTION ( 'NONE',  ( 0.000000000000000000, 1.000000000000000000, 0.000000000000000000 ) ) ;
#1635 = AXIS2_PLACEMENT_3D ( 'NONE', #1680, #1632, #2440 ) ;
#1636 = ORIENTED_EDGE ( 'NONE', *, *, #2012, .T. ) ;
#1637 = CARTESIAN_POINT ( 'NONE',  ( 6.984744456103319621, -28.67197623592286249, -9.076997032065158066 ) ) ;
#1638 = AXIS2_PLACEMENT_3D ( 'NONE', #1491, #2208, #491 ) ;
#1639 = CARTESIAN_POINT ( 'NONE',  ( 10.00004004358999943, -21.89999999999400870, -11.50000000000000000 ) ) ;
#1640 = CARTESIAN_POINT ( 'NONE',  ( 13.43202553124105947, -28.29063002239118418, -8.602173846837377624 ) ) ;
#1641 = CARTESIAN_POINT ( 'NONE',  ( 13.04238667862293966, -21.95277687216404772, -8.144539515765483628 ) ) ;
#1642 = CIRCLE ( 'NONE', #1276, 2.249999999999890754 ) ;
#1643 = DIRECTION ( 'NONE',  ( 0.000000000000000000, -1.000000000000000000, 0.000000000000000000 ) ) ;
#1644 = CARTESIAN_POINT ( 'NONE',  ( 12.87831699515514039, -28.59616515343307341, -14.21183202114095856 ) ) ;
#1645 = AXIS2_PLACEMENT_3D ( 'NONE', #1591, #823, #2348 ) ;
#1646 = CARTESIAN_POINT ( 'NONE',  ( 12.96950516969740086, -22.02947016637699207, -14.91540116028383878 ) ) ;
#1647 = ADVANCED_FACE ( 'NONE', ( #1100 ), #704, .T. ) ;
#1648 = CARTESIAN_POINT ( 'NONE',  ( 13.00004004355494835, -28.34232547340900865, -8.581366000416808859 ) ) ;
#1649 = FACE_OUTER_BOUND ( 'NONE', #1352, .T. ) ;
#1650 = ORIENTED_EDGE ( 'NONE', *, *, #924, .F. ) ;
#1651 = ORIENTED_EDGE ( 'NONE', *, *, #997, .T. ) ;
#1652 = FACE_BOUND ( 'NONE', #768, .T. ) ;
#1653 = FACE_OUTER_BOUND ( 'NONE', #1884, .T. ) ;
#1654 = CARTESIAN_POINT ( 'NONE',  ( 6.514362899227976733, -27.77507640478286177, -8.637852839738838995 ) ) ;
#1655 = CARTESIAN_POINT ( 'NONE',  ( 12.96922968335479709, -22.03006331020007380, -8.084385894495618174 ) ) ;
#1656 = CARTESIAN_POINT ( 'NONE',  ( 7.042304688249577005, -28.72691575461882962, -13.94077955850604766 ) ) ;
#1657 = EDGE_CURVE ( 'NONE', #1003, #2108, #1469, .T. ) ;
#1658 = CARTESIAN_POINT ( 'NONE',  ( 13.00004004355792908, -28.67341740857298760, -13.67234713114828004 ) ) ;
#1659 = CARTESIAN_POINT ( 'NONE',  ( 12.87831699515514039, -28.78204306864613571, -13.62829780713959238 ) ) ;
#1660 = CARTESIAN_POINT ( 'NONE',  ( 13.18283169719640036, -21.88304861637091392, -14.67902673658710277 ) ) ;
#1661 = CARTESIAN_POINT ( 'NONE',  ( 13.00004004359000120, -28.12826959220598866, -8.369451666233111098 ) ) ;
#1662 = CARTESIAN_POINT ( 'NONE',  ( 10.00004004358999943, -27.99999999999500133, -11.50000000000000000 ) ) ;
#1663 = CARTESIAN_POINT ( 'NONE',  ( 7.035950787734980061, -27.76205423874300493, -8.124820136189130793 ) ) ;
#1664 = ORIENTED_EDGE ( 'NONE', *, *, #2203, .F. ) ;
#1665 = CARTESIAN_POINT ( 'NONE',  ( 12.78900827273661633, -28.55331346814378790, -14.62589435591024056 ) ) ;
#1666 = CARTESIAN_POINT ( 'NONE',  ( 6.311888841057777810, -28.38899196864397112, -8.989746069548132823 ) ) ;
#1667 = CARTESIAN_POINT ( 'NONE',  ( 13.05164415772033948, -21.93577187798001660, -14.80731241913638030 ) ) ;
#1668 = CARTESIAN_POINT ( 'NONE',  ( 13.00004004357009002, -28.49709842771699897, -14.17460564039597948 ) ) ;
#1669 = CARTESIAN_POINT ( 'NONE',  ( 7.036083977619009389, -27.77134311753098928, -14.87448106385627966 ) ) ;
#1670 = CARTESIAN_POINT ( 'NONE',  ( 13.01526283295709696, -22.10235253605503658, -14.86689159942406135 ) ) ;
#1671 = CARTESIAN_POINT ( 'NONE',  ( 13.00004004355736953, -28.66939702382997979, -9.308318176863998872 ) ) ;
#1672 = CARTESIAN_POINT ( 'NONE',  ( 12.93775669941521045, -28.44964392446700074, -14.42956649335678065 ) ) ;
#1673 = ORIENTED_EDGE ( 'NONE', *, *, #2128, .T. ) ;
#1674 = CARTESIAN_POINT ( 'NONE',  ( 6.959286736267020324, -28.15347526109076171, -14.84849909956701630 ) ) ;
#1675 = DIRECTION ( 'NONE',  ( -0.7045461336925152862, 0.000000000000000000, 0.7096581892002152836 ) ) ;
#1676 = CARTESIAN_POINT ( 'NONE',  ( 12.97373468396885876, -22.04251963928699354, -14.87745270059544112 ) ) ;
#1677 = CIRCLE ( 'NONE', #1910, 4.400000000000178879 ) ;
#1678 = CARTESIAN_POINT ( 'NONE',  ( 7.108723487687560905, -22.01135933234205311, -14.89838191155888047 ) ) ;
#1679 = DIRECTION ( 'NONE',  ( 1.000000000000000000, 0.000000000000000000, 0.000000000000000000 ) ) ;
#1680 = CARTESIAN_POINT ( 'NONE',  ( 7.000040043589299543, -25.00000000000698819, -11.50000000000000000 ) ) ;
#1681 = AXIS2_PLACEMENT_3D ( 'NONE', #2103, #362, #1565 ) ;
#1682 = CARTESIAN_POINT ( 'NONE',  ( 14.47504004358988006, 126.9999999999997016, -11.50000000000000000 ) ) ;
#1683 = CARTESIAN_POINT ( 'NONE',  ( 12.94361738264509043, -28.35594391197798814, -14.54166833871401998 ) ) ;
#1684 = EDGE_CURVE ( 'NONE', #1098, #1194, #1795, .T. ) ;
#1685 = ORIENTED_EDGE ( 'NONE', *, *, #952, .T. ) ;
#1686 = CARTESIAN_POINT ( 'NONE',  ( 12.91213573918924951, -28.71065039731798763, -9.084199691072559091 ) ) ;
#1687 = CARTESIAN_POINT ( 'NONE',  ( 7.000040043605829432, -28.37240815349900558, -8.621783215253110200 ) ) ;
#1688 = DIRECTION ( 'NONE',  ( -0.9999806710527906484, 0.000000000000000000, 0.006217517254558859764 ) ) ;
#1689 = CARTESIAN_POINT ( 'NONE',  ( 7.122033544829139196, -22.07111310777999336, -14.90688050989820113 ) ) ;
#1690 = CARTESIAN_POINT ( 'NONE',  ( 12.95777557923993939, -28.77877596789103976, -13.73768452073401924 ) ) ;
#1691 = CARTESIAN_POINT ( 'NONE',  ( 6.829585477426670437, -21.89999999999400870, -14.69346490642837999 ) ) ;
#1692 = DIRECTION ( 'NONE',  ( 0.000000000000000000, 1.000000000000000000, 0.000000000000000000 ) ) ;
#1693 = CARTESIAN_POINT ( 'NONE',  ( 10.55939006348816456, -27.35163799981199517, -15.96510106887155978 ) ) ;
#1694 = CARTESIAN_POINT ( 'NONE',  ( 9.308621188063192164, -28.30045832346100809, -15.29174014760689992 ) ) ;
#1695 = VERTEX_POINT ( 'NONE', #2294 ) ;
#1696 = CARTESIAN_POINT ( 'NONE',  ( 11.17732276720906981, -28.36322857399418140, -15.12360743901649940 ) ) ;
#1697 = B_SPLINE_CURVE_WITH_KNOTS ( 'NONE', 3,
 ( #252, #1703, #1287, #2060, #1069, #332, #2464, #1104, #708, #2036, #2250, #161 ),
 .UNSPECIFIED., .F., .F.,
 ( 4, 1, 1, 1, 1, 1, 1, 1, 1, 4 ),
 ( 0.000000000000000000, 0.1111111111111000027, 0.2222222222222000054, 0.3333333333333000081, 0.4444444444444000109, 0.5555555555555999891, 0.6666666666667000474, 0.7777777777777999946, 0.8888888888888999418, 1.000000000000000000 ),
 .UNSPECIFIED. ) ;
#1698 = CARTESIAN_POINT ( 'NONE',  ( 7.000040043593889649, -28.26556804166399672, -8.492231542515661147 ) ) ;
#1699 = VERTEX_POINT ( 'NONE', #1900 ) ;
#1700 = DIRECTION ( 'NONE',  ( 0.000000000000000000, 0.2035961391986060576, -0.9790549586736292387 ) ) ;
#1701 = CARTESIAN_POINT ( 'NONE',  ( 6.862916694801238116, -21.93937382757106391, -14.76109676981526064 ) ) ;
#1702 = CARTESIAN_POINT ( 'NONE',  ( 12.99765191908070250, -27.75513146420615840, -14.78129933709101707 ) ) ;
#1703 = CARTESIAN_POINT ( 'NONE',  ( 7.034140678222540188, -22.09066454132099722, -14.88429596683013934 ) ) ;
#1704 = LINE ( 'NONE', #2107, #613 ) ;
#1705 = CYLINDRICAL_SURFACE ( 'NONE', #1439, 0.1000000000000061118 ) ;
#1706 = CARTESIAN_POINT ( 'NONE',  ( 12.76736596240674082, -27.59545709045199757, -15.05086039906677797 ) ) ;
#1707 = CARTESIAN_POINT ( 'NONE',  ( 9.812647735420693351, -27.34226940163697606, -7.003903457126729570 ) ) ;
#1708 = ORIENTED_EDGE ( 'NONE', *, *, #154, .T. ) ;
#1709 = CARTESIAN_POINT ( 'NONE',  ( 9.783228534325392189, -28.28061033326109452, -15.34219192081796201 ) ) ;
#1710 = VERTEX_POINT ( 'NONE', #2268 ) ;
#1711 = CARTESIAN_POINT ( 'NONE',  ( 7.000040117894459790, -22.09595773713499156, -14.80908096735696056 ) ) ;
#1712 = AXIS2_PLACEMENT_3D ( 'NONE', #1395, #563, #214 ) ;
#1713 = CARTESIAN_POINT ( 'NONE',  ( 6.957693408557055648, -21.95277687216400864, -14.85546048423197973 ) ) ;
#1714 = CARTESIAN_POINT ( 'NONE',  ( 13.01533559155174125, -28.26655545395383129, -14.59732781254559875 ) ) ;
#1715 = LINE ( 'NONE', #1739, #372 ) ;
#1716 = TOROIDAL_SURFACE ( 'NONE', #1597, 10.52500000000109992, 0.1000000000000060146 ) ;
#1717 = DIRECTION ( 'NONE',  ( 0.6599974208993281133, 0.000000000000000000, 0.7512678646170320995 ) ) ;
#1718 = CARTESIAN_POINT ( 'NONE',  ( 8.582883360580709109, -27.40810157778300749, -15.77289334121397069 ) ) ;
#1719 = EDGE_CURVE ( 'NONE', #122, #2, #335, .T. ) ;
#1720 = CARTESIAN_POINT ( 'NONE',  ( 12.96594885668053010, -27.63307494181999147, -8.115716328826360737 ) ) ;
#1721 = ORIENTED_EDGE ( 'NONE', *, *, #1313, .F. ) ;
#1722 = CARTESIAN_POINT ( 'NONE',  ( 12.94156753963623885, -28.39064746841599174, -8.497170129873399702 ) ) ;
#1723 = CARTESIAN_POINT ( 'NONE',  ( 7.000040043590349370, -28.21566591050197914, -8.443312737801729639 ) ) ;
#1724 = ORIENTED_EDGE ( 'NONE', *, *, #796, .T. ) ;
#1725 = CARTESIAN_POINT ( 'NONE',  ( 10.00004004358999943, -21.09999999999701004, -11.50000000000000000 ) ) ;
#1726 = CARTESIAN_POINT ( 'NONE',  ( 6.822928124689640050, -21.88090360778284449, -14.68425836093967973 ) ) ;
#1727 = CARTESIAN_POINT ( 'NONE',  ( 13.01533559155174125, -28.74289964957509369, -13.62068223746498852 ) ) ;
#1728 = LINE ( 'NONE', #151, #534 ) ;
#1729 = B_SPLINE_CURVE_WITH_KNOTS ( 'NONE', 3,
 ( #739, #1523, #2284, #553, #2105, #1915, #183, #944, #1737, #1158, #1148, #1936, #965, #1545 ),
 .UNSPECIFIED., .F., .F.,
 ( 4, 1, 1, 1, 1, 1, 1, 1, 1, 1, 1, 4 ),
 ( 4.294720540118660117E-06, 0.09090909090909000956, 0.1818181818182000031, 0.2727272727273000186, 0.3636363636364000063, 0.4545454545454999939, 0.5454545454545000061, 0.6363636363636000493, 0.7272727272726999814, 0.8181818181818000246, 0.9090909090908999568, 1.000000000000000000 ),
 .UNSPECIFIED. ) ;
#1730 = CARTESIAN_POINT ( 'NONE',  ( 13.00004004336187968, -27.67878720673899551, -8.192079600090458769 ) ) ;
#1731 = CARTESIAN_POINT ( 'NONE',  ( 9.315927456909799176, -27.35634812758597079, -15.94944820675187103 ) ) ;
#1732 = AXIS2_PLACEMENT_3D ( 'NONE', #672, #899, #2202 ) ;
#1733 = DIRECTION ( 'NONE',  ( 0.000000000000000000, 1.000000000000000000, 0.000000000000000000 ) ) ;
#1734 = ORIENTED_EDGE ( 'NONE', *, *, #1120, .T. ) ;
#1735 = CARTESIAN_POINT ( 'NONE',  ( 12.94189952988315895, -28.38520869383798129, -8.490843666838710391 ) ) ;
#1736 = CARTESIAN_POINT ( 'NONE',  ( 7.042304695653678337, -28.72688935926909437, -9.059124615941376746 ) ) ;
#1737 = CARTESIAN_POINT ( 'NONE',  ( 13.01373005054133891, -22.04886145446799262, -14.78488050158222045 ) ) ;
#1738 = CARTESIAN_POINT ( 'NONE',  ( 7.000040043589749850, -28.32029929888096831, -14.44585491683898937 ) ) ;
#1739 = CARTESIAN_POINT ( 'NONE',  ( 13.00004004352211950, -27.63307862695599226, -8.190922573067759060 ) ) ;
#1740 = CARTESIAN_POINT ( 'NONE',  ( 7.000040043601759798, -28.67955971804300574, -9.357186510408569191 ) ) ;
#1741 = CARTESIAN_POINT ( 'NONE',  ( 11.41709074983993943, -27.40809103397198854, -15.77293030879845936 ) ) ;
#1742 = CARTESIAN_POINT ( 'NONE',  ( 11.50956305939442004, -28.41051217079002100, -14.99091325355450088 ) ) ;
#1743 = ORIENTED_EDGE ( 'NONE', *, *, #1342, .T. ) ;
#1744 = CARTESIAN_POINT ( 'NONE',  ( 12.96558118509481972, -27.66704390381699596, -8.115395407802910910 ) ) ;
#1745 = LINE ( 'NONE', #201, #1267 ) ;
#1746 = EDGE_CURVE ( 'NONE', #1695, #1611, #529, .T. ) ;
#1747 = CARTESIAN_POINT ( 'NONE',  ( 7.121963214002057896, -22.07039153904278805, -8.093163637956097389 ) ) ;
#1748 = CARTESIAN_POINT ( 'NONE',  ( 7.000040043590959549, -27.92566513756500512, -14.74835181528044004 ) ) ;
#1749 = AXIS2_PLACEMENT_3D ( 'NONE', #1184, #1962, #1198 ) ;
#1750 = CARTESIAN_POINT ( 'NONE',  ( 12.95777557976826522, -27.61334786115991591, -8.075870933623624737 ) ) ;
#1751 = DIRECTION ( 'NONE',  ( -2.379553578213999041E-08, 1.871466270935999252E-10, -0.9999999999999996669 ) ) ;
#1752 = CARTESIAN_POINT ( 'NONE',  ( 7.055803313141429278, -28.34508048079800702, -14.55425812604343960 ) ) ;
#1753 =( BOUNDED_SURFACE ( )  B_SPLINE_SURFACE ( 3, 3, ( 
 ( #849, #511, #103, #1286, #473, #2059, #866, #1644, #2377, #1068, #1659 ),
 ( #647, #685, #1464, #150, #707, #912, #1149, #344, #331, #1690, #923 ),
 ( #2448, #2272, #378, #1536, #1103, #1714, #2476, #945, #1127, #1877, #1727 ),
 ( #2249, #717, #1702, #2106, #523, #2486, #1498, #366, #740, #2119, #1902 ) ),
 .UNSPECIFIED., .F., .F., .T. ) 
 B_SPLINE_SURFACE_WITH_KNOTS ( ( 4, 4 ),
 ( 4, 1, 1, 1, 1, 1, 1, 1, 4 ),
 ( 0.000000000000000000, 1.000000000000000000 ),
 ( 0.008316194984052999520, 0.08480170429034999957, 0.1762910491966000193, 0.2761820621725999958, 0.3877676182179999875, 0.5139731627356000088, 0.6566071639777999458, 0.8179545001090000600, 0.9915046535614999712 ),
 .UNSPECIFIED. ) 
 GEOMETRIC_REPRESENTATION_ITEM ( )  RATIONAL_B_SPLINE_SURFACE ( (
 ( 1.301563821682000022, 1.301563821682000022, 1.301563821682000022, 1.301563821682000022, 1.301563821682000022, 1.301563821682000022, 1.301563821682000022, 1.301563821682000022, 1.301563821682000022, 1.301563821682000022, 1.301563821682000022),
 ( 0.8994787261059999928, 0.8994787261059999928, 0.8994787261059999928, 0.8994787261059999928, 0.8994787261059999928, 0.8994787261059999928, 0.8994787261059999928, 0.8994787261059999928, 0.8994787261059999928, 0.8994787261059999928, 0.8994787261059999928),
 ( 0.8994787261059999928, 0.8994787261059999928, 0.8994787261059999928, 0.8994787261059999928, 0.8994787261059999928, 0.8994787261059999928, 0.8994787261059999928, 0.8994787261059999928, 0.8994787261059999928, 0.8994787261059999928, 0.8994787261059999928),
 ( 1.301563821682000022, 1.301563821682000022, 1.301563821682000022, 1.301563821682000022, 1.301563821682000022, 1.301563821682000022, 1.301563821682000022, 1.301563821682000022, 1.301563821682000022, 1.301563821682000022, 1.301563821682000022) ) ) 
 REPRESENTATION_ITEM ( '' )  SURFACE ( )  );
#1754 = CARTESIAN_POINT ( 'NONE',  ( 7.043320882756590073, -28.05718855146199786, -8.224466980480489298 ) ) ;
#1755 = CARTESIAN_POINT ( 'NONE',  ( 12.96367168049041041, -27.78854147558401522, -14.87120387784390019 ) ) ;
#1756 = EDGE_LOOP ( 'NONE', ( #1074, #327, #2410, #2483 ) ) ;
#1757 = CARTESIAN_POINT ( 'NONE',  ( 10.69138453681925327, -28.30045281575099736, -7.708245454395480145 ) ) ;
#1758 = CARTESIAN_POINT ( 'NONE',  ( 7.000040043590240124, -28.53596112275699781, -8.904578218774620524 ) ) ;
#1759 = ADVANCED_FACE ( 'NONE', ( #2446 ), #341, .T. ) ;
#1760 = PRODUCT ( 'sliding_part', 'sliding_part', '', ( #2414 ) ) ;
#1761 = AXIS2_PLACEMENT_3D ( 'NONE', #1778, #46, #61 ) ;
#1762 = VERTEX_POINT ( 'NONE', #1114 ) ;
#1763 = CARTESIAN_POINT ( 'NONE',  ( 7.042304695653678337, -28.30669556242192897, -8.360969663298018162 ) ) ;
#1764 = CYLINDRICAL_SURFACE ( 'NONE', #2429, 10.62500000000070344 ) ;
#1765 = CARTESIAN_POINT ( 'NONE',  ( 7.000040043591050143, -27.87506770308900883, -14.76822708271834905 ) ) ;
#1766 = CARTESIAN_POINT ( 'NONE',  ( 12.95777557976826522, -27.77980897131513771, -8.082974657272380625 ) ) ;
#1767 = CARTESIAN_POINT ( 'NONE',  ( 13.00004004358927823, -27.90980425284300637, -14.75477582063593829 ) ) ;
#1768 = CARTESIAN_POINT ( 'NONE',  ( 7.083055545286579324, -28.67469532422500933, -14.01611901903781998 ) ) ;
#1769 = CARTESIAN_POINT ( 'NONE',  ( 7.000040043590240124, -28.00280787438100205, -8.288514313001980938 ) ) ;
#1770 = CARTESIAN_POINT ( 'NONE',  ( 7.072470180906889503, -28.57681150829499828, -8.770211943920708464 ) ) ;
#1771 = CARTESIAN_POINT ( 'NONE',  ( 12.96594804050224070, -22.09999999854001018, -14.88428350034476111 ) ) ;
#1772 = ORIENTED_EDGE ( 'NONE', *, *, #1829, .F. ) ;
#1773 = ORIENTED_EDGE ( 'NONE', *, *, #2460, .F. ) ;
#1774 = CARTESIAN_POINT ( 'NONE',  ( 13.00004079034919968, -22.09999343793198179, -8.190922693678329480 ) ) ;
#1775 = CARTESIAN_POINT ( 'NONE',  ( 6.910423617620581105, -21.93825360324299467, -8.188625989314479270 ) ) ;
#1776 = CARTESIAN_POINT ( 'NONE',  ( 7.000040043589749850, -28.02650545012899741, -14.69847228211487078 ) ) ;
#1777 = CARTESIAN_POINT ( 'NONE',  ( 12.95777557976826522, -28.13320481125786188, -8.224001014888898453 ) ) ;
#1778 = CARTESIAN_POINT ( 'NONE',  ( 10.00004004358999943, -20.99999999999998934, -11.50000000000000000 ) ) ;
#1779 = CARTESIAN_POINT ( 'NONE',  ( 7.060224114568669052, -28.41868502226599347, -14.47021695630383853 ) ) ;
#1780 = CARTESIAN_POINT ( 'NONE',  ( 7.035321976800830157, -27.72351878133200032, -8.119927582191238002 ) ) ;
#1781 = EDGE_CURVE ( 'NONE', #1377, #2339, #1444, .T. ) ;
#1782 = CARTESIAN_POINT ( 'NONE',  ( 7.056463134982909224, -28.35594989995099269, -8.458337760845889619 ) ) ;
#1783 = CARTESIAN_POINT ( 'NONE',  ( 12.96528006086182039, -27.68877681033399085, -14.88336053822214922 ) ) ;
#1784 = ORIENTED_EDGE ( 'NONE', *, *, #2305, .T. ) ;
#1785 = CARTESIAN_POINT ( 'NONE',  ( 7.000040043668429135, -28.60798169405298808, -9.090376377141950570 ) ) ;
#1786 = ORIENTED_EDGE ( 'NONE', *, *, #1301, .T. ) ;
#1787 = CARTESIAN_POINT ( 'NONE',  ( 7.121763407081380670, -28.78204306562410153, -9.371700708349289144 ) ) ;
#1788 = CARTESIAN_POINT ( 'NONE',  ( 13.10004076379545879, -21.99999999839799614, -8.377501348796629443 ) ) ;
#1789 = CARTESIAN_POINT ( 'NONE',  ( 7.000040043660528788, -27.74101893857500301, -14.80084653037521036 ) ) ;
#1790 = CARTESIAN_POINT ( 'NONE',  ( 12.99765191861588143, -28.59620032801385747, -9.101762925480951338 ) ) ;
#1791 = ADVANCED_FACE ( 'NONE', ( #943 ), #430, .T. ) ;
#1792 = VECTOR ( 'NONE', #2147, 1000.000000000000000 ) ;
#1793 = CARTESIAN_POINT ( 'NONE',  ( 4.900040043590078831, 132.0000000000000000, -16.30000000000111982 ) ) ;
#1794 = CARTESIAN_POINT ( 'NONE',  ( 7.467477626803599833, -27.55464021585096646, -15.22141960972352948 ) ) ;
#1795 = CIRCLE ( 'NONE', #1101, 0.1000000000000075967 ) ;
#1796 = CARTESIAN_POINT ( 'NONE',  ( 7.052212684145639621, -28.27574413379799267, -8.379256693116159838 ) ) ;
#1797 = CARTESIAN_POINT ( 'NONE',  ( 12.95508926387844895, -28.10531805363600100, -14.74807911551068074 ) ) ;
#1798 = VECTOR ( 'NONE', #1524, 1000.000000000000000 ) ;
#1799 = ORIENTED_EDGE ( 'NONE', *, *, #796, .F. ) ;
#1800 = CARTESIAN_POINT ( 'NONE',  ( 6.894275987556240715, -27.64519059526402245, -14.77752673338402012 ) ) ;
#1801 = LINE ( 'NONE', #85, #2352 ) ;
#1802 = CARTESIAN_POINT ( 'NONE',  ( 10.92107849998311586, -27.69738610918583888, -7.004127770624516636 ) ) ;
#1803 = CARTESIAN_POINT ( 'NONE',  ( 6.829585489233319429, -21.89999999999400870, -8.306535111057138820 ) ) ;
#1804 = CARTESIAN_POINT ( 'NONE',  ( 15.10004004358992091, 126.9999999999997016, -16.30000000000111982 ) ) ;
#1805 = CARTESIAN_POINT ( 'NONE',  ( 13.00004004356494924, -28.46103965083998588, -14.24112282542703056 ) ) ;
#1806 = CARTESIAN_POINT ( 'NONE',  ( 7.063970742411989967, -28.47285590760398222, -14.39754125011103980 ) ) ;
#1807 = CARTESIAN_POINT ( 'NONE',  ( 12.95082716841331916, -28.21274023736000558, -8.325535441806250603 ) ) ;
#1808 = CARTESIAN_POINT ( 'NONE',  ( 7.086148638821579304, -28.69795631018198634, -9.047286496305179782 ) ) ;
#1809 = CARTESIAN_POINT ( 'NONE',  ( 12.94895464312618927, -28.25324317319799405, -14.64059710587850915 ) ) ;
#1810 = CARTESIAN_POINT ( 'NONE',  ( 7.002428168012939658, -27.61669199165688937, -14.78715127278107744 ) ) ;
#1811 = ORIENTED_EDGE ( 'NONE', *, *, #1044, .T. ) ;
#1812 = ORIENTED_EDGE ( 'NONE', *, *, #1301, .F. ) ;
#1813 = CARTESIAN_POINT ( 'NONE',  ( 11.54026732390372700, -27.26726960109489539, -15.73185119424614165 ) ) ;
#1814 = B_SPLINE_CURVE_WITH_KNOTS ( 'NONE', 3,
 ( #300, #1067, #2046, #888, #1818, #2388, #312, #1830, #662, #1244, #1080, #1437 ),
 .UNSPECIFIED., .F., .F.,
 ( 4, 1, 1, 1, 1, 1, 1, 1, 1, 4 ),
 ( 0.000000000000000000, 0.1111111111111000027, 0.2222222222222000054, 0.3333333333333000081, 0.4444444444444000109, 0.5555555555555999891, 0.6666666666667000474, 0.7777777777777999946, 0.8888888888888999418, 1.000000000000000000 ),
 .UNSPECIFIED. ) ;
#1815 = DIRECTION ( 'NONE',  ( -1.000000000000000000, 0.000000000000000000, 0.000000000000000000 ) ) ;
#1816 = CARTESIAN_POINT ( 'NONE',  ( 12.65316140046850002, -27.51024108921792433, -7.848790845785721615 ) ) ;
#1817 = CARTESIAN_POINT ( 'NONE',  ( 13.08772438214598388, -22.00733412738789241, -8.233100491505759067 ) ) ;
#1818 = CARTESIAN_POINT ( 'NONE',  ( 12.98508206270661880, -22.01367293581798990, -8.132562884082521037 ) ) ;
#1819 = CARTESIAN_POINT ( 'NONE',  ( 7.000040043589299543, -22.75000000000709832, -11.50000000000000000 ) ) ;
#1820 = CARTESIAN_POINT ( 'NONE',  ( 13.08790144270118105, -22.00730581243299966, -14.76660662414731817 ) ) ;
#1821 = CARTESIAN_POINT ( 'NONE',  ( 13.00004004358993903, -28.22375932106699281, -8.450977753148519511 ) ) ;
#1822 = DIRECTION ( 'NONE',  ( -1.000000000000000000, 0.000000000000000000, 0.000000000000000000 ) ) ;
#1823 = DIRECTION ( 'NONE',  ( 0.000000000000000000, 1.000000000000000000, 0.000000000000000000 ) ) ;
#1824 = ORIENTED_EDGE ( 'NONE', *, *, #1657, .T. ) ;
#1825 = CARTESIAN_POINT ( 'NONE',  ( 13.07419025416729852, -28.16448143956091954, -14.81517909655259757 ) ) ;
#1826 = DIRECTION ( 'NONE',  ( -0.6647211169898150640, 0.000000000000000000, -0.7470915851673158858 ) ) ;
#1827 = CARTESIAN_POINT ( 'NONE',  ( 7.385227172624216685, -27.49976713675897599, -7.821572299280578733 ) ) ;
#1828 = CARTESIAN_POINT ( 'NONE',  ( 12.96593905860763840, -22.09066312638899277, -14.88429603379723964 ) ) ;
#1829 = EDGE_CURVE ( 'NONE', #1762, #772, #212, .T. ) ;
#1830 = CARTESIAN_POINT ( 'NONE',  ( 13.05164522364150059, -21.93577182319200602, -8.192688584554780107 ) ) ;
#1831 = DIRECTION ( 'NONE',  ( 1.000000000000000000, 0.000000000000000000, 0.000000000000000000 ) ) ;
#1832 = CARTESIAN_POINT ( 'NONE',  ( 12.95761053891216186, -22.07653094078496991, -14.92453468217932233 ) ) ;
#1833 = CARTESIAN_POINT ( 'NONE',  ( 13.00004004359029963, -28.39716682628698408, -8.656889708839280217 ) ) ;
#1834 = CARTESIAN_POINT ( 'NONE',  ( 13.00003996928553818, -22.09595773713499156, -8.190919032643039444 ) ) ;
#1835 = VECTOR ( 'NONE', #753, 1000.000000000000114 ) ;
#1836 = ORIENTED_EDGE ( 'NONE', *, *, #1113, .T. ) ;
#1837 = CARTESIAN_POINT ( 'NONE',  ( 6.984744456103319621, -28.72270118872690148, -9.275502600819546473 ) ) ;
#1838 = EDGE_CURVE ( 'NONE', #1405, #441, #13, .T. ) ;
#1839 = AXIS2_PLACEMENT_3D ( 'NONE', #1062, #2177, #1840 ) ;
#1840 = DIRECTION ( 'NONE',  ( 1.000000000000000000, 0.000000000000000000, 0.000000000000000000 ) ) ;
#1841 = CARTESIAN_POINT ( 'NONE',  ( 11.36296513216032977, -28.21029923182097221, -7.416437323783799052 ) ) ;
#1842 = CARTESIAN_POINT ( 'NONE',  ( 12.87804654234832036, -22.07111310778015323, -8.093119490101798874 ) ) ;
#1843 = CARTESIAN_POINT ( 'NONE',  ( 13.00004052653359921, -22.09998725688899768, -14.80907727776565963 ) ) ;
#1844 = CYLINDRICAL_SURFACE ( 'NONE', #872, 0.1000000000000063338 ) ;
#1845 = CARTESIAN_POINT ( 'NONE',  ( 7.036740171903369756, -27.80658156280096804, -14.86805416928906887 ) ) ;
#1846 = CARTESIAN_POINT ( 'NONE',  ( 7.121763396730880658, -28.76155438148116161, -13.73360375610739936 ) ) ;
#1847 = CARTESIAN_POINT ( 'NONE',  ( 13.03863224631216156, -22.03458853389009064, -14.83828056736505907 ) ) ;
#1848 = CARTESIAN_POINT ( 'NONE',  ( 5.525040043590119687, 126.9999999999997016, -11.50000000000000000 ) ) ;
#1849 = CARTESIAN_POINT ( 'NONE',  ( 12.91336595377420871, -28.70195759056598561, -13.94109408239331849 ) ) ;
#1850 = VERTEX_POINT ( 'NONE', #1774 ) ;
#1851 = ORIENTED_EDGE ( 'NONE', *, *, #41, .T. ) ;
#1852 = DIRECTION ( 'NONE',  ( 0.000000000000000000, -1.000000000000000000, 0.000000000000000000 ) ) ;
#1853 = CARTESIAN_POINT ( 'NONE',  ( 7.146373047356539665, -28.77204171623402829, -9.310258461729828738 ) ) ;
#1854 = CARTESIAN_POINT ( 'NONE',  ( 12.92765100488417929, -21.94927880969084555, -8.125102889563880382 ) ) ;
#1855 = CARTESIAN_POINT ( 'NONE',  ( 10.00004004358999943, -20.99999999999998934, -11.50000000000000000 ) ) ;
#1856 =( GEOMETRIC_REPRESENTATION_CONTEXT ( 3 ) GLOBAL_UNCERTAINTY_ASSIGNED_CONTEXT ( ( #1125 ) ) GLOBAL_UNIT_ASSIGNED_CONTEXT ( ( #2402, #288, #1090 ) ) REPRESENTATION_CONTEXT ( 'NONE', 'WORKASPACE' ) );
#1857 = CARTESIAN_POINT ( 'NONE',  ( 13.00004004358927823, -28.38094350059699877, -14.36637618306090047 ) ) ;
#1858 = CYLINDRICAL_SURFACE ( 'NONE', #733, 2.249999999999890754 ) ;
#1859 = CARTESIAN_POINT ( 'NONE',  ( 13.03905953870877710, -21.87498108866484259, -14.79762046657467955 ) ) ;
#1860 = DIRECTION ( 'NONE',  ( -1.447566071967623988E-22, -0.2035927532705029963, -0.9790556627770130582 ) ) ;
#1861 = CARTESIAN_POINT ( 'NONE',  ( 12.92942125407705944, -28.55683120449800683, -14.26585727771373868 ) ) ;
#1862 = ORIENTED_EDGE ( 'NONE', *, *, #1684, .F. ) ;
#1863 = CARTESIAN_POINT ( 'NONE',  ( 8.856430966946330585, -28.35842250125902808, -15.13673068609227634 ) ) ;
#1864 = DIRECTION ( 'NONE',  ( 0.000000000000000000, 0.000000000000000000, 1.000000000000000000 ) ) ;
#1865 = APPLICATION_PROTOCOL_DEFINITION ( 'draft international standard', 'automotive_design', 1998, #513 ) ;
#1866 = CARTESIAN_POINT ( 'NONE',  ( 10.00004004358999943, 126.9999999999997016, -11.50000000000000000 ) ) ;
#1867 = DIRECTION ( 'NONE',  ( 0.6590957927343885636, 0.000000000000000000, 0.7520589976855723835 ) ) ;
#1868 = CARTESIAN_POINT ( 'NONE',  ( 13.18676352733627688, -21.96085013389392415, -14.69668408812779603 ) ) ;
#1869 = EDGE_CURVE ( 'NONE', #133, #2381, #1745, .T. ) ;
#1870 = FACE_BOUND ( 'NONE', #394, .T. ) ;
#1871 = CARTESIAN_POINT ( 'NONE',  ( 12.93012671157271143, -28.54874488041500413, -14.27985738852371966 ) ) ;
#1872 = AXIS2_PLACEMENT_3D ( 'NONE', #1875, #715, #1282 ) ;
#1873 = EDGE_LOOP ( 'NONE', ( #855, #1811, #783, #1812 ) ) ;
#1874 = CARTESIAN_POINT ( 'NONE',  ( 6.386109100912616299, -28.35998674644080353, -14.13028592911028092 ) ) ;
#1875 = CARTESIAN_POINT ( 'NONE',  ( 7.100040043588900396, -22.09999999961201311, -8.190921578444401163 ) ) ;
#1876 = FACE_OUTER_BOUND ( 'NONE', #2172, .T. ) ;
#1877 = CARTESIAN_POINT ( 'NONE',  ( 13.01533559155174125, -28.72270196528182851, -13.72449471562550016 ) ) ;
#1878 = CYLINDRICAL_SURFACE ( 'NONE', #1387, 10.62500000000070344 ) ;
#1879 = B_SPLINE_CURVE_WITH_KNOTS ( 'NONE', 3,
 ( #437, #421, #236, #1012, #1247, #48, #635, #2023, #2391, #1191, #77, #838, #92, #1217, #808, #851, #1593, #2336, #2351, #1416, #460, #1428, #609, #1769, #622, #1402, #1205, #1981, #35, #795, #1386, #2157, #449, #2183, #263, #1028, #1899, #920, #2458, #1723, #1340, #1698, #1506, #168, #562, #1543, #942, #1533, #2304, #1687, #2445, #714, #1494, #738, #1391, #1195, #427, #2173, #66, #964, #976, #227, #1758, #409, #1209, #2138, #1985, #25, #640, #1785, #785, #991, #385, #1157, #1570, #770, #600, #1181, #800 ),
 .UNSPECIFIED., .F., .F.,
 ( 4, 3, 3, 3, 3, 3, 3, 3, 3, 3, 3, 3, 3, 3, 3, 3, 3, 3, 3, 3, 3, 3, 3, 3, 3, 3, 4 ),
 ( 2.791217634926319965E-07, 0.06114830900826069560, 0.08333333333333001192, 0.1067687339901029903, 0.1666666666667000196, 0.2425853799561769886, 0.2500000000000000000, 0.3164275135131600081, 0.3333333333333000081, 0.3772564030778610134, 0.4166666666666999919, 0.4813106908043819909, 0.5000000000000000000, 0.5108345205518299847, 0.5762860731428850469, 0.5833333333333000637, 0.6429260706315790275, 0.6666666666667000474, 0.7282195994434520481, 0.7500000000000000000, 0.7719781228393139960, 0.8333333333333000637, 0.8877085531430589649, 0.8971737452015520198, 0.9166666666667000474, 0.9686002720757639350, 0.9999999745111169958 ),
 .UNSPECIFIED. ) ;
#1880 = AXIS2_PLACEMENT_3D ( 'NONE', #2426, #1643, #1091 ) ;
#1881 = CARTESIAN_POINT ( 'NONE',  ( 13.00004004339512065, -27.64095777045799807, -8.190924297310980151 ) ) ;
#1882 = CARTESIAN_POINT ( 'NONE',  ( 12.00472476926416121, -27.47564648192299330, -15.52880120515355067 ) ) ;
#1883 = DIRECTION ( 'NONE',  ( 1.000000000000000000, 0.000000000000000000, 0.000000000000000000 ) ) ;
#1884 = EDGE_LOOP ( 'NONE', ( #1799, #1374, #1393, #1420, #977 ) ) ;
#1885 = CARTESIAN_POINT ( 'NONE',  ( 7.989239777497031625, -28.52542974443416313, -14.64457176072451716 ) ) ;
#1886 = EDGE_LOOP ( 'NONE', ( #1773, #1784, #2443, #1957, #627, #2357 ) ) ;
#1887 = CARTESIAN_POINT ( 'NONE',  ( 6.999552628790699060, -22.08762570691100180, -14.80823030593916023 ) ) ;
#1888 = ADVANCED_FACE ( 'NONE', ( #759 ), #1974, .F. ) ;
#1889 = CARTESIAN_POINT ( 'NONE',  ( 6.910737783189857986, -21.93828829860100171, -14.81168698232271908 ) ) ;
#1890 = CARTESIAN_POINT ( 'NONE',  ( 7.000040043589749850, -28.55699143021098152, -14.04562473515606058 ) ) ;
#1891 = CARTESIAN_POINT ( 'NONE',  ( 7.100040043588900396, -28.99999999999570832, -11.50000000029279690 ) ) ;
#1892 = CARTESIAN_POINT ( 'NONE',  ( 12.90004004359109935, -28.99999999999570832, -11.50000000029279690 ) ) ;
#1893 = MANIFOLD_SOLID_BREP ( 'Stock-penetrolyzer_actuator-1', #1516 ) ;
#1894 = CARTESIAN_POINT ( 'NONE',  ( 13.00004004359010956, -27.90714026191398744, -8.244178058935519360 ) ) ;
#1895 = CARTESIAN_POINT ( 'NONE',  ( 13.03108536496449865, -22.02712581424598426, -8.246361021164480221 ) ) ;
#1896 = CARTESIAN_POINT ( 'NONE',  ( 12.11068855603858019, -27.48976715668100113, -7.523926280800229627 ) ) ;
#1897 = ORIENTED_EDGE ( 'NONE', *, *, #931, .F. ) ;
#1898 = CARTESIAN_POINT ( 'NONE',  ( 9.748477318512009049, -28.10529707865608984, -15.82950752134355810 ) ) ;
#1899 = CARTESIAN_POINT ( 'NONE',  ( 7.000040043590240124, -28.20320441206800055, -8.431798794400879871 ) ) ;
#1900 = CARTESIAN_POINT ( 'NONE',  ( 14.47504004358988006, -20.99999999999998934, -11.50000000000000000 ) ) ;
#1901 = CARTESIAN_POINT ( 'NONE',  ( 7.030850403822658024, -22.03006331019994946, -14.91561410550183986 ) ) ;
#1902 = CARTESIAN_POINT ( 'NONE',  ( 12.99765191908070250, -28.66490358275792616, -13.60550766929526212 ) ) ;
#1903 = EDGE_CURVE ( 'NONE', #44, #1554, #411, .T. ) ;
#1904 = PLANE ( 'NONE',  #1509 ) ;
#1905 = LINE ( 'NONE', #1348, #342 ) ;
#1906 = CARTESIAN_POINT ( 'NONE',  ( 8.824768693402020858, -27.38707828312600512, -15.84565159935951861 ) ) ;
#1907 = CARTESIAN_POINT ( 'NONE',  ( 12.65076608019261073, -27.57505663078196889, -7.863533340219209578 ) ) ;
#1908 = EDGE_LOOP ( 'NONE', ( #1482, #1433, #1168, #1897 ) ) ;
#1909 = CARTESIAN_POINT ( 'NONE',  ( 12.90224954177289973, -28.76773256393799727, -9.290040715282151140 ) ) ;
#1910 = AXIS2_PLACEMENT_3D ( 'NONE', #2283, #1496, #1675 ) ;
#1911 = EDGE_LOOP ( 'NONE', ( #1986, #190, #1265, #210 ) ) ;
#1912 = ADVANCED_FACE ( 'NONE', ( #1544 ), #896, .T. ) ;
#1913 = CARTESIAN_POINT ( 'NONE',  ( 10.71789309981573801, -28.30957401777682492, -7.732803534509598897 ) ) ;
#1914 = AXIS2_PLACEMENT_3D ( 'NONE', #817, #14, #4 ) ;
#1915 = CARTESIAN_POINT ( 'NONE',  ( 13.04199956630598045, -22.01815405502399869, -14.73367657016757981 ) ) ;
#1916 = CARTESIAN_POINT ( 'NONE',  ( 7.000040043589749850, -28.39716650121598818, -14.34311125942287113 ) ) ;
#1917 = DIRECTION ( 'NONE',  ( 1.000000000000000000, 0.000000000000000000, 0.000000000000000000 ) ) ;
#1918 = AXIS2_PLACEMENT_3D ( 'NONE', #1725, #169, #1688 ) ;
#1919 = CARTESIAN_POINT ( 'NONE',  ( 13.00004004350113007, -27.63307862638000856, -8.190922573067759060 ) ) ;
#1920 = CARTESIAN_POINT ( 'NONE',  ( 13.00302593572405918, -22.07448639440401195, -8.196185328643318613 ) ) ;
#1921 = CIRCLE ( 'NONE', #909, 0.1000000000000056399 ) ;
#1922 = ADVANCED_FACE ( 'NONE', ( #1652, #628 ), #669, .F. ) ;
#1923 = CARTESIAN_POINT ( 'NONE',  ( 12.50335522662754961, -28.65025854123298643, -14.20772050266348074 ) ) ;
#1924 = ORIENTED_EDGE ( 'NONE', *, *, #805, .F. ) ;
#1925 = CARTESIAN_POINT ( 'NONE',  ( 7.100040465619989583, -28.77746521556098713, -9.336829288294349993 ) ) ;
#1926 = CARTESIAN_POINT ( 'NONE',  ( 7.121763407081380670, -28.29436266757990737, -8.373779864947060503 ) ) ;
#1927 = FACE_OUTER_BOUND ( 'NONE', #199, .T. ) ;
#1928 = CARTESIAN_POINT ( 'NONE',  ( 7.000040043602449913, -28.65816863850800900, -13.73857596907697065 ) ) ;
#1929 = DIRECTION ( 'NONE',  ( 7.720620595140944157E-08, 0.9999999999999967804, -2.183123070301983243E-08 ) ) ;
#1930 = CARTESIAN_POINT ( 'NONE',  ( 13.00004004358927823, -27.71538923328900594, -14.80429472766443943 ) ) ;
#1931 = CARTESIAN_POINT ( 'NONE',  ( 12.24050822785651960, -27.50852228835898217, -15.40440332080039099 ) ) ;
#1932 = CARTESIAN_POINT ( 'NONE',  ( 12.00475937484999811, -27.47565109383099013, -7.471216014369780112 ) ) ;
#1933 = ORIENTED_EDGE ( 'NONE', *, *, #1289, .T. ) ;
#1934 = CARTESIAN_POINT ( 'NONE',  ( 12.94427515530804840, -28.34511036471099032, -8.445774935001820083 ) ) ;
#1935 = ADVANCED_FACE ( 'NONE', ( #2030 ), #283, .T. ) ;
#1936 = CARTESIAN_POINT ( 'NONE',  ( 13.00052758503369965, -22.08762461133298416, -14.80823112754280046 ) ) ;
#1937 = CARTESIAN_POINT ( 'NONE',  ( 7.000040043783309684, -27.64095871808400062, -14.80907573260686938 ) ) ;
#1938 = CARTESIAN_POINT ( 'NONE',  ( 5.500040043590220584, -21.89999999999400870, -11.50000000000000000 ) ) ;
#1939 = CARTESIAN_POINT ( 'NONE',  ( 6.900038656053739672, -21.99999999796198225, -8.377503138191379151 ) ) ;
#1940 = CARTESIAN_POINT ( 'NONE',  ( 7.085199155774099644, -28.69147450864398152, -13.97235827726226987 ) ) ;
#1941 = EDGE_CURVE ( 'NONE', #1405, #2369, #2469, .T. ) ;
#1942 = CARTESIAN_POINT ( 'NONE',  ( 7.087577517491039814, -28.70802888384601914, -9.076671254516380571 ) ) ;
#1943 = CARTESIAN_POINT ( 'NONE',  ( 12.96049605334104804, -27.93045834872598476, -14.83220875041117104 ) ) ;
#1944 = EDGE_LOOP ( 'NONE', ( #1599, #2013, #1398, #2186 ) ) ;
#1945 = CARTESIAN_POINT ( 'NONE',  ( 9.861581502502479779, -28.27223075487198045, -7.635356799243440129 ) ) ;
#1946 = ORIENTED_EDGE ( 'NONE', *, *, #720, .F. ) ;
#1947 = CARTESIAN_POINT ( 'NONE',  ( 7.121763407081380670, -28.59616298066584861, -8.788161610032560134 ) ) ;
#1948 = CARTESIAN_POINT ( 'NONE',  ( 6.964658829759538428, -22.01813067046304795, -8.295185147280317750 ) ) ;
#1949 = DIRECTION ( 'NONE',  ( 1.000000000000000000, 0.000000000000000000, 0.000000000000000000 ) ) ;
#1950 = AXIS2_PLACEMENT_3D ( 'NONE', #162, #1537, #367 ) ;
#1951 = CARTESIAN_POINT ( 'NONE',  ( 12.87831699395879959, -27.61377937408907002, -8.093548730216140186 ) ) ;
#1952 = CARTESIAN_POINT ( 'NONE',  ( 13.00004004358927823, -27.93824787082699146, -14.74342448880731915 ) ) ;
#1953 = CARTESIAN_POINT ( 'NONE',  ( 7.087231605535669665, -28.70604474574997411, -13.93053619907976959 ) ) ;
#1954 = CIRCLE ( 'NONE', #415, 10.62500000000070166 ) ;
#1955 = CARTESIAN_POINT ( 'NONE',  ( 7.045711586416189220, -28.12520247311900334, -8.263977088743889254 ) ) ;
#1956 = CARTESIAN_POINT ( 'NONE',  ( 12.96315602809957923, -27.81522028955499337, -14.86589707084208811 ) ) ;
#1957 = ORIENTED_EDGE ( 'NONE', *, *, #334, .F. ) ;
#1958 = CARTESIAN_POINT ( 'NONE',  ( 7.970451627221740054, -28.52183673231600736, -8.346208862075460644 ) ) ;
#1959 = AXIS2_PLACEMENT_3D ( 'NONE', #152, #347, #915 ) ;
#1960 = VECTOR ( 'NONE', #2181, 1000.000000000000000 ) ;
#1961 = EDGE_LOOP ( 'NONE', ( #1292, #144, #626, #26 ) ) ;
#1962 = DIRECTION ( 'NONE',  ( -1.000000000000000000, 0.000000000000000000, 0.000000000000000000 ) ) ;
#1963 = CARTESIAN_POINT ( 'NONE',  ( 6.896331379945320528, -21.86544659495796594, -8.252098381627762436 ) ) ;
#1964 = CARTESIAN_POINT ( 'NONE',  ( 7.000040043589749850, -28.20743010139897677, -14.56435504704541906 ) ) ;
#1965 = CARTESIAN_POINT ( 'NONE',  ( 13.01533559322305855, -27.76951880081116641, -8.140001794452320638 ) ) ;
#1966 = CARTESIAN_POINT ( 'NONE',  ( 13.00004004358927823, -28.20736598588999300, -14.56441294080248028 ) ) ;
#1967 = CARTESIAN_POINT ( 'NONE',  ( 7.349682256471799846, -27.57499188798201573, -15.13673702632960882 ) ) ;
#1968 = LINE ( 'NONE', #986, #267 ) ;
#1969 = CARTESIAN_POINT ( 'NONE',  ( 7.041674833126579713, -28.00591828040399633, -8.198332335335749121 ) ) ;
#1970 = CARTESIAN_POINT ( 'NONE',  ( 12.96055720089665897, -27.92809424360401138, -14.83306110019234048 ) ) ;
#1971 = ORIENTED_EDGE ( 'NONE', *, *, #465, .T. ) ;
#1972 = DIRECTION ( 'NONE',  ( 1.000000000000000000, 0.000000000000000000, 0.000000000000000000 ) ) ;
#1973 = ORIENTED_EDGE ( 'NONE', *, *, #1230, .F. ) ;
#1974 = CYLINDRICAL_SURFACE ( 'NONE', #2076, 2.249999999999890754 ) ;
#1975 = ADVANCED_FACE ( 'NONE', ( #830 ), #117, .T. ) ;
#1976 = LINE ( 'NONE', #1343, #906 ) ;
#1977 = CARTESIAN_POINT ( 'NONE',  ( 7.000040043589749850, -27.81703569287799382, -14.78510526509762890 ) ) ;
#1978 = CARTESIAN_POINT ( 'NONE',  ( 13.01533559322305855, -27.93248928414008958, -8.185571299713942039 ) ) ;
#1979 = CARTESIAN_POINT ( 'NONE',  ( 13.00004004358152976, -27.96393556715498363, -14.73170666788430871 ) ) ;
#1980 = CARTESIAN_POINT ( 'NONE',  ( 7.047523647163850491, -28.17111930725599223, -14.70479242485092009 ) ) ;
#1981 = CARTESIAN_POINT ( 'NONE',  ( 7.000040043593009464, -28.06057363609598809, -8.322401696496850576 ) ) ;
#1982 = CARTESIAN_POINT ( 'NONE',  ( 7.069259220589868775, -28.54054175894901846, -8.706401417382940267 ) ) ;
#1983 = CARTESIAN_POINT ( 'NONE',  ( 12.95567005814239003, -28.08929604084797660, -14.75779413785710048 ) ) ;
#1984 = ORIENTED_EDGE ( 'NONE', *, *, #2374, .T. ) ;
#1985 = CARTESIAN_POINT ( 'NONE',  ( 7.000040043688569469, -28.60040235769700701, -9.068156970153809837 ) ) ;
#1986 = ORIENTED_EDGE ( 'NONE', *, *, #228, .F. ) ;
#1987 = CARTESIAN_POINT ( 'NONE',  ( 6.984744456103319621, -28.42198424807505219, -8.579853784990419285 ) ) ;
#1988 = DIRECTION ( 'NONE',  ( 0.000000000000000000, -0.9790556824731668772, -0.2035926585537930211 ) ) ;
#1989 = CARTESIAN_POINT ( 'NONE',  ( 8.503541843262441446, -27.26033815681680395, -7.252921597000820952 ) ) ;
#1990 = ORIENTED_EDGE ( 'NONE', *, *, #2092, .T. ) ;
#1991 = CARTESIAN_POINT ( 'NONE',  ( 12.99765191861588143, -28.05785442700886279, -8.339462130511797966 ) ) ;
#1992 = CARTESIAN_POINT ( 'NONE',  ( 7.042304688249577005, -27.66542913477199406, -14.92539099427161808 ) ) ;
#1993 = COLOUR_RGB ( '',0.7921568627450980005, 0.8196078431372548767, 0.9333333333333333481 ) ;
#1994 = CARTESIAN_POINT ( 'NONE',  ( 13.00004004355409926, -28.34223127309698498, -14.41875031742385893 ) ) ;
#1995 = CARTESIAN_POINT ( 'NONE',  ( 7.092126546946799337, -28.73707979276199254, -13.82917964096594865 ) ) ;
#1996 = CARTESIAN_POINT ( 'NONE',  ( 7.054958830573400341, -28.32959861632999932, -8.429978082247069793 ) ) ;
#1997 = CARTESIAN_POINT ( 'NONE',  ( 12.96594749329739926, -22.09999999768200141, -14.88428287603844069 ) ) ;
#1998 = CIRCLE ( 'NONE', #2394, 4.474999999999879741 ) ;
#1999 = ORIENTED_EDGE ( 'NONE', *, *, #41, .F. ) ;
#2000 = ORIENTED_EDGE ( 'NONE', *, *, #588, .T. ) ;
#2001 = CARTESIAN_POINT ( 'NONE',  ( 9.715269885359548496, -27.14758358425711293, -15.98633712605050228 ) ) ;
#2002 = AXIS2_PLACEMENT_3D ( 'NONE', #1041, #475, #1580 ) ;
#2003 = CARTESIAN_POINT ( 'NONE',  ( 10.00004004358999943, -20.99999999999998934, -11.50000000000000000 ) ) ;
#2004 = CARTESIAN_POINT ( 'NONE',  ( 6.586862693323857876, -28.28359143288729882, -8.576573410433580236 ) ) ;
#2005 = CARTESIAN_POINT ( 'NONE',  ( 13.03842738621134423, -22.03480189584593063, -8.161453932927178911 ) ) ;
#2006 = CARTESIAN_POINT ( 'NONE',  ( 13.00004004354925868, -28.45366414970198932, -14.25371386035212140 ) ) ;
#2007 = CARTESIAN_POINT ( 'NONE',  ( 6.997054058951679423, -22.07448613004098092, -8.196186406474538444 ) ) ;
#2008 = CARTESIAN_POINT ( 'NONE',  ( 7.496667275871079283, -28.65027558221999726, -8.792344286866580205 ) ) ;
#2009 = CARTESIAN_POINT ( 'NONE',  ( 13.00004004355827902, -28.41250692951100021, -8.679910224657659157 ) ) ;
#2010 = DIRECTION ( 'NONE',  ( 0.000000000000000000, -0.9790555793530399953, -0.2035931544470080123 ) ) ;
#2011 = ORIENTED_EDGE ( 'NONE', *, *, #1113, .F. ) ;
#2012 = EDGE_CURVE ( 'NONE', #1710, #2382, #1562, .T. ) ;
#2013 = ORIENTED_EDGE ( 'NONE', *, *, #1719, .T. ) ;
#2014 = CARTESIAN_POINT ( 'NONE',  ( 7.385255345958778861, -27.49975882788595527, -15.17844752222917926 ) ) ;
#2015 =( BOUNDED_SURFACE ( )  B_SPLINE_SURFACE ( 3, 3, ( 
 ( #1589, #1560, #1412, #2321, #204, #2142, #2154, #60, #967, #446, #1951 ),
 ( #219, #1173, #2333, #982, #1202, #792, #1777, #2347, #1766, #389, #1750 ),
 ( #1577, #1382, #245, #433, #17, #417, #1188, #1978, #1965, #45, #619 ),
 ( #1399, #1009, #1790, #1604, #2362, #2180, #1991, #258, #73, #834, #2131 ) ),
 .UNSPECIFIED., .F., .F., .T. ) 
 B_SPLINE_SURFACE_WITH_KNOTS ( ( 4, 4 ),
 ( 4, 1, 1, 1, 1, 1, 1, 1, 4 ),
 ( 0.000000000000000000, 1.000000000000000000 ),
 ( 0.008495291327401000708, 0.1819894624475000000, 0.3432931731536000286, 0.4858950693446000280, 0.6120753222022000672, 0.7236439694994000194, 0.8235347488744000355, 0.9150573273379999373, 0.9916780844767000280 ),
 .UNSPECIFIED. ) 
 GEOMETRIC_REPRESENTATION_ITEM ( )  RATIONAL_B_SPLINE_SURFACE ( (
 ( 1.301563833731999908, 1.301563833731999908, 1.301563833731999908, 1.301563833731999908, 1.301563833731999908, 1.301563833731999908, 1.301563833731999908, 1.301563833731999908, 1.301563833731999908, 1.301563833731999908, 1.301563833731999908),
 ( 0.8994787220894000512, 0.8994787220894000512, 0.8994787220894000512, 0.8994787220894000512, 0.8994787220894000512, 0.8994787220894000512, 0.8994787220894000512, 0.8994787220894000512, 0.8994787220894000512, 0.8994787220894000512, 0.8994787220894000512),
 ( 0.8994787220894000512, 0.8994787220894000512, 0.8994787220894000512, 0.8994787220894000512, 0.8994787220894000512, 0.8994787220894000512, 0.8994787220894000512, 0.8994787220894000512, 0.8994787220894000512, 0.8994787220894000512, 0.8994787220894000512),
 ( 1.301563833731999908, 1.301563833731999908, 1.301563833731999908, 1.301563833731999908, 1.301563833731999908, 1.301563833731999908, 1.301563833731999908, 1.301563833731999908, 1.301563833731999908, 1.301563833731999908, 1.301563833731999908) ) ) 
 REPRESENTATION_ITEM ( '' )  SURFACE ( )  );
#2016 = CARTESIAN_POINT ( 'NONE',  ( 7.977586535950549340, -27.47802107364100266, -7.480077047315899286 ) ) ;
#2017 = DIRECTION ( 'NONE',  ( 0.000000000000000000, 0.000000000000000000, -1.000000000000000000 ) ) ;
#2018 = CARTESIAN_POINT ( 'NONE',  ( 13.06152917779786193, -22.01668985564089454, -8.192923960804881389 ) ) ;
#2019 = DIRECTION ( 'NONE',  ( 1.000000000000000000, 0.000000000000000000, 0.000000000000000000 ) ) ;
#2020 = CARTESIAN_POINT ( 'NONE',  ( 13.00004004356802056, -28.36381421581399209, -14.38975981032223928 ) ) ;
#2021 = CARTESIAN_POINT ( 'NONE',  ( 6.945771310359138973, -22.01066989638300697, -8.289229105517039287 ) ) ;
#2022 = CARTESIAN_POINT ( 'NONE',  ( 12.87886759503437695, -22.11616959043780639, -14.90631406324090058 ) ) ;
#2023 = CARTESIAN_POINT ( 'NONE',  ( 7.000040043590240124, -27.73218498185497793, -8.197860830380848896 ) ) ;
#2024 = CARTESIAN_POINT ( 'NONE',  ( 13.00004004358970988, -28.55980316117001649, -8.961139928210238637 ) ) ;
#2025 = EDGE_CURVE ( 'NONE', #2041, #1710, #1132, .T. ) ;
#2026 = CARTESIAN_POINT ( 'NONE',  ( 12.92760929280420967, -28.57681655986798930, -14.22977794909667892 ) ) ;
#2027 = CARTESIAN_POINT ( 'NONE',  ( 7.002428168012939658, -28.05785192703920927, -14.66054018026335903 ) ) ;
#2028 = VERTEX_POINT ( 'NONE', #488 ) ;
#2029 = EDGE_LOOP ( 'NONE', ( #317, #407, #373, #1836 ) ) ;
#2030 = FACE_OUTER_BOUND ( 'NONE', #1596, .T. ) ;
#2031 = DIRECTION ( 'NONE',  ( 1.000000000000000000, 0.000000000000000000, 0.000000000000000000 ) ) ;
#2032 = CARTESIAN_POINT ( 'NONE',  ( 12.07024011118641305, -27.88475290209209234, -7.430491285365939724 ) ) ;
#2033 = CARTESIAN_POINT ( 'NONE',  ( 13.14605913452882113, -22.01802643894687961, -8.349137137473659820 ) ) ;
#2034 = CARTESIAN_POINT ( 'NONE',  ( 6.900040043589699579, -22.09999999999301323, -8.116286292561600391 ) ) ;
#2035 = CARTESIAN_POINT ( 'NONE',  ( 7.000039296830319557, -22.09999343793198179, -14.80907730632258890 ) ) ;
#2036 = CARTESIAN_POINT ( 'NONE',  ( 6.873471840193319693, -21.90315487003699602, -14.73662057492725985 ) ) ;
#2037 = CARTESIAN_POINT ( 'NONE',  ( 7.093198088886679464, -28.74345864222199864, -9.193057122383239133 ) ) ;
#2038 = CARTESIAN_POINT ( 'NONE',  ( 12.94255372638584944, -28.37425077446498278, -14.52155831898683047 ) ) ;
#2039 = CARTESIAN_POINT ( 'NONE',  ( 7.002428168012939658, -28.21132829179012091, -14.53958139622001866 ) ) ;
#2040 = AXIS2_PLACEMENT_3D ( 'NONE', #2411, #1852, #680 ) ;
#2041 = VERTEX_POINT ( 'NONE', #2206 ) ;
#2042 = CARTESIAN_POINT ( 'NONE',  ( 7.002428167527798841, -27.90258967121879508, -8.259780109746621690 ) ) ;
#2043 = CIRCLE ( 'NONE', #575, 10.52500000000110170 ) ;
#2044 = CARTESIAN_POINT ( 'NONE',  ( 13.34933670302493880, -28.75120217902002295, -9.136496583917727676 ) ) ;
#2045 = DIRECTION ( 'NONE',  ( 1.000000000000000000, 0.000000000000000000, 0.000000000000000000 ) ) ;
#2046 = CARTESIAN_POINT ( 'NONE',  ( 12.96730472906653908, -22.07181658752596576, -8.116903813449999561 ) ) ;
#2047 = CARTESIAN_POINT ( 'NONE',  ( 6.986350036638659944, -22.04886145446799262, -8.215119498417779553 ) ) ;
#2048 = ADVANCED_FACE ( 'NONE', ( #2061 ), #1419, .T. ) ;
#2049 = CARTESIAN_POINT ( 'NONE',  ( 12.50335509486505003, -28.65025850305699606, -8.792279360458460147 ) ) ;
#2050 = CARTESIAN_POINT ( 'NONE',  ( 7.095211043436528975, -28.75409718255198044, -9.235182272927499270 ) ) ;
#2051 = CARTESIAN_POINT ( 'NONE',  ( 12.94512145543903969, -28.32959600562898217, -14.57002399329816100 ) ) ;
#2052 = CARTESIAN_POINT ( 'NONE',  ( 7.002428168012939658, -28.35747550660691729, -14.37308837117778282 ) ) ;
#2053 = VERTEX_POINT ( 'NONE', #140 ) ;
#2054 = CARTESIAN_POINT ( 'NONE',  ( 9.721486461520225220, -27.65529750662286546, -16.08534002215149528 ) ) ;
#2055 = EDGE_CURVE ( 'NONE', #253, #1338, #970, .T. ) ;
#2056 = CARTESIAN_POINT ( 'NONE',  ( 6.945771565555479476, -22.01067002709097764, -14.71077158004166030 ) ) ;
#2057 = DIRECTION ( 'NONE',  ( -0.6590581957522017031, -3.309422738622107719E-06, -0.7520919455764037975 ) ) ;
#2058 = CARTESIAN_POINT ( 'NONE',  ( 7.002334579223740363, -22.10449116601689568, -14.78710751045306537 ) ) ;
#2059 = CARTESIAN_POINT ( 'NONE',  ( 12.87831699515514039, -28.29436712578786128, -14.62621566922240213 ) ) ;
#2060 = CARTESIAN_POINT ( 'NONE',  ( 7.026348444447119590, -22.04252482042998196, -14.87745540584784010 ) ) ;
#2061 = FACE_OUTER_BOUND ( 'NONE', #2139, .T. ) ;
#2062 = CARTESIAN_POINT ( 'NONE',  ( 13.00004004359029963, -28.55699496823199723, -8.954382566489119455 ) ) ;
#2063 = CARTESIAN_POINT ( 'NONE',  ( 12.92027032954712062, -28.64787438424198740, -14.08210137043520938 ) ) ;
#2064 = CARTESIAN_POINT ( 'NONE',  ( 7.036408615428628721, -27.78854050607398918, -8.128795493607649192 ) ) ;
#2065 = VERTEX_POINT ( 'NONE', #709 ) ;
#2066 = CARTESIAN_POINT ( 'NONE',  ( 7.680387355506129943, -28.41514985074489275, -15.04683308543063980 ) ) ;
#2067 = CARTESIAN_POINT ( 'NONE',  ( 13.00658915494761736, -22.05532737801000209, -8.233879188335460952 ) ) ;
#2068 = FACE_OUTER_BOUND ( 'NONE', #950, .T. ) ;
#2069 = UNCERTAINTY_MEASURE_WITH_UNIT (LENGTH_MEASURE( 1.000000000000000082E-05 ), #230, 'distance_accuracy_value', 'NONE');
#2070 = CARTESIAN_POINT ( 'NONE',  ( 6.896650482215422429, -21.86543652939485227, -14.74816096302754431 ) ) ;
#2071 = CARTESIAN_POINT ( 'NONE',  ( 7.000040043607289597, -28.49005848085398185, -14.18830075488290987 ) ) ;
#2072 = CARTESIAN_POINT ( 'NONE',  ( 5.525040043590119687, 126.9999999999997016, -11.50000000000000000 ) ) ;
#2073 = DIRECTION ( 'NONE',  ( -0.9999806710527906484, 0.000000000000000000, 0.006217517254558859764 ) ) ;
#2074 = CARTESIAN_POINT ( 'NONE',  ( 12.37953363847086941, -27.53009682397197722, -15.31942537980766872 ) ) ;
#2075 = CARTESIAN_POINT ( 'NONE',  ( 8.824798809958160462, -27.38707595855199983, -7.154340250022120706 ) ) ;
#2076 = AXIS2_PLACEMENT_3D ( 'NONE', #40, #242, #1600 ) ;
#2077 = VERTEX_POINT ( 'NONE', #1489 ) ;
#2078 = CARTESIAN_POINT ( 'NONE',  ( 13.11558307639545617, -28.66453820888887805, -14.23030820796295792 ) ) ;
#2079 = ADVANCED_FACE ( 'NONE', ( #524 ), #1298, .T. ) ;
#2080 = CARTESIAN_POINT ( 'NONE',  ( 7.000039296830319557, -22.09999343793198179, -14.80907730632258890 ) ) ;
#2081 = CARTESIAN_POINT ( 'NONE',  ( 6.809808925266416679, -21.96312203313495459, -14.69159822968383899 ) ) ;
#2082 = CARTESIAN_POINT ( 'NONE',  ( 7.000040043589749850, -28.61818940651700416, -13.87855208343573921 ) ) ;
#2083 = CARTESIAN_POINT ( 'NONE',  ( 7.121763396730880658, -27.66471862217181865, -14.90768528483678068 ) ) ;
#2084 = CARTESIAN_POINT ( 'NONE',  ( 12.90004004359109935, -18.37499999999500488, -11.50000000000000000 ) ) ;
#2085 = AXIS2_PLACEMENT_3D ( 'NONE', #1381, #1023, #1588 ) ;
#2086 = CIRCLE ( 'NONE', #2200, 0.1000000000000066946 ) ;
#2087 = CARTESIAN_POINT ( 'NONE',  ( 13.00004004350113007, -27.63307862638000856, -8.190922573067759060 ) ) ;
#2088 = CARTESIAN_POINT ( 'NONE',  ( 12.01375080166940990, -27.47684920711898471, -15.52430995617529952 ) ) ;
#2089 = CARTESIAN_POINT ( 'NONE',  ( 11.89016278029727935, -27.46038001637199244, -7.414192850751230246 ) ) ;
#2090 = VERTEX_POINT ( 'NONE', #1892 ) ;
#2091 = CARTESIAN_POINT ( 'NONE',  ( 12.86038485372205820, -28.77432172023295109, -13.67836963258248062 ) ) ;
#2092 = EDGE_CURVE ( 'NONE', #1762, #772, #555, .T. ) ;
#2093 = CARTESIAN_POINT ( 'NONE',  ( 11.62195473392633716, -28.43949912302676708, -8.092287829669619015 ) ) ;
#2094 = CARTESIAN_POINT ( 'NONE',  ( 6.885182024550402069, -22.00647102967310786, -14.71899054596589984 ) ) ;
#2095 = CARTESIAN_POINT ( 'NONE',  ( 7.000040043663740441, -28.43409928430101630, -14.28718651772982007 ) ) ;
#2096 = DIRECTION ( 'NONE',  ( 1.000000000000000000, 0.000000000000000000, 0.000000000000000000 ) ) ;
#2097 = CARTESIAN_POINT ( 'NONE',  ( 12.96594642120225949, -27.63305599285797953, -14.88428229628135924 ) ) ;
#2098 = CARTESIAN_POINT ( 'NONE',  ( 12.35439497970032896, -27.52615838758998379, -15.33500081963640049 ) ) ;
#2099 = EDGE_CURVE ( 'NONE', #426, #1850, #1715, .T. ) ;
#2100 = CARTESIAN_POINT ( 'NONE',  ( 10.31090091648539975, -27.34382558609998881, -7.009019475351680128 ) ) ;
#2101 = ORIENTED_EDGE ( 'NONE', *, *, #579, .F. ) ;
#2102 = CARTESIAN_POINT ( 'NONE',  ( 12.70819188048606030, -28.72355934085887341, -13.91528638633120707 ) ) ;
#2103 = CARTESIAN_POINT ( 'NONE',  ( 10.00004004358999943, -21.99999999999399591, -11.50000000000000000 ) ) ;
#2104 = CARTESIAN_POINT ( 'NONE',  ( 12.91304967711457863, -28.79230187637383054, -9.411301736273818719 ) ) ;
#2105 = CARTESIAN_POINT ( 'NONE',  ( 13.05430877682086077, -22.01066989638300697, -14.71077089448295894 ) ) ;
#2106 = CARTESIAN_POINT ( 'NONE',  ( 12.99765191908070250, -27.90259188734390960, -14.74021860720794130 ) ) ;
#2107 = CARTESIAN_POINT ( 'NONE',  ( 5.500040043590220584, -27.99999999999500133, -11.50000000000000000 ) ) ;
#2108 = VERTEX_POINT ( 'NONE', #566 ) ;
#2109 = CARTESIAN_POINT ( 'NONE',  ( 13.00004004359029963, -28.02650625545399876, -8.301528856338279638 ) ) ;
#2110 = CARTESIAN_POINT ( 'NONE',  ( 7.674752399927999846, -27.52166434427899588, -15.35267830532145084 ) ) ;
#2111 = CARTESIAN_POINT ( 'NONE',  ( 12.84058008731693867, -28.75726469521600137, -13.76031051759877855 ) ) ;
#2112 = VERTEX_POINT ( 'NONE', #379 ) ;
#2113 = CARTESIAN_POINT ( 'NONE',  ( 12.96399606753815092, -27.77135057556498410, -8.125520612898409212 ) ) ;
#2114 = ADVANCED_FACE ( 'NONE', ( #763 ), #2260, .T. ) ;
#2115 = CARTESIAN_POINT ( 'NONE',  ( 6.984744455884881909, -28.10154820489896466, -14.72749736414908028 ) ) ;
#2116 = AXIS2_PLACEMENT_3D ( 'NONE', #522, #1309, #2257 ) ;
#2117 = AXIS2_PLACEMENT_3D ( 'NONE', #2084, #946, #544 ) ;
#2118 = CARTESIAN_POINT ( 'NONE',  ( 6.822820020087457138, -21.88094235860703307, -8.315840786202642221 ) ) ;
#2119 = CARTESIAN_POINT ( 'NONE',  ( 12.99765191908070250, -28.64529543000095657, -13.70628704242241724 ) ) ;
#2120 = DIRECTION ( 'NONE',  ( 0.000000000000000000, 0.000000000000000000, 1.000000000000000000 ) ) ;
#2121 = CARTESIAN_POINT ( 'NONE',  ( 13.00004004359000120, -27.90438399023298288, -8.243112014449231140 ) ) ;
#2122 = CARTESIAN_POINT ( 'NONE',  ( 8.226584483804378678, -27.44610557780599436, -15.63775588753799717 ) ) ;
#2123 = CIRCLE ( 'NONE', #2397, 4.499999999999780620 ) ;
#2124 = CARTESIAN_POINT ( 'NONE',  ( 11.23983720481673032, -28.36532288374998956, -15.11785487974440123 ) ) ;
#2125 = EDGE_LOOP ( 'NONE', ( #2179, #560, #2198, #1210 ) ) ;
#2126 = CARTESIAN_POINT ( 'NONE',  ( 12.96258241024687052, -27.84210461519501223, -8.140809313194109720 ) ) ;
#2127 = SURFACE_SIDE_STYLE ('',( #398 ) ) ;
#2128 = EDGE_CURVE ( 'NONE', #2090, #1710, #454, .T. ) ;
#2129 = CARTESIAN_POINT ( 'NONE',  ( 6.938346136964658406, -22.01658400886289257, -8.193220554560179281 ) ) ;
#2130 = CARTESIAN_POINT ( 'NONE',  ( 7.000040043624899511, -28.34232350663398847, -14.41863666627429019 ) ) ;
#2131 = CARTESIAN_POINT ( 'NONE',  ( 12.99765191861588143, -27.61669147400516167, -8.212848773787280621 ) ) ;
#2132 = CARTESIAN_POINT ( 'NONE',  ( 13.00004004358654974, -28.06057752931698346, -14.67759513048124909 ) ) ;
#2133 = CARTESIAN_POINT ( 'NONE',  ( 7.080752755096389350, -28.65604395030399587, -14.06299564584426953 ) ) ;
#2134 = CARTESIAN_POINT ( 'NONE',  ( 7.063968724951250167, -28.47284590766100010, -8.602439620082838800 ) ) ;
#2135 = CARTESIAN_POINT ( 'NONE',  ( 10.93005599134087369, -27.37021290670599427, -7.097152019780029519 ) ) ;
#2136 = EDGE_LOOP ( 'NONE', ( #2163, #842, #178, #2210 ) ) ;
#2137 = CARTESIAN_POINT ( 'NONE',  ( 8.760174907851519421, -28.36533388240700049, -7.882175438764939202 ) ) ;
#2138 = CARTESIAN_POINT ( 'NONE',  ( 7.000040043697789649, -28.58574797267499079, -9.025973873050849861 ) ) ;
#2139 = EDGE_LOOP ( 'NONE', ( #572, #2233, #2162, #2302 ) ) ;
#2140 = CARTESIAN_POINT ( 'NONE',  ( 6.961020548471222646, -21.87498108866484259, -8.202379533425320446 ) ) ;
#2141 = DIRECTION ( 'NONE',  ( 0.000000000000000000, 1.000000000000000000, 0.000000000000000000 ) ) ;
#2142 = CARTESIAN_POINT ( 'NONE',  ( 12.87831699395879959, -28.29457987644190098, -8.373992972920639488 ) ) ;
#2143 = CARTESIAN_POINT ( 'NONE',  ( 13.00004004358927823, -28.20320544760499004, -14.56819981002278830 ) ) ;
#2144 = CARTESIAN_POINT ( 'NONE',  ( 7.362541029063959463, -27.57275639218500984, -15.14607341673510099 ) ) ;
#2145 = CARTESIAN_POINT ( 'NONE',  ( 13.08848617370087908, -21.99707622232597970, -8.400257957568619815 ) ) ;
#2146 = CARTESIAN_POINT ( 'NONE',  ( 7.065644942322800048, -28.49604495800297954, -8.635124635191820275 ) ) ;
#2147 = DIRECTION ( 'NONE',  ( 0.000000000000000000, 0.000000000000000000, -1.000000000000000000 ) ) ;
#2148 = ORIENTED_EDGE ( 'NONE', *, *, #567, .T. ) ;
#2149 = CARTESIAN_POINT ( 'NONE',  ( 12.96594885668053010, -27.63307494181999147, -8.115716328826360737 ) ) ;
#2150 = ORIENTED_EDGE ( 'NONE', *, *, #309, .F. ) ;
#2151 = CARTESIAN_POINT ( 'NONE',  ( 7.042304695653678337, -28.61205067429089866, -8.780231609217459265 ) ) ;
#2152 = CARTESIAN_POINT ( 'NONE',  ( 7.121212492145621020, -22.11616959043780639, -8.093685936759099420 ) ) ;
#2153 = CARTESIAN_POINT ( 'NONE',  ( 7.000040043610810336, -28.36395088850698798, -14.38957652004417831 ) ) ;
#2154 = CARTESIAN_POINT ( 'NONE',  ( 12.87831699395879959, -28.12348040060791377, -8.238901951520800182 ) ) ;
#2155 = FACE_OUTER_BOUND ( 'NONE', #712, .T. ) ;
#2156 = CARTESIAN_POINT ( 'NONE',  ( 7.232700039603350284, -27.59546850858998823, -15.05084924714070027 ) ) ;
#2157 = CARTESIAN_POINT ( 'NONE',  ( 7.000040043590240124, -28.13164160385900203, -8.371426864983458671 ) ) ;
#2158 = AXIS2_PLACEMENT_3D ( 'NONE', #172, #1679, #2463 ) ;
#2159 = CARTESIAN_POINT ( 'NONE',  ( 7.049488803353999522, -28.21800778606298366, -8.329792927013709658 ) ) ;
#2160 = CARTESIAN_POINT ( 'NONE',  ( 12.90004004359109935, -28.67955620227197144, -9.357188166099600579 ) ) ;
#2161 = APPLICATION_CONTEXT ( 'automotive_design' ) ;
#2162 = ORIENTED_EDGE ( 'NONE', *, *, #742, .T. ) ;
#2163 = ORIENTED_EDGE ( 'NONE', *, *, #1422, .F. ) ;
#2164 = ORIENTED_EDGE ( 'NONE', *, *, #326, .F. ) ;
#2165 = EDGE_CURVE ( 'NONE', #2, #1377, #1728, .T. ) ;
#2166 = FACE_OUTER_BOUND ( 'NONE', #689, .T. ) ;
#2167 = CARTESIAN_POINT ( 'NONE',  ( 7.000040043589749850, -28.20320164609699276, -14.56820371267648007 ) ) ;
#2168 = CARTESIAN_POINT ( 'NONE',  ( 13.00004004352059894, -27.70725996371201205, -14.80519675647050093 ) ) ;
#2169 = CARTESIAN_POINT ( 'NONE',  ( 7.058512296031249633, -28.39064117247400176, -14.50283747999030837 ) ) ;
#2170 = CARTESIAN_POINT ( 'NONE',  ( 7.079377733569609532, -28.64410613542897721, -8.909156070978790254 ) ) ;
#2171 = DIRECTION ( 'NONE',  ( 1.732702200865963866E-08, -0.9999999999999905631, -1.360770269191977157E-07 ) ) ;
#2172 = EDGE_LOOP ( 'NONE', ( #156, #166, #428, #1238 ) ) ;
#2173 = CARTESIAN_POINT ( 'NONE',  ( 7.000040043590240124, -28.47554445184200134, -8.784848646441748343 ) ) ;
#2174 = TOROIDAL_SURFACE ( 'NONE', #749, 10.52500000000109992, 0.1000000000000060146 ) ;
#2175 = VERTEX_POINT ( 'NONE', #1691 ) ;
#2176 = CARTESIAN_POINT ( 'NONE',  ( 6.984744456103319621, -27.66301829321305661, -8.132243695221278657 ) ) ;
#2177 = DIRECTION ( 'NONE',  ( 0.000000000000000000, 1.000000000000000000, 0.000000000000000000 ) ) ;
#2178 = CARTESIAN_POINT ( 'NONE',  ( 7.000040043685679336, -27.74981140736099050, -14.79939450384197031 ) ) ;
#2179 = ORIENTED_EDGE ( 'NONE', *, *, #479, .F. ) ;
#2180 = CARTESIAN_POINT ( 'NONE',  ( 12.99765191861588143, -28.21133165957587607, -8.460422120435381999 ) ) ;
#2181 = DIRECTION ( 'NONE',  ( 1.000000000000000000, 0.000000000000000000, 0.000000000000000000 ) ) ;
#2182 = CARTESIAN_POINT ( 'NONE',  ( 7.052212301023109475, -28.27575544999000456, -14.62075514961393985 ) ) ;
#2183 = CARTESIAN_POINT ( 'NONE',  ( 7.000040043590379568, -28.18163358401698559, -8.412667323382230222 ) ) ;
#2184 = CARTESIAN_POINT ( 'NONE',  ( 7.047267866398549963, -28.16482732247699161, -8.290772663730550107 ) ) ;
#2185 = CARTESIAN_POINT ( 'NONE',  ( 12.96594642120225949, -27.63305599285797953, -14.88428229628135924 ) ) ;
#2186 = ORIENTED_EDGE ( 'NONE', *, *, #1443, .F. ) ;
#2187 = DIRECTION ( 'NONE',  ( -0.000000000000000000, 1.000000000000000000, 0.000000000000000000 ) ) ;
#2188 = CARTESIAN_POINT ( 'NONE',  ( 7.968719911718490145, -27.47921777730599757, -7.484562474418069655 ) ) ;
#2189 = CARTESIAN_POINT ( 'NONE',  ( 9.103604192147026097, -27.18534622684187241, -7.092101380544359124 ) ) ;
#2190 = DIRECTION ( 'NONE',  ( -1.000000000000000000, 0.000000000000000000, 0.000000000000000000 ) ) ;
#2191 = CARTESIAN_POINT ( 'NONE',  ( 13.00004004358927823, -28.53596405129399471, -14.09541560269877891 ) ) ;
#2192 = CARTESIAN_POINT ( 'NONE',  ( 12.90004004359109935, -27.63307862522901104, -8.190921578444401163 ) ) ;
#2193 = CARTESIAN_POINT ( 'NONE',  ( 12.02956135101551993, -28.52182056549598599, -8.346157096817039545 ) ) ;
#2194 = DIRECTION ( 'NONE',  ( 0.000000000000000000, 1.000000000000000000, 0.000000000000000000 ) ) ;
#2195 = EDGE_CURVE ( 'NONE', #2041, #239, #1017, .T. ) ;
#2196 = LINE ( 'NONE', #1848, #148 ) ;
#2197 = CARTESIAN_POINT ( 'NONE',  ( 12.96258277522229996, -27.84205867234199161, -14.85920136189078100 ) ) ;
#2198 = ORIENTED_EDGE ( 'NONE', *, *, #1230, .T. ) ;
#2199 = DIRECTION ( 'NONE',  ( 1.000000000000000000, 0.000000000000000000, 0.000000000000000000 ) ) ;
#2200 = AXIS2_PLACEMENT_3D ( 'NONE', #1335, #947, #2453 ) ;
#2201 = CARTESIAN_POINT ( 'NONE',  ( 13.15124530546964188, -21.87229311187201475, -8.292262981267917610 ) ) ;
#2202 = DIRECTION ( 'NONE',  ( 1.000000000000000000, 0.000000000000000000, 0.000000000000000000 ) ) ;
#2203 = EDGE_CURVE ( 'NONE', #2395, #2369, #1704, .T. ) ;
#2204 = CARTESIAN_POINT ( 'NONE',  ( 13.00004004356632947, -28.51689570331999946, -14.13610486526675913 ) ) ;
#2205 = CARTESIAN_POINT ( 'NONE',  ( 7.100040043588900396, -27.63307942268697204, -8.190928711732141210 ) ) ;
#2206 = CARTESIAN_POINT ( 'NONE',  ( 7.100040465619989583, -28.77746521556098713, -9.336829288294349993 ) ) ;
#2207 = CARTESIAN_POINT ( 'NONE',  ( 13.00004004359029963, -28.53598768415599451, -8.904640782735860682 ) ) ;
#2208 = DIRECTION ( 'NONE',  ( 0.000000000000000000, 1.000000000000000000, 0.000000000000000000 ) ) ;
#2209 = CARTESIAN_POINT ( 'NONE',  ( 7.002428168012939658, -27.65992375091296651, -14.78819887587510351 ) ) ;
#2210 = ORIENTED_EDGE ( 'NONE', *, *, #2165, .F. ) ;
#2211 = CARTESIAN_POINT ( 'NONE',  ( 12.59709990324958362, -28.01827478716887754, -15.23102366332255997 ) ) ;
#2212 = DIRECTION ( 'NONE',  ( -1.000000000000000000, 0.000000000000000000, 0.000000000000000000 ) ) ;
#2213 = CARTESIAN_POINT ( 'NONE',  ( 6.650747434807362524, -28.75120089883508712, -9.136487677309942157 ) ) ;
#2214 = CARTESIAN_POINT ( 'NONE',  ( 12.95828778919088187, -22.11308357430896265, -8.076036764254618916 ) ) ;
#2215 = DIRECTION ( 'NONE',  ( 0.000000000000000000, -1.000000000000000000, 0.000000000000000000 ) ) ;
#2216 = CARTESIAN_POINT ( 'NONE',  ( 14.49995306332754019, -21.09999999999701004, -11.52797882764551396 ) ) ;
#2217 = CARTESIAN_POINT ( 'NONE',  ( 7.034961730878979580, -27.70157373330897599, -14.88275831054339982 ) ) ;
#2218 = CARTESIAN_POINT ( 'NONE',  ( 13.09114421692174091, -21.99684360353803214, -14.59458013576258395 ) ) ;
#2219 = CARTESIAN_POINT ( 'NONE',  ( 13.00004004354049947, -28.64604086046698583, -9.216531443931200940 ) ) ;
#2220 = CARTESIAN_POINT ( 'NONE',  ( 12.90168172661031853, -28.77023418329899229, -13.69793454114092945 ) ) ;
#2221 = ORIENTED_EDGE ( 'NONE', *, *, #831, .T. ) ;
#2222 = CARTESIAN_POINT ( 'NONE',  ( 6.984744456103319621, -27.93219816770509567, -8.185456701759237674 ) ) ;
#2223 = CARTESIAN_POINT ( 'NONE',  ( 7.336887693506989550, -27.57723145379898000, -7.872656680124508810 ) ) ;
#2224 = CARTESIAN_POINT ( 'NONE',  ( 12.78903580429445874, -28.55332250203484534, -8.374135737572881766 ) ) ;
#2225 = DIRECTION ( 'NONE',  ( -7.720608594889944617E-08, 0.9999999999999966693, 2.650638401951981064E-08 ) ) ;
#2226 = CARTESIAN_POINT ( 'NONE',  ( 7.040083040764889333, -27.94931219697899394, -14.82514598690586105 ) ) ;
#2227 = CARTESIAN_POINT ( 'NONE',  ( 13.13405614208323868, -22.01191438378500465, -14.67915551031227572 ) ) ;
#2228 = AXIS2_PLACEMENT_3D ( 'NONE', #2192, #2389, #1867 ) ;
#2229 = CARTESIAN_POINT ( 'NONE',  ( 13.00004004359029963, -28.62311570013101303, -9.137359328890408250 ) ) ;
#2230 = CARTESIAN_POINT ( 'NONE',  ( 14.50004004358977916, -22.75000000000709832, -11.50000000000000000 ) ) ;
#2231 = MECHANICAL_DESIGN_GEOMETRIC_PRESENTATION_REPRESENTATION (  '', ( #1308 ), #1472 ) ;
#2232 = EDGE_CURVE ( 'NONE', #1060, #1762, #2265, .T. ) ;
#2233 = ORIENTED_EDGE ( 'NONE', *, *, #2232, .T. ) ;
#2234 = CARTESIAN_POINT ( 'NONE',  ( 9.123080154682448040, -27.69305951827083234, -16.00516474343709916 ) ) ;
#2235 = AXIS2_PLACEMENT_3D ( 'NONE', #643, #1435, #70 ) ;
#2236 = CARTESIAN_POINT ( 'NONE',  ( 7.926271504698748416, -27.36783097754383931, -7.496665590083356534 ) ) ;
#2237 = CARTESIAN_POINT ( 'NONE',  ( 13.13716339237876340, -21.93937382757105325, -8.238903230182197390 ) ) ;
#2238 = CARTESIAN_POINT ( 'NONE',  ( 7.042304688249577005, -28.46895513846093806, -14.45389458825945717 ) ) ;
#2239 = CARTESIAN_POINT ( 'NONE',  ( 7.042436538425300263, -22.10465735710008417, -14.92446082275121988 ) ) ;
#2240 = CARTESIAN_POINT ( 'NONE',  ( 13.00004004355626108, -28.67955987624201697, -9.357187406715809175 ) ) ;
#2241 = CARTESIAN_POINT ( 'NONE',  ( 12.99761591502520020, -22.09200061611883115, -14.78741234659218051 ) ) ;
#2242 = CARTESIAN_POINT ( 'NONE',  ( 13.00004004359029963, -28.29799226426199610, -8.528660790912260481 ) ) ;
#2243 = CARTESIAN_POINT ( 'NONE',  ( 12.91393499255255861, -28.69792962136699543, -13.95279403420089004 ) ) ;
#2244 = VERTEX_POINT ( 'NONE', #741 ) ;
#2245 = CARTESIAN_POINT ( 'NONE',  ( 12.91350194654378036, -28.70118538701899169, -9.056025394693339337 ) ) ;
#2246 = CARTESIAN_POINT ( 'NONE',  ( 12.86040633984113946, -28.77432892044799573, -9.321664454231241237 ) ) ;
#2247 = CARTESIAN_POINT ( 'NONE',  ( 13.01522042659792433, -22.08727276179501331, -8.133033962860961807 ) ) ;
#2248 = CARTESIAN_POINT ( 'NONE',  ( 7.121187885225057634, -22.11653097957992742, -14.90629957101182157 ) ) ;
#2249 = CARTESIAN_POINT ( 'NONE',  ( 12.99765191908070250, -27.61668137280600277, -14.78715101873282123 ) ) ;
#2250 = CARTESIAN_POINT ( 'NONE',  ( 6.844621074199260136, -21.90000055455199046, -14.70839045150954050 ) ) ;
#2251 = CARTESIAN_POINT ( 'NONE',  ( 13.17726006709254349, -21.88094235860703307, -14.68415921379735778 ) ) ;
#2252 = CARTESIAN_POINT ( 'NONE',  ( 13.00004004359029963, -27.98356987088398995, -8.277950570102490246 ) ) ;
#2253 = CARTESIAN_POINT ( 'NONE',  ( 12.90487623696904862, -28.75406067443297786, -13.76496456331247131 ) ) ;
#2254 = ORIENTED_EDGE ( 'NONE', *, *, #1488, .T. ) ;
#2255 = CARTESIAN_POINT ( 'NONE',  ( 7.604963436171391145, -28.62747926992609138, -14.29662158035246122 ) ) ;
#2256 = DIRECTION ( 'NONE',  ( 1.000000000000000000, 0.000000000000000000, 0.000000000000000000 ) ) ;
#2257 = DIRECTION ( 'NONE',  ( 0.6590909090909025103, 0.000000000000000000, -0.7520632776261102492 ) ) ;
#2258 = CARTESIAN_POINT ( 'NONE',  ( 4.900040043590078831, 132.0000000000000000, -6.400000000000079403 ) ) ;
#2259 = CARTESIAN_POINT ( 'NONE',  ( 7.121763396730880658, -27.94736001639986966, -14.85172464094929801 ) ) ;
#2260 = CYLINDRICAL_SURFACE ( 'NONE', #101, 4.474999999999879741 ) ;
#2261 = CARTESIAN_POINT ( 'NONE',  ( 13.00004004358788023, -27.93217825676000388, -8.254439381122548269 ) ) ;
#2262 = CARTESIAN_POINT ( 'NONE',  ( 11.17508466722502014, -27.38706088917300363, -15.84571470075964150 ) ) ;
#2263 = EDGE_CURVE ( 'NONE', #44, #122, #978, .T. ) ;
#2264 = CARTESIAN_POINT ( 'NONE',  ( 12.86840564461610015, -27.61416825735998870, -8.030230366651039731 ) ) ;
#2265 = CIRCLE ( 'NONE', #2432, 0.1000000081588164474 ) ;
#2266 = ORIENTED_EDGE ( 'NONE', *, *, #215, .T. ) ;
#2267 = CARTESIAN_POINT ( 'NONE',  ( 7.970579892864369853, -27.87566480975315031, -15.59138417649391606 ) ) ;
#2268 = CARTESIAN_POINT ( 'NONE',  ( 12.90003979795640987, -28.77746323251198390, -9.336826402653398915 ) ) ;
#2269 = AXIS2_PLACEMENT_3D ( 'NONE', #2205, #290, #1478 ) ;
#2270 = ADVANCED_BREP_SHAPE_REPRESENTATION ( 'sliding_part', ( #1893, #1199 ), #1856 ) ;
#2271 = CARTESIAN_POINT ( 'NONE',  ( 6.854020952651177723, -22.01802643894704659, -14.65086286252634373 ) ) ;
#2272 = CARTESIAN_POINT ( 'NONE',  ( 13.01533559155174125, -27.66301823682499261, -14.86775606144671968 ) ) ;
#2273 = CARTESIAN_POINT ( 'NONE',  ( 6.844620020609799127, -21.90000048825799084, -8.291610507924660922 ) ) ;
#2274 = EDGE_CURVE ( 'NONE', #516, #229, #1176, .T. ) ;
#2275 = VECTOR ( 'NONE', #457, 1000.000000000000000 ) ;
#2276 = CARTESIAN_POINT ( 'NONE',  ( 10.00004004358999943, -21.89999999999400870, -11.50000000000000000 ) ) ;
#2277 = CARTESIAN_POINT ( 'NONE',  ( 11.89012738518355938, -27.46037629951400660, -15.58582353357590122 ) ) ;
#2278 = CARTESIAN_POINT ( 'NONE',  ( 10.43536162670963563, -27.34696424140897619, -7.019360754208590514 ) ) ;
#2279 = ORIENTED_EDGE ( 'NONE', *, *, #298, .F. ) ;
#2280 = CARTESIAN_POINT ( 'NONE',  ( 6.718455212002657717, -28.72565501131881405, -13.97704387568567874 ) ) ;
#2281 = CARTESIAN_POINT ( 'NONE',  ( 13.07667977800460157, -21.99857137605381752, -8.377281897737239191 ) ) ;
#2282 = ORIENTED_EDGE ( 'NONE', *, *, #1376, .T. ) ;
#2283 = CARTESIAN_POINT ( 'NONE',  ( 10.00004004358999943, -21.99999999999399591, -11.50000000000000000 ) ) ;
#2284 = CARTESIAN_POINT ( 'NONE',  ( 13.08318171998855917, -22.00099403323599390, -14.65571014090294000 ) ) ;
#2285 = CARTESIAN_POINT ( 'NONE',  ( 7.000040043643998899, -28.61315419425197604, -13.89417576039721069 ) ) ;
#2286 = LINE ( 'NONE', #935, #1835 ) ;
#2287 = VECTOR ( 'NONE', #2215, 1000.000000000000000 ) ;
#2288 = CARTESIAN_POINT ( 'NONE',  ( 13.00004004359029963, -27.91265652933499908, -8.246362457925219047 ) ) ;
#2289 = CARTESIAN_POINT ( 'NONE',  ( 7.889307727660770375, -27.48977732679999519, -15.47603218543070902 ) ) ;
#2290 = FACE_OUTER_BOUND ( 'NONE', #2355, .T. ) ;
#2291 = VERTEX_POINT ( 'NONE', #728 ) ;
#2292 = CARTESIAN_POINT ( 'NONE',  ( 12.95902903896883096, -27.98522510652198747, -8.188747089411169355 ) ) ;
#2293 = ORIENTED_EDGE ( 'NONE', *, *, #1342, .F. ) ;
#2294 = CARTESIAN_POINT ( 'NONE',  ( 4.900040043590078831, 126.9999999999997016, -16.30000000000111982 ) ) ;
#2295 = ADVANCED_FACE ( 'NONE', ( #1512 ), #1904, .F. ) ;
#2296 = CARTESIAN_POINT ( 'NONE',  ( 7.002338562619381257, -22.10439272255099397, -8.212882940198500847 ) ) ;
#2297 = CARTESIAN_POINT ( 'NONE',  ( 7.000040043589749850, -28.62311253555799340, -13.86264708305247062 ) ) ;
#2298 = CARTESIAN_POINT ( 'NONE',  ( 6.913832878899579981, -21.91625378861899875, -8.224908781046439188 ) ) ;
#2299 = CARTESIAN_POINT ( 'NONE',  ( 13.00004004358899934, -27.87506794632898988, -8.231773434450660787 ) ) ;
#2300 = CARTESIAN_POINT ( 'NONE',  ( 9.069626276255824848, -27.37023768085397535, -15.90276392980057985 ) ) ;
#2301 = CARTESIAN_POINT ( 'NONE',  ( 12.31681647119336986, -27.52035960564899852, -7.642209572242240512 ) ) ;
#2302 = ORIENTED_EDGE ( 'NONE', *, *, #146, .F. ) ;
#2303 = CARTESIAN_POINT ( 'NONE',  ( 12.94222752797806919, -28.37974831417500354, -8.484608692043760669 ) ) ;
#2304 = CARTESIAN_POINT ( 'NONE',  ( 7.000040043611349461, -28.36381048432698293, -8.610234846258428831 ) ) ;
#2305 = EDGE_CURVE ( 'NONE', #2077, #1850, #2286, .T. ) ;
#2306 = CARTESIAN_POINT ( 'NONE',  ( 6.866023945096761949, -22.01191438378498688, -8.320844489687718948 ) ) ;
#2307 = CARTESIAN_POINT ( 'NONE',  ( 7.000040043589749850, -27.84590143793696981, -14.77759627299139034 ) ) ;
#2308 = CARTESIAN_POINT ( 'NONE',  ( 10.00004004358999943, -21.09999999999701004, -11.50000000000000000 ) ) ;
#2309 = CARTESIAN_POINT ( 'NONE',  ( 13.00004004358927823, -28.02642173316799301, -14.69851746711186991 ) ) ;
#2310 = CARTESIAN_POINT ( 'NONE',  ( 7.082693411748529400, -28.67182577892299378, -14.02350435448304999 ) ) ;
#2311 = CARTESIAN_POINT ( 'NONE',  ( 7.083767649906529407, -28.68076757652798747, -8.998397526462360574 ) ) ;
#2312 = CARTESIAN_POINT ( 'NONE',  ( 9.861581600389227376, -28.27223075451598788, -15.36464320161761954 ) ) ;
#2313 = ORIENTED_EDGE ( 'NONE', *, *, #530, .T. ) ;
#2314 = PRODUCT_RELATED_PRODUCT_CATEGORY ( 'part', '', ( #1760 ) ) ;
#2315 = CARTESIAN_POINT ( 'NONE',  ( 7.726066681322809160, -28.58493347175597421, -8.556218513871419518 ) ) ;
#2316 = VERTEX_POINT ( 'NONE', #1150 ) ;
#2317 = CARTESIAN_POINT ( 'NONE',  ( 7.042304695653678337, -28.77877509247997878, -9.262312156160360743 ) ) ;
#2318 = B_SPLINE_CURVE_WITH_KNOTS ( 'NONE', 3,
 ( #637, #1000, #207, #1163, #1780, #1371, #809, #1551, #222, #1663, #2064, #349, #170, #1403, #988, #21, #582, #781, #1029, #224, #208, #36, #972, #1969, #1013, #2325, #610, #1754, #237, #1388, #265, #1955, #438, #2184, #250, #2159, #1192, #766, #2366, #797, #1206, #1372, #1796, #1594, #1996, #1782, #450, #1001, #49, #810, #2353, #1566, #825, #596, #2134, #2146, #1581, #1982, #392, #638, #405, #1177, #1770, #2337, #424, #623, #2170, #64, #1608, #1417, #1221, #2311, #1164, #1808, #1552, #1359, #1942, #1083, #315, #650, #2037, #2050, #2430, #687, #1466 ),
 .UNSPECIFIED., .F., .F.,
 ( 4, 3, 3, 3, 3, 3, 3, 3, 3, 3, 3, 3, 3, 3, 3, 3, 3, 3, 3, 3, 3, 3, 3, 3, 3, 3, 3, 3, 4 ),
 ( 1.209514266329950058E-05, 0.06791792442909329319, 0.08333333333333001192, 0.1037025833671599978, 0.1666666666667000196, 0.2317661512651970068, 0.2372592525928209906, 0.2500000000000000000, 0.3156448463642049784, 0.3333333333333000081, 0.3705137636303800219, 0.4166666666666999919, 0.4788753034131689734, 0.5000000000000000000, 0.5037668803680940277, 0.5683336184999040475, 0.5833333333333000637, 0.6365235866808580667, 0.6666666666667000474, 0.7273060720539690216, 0.7500000000000000000, 0.7671760052938060293, 0.8293193952498539856, 0.8333333333333000637, 0.8874334352966350981, 0.8946503976878330544, 0.9166666666667000474, 0.9633759550231829616, 0.9999992069840090148 ),
 .UNSPECIFIED. ) ;
#2319 = CARTESIAN_POINT ( 'NONE',  ( 7.000260247192580998, -22.07541151795386014, -8.218030104717460205 ) ) ;
#2320 = CARTESIAN_POINT ( 'NONE',  ( 7.000040043590129990, -28.22374309417000049, -14.54903815429228864 ) ) ;
#2321 = CARTESIAN_POINT ( 'NONE',  ( 12.87831699395879959, -28.59624244946889959, -8.788331468217101872 ) ) ;
#2322 = CARTESIAN_POINT ( 'NONE',  ( 13.00004004358886966, -28.15672286746201536, -14.60885500439031048 ) ) ;
#2323 = CARTESIAN_POINT ( 'NONE',  ( 7.082874166545199301, -28.67326390562099903, -14.01981925347893032 ) ) ;
#2324 = ADVANCED_FACE ( 'NONE', ( #195 ), #1345, .T. ) ;
#2325 = CARTESIAN_POINT ( 'NONE',  ( 7.042819332462899595, -28.04191112983697565, -8.216417830326429694 ) ) ;
#2326 = CARTESIAN_POINT ( 'NONE',  ( 12.95436827660013890, -28.12520748455898811, -14.73601906610052126 ) ) ;
#2327 = ORIENTED_EDGE ( 'NONE', *, *, #1413, .F. ) ;
#2328 = CARTESIAN_POINT ( 'NONE',  ( 11.50956289061903881, -28.41051214079301346, -8.009086660509680655 ) ) ;
#2329 = ORIENTED_EDGE ( 'NONE', *, *, #997, .F. ) ;
#2330 = SURFACE_STYLE_USAGE ( .BOTH. , #2127 ) ;
#2331 = CARTESIAN_POINT ( 'NONE',  ( 7.000040043737889128, -27.63307942109297244, -8.190922547929348596 ) ) ;
#2332 = CARTESIAN_POINT ( 'NONE',  ( 7.034131984147979466, -27.63306903174997231, -14.88428319556789958 ) ) ;
#2333 = CARTESIAN_POINT ( 'NONE',  ( 12.95777557976826522, -28.72691846243696645, -9.059223065483113402 ) ) ;
#2334 = CARTESIAN_POINT ( 'NONE',  ( 13.00004004358927823, -28.09122028567798068, -14.65753924668528008 ) ) ;
#2335 = CARTESIAN_POINT ( 'NONE',  ( 7.100040374098039564, -28.77746393108299117, -13.66317056197789981 ) ) ;
#2336 = CARTESIAN_POINT ( 'NONE',  ( 7.000040043590240124, -27.90980408093798815, -8.245223578046440238 ) ) ;
#2337 = CARTESIAN_POINT ( 'NONE',  ( 7.073028093640919778, -28.58272094591399082, -8.781362300527629117 ) ) ;
#2338 = CARTESIAN_POINT ( 'NONE',  ( 12.96061787908929830, -27.92573075923998616, -14.83390232648498142 ) ) ;
#2339 = VERTEX_POINT ( 'NONE', #1548 ) ;
#2340 = ADVANCED_FACE ( 'NONE', ( #1105 ), #1878, .T. ) ;
#2341 = CARTESIAN_POINT ( 'NONE',  ( 7.000040043589299543, -18.37499999999500488, -11.50000000000000000 ) ) ;
#2342 = EDGE_LOOP ( 'NONE', ( #2011, #1172, #1583, #1623 ) ) ;
#2343 = CARTESIAN_POINT ( 'NONE',  ( 7.042304695653678337, -27.61333614650201795, -8.075870934860597927 ) ) ;
#2344 = CIRCLE ( 'NONE', #2228, 0.1000000000000060701 ) ;
#2345 = CARTESIAN_POINT ( 'NONE',  ( 7.000040043590039396, -28.12828016513199714, -14.63054096730600051 ) ) ;
#2346 = VECTOR ( 'NONE', #1864, 1000.000000000000000 ) ;
#2347 = CARTESIAN_POINT ( 'NONE',  ( 12.95777557976826522, -27.95395682756498346, -8.131738472858604183 ) ) ;
#2348 = DIRECTION ( 'NONE',  ( 1.000000000000000000, 0.000000000000000000, 0.000000000000000000 ) ) ;
#2349 = CARTESIAN_POINT ( 'NONE',  ( 7.077616138427639036, -28.62882626094698324, -14.12658764070899942 ) ) ;
#2350 = EDGE_CURVE ( 'NONE', #586, #2470, #299, .T. ) ;
#2351 = CARTESIAN_POINT ( 'NONE',  ( 7.000040043590240124, -27.91266025948599250, -8.246363424574710166 ) ) ;
#2352 = VECTOR ( 'NONE', #444, 1000.000000000000114 ) ;
#2353 = CARTESIAN_POINT ( 'NONE',  ( 7.060133620740529636, -28.41700639621300084, -8.528125848500760497 ) ) ;
#2354 = LINE ( 'NONE', #1014, #1792 ) ;
#2355 = EDGE_LOOP ( 'NONE', ( #873, #1990, #1363, #1624 ) ) ;
#2356 = VECTOR ( 'NONE', #2190, 1000.000000000000000 ) ;
#2357 = ORIENTED_EDGE ( 'NONE', *, *, #567, .F. ) ;
#2358 = CARTESIAN_POINT ( 'NONE',  ( 10.00004004358999943, -21.99999999999399591, -11.50000000000000000 ) ) ;
#2359 = ADVANCED_FACE ( 'NONE', ( #233 ), #2174, .T. ) ;
#2360 = CARTESIAN_POINT ( 'NONE',  ( 4.900040043590078831, 132.0000000000000000, -16.30000000000111982 ) ) ;
#2361 = CARTESIAN_POINT ( 'NONE',  ( 7.000040043591359229, -28.07606874313098189, -14.66775728576273963 ) ) ;
#2362 = CARTESIAN_POINT ( 'NONE',  ( 12.99765191861588143, -28.35747869014183209, -8.626916099801338333 ) ) ;
#2363 = CARTESIAN_POINT ( 'NONE',  ( 13.00004004347307962, -27.69916801548699681, -14.80595688589609971 ) ) ;
#2364 = CARTESIAN_POINT ( 'NONE',  ( 7.057528137624679232, -28.37425818671598776, -14.52154674319512040 ) ) ;
#2365 = CARTESIAN_POINT ( 'NONE',  ( 15.10004004358992091, 132.0000000000000000, -16.30000000000111982 ) ) ;
#2366 = CARTESIAN_POINT ( 'NONE',  ( 7.051548244638949470, -28.26213194470999923, -8.367096121881949955 ) ) ;
#2367 = CARTESIAN_POINT ( 'NONE',  ( 12.96427761683965052, -27.75348636150198800, -14.87646543997554893 ) ) ;
#2368 = CIRCLE ( 'NONE', #1409, 2.249999999999890754 ) ;
#2369 = VERTEX_POINT ( 'NONE', #401 ) ;
#2370 = CARTESIAN_POINT ( 'NONE',  ( 12.07018691292806167, -27.88474047674306178, -15.56953802580479795 ) ) ;
#2371 = LINE ( 'NONE', #1253, #56 ) ;
#2372 = CARTESIAN_POINT ( 'NONE',  ( 9.207704092126640205, -28.13837865308192931, -7.246198887258558763 ) ) ;
#2373 = FACE_OUTER_BOUND ( 'NONE', #1961, .T. ) ;
#2374 = EDGE_CURVE ( 'NONE', #1394, #772, #953, .T. ) ;
#2375 = CARTESIAN_POINT ( 'NONE',  ( 6.984744455884881909, -28.74289984812693177, -13.62068384427838907 ) ) ;
#2376 = CARTESIAN_POINT ( 'NONE',  ( 13.00004004359765908, -28.66688709193099172, -13.70116176450427936 ) ) ;
#2377 = CARTESIAN_POINT ( 'NONE',  ( 12.87831699515514039, -28.71002238573882437, -13.93538169769676394 ) ) ;
#2378 = CARTESIAN_POINT ( 'NONE',  ( 12.93082410227214929, -28.54123925546897667, -8.706215426643050037 ) ) ;
#2379 = CARTESIAN_POINT ( 'NONE',  ( 13.00004004357468013, -28.37250223611498257, -8.621914157409049650 ) ) ;
#2380 = CARTESIAN_POINT ( 'NONE',  ( 8.490446908071870524, -28.41052422126097454, -14.99087870912524068 ) ) ;
#2381 = VERTEX_POINT ( 'NONE', #1804 ) ;
#2382 = VERTEX_POINT ( 'NONE', #1616 ) ;
#2383 = CARTESIAN_POINT ( 'NONE',  ( 6.233810661687399168, -27.88032830316903699, -13.95812919201068070 ) ) ;
#2384 = ADVANCED_FACE ( 'NONE', ( #2373 ), #2015, .T. ) ;
#2385 = CARTESIAN_POINT ( 'NONE',  ( 7.522892731376900066, -27.54546321309497969, -7.741460583734439460 ) ) ;
#2386 = CARTESIAN_POINT ( 'NONE',  ( 7.970555824989971505, -27.87567022234102865, -7.408627884683379961 ) ) ;
#2387 = PLANE ( 'NONE',  #1732 ) ;
#2388 = CARTESIAN_POINT ( 'NONE',  ( 13.00132419357001901, -21.98595018961199798, -8.147015214243078063 ) ) ;
#2389 = DIRECTION ( 'NONE',  ( 0.000000000000000000, 1.000000000000000000, 0.000000000000000000 ) ) ;
#2390 = DIRECTION ( 'NONE',  ( 0.000000000000000000, 1.000000000000000000, 0.000000000000000000 ) ) ;
#2391 = CARTESIAN_POINT ( 'NONE',  ( 7.000040043659829792, -27.74085655643998649, -8.199129644580620990 ) ) ;
#2392 = CARTESIAN_POINT ( 'NONE',  ( 13.00004004357861120, -28.65816922308800230, -9.261423520347999983 ) ) ;
#2393 = CARTESIAN_POINT ( 'NONE',  ( 12.92041422661691996, -28.64662587676999905, -14.08501841627916029 ) ) ;
#2394 = AXIS2_PLACEMENT_3D ( 'NONE', #2003, #657, #1883 ) ;
#2395 = VERTEX_POINT ( 'NONE', #1938 ) ;
#2396 = CARTESIAN_POINT ( 'NONE',  ( 7.002428167527798841, -28.64529466350488107, -9.293711186611853137 ) ) ;
#2397 = AXIS2_PLACEMENT_3D ( 'NONE', #1431, #1823, #1218 ) ;
#2398 = VECTOR ( 'NONE', #2225, 1000.000000000000000 ) ;
#2399 = CARTESIAN_POINT ( 'NONE',  ( 8.463096093283498433, -27.41996355993500600, -7.268691530022500125 ) ) ;
#2400 = FACE_OUTER_BOUND ( 'NONE', #1166, .T. ) ;
#2401 = CARTESIAN_POINT ( 'NONE',  ( 13.14392382648803981, -22.01684573879397888, -8.343985442110319894 ) ) ;
#2402 =( LENGTH_UNIT ( ) NAMED_UNIT ( * ) SI_UNIT ( .MILLI., .METRE. ) );
#2403 = CARTESIAN_POINT ( 'NONE',  ( 7.042304688249577005, -27.77980857413498583, -14.91702580021971691 ) ) ;
#2404 = CARTESIAN_POINT ( 'NONE',  ( 7.000040043655340050, -27.63307912309398517, -14.80907745280213916 ) ) ;
#2405 = CARTESIAN_POINT ( 'NONE',  ( 7.034131397592219948, -27.63307239239501456, -14.88428388316941131 ) ) ;
#2406 = CARTESIAN_POINT ( 'NONE',  ( 13.02167302097744006, -22.06073869649896579, -14.85934432640332048 ) ) ;
#2407 = CARTESIAN_POINT ( 'NONE',  ( 13.00004004358882881, -28.24876658561900555, -8.474890517876531248 ) ) ;
#2408 = CARTESIAN_POINT ( 'NONE',  ( 12.93994626516004942, -28.41701131989099594, -14.47186766863189966 ) ) ;
#2409 = EDGE_CURVE ( 'NONE', #2112, #1377, #636, .T. ) ;
#2410 = ORIENTED_EDGE ( 'NONE', *, *, #67, .T. ) ;
#2411 = CARTESIAN_POINT ( 'NONE',  ( 10.00004004358999943, -21.09999999999701004, -11.50000000000000000 ) ) ;
#2412 = DIRECTION ( 'NONE',  ( -1.000000000000000000, 0.000000000000000000, 0.000000000000000000 ) ) ;
#2413 = CARTESIAN_POINT ( 'NONE',  ( 6.718473936626121912, -28.72564824493623448, -9.022928481358178487 ) ) ;
#2414 = PRODUCT_CONTEXT ( 'NONE', #513, 'mechanical' ) ;
#2415 = CARTESIAN_POINT ( 'NONE',  ( 13.00004004348349973, -28.58574979586300913, -13.97402366586200984 ) ) ;
#2416 = CARTESIAN_POINT ( 'NONE',  ( 14.50004004358977916, -25.00000000000698819, -11.50000000000000000 ) ) ;
#2417 = CARTESIAN_POINT ( 'NONE',  ( 13.01849657813298045, -22.03551206480888425, -14.74003839039794173 ) ) ;
#2418 = EDGE_CURVE ( 'NONE', #816, #2316, #1065, .T. ) ;
#2419 = CARTESIAN_POINT ( 'NONE',  ( 13.00004004359012910, -28.12102709333100137, -8.363966321913610003 ) ) ;
#2420 = CARTESIAN_POINT ( 'NONE',  ( 12.94794480120521918, -28.27417003342097601, -14.62216135680280082 ) ) ;
#2421 = ORIENTED_EDGE ( 'NONE', *, *, #284, .F. ) ;
#2422 = CARTESIAN_POINT ( 'NONE',  ( 12.42183132145723867, -28.63519350263092278, -14.26838347079881864 ) ) ;
#2423 = CARTESIAN_POINT ( 'NONE',  ( 7.604948260627700130, -28.62748376191585109, -8.703395269824660829 ) ) ;
#2424 = CARTESIAN_POINT ( 'NONE',  ( 12.89135659948989954, -22.01135933234195363, -8.101618088443657939 ) ) ;
#2425 = CARTESIAN_POINT ( 'NONE',  ( 13.00132387087572106, -21.98595227441899169, -14.85298506217495884 ) ) ;
#2426 = CARTESIAN_POINT ( 'NONE',  ( 7.100040043588900396, -22.07469831132799598, -8.190921578444401163 ) ) ;
#2427 = CARTESIAN_POINT ( 'NONE',  ( 7.038255082856769818, -27.87761375786399043, -14.85033197112294090 ) ) ;
#2428 = CARTESIAN_POINT ( 'NONE',  ( 13.07676429229835691, -21.99855464365084146, -14.62255213497721762 ) ) ;
#2429 = AXIS2_PLACEMENT_3D ( 'NONE', #788, #564, #1574 ) ;
#2430 = CARTESIAN_POINT ( 'NONE',  ( 7.096789336411200466, -28.76243852014798108, -9.268211249744608082 ) ) ;
#2431 = CARTESIAN_POINT ( 'NONE',  ( 12.92705152597572038, -28.58272397541999865, -14.21863140722915908 ) ) ;
#2432 = AXIS2_PLACEMENT_3D ( 'NONE', #2451, #1324, #1312 ) ;
#2433 = ORIENTED_EDGE ( 'NONE', *, *, #465, .F. ) ;
#2434 = CARTESIAN_POINT ( 'NONE',  ( 12.90794618175423025, -28.73712567563199727, -9.170974425721579948 ) ) ;
#2435 = CIRCLE ( 'NONE', #1015, 0.1000000000000062644 ) ;
#2436 = DIRECTION ( 'NONE',  ( 0.000000000000000000, 0.000000000000000000, 1.000000000000000000 ) ) ;
#2437 = EDGE_CURVE ( 'NONE', #441, #2053, #319, .T. ) ;
#2438 = CARTESIAN_POINT ( 'NONE',  ( 7.000040043677409507, -27.63307911941398487, -14.80907745280213916 ) ) ;
#2439 = CARTESIAN_POINT ( 'NONE',  ( 7.000040043589749850, -28.48284505942899614, -14.20186555331597944 ) ) ;
#2440 = DIRECTION ( 'NONE',  ( 0.000000000000000000, -1.000000000000000000, 0.000000000000000000 ) ) ;
#2441 = CARTESIAN_POINT ( 'NONE',  ( 13.00004004359029963, -27.70102637462398931, -8.193861892965569993 ) ) ;
#2442 = CYLINDRICAL_SURFACE ( 'NONE', #1638, 0.1000000000000055428 ) ;
#2443 = ORIENTED_EDGE ( 'NONE', *, *, #2099, .F. ) ;
#2444 = CARTESIAN_POINT ( 'NONE',  ( 7.146356831971140799, -28.77204710146489930, -13.68971677807432030 ) ) ;
#2445 = CARTESIAN_POINT ( 'NONE',  ( 7.000040043590240124, -28.38094266418897504, -8.633622194934719829 ) ) ;
#2446 = FACE_OUTER_BOUND ( 'NONE', #2342, .T. ) ;
#2447 = CARTESIAN_POINT ( 'NONE',  ( 6.912355705036561382, -22.00733412738785688, -14.76689950849170074 ) ) ;
#2448 = CARTESIAN_POINT ( 'NONE',  ( 13.01533559155174125, -27.61474118499188890, -14.86658563218991702 ) ) ;
#2449 = CARTESIAN_POINT ( 'NONE',  ( 7.121763396730880658, -28.45456782530012063, -14.44346591774270117 ) ) ;
#2450 = EDGE_CURVE ( 'NONE', #1338, #253, #2368, .T. ) ;
#2451 = CARTESIAN_POINT ( 'NONE',  ( 13.10003997879235982, -21.89999998368699607, -14.62249897876654003 ) ) ;
#2452 = ORIENTED_EDGE ( 'NONE', *, *, #135, .F. ) ;
#2453 = DIRECTION ( 'NONE',  ( 0.6590601761668594127, 6.265217615541576573E-06, -0.7520902101155519937 ) ) ;
#2454 = CARTESIAN_POINT ( 'NONE',  ( 10.43532820881267931, -27.34696326626098895, -15.98064248659334829 ) ) ;
#2455 = CARTESIAN_POINT ( 'NONE',  ( 9.033416031480955510, -28.32846082557097134, -15.21780373670176090 ) ) ;
#2456 = ORIENTED_EDGE ( 'NONE', *, *, #2263, .F. ) ;
#2457 = CARTESIAN_POINT ( 'NONE',  ( 10.25154352955032344, -28.28161645258519030, -15.33961468609943957 ) ) ;
#2458 = CARTESIAN_POINT ( 'NONE',  ( 7.000040043590249006, -28.21151785969999537, -8.439422456769939629 ) ) ;
#2459 = EDGE_LOOP ( 'NONE', ( #2421, #1984, #1772, #786, #2293 ) ) ;
#2460 = EDGE_CURVE ( 'NONE', #2077, #612, #99, .T. ) ;
#2461 = CARTESIAN_POINT ( 'NONE',  ( 12.90004004359109935, -28.67956106896299318, -13.64281267870134862 ) ) ;
#2462 = CARTESIAN_POINT ( 'NONE',  ( 6.866099938046117401, -22.01188284943093265, -14.67932525666315868 ) ) ;
#2463 = DIRECTION ( 'NONE',  ( 0.000000000000000000, -0.9790558420030832654, 0.2035918913896960503 ) ) ;
#2464 = CARTESIAN_POINT ( 'NONE',  ( 6.976707597851439679, -21.95958409698001290, -14.83314270610155994 ) ) ;
#2465 = CARTESIAN_POINT ( 'NONE',  ( 7.034141028572359566, -22.09066312638899277, -8.115703966202760355 ) ) ;
#2466 = CARTESIAN_POINT ( 'NONE',  ( 7.100040043588900396, -27.66825944778000945, -14.80907842155559884 ) ) ;
#2467 = CARTESIAN_POINT ( 'NONE',  ( 13.06804622050415965, -22.00485068635499175, -8.315157577370939634 ) ) ;
#2468 = CARTESIAN_POINT ( 'NONE',  ( 9.439887428279766013, -27.35166945543898720, -7.034999546745919652 ) ) ;
#2469 = CIRCLE ( 'NONE', #2040, 4.499999999999779732 ) ;
#2470 = VERTEX_POINT ( 'NONE', #887 ) ;
#2471 = CARTESIAN_POINT ( 'NONE',  ( 10.32314945202063861, -27.65676191347325386, -16.08226145918239780 ) ) ;
#2472 = CARTESIAN_POINT ( 'NONE',  ( 6.958080823829980055, -22.01815425964601047, -14.73367715058044070 ) ) ;
#2473 = AXIS2_PLACEMENT_3D ( 'NONE', #590, #1949, #2141 ) ;
#2474 = ADVANCED_FACE ( 'NONE', ( #1474 ), #2387, .T. ) ;
#2475 = CARTESIAN_POINT ( 'NONE',  ( 6.908964451267899598, -21.99684619377880423, -14.59463635178680008 ) ) ;
#2476 = CARTESIAN_POINT ( 'NONE',  ( 13.01533559155174125, -28.42198809112009883, -14.42014053007302010 ) ) ;
#2477 = CARTESIAN_POINT ( 'NONE',  ( 6.998756216304279576, -21.98595227441899169, -8.147014937825041159 ) ) ;
#2478 = CARTESIAN_POINT ( 'NONE',  ( 13.00004004337827013, -27.65681810810097119, -8.191330575076881004 ) ) ;
#2479 = CARTESIAN_POINT ( 'NONE',  ( 8.109920566069659387, -27.46037911528997810, -15.58580859074920966 ) ) ;
#2480 = CARTESIAN_POINT ( 'NONE',  ( 10.18634603915995562, -27.34225800543999085, -7.003858312284549470 ) ) ;
#2481 = ORIENTED_EDGE ( 'NONE', *, *, #2195, .T. ) ;
#2482 = CARTESIAN_POINT ( 'NONE',  ( 12.95205645774655956, -28.18323784553297529, -8.303956481421179703 ) ) ;
#2483 = ORIENTED_EDGE ( 'NONE', *, *, #2418, .F. ) ;
#2484 = CARTESIAN_POINT ( 'NONE',  ( 6.992605839016539093, -22.06131568597299974, -14.79601444391169807 ) ) ;
#2485 = CARTESIAN_POINT ( 'NONE',  ( 7.121923475742698351, -22.10587913593599652, -14.90677130738609790 ) ) ;
#2486 = CARTESIAN_POINT ( 'NONE',  ( 12.99765191908070250, -28.21113870532706969, -14.53976668854438081 ) ) ;
#2487 = CARTESIAN_POINT ( 'NONE',  ( 7.032777042042019922, -22.07181301963900921, -8.116902222330500294 ) ) ;
#2488 = AXIS2_PLACEMENT_3D ( 'NONE', #776, #632, #1367 ) ;
#2489 = CARTESIAN_POINT ( 'NONE',  ( 13.00004004359069931, -30.40000000001097291, -7.000000000000220268 ) ) ;
#2490 = CARTESIAN_POINT ( 'NONE',  ( 10.80711512748770708, -27.36252382687598583, -15.92881589340821158 ) ) ;
#2491 = EDGE_CURVE ( 'NONE', #1060, #1179, #791, .T. ) ;
ENDSEC;
END-ISO-10303-21;
