ISO-10303-21;
HEADER;
FILE_DESCRIPTION (( 'STEP AP214' ),
    '1' );
FILE_NAME ('upper_shell.STEP',
    '2026-08-31T04:56:50',
    ( '' ),
    ( '' ),
    'SwSTEP 2.0',
    'SolidWorks 2026',
    '' );
FILE_SCHEMA (( 'AUTOMOTIVE_DESIGN' ));
ENDSEC;

DATA;
#1 = CARTESIAN_POINT ( 'NONE',  ( -2.999919049057430342, 128.5999999999999943, 9.307999999999999829 ) ) ;
#2 = PLANE ( 'NONE',  #135 ) ;
#3 = CARTESIAN_POINT ( 'NONE',  ( 31.29667966274207913, 77.50000000000000000, -20.24999943003057723 ) ) ;
#4 = ORIENTED_EDGE ( 'NONE', *, *, #1430, .F. ) ;
#5 = ADVANCED_FACE ( 'NONE', ( #282 ), #1794, .F. ) ;
#6 = ORIENTED_EDGE ( 'NONE', *, *, #506, .T. ) ;
#7 = ORIENTED_EDGE ( 'NONE', *, *, #1636, .T. ) ;
#8 = PLANE ( 'NONE',  #2111 ) ;
#9 = AXIS2_PLACEMENT_3D ( 'NONE', #1174, #215, #385 ) ;
#10 = EDGE_CURVE ( 'NONE', #755, #622, #1768, .T. ) ;
#11 = LINE ( 'NONE', #2307, #1085 ) ;
#12 = CIRCLE ( 'NONE', #1259, 8.000470043640850903 ) ;
#13 = DIRECTION ( 'NONE',  ( 0.1562422727209800966, 0.000000000000000000, 0.9877187617004058451 ) ) ;
#14 = VERTEX_POINT ( 'NONE', #1249 ) ;
#15 = DIRECTION ( 'NONE',  ( -3.973282200276199783E-22, -1.000000000000000000, -8.057795856881529625E-28 ) ) ;
#16 = CARTESIAN_POINT ( 'NONE',  ( 18.00000000000029843, 228.9000000000000057, -36.00000000000139977 ) ) ;
#17 = VERTEX_POINT ( 'NONE', #2331 ) ;
#18 = DIRECTION ( 'NONE',  ( 0.000000000000000000, -1.000000000000000000, 0.000000000000000000 ) ) ;
#19 = VERTEX_POINT ( 'NONE', #98 ) ;
#20 = DIRECTION ( 'NONE',  ( 1.000000000000000000, 0.000000000000000000, -3.750086505941800052E-14 ) ) ;
#21 = AXIS2_PLACEMENT_3D ( 'NONE', #688, #540, #1108 ) ;
#22 = EDGE_CURVE ( 'NONE', #749, #139, #1413, .T. ) ;
#23 = FACE_OUTER_BOUND ( 'NONE', #39, .T. ) ;
#24 = ORIENTED_EDGE ( 'NONE', *, *, #1479, .T. ) ;
#25 = DIRECTION ( 'NONE',  ( 1.140155244611192031E-31, 1.000000000000000000, 2.049642507000289605E-16 ) ) ;
#26 = CARTESIAN_POINT ( 'NONE',  ( 14.61221363986586752, 77.50000000000000000, 13.36332643980367152 ) ) ;
#27 = VERTEX_POINT ( 'NONE', #1988 ) ;
#28 = FACE_OUTER_BOUND ( 'NONE', #1680, .T. ) ;
#29 = ORIENTED_EDGE ( 'NONE', *, *, #1866, .F. ) ;
#30 = VECTOR ( 'NONE', #103, 1000.000000000000000 ) ;
#31 = DIRECTION ( 'NONE',  ( -2.636779683487788947E-14, 0.000000000000000000, -1.000000000000000000 ) ) ;
#32 = ADVANCED_FACE ( 'NONE', ( #854 ), #2172, .T. ) ;
#33 = CARTESIAN_POINT ( 'NONE',  ( 6.499999999999639400, 77.50000000000000000, -37.50000000000000000 ) ) ;
#34 = EDGE_CURVE ( 'NONE', #1183, #2329, #2319, .T. ) ;
#35 = CARTESIAN_POINT ( 'NONE',  ( 4.993750666299909824, 77.50000000000000000, -50.00624825336440438 ) ) ;
#36 = DIRECTION ( 'NONE',  ( 0.000000000000000000, -1.000000000000000000, 0.000000000000000000 ) ) ;
#37 = VERTEX_POINT ( 'NONE', #1451 ) ;
#38 = CARTESIAN_POINT ( 'NONE',  ( 0.1920809509425960016, 67.49999999999998579, 17.49999999999999645 ) ) ;
#39 = EDGE_LOOP ( 'NONE', ( #761, #2273, #1528, #1538 ) ) ;
#40 = VERTEX_POINT ( 'NONE', #525 ) ;
#41 = CARTESIAN_POINT ( 'NONE',  ( 29.00000043213350054, 87.50000000000000000, 6.020888629372611156 ) ) ;
#42 = EDGE_LOOP ( 'NONE', ( #245, #1617, #29, #868, #1267, #486 ) ) ;
#43 = VECTOR ( 'NONE', #1247, 1000.000000000000000 ) ;
#44 = FACE_OUTER_BOUND ( 'NONE', #641, .T. ) ;
#45 = EDGE_CURVE ( 'NONE', #1301, #2259, #904, .T. ) ;
#46 = EDGE_LOOP ( 'NONE', ( #296, #1381, #264, #1738 ) ) ;
#47 = CYLINDRICAL_SURFACE ( 'NONE', #280, 9.500000000000000000 ) ;
#48 = LINE ( 'NONE', #786, #980 ) ;
#49 = EDGE_CURVE ( 'NONE', #1319, #303, #1640, .T. ) ;
#50 = ORIENTED_EDGE ( 'NONE', *, *, #258, .T. ) ;
#51 = CARTESIAN_POINT ( 'NONE',  ( -2.999919049057417464, 67.49999999999998579, 9.307999999999999829 ) ) ;
#52 = VERTEX_POINT ( 'NONE', #750 ) ;
#53 = DIRECTION ( 'NONE',  ( -0.9999999999992533750, 0.000000000000000000, -1.221981178530897831E-06 ) ) ;
#54 = EDGE_LOOP ( 'NONE', ( #822, #645, #950, #612, #1351 ) ) ;
#55 = VERTEX_POINT ( 'NONE', #1309 ) ;
#56 = AXIS2_PLACEMENT_3D ( 'NONE', #286, #150, #885 ) ;
#57 = CARTESIAN_POINT ( 'NONE',  ( 14.61221363986586752, 77.50000000000000000, 8.364416843762860765 ) ) ;
#58 = AXIS2_PLACEMENT_3D ( 'NONE', #1705, #790, #2271 ) ;
#59 = FACE_BOUND ( 'NONE', #2145, .T. ) ;
#60 = ORIENTED_EDGE ( 'NONE', *, *, #2167, .F. ) ;
#61 = EDGE_CURVE ( 'NONE', #746, #1464, #467, .T. ) ;
#62 = CARTESIAN_POINT ( 'NONE',  ( 22.25000000000007816, 286.5000000000000000, -40.37498656453333012 ) ) ;
#63 = CARTESIAN_POINT ( 'NONE',  ( 22.25000000000000000, 228.9000000000000057, -31.09820586241760054 ) ) ;
#64 = ORIENTED_EDGE ( 'NONE', *, *, #1175, .F. ) ;
#65 = CIRCLE ( 'NONE', #734, 1.249999999998557820 ) ;
#66 = CARTESIAN_POINT ( 'NONE',  ( 4.993723288352939882, 87.50000000000000000, -30.99998264390969993 ) ) ;
#67 = VERTEX_POINT ( 'NONE', #365 ) ;
#68 = CARTESIAN_POINT ( 'NONE',  ( 29.00045842117000205, 87.50000000000000000, -39.00040400203170066 ) ) ;
#69 = ORIENTED_EDGE ( 'NONE', *, *, #1941, .T. ) ;
#70 = ORIENTED_EDGE ( 'NONE', *, *, #10, .F. ) ;
#71 = PLANE ( 'NONE',  #1627 ) ;
#72 = ORIENTED_EDGE ( 'NONE', *, *, #403, .F. ) ;
#73 = DIRECTION ( 'NONE',  ( 0.000000000000000000, -1.000000000000000000, -2.049642507000289605E-16 ) ) ;
#74 = EDGE_CURVE ( 'NONE', #1638, #37, #2046, .T. ) ;
#75 = CARTESIAN_POINT ( 'NONE',  ( -10.29999966807629974, 77.50000000000000000, -44.50000625979500057 ) ) ;
#76 = EDGE_CURVE ( 'NONE', #2248, #2256, #1818, .T. ) ;
#77 = VECTOR ( 'NONE', #1874, 1000.000000000000000 ) ;
#78 = DIRECTION ( 'NONE',  ( 0.000000000000000000, 0.000000000000000000, 1.000000000000000000 ) ) ;
#79 = VERTEX_POINT ( 'NONE', #147 ) ;
#80 = AXIS2_PLACEMENT_3D ( 'NONE', #1903, #1005, #1532 ) ;
#81 = VECTOR ( 'NONE', #1364, 1000.000000000000000 ) ;
#82 = LINE ( 'NONE', #1432, #1297 ) ;
#83 = ORIENTED_EDGE ( 'NONE', *, *, #1001, .F. ) ;
#84 = EDGE_LOOP ( 'NONE', ( #208, #133, #1886, #70 ) ) ;
#85 = FACE_OUTER_BOUND ( 'NONE', #2288, .T. ) ;
#86 = CARTESIAN_POINT ( 'NONE',  ( -3.000005396960307991, 286.5000000000000000, -44.62501216797569015 ) ) ;
#87 = ORIENTED_EDGE ( 'NONE', *, *, #137, .T. ) ;
#88 = CARTESIAN_POINT ( 'NONE',  ( -3.000000044703459601, 77.50000000000000000, 6.020888824057289312 ) ) ;
#89 = DIRECTION ( 'NONE',  ( -1.000000000000000000, 0.000000000000000000, 0.000000000000000000 ) ) ;
#90 = EDGE_CURVE ( 'NONE', #163, #442, #354, .T. ) ;
#91 = ORIENTED_EDGE ( 'NONE', *, *, #985, .F. ) ;
#92 = AXIS2_PLACEMENT_3D ( 'NONE', #2047, #1879, #570 ) ;
#93 = AXIS2_PLACEMENT_3D ( 'NONE', #1813, #347, #140 ) ;
#94 = CARTESIAN_POINT ( 'NONE',  ( 14.61221363986586752, 87.50000000000000000, 8.364416843762862541 ) ) ;
#95 = ORIENTED_EDGE ( 'NONE', *, *, #2099, .F. ) ;
#96 = EDGE_LOOP ( 'NONE', ( #1102, #1845, #1111, #271 ) ) ;
#97 = ORIENTED_EDGE ( 'NONE', *, *, #1335, .F. ) ;
#98 = CARTESIAN_POINT ( 'NONE',  ( 18.00000000000029843, 77.50000000000000000, -49.00000000000059686 ) ) ;
#99 = DIRECTION ( 'NONE',  ( 0.7071067811865480168, 0.000000000000000000, -0.7071067811865470176 ) ) ;
#100 = CARTESIAN_POINT ( 'NONE',  ( 3.750000000000469846, 228.9000000000000057, -31.09733148655180202 ) ) ;
#101 = CARTESIAN_POINT ( 'NONE',  ( 18.00000000000029843, 228.9000000000000057, -36.00000000000139977 ) ) ;
#102 = DIRECTION ( 'NONE',  ( -3.688039094290997168E-08, 0.000000000000000000, 0.9999999999999993339 ) ) ;
#103 = DIRECTION ( 'NONE',  ( 0.000000000000000000, -1.000000000000000000, 0.000000000000000000 ) ) ;
#104 = VECTOR ( 'NONE', #848, 1000.000000000000000 ) ;
#105 = EDGE_CURVE ( 'NONE', #52, #1599, #1321, .T. ) ;
#106 = DIRECTION ( 'NONE',  ( 0.000000000000000000, 1.000000000000000000, 0.000000000000000000 ) ) ;
#107 = VECTOR ( 'NONE', #1325, 1000.000000000000000 ) ;
#108 = EDGE_LOOP ( 'NONE', ( #1667, #328 ) ) ;
#109 = EDGE_CURVE ( 'NONE', #2226, #1961, #1863, .T. ) ;
#110 = ORIENTED_EDGE ( 'NONE', *, *, #2262, .T. ) ;
#111 = CARTESIAN_POINT ( 'NONE',  ( 26.97949192431119769, 87.50000000000000000, 2.000000000000000000 ) ) ;
#112 = ORIENTED_EDGE ( 'NONE', *, *, #721, .F. ) ;
#113 = CARTESIAN_POINT ( 'NONE',  ( 36.30000102328989442, 67.50000000000000000, -32.37500352984369556 ) ) ;
#114 = CARTESIAN_POINT ( 'NONE',  ( -3.000005396960307991, 286.5000000000000000, -44.62501216797569015 ) ) ;
#115 = DIRECTION ( 'NONE',  ( 0.000000000000000000, 0.000000000000000000, 1.000000000000000000 ) ) ;
#116 = CARTESIAN_POINT ( 'NONE',  ( 7.999999999999690026, 77.50000000000000000, -48.99999999999909761 ) ) ;
#117 = CARTESIAN_POINT ( 'NONE',  ( 36.29999705292313905, 77.50000000000000000, 3.837983717968839414 ) ) ;
#118 = CIRCLE ( 'NONE', #1718, 2.124999999999880096 ) ;
#119 = ORIENTED_EDGE ( 'NONE', *, *, #1246, .T. ) ;
#120 = ORIENTED_EDGE ( 'NONE', *, *, #1984, .F. ) ;
#121 = ORIENTED_EDGE ( 'NONE', *, *, #1750, .T. ) ;
#122 = FACE_OUTER_BOUND ( 'NONE', #1313, .T. ) ;
#123 = CARTESIAN_POINT ( 'NONE',  ( -2.999999940393639708, 87.50000000000000000, -50.00625469643669874 ) ) ;
#124 = EDGE_CURVE ( 'NONE', #2213, #1949, #2185, .T. ) ;
#125 = AXIS2_PLACEMENT_3D ( 'NONE', #1990, #322, #149 ) ;
#126 = DIRECTION ( 'NONE',  ( -3.014299720074920036E-17, 0.000000000000000000, 1.000000000000000000 ) ) ;
#127 = VERTEX_POINT ( 'NONE', #738 ) ;
#128 = CARTESIAN_POINT ( 'NONE',  ( -5.299999865763017404, 67.50000000000000000, -39.13979308004162050 ) ) ;
#129 = ORIENTED_EDGE ( 'NONE', *, *, #882, .T. ) ;
#130 = PLANE ( 'NONE',  #736 ) ;
#131 = CARTESIAN_POINT ( 'NONE',  ( -8.000000044703460489, 87.50000000000000000, 16.37898681621939900 ) ) ;
#132 = ORIENTED_EDGE ( 'NONE', *, *, #477, .F. ) ;
#133 = ORIENTED_EDGE ( 'NONE', *, *, #1234, .T. ) ;
#134 = CARTESIAN_POINT ( 'NONE',  ( 22.24999999999949907, 228.9000000000000057, -50.00000000000140687 ) ) ;
#135 = AXIS2_PLACEMENT_3D ( 'NONE', #1654, #751, #2394 ) ;
#136 = LINE ( 'NONE', #1118, #1607 ) ;
#137 = EDGE_CURVE ( 'NONE', #1054, #1358, #2023, .T. ) ;
#138 = CARTESIAN_POINT ( 'NONE',  ( 3.750000000000469846, 286.5000000000000000, -42.50000532348669680 ) ) ;
#139 = VERTEX_POINT ( 'NONE', #1687 ) ;
#140 = DIRECTION ( 'NONE',  ( -0.9999999999992533750, 0.000000000000000000, -1.221981178530897831E-06 ) ) ;
#141 = EDGE_CURVE ( 'NONE', #755, #1042, #1103, .T. ) ;
#142 = CARTESIAN_POINT ( 'NONE',  ( 18.82951665521056128, 82.50000000000004263, -15.22481090541625370 ) ) ;
#143 = DIRECTION ( 'NONE',  ( 0.7071067811865480168, 0.000000000000000000, -0.7071067811865470176 ) ) ;
#144 = DIRECTION ( 'NONE',  ( 1.216761526407840216E-15, 1.959217102279369698E-16, -1.000000000000000000 ) ) ;
#145 = AXIS2_PLACEMENT_3D ( 'NONE', #350, #1098, #168 ) ;
#146 = ORIENTED_EDGE ( 'NONE', *, *, #1040, .F. ) ;
#147 = CARTESIAN_POINT ( 'NONE',  ( 29.00046957425420047, 87.50000000000000000, -44.50000000000000000 ) ) ;
#148 = LINE ( 'NONE', #1989, #601 ) ;
#149 = DIRECTION ( 'NONE',  ( 1.000000000000000000, 0.000000000000000000, 1.040772934498655399E-14 ) ) ;
#150 = DIRECTION ( 'NONE',  ( -9.339063021444278218E-46, -1.000000000000000000, -2.049642507000289605E-16 ) ) ;
#151 = ORIENTED_EDGE ( 'NONE', *, *, #1014, .T. ) ;
#152 = FACE_OUTER_BOUND ( 'NONE', #1909, .T. ) ;
#153 = ORIENTED_EDGE ( 'NONE', *, *, #1952, .F. ) ;
#154 = EDGE_CURVE ( 'NONE', #2259, #1682, #378, .T. ) ;
#155 = DIRECTION ( 'NONE',  ( 0.000000000000000000, 0.000000000000000000, 1.000000000000000000 ) ) ;
#156 = EDGE_CURVE ( 'NONE', #2144, #1567, #343, .T. ) ;
#157 =( NAMED_UNIT ( * ) PLANE_ANGLE_UNIT ( ) SI_UNIT ( $, .RADIAN. ) );
#158 = MECHANICAL_DESIGN_GEOMETRIC_PRESENTATION_REPRESENTATION (  '', ( #874 ), #1685 ) ;
#159 = PLANE ( 'NONE',  #791 ) ;
#160 = DIRECTION ( 'NONE',  ( 0.000000000000000000, -1.000000000000000000, -2.049642507000289605E-16 ) ) ;
#161 = CARTESIAN_POINT ( 'NONE',  ( 4.993750666299919594, 67.50000000000000000, -50.00624825336440438 ) ) ;
#162 = CIRCLE ( 'NONE', #2252, 9.500000000000000000 ) ;
#163 = VERTEX_POINT ( 'NONE', #1828 ) ;
#164 = CARTESIAN_POINT ( 'NONE',  ( 14.61221363986586752, 77.50000000000000000, 10.86387164178326614 ) ) ;
#165 = ORIENTED_EDGE ( 'NONE', *, *, #270, .F. ) ;
#166 = VECTOR ( 'NONE', #1584, 1000.000000000000000 ) ;
#167 = APPLICATION_CONTEXT ( 'automotive_design' ) ;
#168 = DIRECTION ( 'NONE',  ( 1.000000000000000000, 0.000000000000000000, 0.000000000000000000 ) ) ;
#169 = EDGE_CURVE ( 'NONE', #1544, #2318, #162, .T. ) ;
#170 = DIRECTION ( 'NONE',  ( 0.000000000000000000, -1.000000000000000000, 0.000000000000000000 ) ) ;
#171 = ORIENTED_EDGE ( 'NONE', *, *, #2381, .T. ) ;
#172 = CARTESIAN_POINT ( 'NONE',  ( 24.00046957425420047, 67.50000000000000000, -40.79785669972180528 ) ) ;
#173 = LINE ( 'NONE', #184, #333 ) ;
#174 = CARTESIAN_POINT ( 'NONE',  ( -8.000000044703460489, 87.50000000000000000, 13.40019263237490144 ) ) ;
#175 = EDGE_LOOP ( 'NONE', ( #529, #805, #1502, #1757 ) ) ;
#176 = CIRCLE ( 'NONE', #1076, 4.999999999999997335 ) ;
#177 = DIRECTION ( 'NONE',  ( 1.606111199752450005E-31, -1.000000000000000000, -1.959217102279369698E-16 ) ) ;
#178 = AXIS2_PLACEMENT_3D ( 'NONE', #2141, #1036, #2324 ) ;
#179 = LINE ( 'NONE', #1673, #1821 ) ;
#180 = DIRECTION ( 'NONE',  ( 0.7071067811865480168, 0.000000000000000000, 0.7071067811865470176 ) ) ;
#181 = ADVANCED_FACE ( 'NONE', ( #386, #535 ), #159, .T. ) ;
#182 = AXIS2_PLACEMENT_3D ( 'NONE', #2106, #1168, #1910 ) ;
#183 = CARTESIAN_POINT ( 'NONE',  ( 29.00046957425429994, 67.50000000000000000, -49.99952881642030178 ) ) ;
#184 = CARTESIAN_POINT ( 'NONE',  ( -10.29999966807629974, 67.50000000000000000, -44.50000625979500057 ) ) ;
#185 = CARTESIAN_POINT ( 'NONE',  ( 25.80791904905739997, 67.49999999999998579, 12.49999999999999822 ) ) ;
#186 = ORIENTED_EDGE ( 'NONE', *, *, #124, .F. ) ;
#187 = EDGE_CURVE ( 'NONE', #1867, #40, #1460, .T. ) ;
#188 = ORIENTED_EDGE ( 'NONE', *, *, #336, .F. ) ;
#189 = ORIENTED_EDGE ( 'NONE', *, *, #1372, .F. ) ;
#190 = CARTESIAN_POINT ( 'NONE',  ( 4.993750666299919594, 77.50000000000000000, -50.00624825336440438 ) ) ;
#191 = DIRECTION ( 'NONE',  ( -0.000000000000000000, -1.000000000000000000, -0.000000000000000000 ) ) ;
#192 = SURFACE_STYLE_FILL_AREA ( #1447 ) ;
#193 = EDGE_LOOP ( 'NONE', ( #774, #1199, #732, #407 ) ) ;
#194 = CARTESIAN_POINT ( 'NONE',  ( 29.00046957425429994, 87.50000000000000000, -49.99952881642030178 ) ) ;
#195 = FACE_BOUND ( 'NONE', #2400, .T. ) ;
#196 = CARTESIAN_POINT ( 'NONE',  ( 20.40000000000090097, 228.9000000000000057, -51.25000000000000000 ) ) ;
#197 = VECTOR ( 'NONE', #2161, 1000.000000000000000 ) ;
#198 = VERTEX_POINT ( 'NONE', #172 ) ;
#199 = ADVANCED_FACE ( 'NONE', ( #928 ), #1851, .T. ) ;
#200 = ORIENTED_EDGE ( 'NONE', *, *, #61, .T. ) ;
#201 = CARTESIAN_POINT ( 'NONE',  ( 6.499999999999639400, 87.50000000000000000, -37.50000000000000000 ) ) ;
#202 = VECTOR ( 'NONE', #1959, 1000.000000000000000 ) ;
#203 = AXIS2_PLACEMENT_3D ( 'NONE', #206, #437, #1711 ) ;
#204 = VECTOR ( 'NONE', #356, 1000.000000000000000 ) ;
#205 = CARTESIAN_POINT ( 'NONE',  ( 20.99999953061340108, 77.50000000000000000, -49.99952881642030178 ) ) ;
#206 = CARTESIAN_POINT ( 'NONE',  ( 4.999999999998990141, 228.9000000000000057, -51.24999999999920419 ) ) ;
#207 = FACE_OUTER_BOUND ( 'NONE', #1169, .T. ) ;
#208 = ORIENTED_EDGE ( 'NONE', *, *, #141, .T. ) ;
#209 = CARTESIAN_POINT ( 'NONE',  ( -10.30000510331353958, 67.50000000000000000, -39.13979815003406770 ) ) ;
#210 = ORIENTED_EDGE ( 'NONE', *, *, #1825, .F. ) ;
#211 = LINE ( 'NONE', #2075, #926 ) ;
#212 = ADVANCED_FACE ( 'NONE', ( #1906 ), #1918, .T. ) ;
#213 = AXIS2_PLACEMENT_3D ( 'NONE', #1266, #2373, #699 ) ;
#214 = EDGE_CURVE ( 'NONE', #754, #849, #250, .T. ) ;
#215 = DIRECTION ( 'NONE',  ( 0.9999999999994859667, 0.000000000000000000, 1.013997426764959830E-06 ) ) ;
#216 = ORIENTED_EDGE ( 'NONE', *, *, #1570, .T. ) ;
#217 = CARTESIAN_POINT ( 'NONE',  ( 4.993723288352939882, 87.50000000000000000, -30.99998264390969993 ) ) ;
#218 = CARTESIAN_POINT ( 'NONE',  ( -3.000005396960307547, 286.5000000000000000, -44.62501216797569015 ) ) ;
#219 = DIRECTION ( 'NONE',  ( 0.000000000000000000, 3.052913791265239729E-49, -1.000000000000000000 ) ) ;
#220 = VERTEX_POINT ( 'NONE', #1163 ) ;
#221 = ORIENTED_EDGE ( 'NONE', *, *, #34, .F. ) ;
#222 = ORIENTED_EDGE ( 'NONE', *, *, #1277, .T. ) ;
#223 = VECTOR ( 'NONE', #1846, 1000.000000000000000 ) ;
#224 = CARTESIAN_POINT ( 'NONE',  ( 18.00000000000029843, 228.9000000000000057, -37.50000000000000000 ) ) ;
#225 = EDGE_CURVE ( 'NONE', #746, #531, #820, .T. ) ;
#226 = DIRECTION ( 'NONE',  ( 0.000000000000000000, -1.000000000000000000, 0.000000000000000000 ) ) ;
#227 = EDGE_CURVE ( 'NONE', #2378, #2144, #579, .T. ) ;
#228 = ORIENTED_EDGE ( 'NONE', *, *, #474, .T. ) ;
#229 = DIRECTION ( 'NONE',  ( 0.000000000000000000, 1.000000000000000000, 0.000000000000000000 ) ) ;
#230 = EDGE_LOOP ( 'NONE', ( #586, #1913, #1151, #821 ) ) ;
#231 = CARTESIAN_POINT ( 'NONE',  ( 2.000000059604639890, 77.50000000000000000, -50.00625122375109299 ) ) ;
#232 = ORIENTED_EDGE ( 'NONE', *, *, #866, .T. ) ;
#233 = CARTESIAN_POINT ( 'NONE',  ( 15.44999999999925855, 77.50000000000000000, -20.18251876057970406 ) ) ;
#234 = EDGE_LOOP ( 'NONE', ( #1327, #921, #1029, #1293 ) ) ;
#235 = LINE ( 'NONE', #2261, #602 ) ;
#236 = ORIENTED_EDGE ( 'NONE', *, *, #1052, .T. ) ;
#237 = VECTOR ( 'NONE', #1653, 1000.000000000000000 ) ;
#238 = ADVANCED_FACE ( 'NONE', ( #999 ), #1176, .F. ) ;
#239 = CARTESIAN_POINT ( 'NONE',  ( -0.9794919243112131246, 87.50000000000000000, 2.000000000000000000 ) ) ;
#240 = AXIS2_PLACEMENT_3D ( 'NONE', #2002, #1279, #2211 ) ;
#241 = ORIENTED_EDGE ( 'NONE', *, *, #2351, .F. ) ;
#242 = ADVANCED_FACE ( 'NONE', ( #59, #1557 ), #962, .T. ) ;
#243 = DIRECTION ( 'NONE',  ( -1.000000000000000000, -1.606111199752450005E-31, 0.000000000000000000 ) ) ;
#244 = LINE ( 'NONE', #1865, #1469 ) ;
#245 = ORIENTED_EDGE ( 'NONE', *, *, #528, .F. ) ;
#246 = PLANE ( 'NONE',  #1426 ) ;
#247 = LINE ( 'NONE', #1328, #966 ) ;
#248 = VECTOR ( 'NONE', #1092, 1000.000000000000000 ) ;
#249 = FACE_OUTER_BOUND ( 'NONE', #294, .T. ) ;
#250 = LINE ( 'NONE', #1700, #876 ) ;
#251 = CARTESIAN_POINT ( 'NONE',  ( 7.999999999999699796, 228.9000000000000057, -37.50000000000000000 ) ) ;
#252 = EDGE_CURVE ( 'NONE', #942, #1225, #1187, .T. ) ;
#253 = VERTEX_POINT ( 'NONE', #618 ) ;
#254 = PRODUCT ( 'upper_shell', 'upper_shell', '', ( #809 ) ) ;
#255 = VERTEX_POINT ( 'NONE', #775 ) ;
#256 = PLANE ( 'NONE',  #1008 ) ;
#257 = CARTESIAN_POINT ( 'NONE',  ( 14.61221363986586752, 77.50000000000000000, 10.86387164178326614 ) ) ;
#258 = EDGE_CURVE ( 'NONE', #683, #754, #605, .T. ) ;
#259 = AXIS2_PLACEMENT_3D ( 'NONE', #233, #191, #460 ) ;
#260 = AXIS2_PLACEMENT_3D ( 'NONE', #332, #487, #2001 ) ;
#261 = CARTESIAN_POINT ( 'NONE',  ( 13.00022923359779981, 228.9000000000000057, -44.49997452168199885 ) ) ;
#262 = DIRECTION ( 'NONE',  ( -0.7071067811865480168, 1.385375698838397857E-16, -0.7071067811865470176 ) ) ;
#263 = ORIENTED_EDGE ( 'NONE', *, *, #2258, .F. ) ;
#264 = ORIENTED_EDGE ( 'NONE', *, *, #1553, .F. ) ;
#265 = EDGE_CURVE ( 'NONE', #1664, #1767, #550, .T. ) ;
#266 = ORIENTED_EDGE ( 'NONE', *, *, #1632, .T. ) ;
#267 = DIRECTION ( 'NONE',  ( 0.000000000000000000, 1.000000000000000000, 0.000000000000000000 ) ) ;
#268 = ORIENTED_EDGE ( 'NONE', *, *, #137, .F. ) ;
#269 = DIRECTION ( 'NONE',  ( -0.9897433186107854608, 0.000000000000000000, 0.1428571428571540347 ) ) ;
#270 = EDGE_CURVE ( 'NONE', #398, #2378, #1920, .T. ) ;
#271 = ORIENTED_EDGE ( 'NONE', *, *, #1849, .T. ) ;
#272 = CARTESIAN_POINT ( 'NONE',  ( 7.999999999999690026, 228.9000000000000057, -48.99999999999909761 ) ) ;
#273 = ORIENTED_EDGE ( 'NONE', *, *, #1495, .F. ) ;
#274 = VECTOR ( 'NONE', #1222, 1000.000000000000000 ) ;
#275 = CARTESIAN_POINT ( 'NONE',  ( 6.500000000001190159, 228.9000000000000057, -47.49999999989000088 ) ) ;
#276 = VECTOR ( 'NONE', #2208, 1000.000000000000000 ) ;
#277 = VERTEX_POINT ( 'NONE', #1375 ) ;
#278 = FACE_OUTER_BOUND ( 'NONE', #1884, .T. ) ;
#279 = EDGE_LOOP ( 'NONE', ( #188, #189, #2036, #1367 ) ) ;
#280 = AXIS2_PLACEMENT_3D ( 'NONE', #1355, #2112, #794 ) ;
#281 = VECTOR ( 'NONE', #1951, 1000.000000000000000 ) ;
#282 = FACE_OUTER_BOUND ( 'NONE', #84, .T. ) ;
#283 = CARTESIAN_POINT ( 'NONE',  ( -5.300042960653654767, 67.49999999999998579, 3.360206919936538750 ) ) ;
#284 = ORIENTED_EDGE ( 'NONE', *, *, #76, .F. ) ;
#285 = CARTESIAN_POINT ( 'NONE',  ( 28.99991904905740014, 128.5999999999999943, 9.307999999999999829 ) ) ;
#286 = CARTESIAN_POINT ( 'NONE',  ( 20.99999953061340108, 77.50000000000000000, -49.99952881642030178 ) ) ;
#287 = CARTESIAN_POINT ( 'NONE',  ( -2.999999940394989739, 87.50000000000000000, -44.49999885761410212 ) ) ;
#288 = ADVANCED_FACE ( 'NONE', ( #1548 ), #47, .T. ) ;
#289 = FACE_OUTER_BOUND ( 'NONE', #1477, .T. ) ;
#290 = EDGE_CURVE ( 'NONE', #79, #303, #784, .T. ) ;
#291 = CIRCLE ( 'NONE', #2189, 2.125000000000973444 ) ;
#292 = CIRCLE ( 'NONE', #2264, 1.499999999998558042 ) ;
#293 = FACE_OUTER_BOUND ( 'NONE', #657, .T. ) ;
#294 = EDGE_LOOP ( 'NONE', ( #405, #2205, #811, #1631 ) ) ;
#295 = ORIENTED_EDGE ( 'NONE', *, *, #1927, .T. ) ;
#296 = ORIENTED_EDGE ( 'NONE', *, *, #22, .F. ) ;
#297 = DIRECTION ( 'NONE',  ( -1.013997426669781490E-06, 0.000000000000000000, 0.9999999999994858557 ) ) ;
#298 = LINE ( 'NONE', #1591, #1146 ) ;
#299 = CARTESIAN_POINT ( 'NONE',  ( 36.29999999999999716, 67.50000000000000000, -35.50000229217099701 ) ) ;
#300 = VECTOR ( 'NONE', #1263, 1000.000000000000000 ) ;
#301 = CARTESIAN_POINT ( 'NONE',  ( -2.999999940394240117, 87.50000000000000000, -50.00625469643669874 ) ) ;
#302 = DIRECTION ( 'NONE',  ( -0.9999999999994858557, 0.000000000000000000, -1.013997426764959618E-06 ) ) ;
#303 = VERTEX_POINT ( 'NONE', #2102 ) ;
#304 = ADVANCED_FACE ( 'NONE', ( #2267 ), #1332, .T. ) ;
#305 = LINE ( 'NONE', #1208, #43 ) ;
#306 = ORIENTED_EDGE ( 'NONE', *, *, #538, .T. ) ;
#307 = ORIENTED_EDGE ( 'NONE', *, *, #1900, .T. ) ;
#308 = ORIENTED_EDGE ( 'NONE', *, *, #491, .T. ) ;
#309 = CARTESIAN_POINT ( 'NONE',  ( 27.36144456897879707, 77.50000000000000000, -44.49972745446670075 ) ) ;
#310 = DIRECTION ( 'NONE',  ( 3.274530163146411011E-07, 0.000000000000000000, 0.9999999999999463762 ) ) ;
#311 = CARTESIAN_POINT ( 'NONE',  ( -5.300000207452180589, 67.50000000000000000, -29.87500064737360006 ) ) ;
#312 = VERTEX_POINT ( 'NONE', #217 ) ;
#313 = FACE_OUTER_BOUND ( 'NONE', #2100, .T. ) ;
#314 = DIRECTION ( 'NONE',  ( 0.000000000000000000, -1.000000000000000000, 0.000000000000000000 ) ) ;
#315 = CARTESIAN_POINT ( 'NONE',  ( 29.00046957425429994, 291.8999999999999773, -49.99952881642030178 ) ) ;
#316 = EDGE_CURVE ( 'NONE', #824, #1805, #2079, .T. ) ;
#317 = ORIENTED_EDGE ( 'NONE', *, *, #911, .F. ) ;
#318 = CLOSED_SHELL ( 'NONE', ( #2062, #1307, #770, #654, #959, #1352, #1649, #1407, #32, #1583, #1838, #1433, #1669, #1507, #5, #2233, #2212, #349, #1930, #739, #970, #611, #1024, #642, #2332, #1158, #758, #1510, #1347, #1137, #1914, #1099, #2019, #1130, #1572, #1807, #288, #1539, #1112, #181, #304, #1292, #1791, #242, #898, #1615, #639, #1197, #1778, #212, #364, #971, #1776, #1710, #1681, #2230, #2243, #940, #693, #394, #238, #1887, #2302, #2089, #783, #1338, #1056, #1871, #199, #459, #1762 ) ) ;
#319 = ORIENTED_EDGE ( 'NONE', *, *, #675, .T. ) ;
#320 = DIRECTION ( 'NONE',  ( -1.013997426957899747E-06, -1.959217102278359217E-16, 0.9999999999994858557 ) ) ;
#321 = ORIENTED_EDGE ( 'NONE', *, *, #796, .F. ) ;
#322 = DIRECTION ( 'NONE',  ( 0.000000000000000000, 1.000000000000000000, 0.000000000000000000 ) ) ;
#323 = DIRECTION ( 'NONE',  ( 0.000000000000000000, 0.000000000000000000, 1.000000000000000000 ) ) ;
#324 = ORIENTED_EDGE ( 'NONE', *, *, #1040, .T. ) ;
#325 = DIRECTION ( 'NONE',  ( 0.4490018906271652788, 0.000000000000000000, 0.8935308065272462574 ) ) ;
#326 = FACE_OUTER_BOUND ( 'NONE', #539, .T. ) ;
#327 = CARTESIAN_POINT ( 'NONE',  ( -5.299999865763015627, 77.50000000000000000, -39.13979308004163471 ) ) ;
#328 = ORIENTED_EDGE ( 'NONE', *, *, #796, .T. ) ;
#329 = AXIS2_PLACEMENT_3D ( 'NONE', #897, #1304, #337 ) ;
#330 = ORIENTED_EDGE ( 'NONE', *, *, #882, .F. ) ;
#331 = EDGE_CURVE ( 'NONE', #2248, #581, #1341, .T. ) ;
#332 = CARTESIAN_POINT ( 'NONE',  ( 34.00000043213349699, 77.50000000000000000, 16.37898642878939981 ) ) ;
#333 = VECTOR ( 'NONE', #1310, 1000.000000000000114 ) ;
#334 = DIRECTION ( 'NONE',  ( -1.216761526407840216E-15, 0.000000000000000000, 1.000000000000000000 ) ) ;
#335 = FACE_OUTER_BOUND ( 'NONE', #1422, .T. ) ;
#336 = EDGE_CURVE ( 'NONE', #14, #709, #1235, .T. ) ;
#337 = DIRECTION ( 'NONE',  ( -0.9897433186107844616, 0.000000000000000000, 0.1428571428571610846 ) ) ;
#338 = ORIENTED_EDGE ( 'NONE', *, *, #553, .F. ) ;
#339 = CARTESIAN_POINT ( 'NONE',  ( 27.87898686092290035, 77.50000000000000000, 22.50000000000000000 ) ) ;
#340 = CARTESIAN_POINT ( 'NONE',  ( 29.00000043213350054, 67.49999999999998579, 9.307918616923936739 ) ) ;
#341 = VECTOR ( 'NONE', #1087, 1000.000000000000000 ) ;
#342 = ORIENTED_EDGE ( 'NONE', *, *, #801, .T. ) ;
#343 = LINE ( 'NONE', #1091, #1141 ) ;
#344 = CARTESIAN_POINT ( 'NONE',  ( -3.000000044703459601, 87.50000000000000000, 6.020888824057319511 ) ) ;
#345 = FACE_BOUND ( 'NONE', #1062, .T. ) ;
#346 = ORIENTED_EDGE ( 'NONE', *, *, #187, .T. ) ;
#347 = DIRECTION ( 'NONE',  ( 0.000000000000000000, 1.000000000000000000, 0.000000000000000000 ) ) ;
#348 = VERTEX_POINT ( 'NONE', #1053 ) ;
#349 = ADVANCED_FACE ( 'NONE', ( #446 ), #865, .F. ) ;
#350 = CARTESIAN_POINT ( 'NONE',  ( 13.00022923359779981, 291.8999999999999773, -44.54866517330650311 ) ) ;
#351 = LINE ( 'NONE', #935, #1797 ) ;
#352 = ORIENTED_EDGE ( 'NONE', *, *, #2015, .T. ) ;
#353 = VECTOR ( 'NONE', #468, 1000.000000000000000 ) ;
#354 = LINE ( 'NONE', #194, #1331 ) ;
#355 = CARTESIAN_POINT ( 'NONE',  ( 27.87898686092290035, 87.50000000000000000, 22.50000000000000000 ) ) ;
#356 = DIRECTION ( 'NONE',  ( -1.000000000000000000, 0.000000000000000000, 7.888609052210119806E-31 ) ) ;
#357 = ORIENTED_EDGE ( 'NONE', *, *, #2135, .F. ) ;
#358 = AXIS2_PLACEMENT_3D ( 'NONE', #1721, #1742, #426 ) ;
#359 = CARTESIAN_POINT ( 'NONE',  ( 13.00000000000000000, 67.50000000000000000, -20.24999943003059855 ) ) ;
#360 = ORIENTED_EDGE ( 'NONE', *, *, #1217, .T. ) ;
#361 = DIRECTION ( 'NONE',  ( 0.000000000000000000, 0.000000000000000000, 1.000000000000000000 ) ) ;
#362 = EDGE_CURVE ( 'NONE', #2166, #220, #1017, .T. ) ;
#363 = LINE ( 'NONE', #533, #2369 ) ;
#364 = ADVANCED_FACE ( 'NONE', ( #293 ), #1387, .T. ) ;
#365 = CARTESIAN_POINT ( 'NONE',  ( 27.30923938676749785, 77.50000000000000000, -39.50000000000000000 ) ) ;
#366 = LINE ( 'NONE', #536, #1193 ) ;
#367 = EDGE_LOOP ( 'NONE', ( #992, #95, #435, #268 ) ) ;
#368 = DIRECTION ( 'NONE',  ( -1.000000000000000000, 0.000000000000000000, 3.750086511940739506E-14 ) ) ;
#369 = ORIENTED_EDGE ( 'NONE', *, *, #265, .T. ) ;
#370 = AXIS2_PLACEMENT_3D ( 'NONE', #2281, #1350, #53 ) ;
#371 = VERTEX_POINT ( 'NONE', #131 ) ;
#372 = DIRECTION ( 'NONE',  ( -4.625929269276082804E-15, 0.000000000000000000, -1.000000000000000000 ) ) ;
#373 = DIRECTION ( 'NONE',  ( -8.436869267507561019E-33, -1.000000000000000000, 6.217122771415110451E-43 ) ) ;
#374 = CARTESIAN_POINT ( 'NONE',  ( 3.750000000000460076, 291.8999999999999773, -50.00000000000070344 ) ) ;
#375 = ORIENTED_EDGE ( 'NONE', *, *, #105, .F. ) ;
#376 = EDGE_CURVE ( 'NONE', #1623, #741, #2132, .T. ) ;
#377 = AXIS2_PLACEMENT_3D ( 'NONE', #1763, #302, #466 ) ;
#378 = LINE ( 'NONE', #2382, #1647 ) ;
#379 = PLANE ( 'NONE',  #1964 ) ;
#380 = EDGE_LOOP ( 'NONE', ( #1746, #597, #484, #2016 ) ) ;
#381 = CARTESIAN_POINT ( 'NONE',  ( -1.309513680005120140, 77.50000000000000000, -39.49999714346280655 ) ) ;
#382 = CIRCLE ( 'NONE', #1860, 5.999999999999996447 ) ;
#383 = ORIENTED_EDGE ( 'NONE', *, *, #583, .T. ) ;
#384 = DIRECTION ( 'NONE',  ( 1.089795631795909952E-32, -1.000000000000000000, -2.465190328895894987E-32 ) ) ;
#385 = DIRECTION ( 'NONE',  ( -1.013997426669781490E-06, 0.000000000000000000, 0.9999999999994858557 ) ) ;
#386 = FACE_BOUND ( 'NONE', #108, .T. ) ;
#387 = FACE_OUTER_BOUND ( 'NONE', #658, .T. ) ;
#388 = ORIENTED_EDGE ( 'NONE', *, *, #45, .F. ) ;
#389 = LINE ( 'NONE', #196, #575 ) ;
#390 = EDGE_CURVE ( 'NONE', #1439, #730, #835, .T. ) ;
#391 = CIRCLE ( 'NONE', #1755, 1.500000000000060396 ) ;
#392 = ORIENTED_EDGE ( 'NONE', *, *, #1493, .T. ) ;
#393 = DIRECTION ( 'NONE',  ( -1.000000000000000000, 0.000000000000000000, 6.661338147824129757E-16 ) ) ;
#394 = ADVANCED_FACE ( 'NONE', ( #2340 ), #1622, .F. ) ;
#395 = PRODUCT_DEFINITION_CONTEXT ( 'detailed design', #167, 'design' ) ;
#396 = AXIS2_PLACEMENT_3D ( 'NONE', #2334, #825, #674 ) ;
#397 = FACE_OUTER_BOUND ( 'NONE', #594, .T. ) ;
#398 = VERTEX_POINT ( 'NONE', #1030 ) ;
#399 = DIRECTION ( 'NONE',  ( -2.027994854305798874E-06, 0.000000000000000000, 0.9999999999979437559 ) ) ;
#400 = LINE ( 'NONE', #785, #2385 ) ;
#401 = ORIENTED_EDGE ( 'NONE', *, *, #1072, .T. ) ;
#402 = CARTESIAN_POINT ( 'NONE',  ( 29.00000043213350054, 77.50000000000000000, 9.307918616923920752 ) ) ;
#403 = EDGE_CURVE ( 'NONE', #919, #1719, #2354, .T. ) ;
#404 = ORIENTED_EDGE ( 'NONE', *, *, #568, .F. ) ;
#405 = ORIENTED_EDGE ( 'NONE', *, *, #1097, .F. ) ;
#406 = LINE ( 'NONE', #983, #679 ) ;
#407 = ORIENTED_EDGE ( 'NONE', *, *, #2188, .T. ) ;
#408 = VECTOR ( 'NONE', #2059, 1000.000000000000000 ) ;
#409 = CIRCLE ( 'NONE', #1811, 2.125000000000973444 ) ;
#410 = EDGE_CURVE ( 'NONE', #2124, #519, #1609, .T. ) ;
#411 = VECTOR ( 'NONE', #1416, 1000.000000000000000 ) ;
#412 = CARTESIAN_POINT ( 'NONE',  ( 3.750000000000460076, 228.9000000000000057, -50.00000000000070344 ) ) ;
#413 = CARTESIAN_POINT ( 'NONE',  ( 29.00000043213350054, 87.50000000000000000, 9.307918616923940291 ) ) ;
#414 = ORIENTED_EDGE ( 'NONE', *, *, #2167, .T. ) ;
#415 = DIRECTION ( 'NONE',  ( 1.156301146650906670E-15, 0.000000000000000000, 1.000000000000000000 ) ) ;
#416 = ORIENTED_EDGE ( 'NONE', *, *, #1374, .T. ) ;
#417 = DIRECTION ( 'NONE',  ( -1.577721810442049754E-31, -1.000000000000000000, -2.049642507000289605E-16 ) ) ;
#418 = ORIENTED_EDGE ( 'NONE', *, *, #615, .F. ) ;
#419 = VECTOR ( 'NONE', #2391, 1000.000000000000000 ) ;
#420 = DIRECTION ( 'NONE',  ( -1.013997427276269786E-06, 0.000000000000000000, 0.9999999999994858557 ) ) ;
#421 = ORIENTED_EDGE ( 'NONE', *, *, #1730, .F. ) ;
#422 = VECTOR ( 'NONE', #1558, 1000.000000000000000 ) ;
#423 = EDGE_CURVE ( 'NONE', #1564, #255, #2314, .T. ) ;
#424 = LINE ( 'NONE', #1915, #584 ) ;
#425 = EDGE_LOOP ( 'NONE', ( #404, #700, #2026, #522 ) ) ;
#426 = DIRECTION ( 'NONE',  ( -1.013997426772199632E-06, 0.000000000000000000, 0.9999999999994858557 ) ) ;
#427 = DIRECTION ( 'NONE',  ( 1.606111199752450005E-31, -1.000000000000000000, -1.959217102279369698E-16 ) ) ;
#428 = ORIENTED_EDGE ( 'NONE', *, *, #1173, .T. ) ;
#429 = DIRECTION ( 'NONE',  ( 0.9999999999994859667, -0.000000000000000000, 1.013997426771979827E-06 ) ) ;
#430 = FACE_OUTER_BOUND ( 'NONE', #1261, .T. ) ;
#431 = VERTEX_POINT ( 'NONE', #1573 ) ;
#432 = AXIS2_PLACEMENT_3D ( 'NONE', #807, #972, #2263 ) ;
#433 = EDGE_CURVE ( 'NONE', #1464, #2329, #1935, .T. ) ;
#434 = LINE ( 'NONE', #66, #1442 ) ;
#435 = ORIENTED_EDGE ( 'NONE', *, *, #494, .T. ) ;
#436 = EDGE_CURVE ( 'NONE', #1203, #562, #305, .T. ) ;
#437 = DIRECTION ( 'NONE',  ( 3.172065784642910061E-14, 0.000000000000000000, 1.000000000000000000 ) ) ;
#438 = ORIENTED_EDGE ( 'NONE', *, *, #1597, .T. ) ;
#439 = ORIENTED_EDGE ( 'NONE', *, *, #1419, .T. ) ;
#440 = DIRECTION ( 'NONE',  ( -7.888609052210119806E-31, 1.959217102279369698E-16, -1.000000000000000000 ) ) ;
#441 = DIRECTION ( 'NONE',  ( 0.9999999999994858557, 0.000000000000000000, 1.013997426764959618E-06 ) ) ;
#442 = VERTEX_POINT ( 'NONE', #315 ) ;
#443 = EDGE_LOOP ( 'NONE', ( #858, #416, #438, #306, #2342, #200, #1698, #307, #383, #2294, #1223, #879, #319, #462, #119, #450, #1303, #777 ) ) ;
#444 = AXIS2_PLACEMENT_3D ( 'NONE', #2140, #2347, #1218 ) ;
#445 = CARTESIAN_POINT ( 'NONE',  ( 18.00000000000029843, 87.50000000000000000, -49.00000000000059686 ) ) ;
#446 = FACE_OUTER_BOUND ( 'NONE', #175, .T. ) ;
#447 = EDGE_CURVE ( 'NONE', #1225, #2292, #82, .T. ) ;
#448 = ORIENTED_EDGE ( 'NONE', *, *, #1987, .T. ) ;
#449 = DIRECTION ( 'NONE',  ( -1.606111199752450005E-31, 1.000000000000000000, 1.959217102279369698E-16 ) ) ;
#450 = ORIENTED_EDGE ( 'NONE', *, *, #1695, .T. ) ;
#451 = DIRECTION ( 'NONE',  ( 0.000000000000000000, 1.000000000000000000, 0.000000000000000000 ) ) ;
#452 = ORIENTED_EDGE ( 'NONE', *, *, #729, .F. ) ;
#453 = CIRCLE ( 'NONE', #974, 9.500000000000000000 ) ;
#454 = CARTESIAN_POINT ( 'NONE',  ( 19.49999999999889866, 228.9000000000000057, -37.50000000011039702 ) ) ;
#455 = LINE ( 'NONE', #445, #30 ) ;
#456 = DIRECTION ( 'NONE',  ( 0.000000000000000000, 0.000000000000000000, -1.000000000000000000 ) ) ;
#457 = ORIENTED_EDGE ( 'NONE', *, *, #2316, .F. ) ;
#458 = ORIENTED_EDGE ( 'NONE', *, *, #1430, .T. ) ;
#459 = ADVANCED_FACE ( 'NONE', ( #278 ), #1765, .F. ) ;
#460 = DIRECTION ( 'NONE',  ( 0.000000000000000000, 0.000000000000000000, 1.000000000000000000 ) ) ;
#461 = LINE ( 'NONE', #2149, #281 ) ;
#462 = ORIENTED_EDGE ( 'NONE', *, *, #2202, .T. ) ;
#463 = PLANE ( 'NONE',  #444 ) ;
#464 = EDGE_CURVE ( 'NONE', #2269, #2318, #2303, .T. ) ;
#465 = CARTESIAN_POINT ( 'NONE',  ( 31.29667966274210400, 67.50000000000000000, -39.50000000000000000 ) ) ;
#466 = DIRECTION ( 'NONE',  ( -1.013997426873866455E-06, 0.000000000000000000, 0.9999999999994858557 ) ) ;
#467 = CIRCLE ( 'NONE', #512, 8.000470043640852680 ) ;
#468 = DIRECTION ( 'NONE',  ( 9.169740977663330499E-15, 0.000000000000000000, -1.000000000000000000 ) ) ;
#469 = ORIENTED_EDGE ( 'NONE', *, *, #2135, .T. ) ;
#470 = VERTEX_POINT ( 'NONE', #94 ) ;
#471 = ORIENTED_EDGE ( 'NONE', *, *, #1735, .F. ) ;
#472 = LINE ( 'NONE', #1950, #300 ) ;
#473 = CARTESIAN_POINT ( 'NONE',  ( 14.61221363986586752, 77.50000000000000000, 8.364416843762860765 ) ) ;
#474 = EDGE_CURVE ( 'NONE', #617, #398, #653, .T. ) ;
#475 = LINE ( 'NONE', #1787, #1114 ) ;
#476 = CARTESIAN_POINT ( 'NONE',  ( 2.000000059604639890, 77.50000000000000000, -40.79828314055789917 ) ) ;
#477 = EDGE_CURVE ( 'NONE', #1576, #2146, #2143, .T. ) ;
#478 = CARTESIAN_POINT ( 'NONE',  ( 20.99999953061340108, 77.50000000000000000, -52.99999886006120420 ) ) ;
#479 = ORIENTED_EDGE ( 'NONE', *, *, #1211, .T. ) ;
#480 = AXIS2_PLACEMENT_3D ( 'NONE', #1278, #1677, #1127 ) ;
#481 = ORIENTED_EDGE ( 'NONE', *, *, #1882, .F. ) ;
#482 = VECTOR ( 'NONE', #1693, 1000.000000000000000 ) ;
#483 = CARTESIAN_POINT ( 'NONE',  ( -0.9794919243112151230, 77.50000000000000000, 2.000000000000000000 ) ) ;
#484 = ORIENTED_EDGE ( 'NONE', *, *, #1277, .F. ) ;
#485 = ORIENTED_EDGE ( 'NONE', *, *, #772, .F. ) ;
#486 = ORIENTED_EDGE ( 'NONE', *, *, #403, .T. ) ;
#487 = DIRECTION ( 'NONE',  ( 0.7071067811865475727, 0.000000000000000000, 0.7071067811865475727 ) ) ;
#488 = CARTESIAN_POINT ( 'NONE',  ( 8.000000000110189191, 228.9000000000000057, -36.00000000000000000 ) ) ;
#489 = CARTESIAN_POINT ( 'NONE',  ( -3.000011107052739767, 291.8999999999999773, -38.99374301880279603 ) ) ;
#490 = DIRECTION ( 'NONE',  ( 0.000000000000000000, -1.000000000000000000, 0.000000000000000000 ) ) ;
#491 = EDGE_CURVE ( 'NONE', #496, #840, #1481, .T. ) ;
#492 = AXIS2_PLACEMENT_3D ( 'NONE', #798, #1359, #1494 ) ;
#493 = PLANE ( 'NONE',  #1162 ) ;
#494 = EDGE_CURVE ( 'NONE', #255, #1358, #363, .T. ) ;
#495 = DIRECTION ( 'NONE',  ( 7.888609052210119806E-31, -1.959217102279369698E-16, 1.000000000000000000 ) ) ;
#496 = VERTEX_POINT ( 'NONE', #2044 ) ;
#497 = DIRECTION ( 'NONE',  ( -1.013997426771979615E-06, 0.000000000000000000, 0.9999999999994858557 ) ) ;
#498 = DIRECTION ( 'NONE',  ( 0.7071067811865480168, 0.000000000000000000, 0.7071067811865470176 ) ) ;
#499 = VERTEX_POINT ( 'NONE', #1470 ) ;
#500 = CARTESIAN_POINT ( 'NONE',  ( 4.999999999999020339, 291.8999999999999773, -50.00000000000059686 ) ) ;
#501 = FACE_OUTER_BOUND ( 'NONE', #425, .T. ) ;
#502 = DIRECTION ( 'NONE',  ( -1.606111199752450443E-31, 1.000000000000000000, 1.959217102279370191E-16 ) ) ;
#503 = CARTESIAN_POINT ( 'NONE',  ( 36.29999705292313905, 87.50000000000000000, 3.837983717968822095 ) ) ;
#504 = CARTESIAN_POINT ( 'NONE',  ( 4.993739499638040868, 291.8999999999999773, -38.99373325058999740 ) ) ;
#505 = MANIFOLD_SOLID_BREP ( 'Stock-penetrolyzer_actuator_frame-1', #318 ) ;
#506 = EDGE_CURVE ( 'NONE', #1664, #1567, #2021, .T. ) ;
#507 = CIRCLE ( 'NONE', #1299, 1.249999999998557820 ) ;
#508 = CARTESIAN_POINT ( 'NONE',  ( 2.000000059604639890, 87.50000000000000000, -40.79828314055789917 ) ) ;
#509 = VECTOR ( 'NONE', #1637, 1000.000000000000000 ) ;
#510 = ORIENTED_EDGE ( 'NONE', *, *, #1450, .T. ) ;
#511 = EDGE_CURVE ( 'NONE', #1434, #655, #351, .T. ) ;
#512 = AXIS2_PLACEMENT_3D ( 'NONE', #1276, #15, #2370 ) ;
#513 = CARTESIAN_POINT ( 'NONE',  ( -3.000000044703459601, 77.50000000000000000, 9.307919004353930603 ) ) ;
#514 = CARTESIAN_POINT ( 'NONE',  ( 4.993750666299909824, 77.50000000000000000, -50.00624825336440438 ) ) ;
#515 = FACE_BOUND ( 'NONE', #2006, .T. ) ;
#516 = CIRCLE ( 'NONE', #1878, 4.499999999999999112 ) ;
#517 = LINE ( 'NONE', #1048, #1273 ) ;
#518 = DIRECTION ( 'NONE',  ( 1.000000000000000000, 0.000000000000000000, 9.690049268019630847E-15 ) ) ;
#519 = VERTEX_POINT ( 'NONE', #374 ) ;
#520 = FACE_OUTER_BOUND ( 'NONE', #1142, .T. ) ;
#521 = LINE ( 'NONE', #2220, #2101 ) ;
#522 = ORIENTED_EDGE ( 'NONE', *, *, #911, .T. ) ;
#523 = AXIS2_PLACEMENT_3D ( 'NONE', #1625, #1080, #1239 ) ;
#524 = AXIS2_PLACEMENT_3D ( 'NONE', #201, #393, #2250 ) ;
#525 = CARTESIAN_POINT ( 'NONE',  ( 22.25000000000000000, 291.8999999999999773, -31.09820586241760054 ) ) ;
#526 = DIRECTION ( 'NONE',  ( 0.000000000000000000, 1.000000000000000000, 0.000000000000000000 ) ) ;
#527 = LINE ( 'NONE', #1093, #1633 ) ;
#528 = EDGE_CURVE ( 'NONE', #1456, #1719, #1101, .T. ) ;
#529 = ORIENTED_EDGE ( 'NONE', *, *, #1372, .T. ) ;
#530 = DIRECTION ( 'NONE',  ( -8.680398282746253499E-16, 0.000000000000000000, -1.000000000000000000 ) ) ;
#531 = VERTEX_POINT ( 'NONE', #1662 ) ;
#532 = CARTESIAN_POINT ( 'NONE',  ( -3.000000044703459601, 77.50000000000000000, 14.30791900435390041 ) ) ;
#533 = CARTESIAN_POINT ( 'NONE',  ( -6.389479642123719216, 77.50000000000000000, 5.918439406933670099 ) ) ;
#534 = CIRCLE ( 'NONE', #492, 6.000000000000000000 ) ;
#535 = FACE_OUTER_BOUND ( 'NONE', #54, .T. ) ;
#536 = CARTESIAN_POINT ( 'NONE',  ( -2.999999940394989739, 87.50000000000000000, -44.49999885761410212 ) ) ;
#537 = CARTESIAN_POINT ( 'NONE',  ( 22.24999999999949907, 228.9000000000000057, -50.00000000000140687 ) ) ;
#538 = EDGE_CURVE ( 'NONE', #277, #79, #735, .T. ) ;
#539 = EDGE_LOOP ( 'NONE', ( #585, #4, #892, #7 ) ) ;
#540 = DIRECTION ( 'NONE',  ( 0.000000000000000000, -1.000000000000000000, 0.000000000000000000 ) ) ;
#541 = EDGE_CURVE ( 'NONE', #1948, #1190, #118, .T. ) ;
#542 = DIRECTION ( 'NONE',  ( 0.000000000000000000, 1.000000000000000000, 0.000000000000000000 ) ) ;
#543 = DIRECTION ( 'NONE',  ( 0.000000000000000000, 1.000000000000000000, 0.000000000000000000 ) ) ;
#544 = VECTOR ( 'NONE', #2327, 1000.000000000000000 ) ;
#545 = DIRECTION ( 'NONE',  ( -2.049642507000289605E-16, 1.000000000000000000, 0.000000000000000000 ) ) ;
#546 = LINE ( 'NONE', #558, #408 ) ;
#547 = CARTESIAN_POINT ( 'NONE',  ( 22.24999999999949907, 228.9000000000000057, -50.00000000000140687 ) ) ;
#548 = VECTOR ( 'NONE', #725, 1000.000000000000000 ) ;
#549 = ORIENTED_EDGE ( 'NONE', *, *, #1125, .F. ) ;
#550 = CIRCLE ( 'NONE', #2335, 5.000000000000001776 ) ;
#551 = DIRECTION ( 'NONE',  ( -1.000000000000000000, 0.000000000000000000, -2.454837864508209994E-13 ) ) ;
#552 = CIRCLE ( 'NONE', #628, 4.499999999999999112 ) ;
#553 = EDGE_CURVE ( 'NONE', #40, #531, #1255, .T. ) ;
#554 = CARTESIAN_POINT ( 'NONE',  ( 27.87898686092290035, 67.49999999999998579, 22.50000000000000000 ) ) ;
#555 = EDGE_CURVE ( 'NONE', #1682, #1434, #945, .T. ) ;
#556 = DIRECTION ( 'NONE',  ( -1.013997426873866455E-06, 0.000000000000000000, 0.9999999999994858557 ) ) ;
#557 = DIRECTION ( 'NONE',  ( 0.000000000000000000, -1.000000000000000000, 0.000000000000000000 ) ) ;
#558 = CARTESIAN_POINT ( 'NONE',  ( -2.999919049057420128, 77.50000000000000000, 9.307999999999999829 ) ) ;
#559 = ORIENTED_EDGE ( 'NONE', *, *, #675, .F. ) ;
#560 = LINE ( 'NONE', #1152, #1826 ) ;
#561 = VECTOR ( 'NONE', #498, 1000.000000000000000 ) ;
#562 = VERTEX_POINT ( 'NONE', #707 ) ;
#563 = FACE_OUTER_BOUND ( 'NONE', #856, .T. ) ;
#564 = CARTESIAN_POINT ( 'NONE',  ( 27.36144456897879707, 77.50000000000000000, -44.49972745446670075 ) ) ;
#565 = EDGE_CURVE ( 'NONE', #837, #1517, #521, .T. ) ;
#566 = CARTESIAN_POINT ( 'NONE',  ( -3.000000044703459601, 67.49999999999998579, 9.307919004353927050 ) ) ;
#567 = VECTOR ( 'NONE', #440, 1000.000000000000000 ) ;
#568 = EDGE_CURVE ( 'NONE', #37, #1639, #1258, .T. ) ;
#569 = DIRECTION ( 'NONE',  ( 0.000000000000000000, 0.000000000000000000, 1.000000000000000000 ) ) ;
#570 = DIRECTION ( 'NONE',  ( 0.000000000000000000, 0.000000000000000000, 1.000000000000000000 ) ) ;
#571 = ORIENTED_EDGE ( 'NONE', *, *, #225, .T. ) ;
#572 = FACE_OUTER_BOUND ( 'NONE', #380, .T. ) ;
#573 = EDGE_LOOP ( 'NONE', ( #457, #87, #979, #1659 ) ) ;
#574 = DIRECTION ( 'NONE',  ( -0.7071067811865480168, 0.000000000000000000, 0.7071067811865470176 ) ) ;
#575 = VECTOR ( 'NONE', #1526, 1000.000000000000000 ) ;
#576 = DIRECTION ( 'NONE',  ( -1.000000000000000000, 0.000000000000000000, 1.850371707708519660E-14 ) ) ;
#577 = EDGE_CURVE ( 'NONE', #1600, #622, #2009, .T. ) ;
#578 = ORIENTED_EDGE ( 'NONE', *, *, #2337, .F. ) ;
#579 = LINE ( 'NONE', #592, #81 ) ;
#580 = FACE_OUTER_BOUND ( 'NONE', #573, .T. ) ;
#581 = VERTEX_POINT ( 'NONE', #340 ) ;
#582 = PLANE ( 'NONE',  #816 ) ;
#583 = EDGE_CURVE ( 'NONE', #837, #1560, #912, .T. ) ;
#584 = VECTOR ( 'NONE', #1508, 1000.000000000000000 ) ;
#585 = ORIENTED_EDGE ( 'NONE', *, *, #252, .F. ) ;
#586 = ORIENTED_EDGE ( 'NONE', *, *, #1230, .F. ) ;
#587 = CARTESIAN_POINT ( 'NONE',  ( 22.25000000000000000, 286.5000000000000000, -42.49998656453430357 ) ) ;
#588 = VECTOR ( 'NONE', #1289, 1000.000000000000000 ) ;
#589 = ORIENTED_EDGE ( 'NONE', *, *, #1143, .T. ) ;
#590 = CIRCLE ( 'NONE', #958, 2.499454798020404933 ) ;
#591 = LINE ( 'NONE', #960, #1065 ) ;
#592 = CARTESIAN_POINT ( 'NONE',  ( 2.000000059604649660, 87.50000000000000000, -50.00625122375109299 ) ) ;
#593 = EDGE_CURVE ( 'NONE', #2210, #431, #424, .T. ) ;
#594 = EDGE_LOOP ( 'NONE', ( #1679, #819, #1500, #2080 ) ) ;
#595 = CARTESIAN_POINT ( 'NONE',  ( 20.99997215263350014, 228.9000000000000057, -30.99995018331929941 ) ) ;
#596 = ORIENTED_EDGE ( 'NONE', *, *, #49, .F. ) ;
#597 = ORIENTED_EDGE ( 'NONE', *, *, #2122, .F. ) ;
#598 = EDGE_CURVE ( 'NONE', #1897, #1744, #2067, .T. ) ;
#599 = ORIENTED_EDGE ( 'NONE', *, *, #1812, .F. ) ;
#600 = DIRECTION ( 'NONE',  ( -0.000000000000000000, -1.000000000000000000, -0.000000000000000000 ) ) ;
#601 = VECTOR ( 'NONE', #99, 1000.000000000000000 ) ;
#602 = VECTOR ( 'NONE', #2065, 1000.000000000000000 ) ;
#603 = AXIS2_PLACEMENT_3D ( 'NONE', #75, #1751, #843 ) ;
#604 = CARTESIAN_POINT ( 'NONE',  ( 28.99991904905738593, 67.49999999999998579, 9.307999999999999829 ) ) ;
#605 = LINE ( 'NONE', #2093, #997 ) ;
#606 = DIRECTION ( 'NONE',  ( -1.013997425894570161E-06, -2.049642506999241899E-16, 0.9999999999994859667 ) ) ;
#607 = ORIENTED_EDGE ( 'NONE', *, *, #1361, .T. ) ;
#608 = ORIENTED_EDGE ( 'NONE', *, *, #1159, .F. ) ;
#609 = DIRECTION ( 'NONE',  ( -2.636779683487788947E-14, 0.000000000000000000, -1.000000000000000000 ) ) ;
#610 = DIRECTION ( 'NONE',  ( 0.000000000000000000, -1.000000000000000000, 0.000000000000000000 ) ) ;
#611 = ADVANCED_FACE ( 'NONE', ( #44 ), #1889, .T. ) ;
#612 = ORIENTED_EDGE ( 'NONE', *, *, #225, .F. ) ;
#613 = AXIS2_PLACEMENT_3D ( 'NONE', #1488, #752, #1501 ) ;
#614 = UNCERTAINTY_MEASURE_WITH_UNIT (LENGTH_MEASURE( 1.000000000000000082E-05 ), #1365, 'distance_accuracy_value', 'NONE');
#615 = EDGE_CURVE ( 'NONE', #741, #617, #1946, .T. ) ;
#616 = DIRECTION ( 'NONE',  ( 1.000000000000000000, 0.000000000000000000, 9.250409173207264408E-15 ) ) ;
#617 = VERTEX_POINT ( 'NONE', #792 ) ;
#618 = CARTESIAN_POINT ( 'NONE',  ( -5.299999852478400442, 77.50000000000000000, -39.50000118980550212 ) ) ;
#619 = CARTESIAN_POINT ( 'NONE',  ( 0.000000000000000000, 0.000000000000000000, 0.000000000000000000 ) ) ;
#620 = ORIENTED_EDGE ( 'NONE', *, *, #2286, .T. ) ;
#621 = DIRECTION ( 'NONE',  ( -1.013997426669781490E-06, 0.000000000000000000, 0.9999999999994858557 ) ) ;
#622 = VERTEX_POINT ( 'NONE', #1926 ) ;
#623 = CYLINDRICAL_SURFACE ( 'NONE', #1731, 1.249999999998557820 ) ;
#624 = AXIS2_PLACEMENT_3D ( 'NONE', #239, #1696, #1727 ) ;
#625 = VECTOR ( 'NONE', #762, 1000.000000000000114 ) ;
#626 = DIRECTION ( 'NONE',  ( -0.9999999999979436449, 3.973282201086868647E-22, -2.027994854715399443E-06 ) ) ;
#627 = EDGE_CURVE ( 'NONE', #982, #1248, #1134, .T. ) ;
#628 = AXIS2_PLACEMENT_3D ( 'NONE', #1302, #1081, #930 ) ;
#629 = DIRECTION ( 'NONE',  ( -5.794482252784831864E-16, 0.000000000000000000, -1.000000000000000000 ) ) ;
#630 = EDGE_LOOP ( 'NONE', ( #2227, #1482 ) ) ;
#631 = CARTESIAN_POINT ( 'NONE',  ( 13.00000000000000000, 87.50000000000000000, -20.24999943003059855 ) ) ;
#632 = ORIENTED_EDGE ( 'NONE', *, *, #227, .T. ) ;
#633 = DIRECTION ( 'NONE',  ( -1.606111199752450005E-31, 1.000000000000000000, 1.959217102279369698E-16 ) ) ;
#634 = PLANE ( 'NONE',  #1773 ) ;
#635 = AXIS2_PLACEMENT_3D ( 'NONE', #164, #920, #1716 ) ;
#636 = VECTOR ( 'NONE', #1841, 1000.000000000000000 ) ;
#637 = DIRECTION ( 'NONE',  ( -0.000000000000000000, 1.000000000000000000, 0.000000000000000000 ) ) ;
#638 = ORIENTED_EDGE ( 'NONE', *, *, #815, .T. ) ;
#639 = ADVANCED_FACE ( 'NONE', ( #397 ), #2090, .F. ) ;
#640 = CARTESIAN_POINT ( 'NONE',  ( -10.30006760591538573, 67.49999999999998579, 22.50000506991860050 ) ) ;
#641 = EDGE_LOOP ( 'NONE', ( #799, #388, #1895, #266 ) ) ;
#642 = ADVANCED_FACE ( 'NONE', ( #986 ), #2055, .T. ) ;
#643 = DIRECTION ( 'NONE',  ( -0.9999999999994859667, 0.000000000000000000, -1.013997426771979827E-06 ) ) ;
#644 = FACE_OUTER_BOUND ( 'NONE', #1164, .T. ) ;
#645 = ORIENTED_EDGE ( 'NONE', *, *, #90, .T. ) ;
#646 = CYLINDRICAL_SURFACE ( 'NONE', #833, 2.499454798020404933 ) ;
#647 = ORIENTED_EDGE ( 'NONE', *, *, #214, .T. ) ;
#648 = AXIS2_PLACEMENT_3D ( 'NONE', #2299, #1582, #1233 ) ;
#649 = DIRECTION ( 'NONE',  ( 0.000000000000000000, -1.000000000000000000, -2.049642507000289605E-16 ) ) ;
#650 = DIRECTION ( 'NONE',  ( 7.888609052210119806E-31, -2.049642507000289605E-16, 1.000000000000000000 ) ) ;
#651 = ORIENTED_EDGE ( 'NONE', *, *, #2396, .F. ) ;
#652 = VERTEX_POINT ( 'NONE', #1521 ) ;
#653 = LINE ( 'NONE', #667, #1135 ) ;
#654 = ADVANCED_FACE ( 'NONE', ( #249 ), #1147, .F. ) ;
#655 = VERTEX_POINT ( 'NONE', #604 ) ;
#656 = ORIENTED_EDGE ( 'NONE', *, *, #2028, .T. ) ;
#657 = EDGE_LOOP ( 'NONE', ( #2237, #1656, #2000, #186 ) ) ;
#658 = EDGE_LOOP ( 'NONE', ( #2265, #1736, #221, #1993 ) ) ;
#659 = DIRECTION ( 'NONE',  ( 0.000000000000000000, -1.959217102279369698E-16, 1.000000000000000000 ) ) ;
#660 = ORIENTED_EDGE ( 'NONE', *, *, #1900, .F. ) ;
#661 = DIRECTION ( 'NONE',  ( 0.000000000000000000, 1.000000000000000000, 0.000000000000000000 ) ) ;
#662 = EDGE_CURVE ( 'NONE', #79, #163, #591, .T. ) ;
#663 = CARTESIAN_POINT ( 'NONE',  ( 36.29999999999999716, 77.50000000000000000, -35.50000229217099701 ) ) ;
#664 = DIRECTION ( 'NONE',  ( 0.9999999999994858557, 0.000000000000000000, 1.013997426764959618E-06 ) ) ;
#665 = VECTOR ( 'NONE', #2121, 1000.000000000000000 ) ;
#666 = CARTESIAN_POINT ( 'NONE',  ( 20.40000000000090097, 228.9000000000000057, -51.25000000000000000 ) ) ;
#667 = CARTESIAN_POINT ( 'NONE',  ( 16.99999976530669699, 77.50000000000000000, -52.99999886006120420 ) ) ;
#668 = ORIENTED_EDGE ( 'NONE', *, *, #923, .F. ) ;
#669 = ORIENTED_EDGE ( 'NONE', *, *, #34, .T. ) ;
#670 = ORIENTED_EDGE ( 'NONE', *, *, #105, .T. ) ;
#671 = EDGE_CURVE ( 'NONE', #2144, #220, #1215, .T. ) ;
#672 = ORIENTED_EDGE ( 'NONE', *, *, #1764, .T. ) ;
#673 = CYLINDRICAL_SURFACE ( 'NONE', #523, 5.999999999999996447 ) ;
#674 = DIRECTION ( 'NONE',  ( 1.000000000000000000, 0.000000000000000000, 1.850371707710394309E-14 ) ) ;
#675 = EDGE_CURVE ( 'NONE', #1236, #1465, #1366, .T. ) ;
#676 = CARTESIAN_POINT ( 'NONE',  ( 20.40000000000090097, 291.8999999999999773, -51.25000000000000000 ) ) ;
#677 = FACE_OUTER_BOUND ( 'NONE', #1780, .T. ) ;
#678 = CARTESIAN_POINT ( 'NONE',  ( 29.00045842117000205, 87.50000000000000000, -39.00040400203170066 ) ) ;
#679 = VECTOR ( 'NONE', #420, 1000.000000000000000 ) ;
#680 = DIRECTION ( 'NONE',  ( -1.000000000000000000, 0.000000000000000000, 1.554312234475119949E-13 ) ) ;
#681 = VECTOR ( 'NONE', #102, 1000.000000000000000 ) ;
#682 = ORIENTED_EDGE ( 'NONE', *, *, #1401, .T. ) ;
#683 = VERTEX_POINT ( 'NONE', #33 ) ;
#684 = EDGE_LOOP ( 'NONE', ( #2277, #981 ) ) ;
#685 = LINE ( 'NONE', #711, #1308 ) ;
#686 = CARTESIAN_POINT ( 'NONE',  ( -0.9794919243112131246, 77.50000000000000000, 2.000000000000000000 ) ) ;
#687 = LINE ( 'NONE', #114, #1699 ) ;
#688 = CARTESIAN_POINT ( 'NONE',  ( 7.999999999999699796, 87.50000000000000000, -37.50000000000000000 ) ) ;
#689 = EDGE_CURVE ( 'NONE', #1999, #470, #782, .T. ) ;
#690 = CIRCLE ( 'NONE', #2051, 2.125000000000973444 ) ;
#691 = DIRECTION ( 'NONE',  ( 0.000000000000000000, -1.000000000000000000, -2.049642507000289605E-16 ) ) ;
#692 =( NAMED_UNIT ( * ) SI_UNIT ( $, .STERADIAN. ) SOLID_ANGLE_UNIT ( ) );
#693 = ADVANCED_FACE ( 'NONE', ( #23 ), #2078, .F. ) ;
#694 = CARTESIAN_POINT ( 'NONE',  ( 20.99997215263350014, 87.50000000000000000, -30.99995018331929941 ) ) ;
#695 = ORIENTED_EDGE ( 'NONE', *, *, #45, .T. ) ;
#696 = DIRECTION ( 'NONE',  ( 1.013997426771979615E-06, -0.000000000000000000, -0.9999999999994858557 ) ) ;
#697 = DIRECTION ( 'NONE',  ( 0.7071067811865480168, -1.385375698838397857E-16, 0.7071067811865470176 ) ) ;
#698 = DIRECTION ( 'NONE',  ( 0.000000000000000000, -1.000000000000000000, 0.000000000000000000 ) ) ;
#699 = DIRECTION ( 'NONE',  ( 0.000000000000000000, -1.000000000000000000, -2.049642507000289605E-16 ) ) ;
#700 = ORIENTED_EDGE ( 'NONE', *, *, #74, .F. ) ;
#701 = CARTESIAN_POINT ( 'NONE',  ( -5.299999852478398665, 67.50000000000000000, -39.50000118980551633 ) ) ;
#702 = ORIENTED_EDGE ( 'NONE', *, *, #1527, .F. ) ;
#703 = DIRECTION ( 'NONE',  ( 0.000000000000000000, -1.000000000000000000, -2.049642507000289605E-16 ) ) ;
#704 = CARTESIAN_POINT ( 'NONE',  ( -2.999999940394989739, 67.50000000000000000, -44.49999885761410212 ) ) ;
#705 = VECTOR ( 'NONE', #1789, 1000.000000000000000 ) ;
#706 = EDGE_CURVE ( 'NONE', #312, #1183, #434, .T. ) ;
#707 = CARTESIAN_POINT ( 'NONE',  ( 3.750000000000469846, 286.5000000000000000, -40.37500532348572335 ) ) ;
#708 = AXIS2_PLACEMENT_3D ( 'NONE', #1032, #643, #497 ) ;
#709 = VERTEX_POINT ( 'NONE', #566 ) ;
#710 = DIRECTION ( 'NONE',  ( 1.529887327950269838E-13, -2.627434620635319775E-47, 1.000000000000000000 ) ) ;
#711 = CARTESIAN_POINT ( 'NONE',  ( -3.000000044703459601, 67.49999999999998579, 9.307919004353928827 ) ) ;
#712 = DIRECTION ( 'NONE',  ( 1.000000000000000000, 0.000000000000000000, 0.000000000000000000 ) ) ;
#713 = ORIENTED_EDGE ( 'NONE', *, *, #1901, .F. ) ;
#714 = AXIS2_PLACEMENT_3D ( 'NONE', #1227, #1240, #1046 ) ;
#715 = LINE ( 'NONE', #1774, #1153 ) ;
#716 = CARTESIAN_POINT ( 'NONE',  ( -2.999999940394989739, 77.50000000000000000, -44.49999885761410212 ) ) ;
#717 = ORIENTED_EDGE ( 'NONE', *, *, #2272, .F. ) ;
#718 = FACE_OUTER_BOUND ( 'NONE', #1732, .T. ) ;
#719 = PRESENTATION_STYLE_ASSIGNMENT (( #1113 ) ) ;
#720 = ORIENTED_EDGE ( 'NONE', *, *, #362, .T. ) ;
#721 = EDGE_CURVE ( 'NONE', #683, #2226, #391, .T. ) ;
#722 = ORIENTED_EDGE ( 'NONE', *, *, #1603, .T. ) ;
#723 = VECTOR ( 'NONE', #740, 1000.000000000000114 ) ;
#724 = VECTOR ( 'NONE', #2097, 1000.000000000000114 ) ;
#725 = DIRECTION ( 'NONE',  ( -9.690049268019630847E-15, -1.959217102279369698E-16, 1.000000000000000000 ) ) ;
#726 = FACE_OUTER_BOUND ( 'NONE', #1212, .T. ) ;
#727 = VECTOR ( 'NONE', #649, 1000.000000000000000 ) ;
#728 = FACE_OUTER_BOUND ( 'NONE', #1124, .T. ) ;
#729 = EDGE_CURVE ( 'NONE', #909, #519, #1329, .T. ) ;
#730 = VERTEX_POINT ( 'NONE', #116 ) ;
#731 = FACE_OUTER_BOUND ( 'NONE', #2388, .T. ) ;
#732 = ORIENTED_EDGE ( 'NONE', *, *, #1320, .F. ) ;
#733 = CARTESIAN_POINT ( 'NONE',  ( 34.00000043213349699, 87.50000000000000000, 16.37898642878939981 ) ) ;
#734 = AXIS2_PLACEMENT_3D ( 'NONE', #1733, #267, #609 ) ;
#735 = LINE ( 'NONE', #1686, #991 ) ;
#736 = AXIS2_PLACEMENT_3D ( 'NONE', #532, #2217, #1836 ) ;
#737 = ORIENTED_EDGE ( 'NONE', *, *, #2074, .T. ) ;
#738 = CARTESIAN_POINT ( 'NONE',  ( 14.61221363986586752, 87.50000000000000000, 13.36332643980367330 ) ) ;
#739 = ADVANCED_FACE ( 'NONE', ( #1039 ), #1194, .T. ) ;
#740 = DIRECTION ( 'NONE',  ( 0.7071067811865474617, -2.245313391817868217E-62, -0.7071067811865474617 ) ) ;
#741 = VERTEX_POINT ( 'NONE', #2311 ) ;
#742 = CARTESIAN_POINT ( 'NONE',  ( 20.99998837754559844, 228.9000000000000057, -39.00042022694369592 ) ) ;
#743 = ORIENTED_EDGE ( 'NONE', *, *, #706, .T. ) ;
#744 = EDGE_CURVE ( 'NONE', #1949, #2116, #875, .T. ) ;
#745 = CARTESIAN_POINT ( 'NONE',  ( 4.993750666299909824, 87.50000000000000000, -52.99999886006120420 ) ) ;
#746 = VERTEX_POINT ( 'NONE', #678 ) ;
#747 = CARTESIAN_POINT ( 'NONE',  ( -8.000000044703460489, 77.50000000000000000, 11.37898681621940078 ) ) ;
#748 = DIRECTION ( 'NONE',  ( 0.7071067811865480168, 1.385375698838400322E-16, -0.7071067811865470176 ) ) ;
#749 = VERTEX_POINT ( 'NONE', #666 ) ;
#750 = CARTESIAN_POINT ( 'NONE',  ( 19.49999999999889866, 228.9000000000000057, -47.50000000000000000 ) ) ;
#751 = DIRECTION ( 'NONE',  ( 1.000000000000000000, 1.616882843451709956E-46, -7.888609052210119806E-31 ) ) ;
#752 = DIRECTION ( 'NONE',  ( 1.501021529309699972E-13, 0.000000000000000000, 1.000000000000000000 ) ) ;
#753 = ORIENTED_EDGE ( 'NONE', *, *, #336, .T. ) ;
#754 = VERTEX_POINT ( 'NONE', #1420 ) ;
#755 = VERTEX_POINT ( 'NONE', #1220 ) ;
#756 = FACE_OUTER_BOUND ( 'NONE', #1854, .T. ) ;
#757 = VECTOR ( 'NONE', #441, 1000.000000000000000 ) ;
#758 = ADVANCED_FACE ( 'NONE', ( #289 ), #493, .T. ) ;
#759 = DIRECTION ( 'NONE',  ( 0.9999999999994859667, 0.000000000000000000, 1.013997426764959830E-06 ) ) ;
#760 = CARTESIAN_POINT ( 'NONE',  ( 25.80791904905739997, 67.49999999999998579, 17.49999999999999645 ) ) ;
#761 = ORIENTED_EDGE ( 'NONE', *, *, #1971, .F. ) ;
#762 = DIRECTION ( 'NONE',  ( 0.9999999999979436449, -2.735842568822179711E-47, 2.027994854715399443E-06 ) ) ;
#763 = CARTESIAN_POINT ( 'NONE',  ( 3.750000000000469846, 228.9000000000000057, -31.09733148655180202 ) ) ;
#764 = DIRECTION ( 'NONE',  ( 0.9999999999994859667, 0.000000000000000000, 1.013997426764959830E-06 ) ) ;
#765 = EDGE_LOOP ( 'NONE', ( #2279, #977, #2246, #2242, #753, #360, #793, #1872, #2125, #1204, #1311, #961, #1708, #357, #1119, #607, #1210, #2133, #263, #720, #834, #1489, #672 ) ) ;
#766 = AXIS2_PLACEMENT_3D ( 'NONE', #1982, #1618, #325 ) ;
#767 = CIRCLE ( 'NONE', #2148, 2.124999999999880096 ) ;
#768 = ORIENTED_EDGE ( 'NONE', *, *, #2110, .F. ) ;
#769 = DIRECTION ( 'NONE',  ( 1.000000000000000000, 0.000000000000000000, 0.000000000000000000 ) ) ;
#770 = ADVANCED_FACE ( 'NONE', ( #1385 ), #2109, .F. ) ;
#771 = CARTESIAN_POINT ( 'NONE',  ( 4.993750666299909824, 67.50000000000000000, -50.00624825336440438 ) ) ;
#772 = EDGE_CURVE ( 'NONE', #2386, #19, #455, .T. ) ;
#773 = VERTEX_POINT ( 'NONE', #2326 ) ;
#774 = ORIENTED_EDGE ( 'NONE', *, *, #1306, .F. ) ;
#775 = CARTESIAN_POINT ( 'NONE',  ( -3.000000044703459601, 77.50000000000000000, 9.307919004353919945 ) ) ;
#776 = DIRECTION ( 'NONE',  ( 0.000000000000000000, 0.000000000000000000, 1.000000000000000000 ) ) ;
#777 = ORIENTED_EDGE ( 'NONE', *, *, #2216, .T. ) ;
#778 = CARTESIAN_POINT ( 'NONE',  ( -1.878986860922870150, 87.50000000000000000, 22.50000000000000000 ) ) ;
#779 = EDGE_LOOP ( 'NONE', ( #914, #64, #1336 ) ) ;
#780 = FACE_OUTER_BOUND ( 'NONE', #1670, .T. ) ;
#781 = VECTOR ( 'NONE', #143, 1000.000000000000000 ) ;
#782 = LINE ( 'NONE', #57, #947 ) ;
#783 = ADVANCED_FACE ( 'NONE', ( #1245, #1983 ), #1396, .T. ) ;
#784 = LINE ( 'NONE', #1525, #1221 ) ;
#785 = CARTESIAN_POINT ( 'NONE',  ( 27.87898686092290035, 87.50000000000000000, 22.50000000000000000 ) ) ;
#786 = CARTESIAN_POINT ( 'NONE',  ( 19.50000000000099831, 77.50000000000000000, -33.87499971501609508 ) ) ;
#787 = ORIENTED_EDGE ( 'NONE', *, *, #985, .T. ) ;
#788 = VECTOR ( 'NONE', #1123, 1000.000000000000000 ) ;
#789 = ORIENTED_EDGE ( 'NONE', *, *, #1335, .T. ) ;
#790 = DIRECTION ( 'NONE',  ( 8.223104688752398375E-17, 1.000000000000000000, 1.636429048090599671E-16 ) ) ;
#791 = AXIS2_PLACEMENT_3D ( 'NONE', #915, #1115, #557 ) ;
#792 = CARTESIAN_POINT ( 'NONE',  ( 20.99999953061340108, 77.50000000000000000, -52.99999886006120420 ) ) ;
#793 = ORIENTED_EDGE ( 'NONE', *, *, #2316, .T. ) ;
#794 = DIRECTION ( 'NONE',  ( 0.7390008955602369589, 0.000000000000000000, 0.6737044428836489462 ) ) ;
#795 = LINE ( 'NONE', #2268, #422 ) ;
#796 = EDGE_CURVE ( 'NONE', #1190, #1948, #810, .T. ) ;
#797 = ORIENTED_EDGE ( 'NONE', *, *, #565, .T. ) ;
#798 = CARTESIAN_POINT ( 'NONE',  ( 15.45000000000064411, 87.50000000000008527, -10.26710305025185654 ) ) ;
#799 = ORIENTED_EDGE ( 'NONE', *, *, #154, .F. ) ;
#800 = DIRECTION ( 'NONE',  ( -0.7071067811865470176, 1.449316115708099850E-16, -0.7071067811865480168 ) ) ;
#801 = EDGE_CURVE ( 'NONE', #1767, #253, #1015, .T. ) ;
#802 = ORIENTED_EDGE ( 'NONE', *, *, #1570, .F. ) ;
#803 = VECTOR ( 'NONE', #1616, 1000.000000000000114 ) ;
#804 = VECTOR ( 'NONE', #2038, 1000.000000000000000 ) ;
#805 = ORIENTED_EDGE ( 'NONE', *, *, #2030, .T. ) ;
#806 = CIRCLE ( 'NONE', #2150, 1.993999999998870232 ) ;
#807 = CARTESIAN_POINT ( 'NONE',  ( -1.361444568978859904, 77.50000000000000000, -44.49972745446660127 ) ) ;
#808 = CARTESIAN_POINT ( 'NONE',  ( -1.361444568978859904, 77.50000000000000000, -44.49972745446660127 ) ) ;
#809 = PRODUCT_CONTEXT ( 'NONE', #2240, 'mechanical' ) ;
#810 = CIRCLE ( 'NONE', #377, 2.124999999999880096 ) ;
#811 = ORIENTED_EDGE ( 'NONE', *, *, #846, .F. ) ;
#812 = CARTESIAN_POINT ( 'NONE',  ( 19.50000000000039790, 77.50000000000000000, -37.50000000011029755 ) ) ;
#813 = PLANE ( 'NONE',  #524 ) ;
#814 = VERTEX_POINT ( 'NONE', #1958 ) ;
#815 = EDGE_CURVE ( 'NONE', #1719, #2048, #453, .T. ) ;
#816 = AXIS2_PLACEMENT_3D ( 'NONE', #231, #1343, #1334 ) ;
#817 = EDGE_LOOP ( 'NONE', ( #421, #330, #2108, #1514 ) ) ;
#818 = LINE ( 'NONE', #2119, #104 ) ;
#819 = ORIENTED_EDGE ( 'NONE', *, *, #1882, .T. ) ;
#820 = LINE ( 'NONE', #68, #1876 ) ;
#821 = ORIENTED_EDGE ( 'NONE', *, *, #627, .T. ) ;
#822 = ORIENTED_EDGE ( 'NONE', *, *, #662, .T. ) ;
#823 = DIRECTION ( 'NONE',  ( 0.7071067811865480168, 0.000000000000000000, 0.7071067811865470176 ) ) ;
#824 = VERTEX_POINT ( 'NONE', #1803 ) ;
#825 = DIRECTION ( 'NONE',  ( 0.000000000000000000, 1.000000000000000000, 0.000000000000000000 ) ) ;
#826 = AXIS2_PLACEMENT_3D ( 'NONE', #1739, #226, #2276 ) ;
#827 = CARTESIAN_POINT ( 'NONE',  ( 20.40000000000090097, 291.8999999999999773, -49.25600000000079604 ) ) ;
#828 = EDGE_CURVE ( 'NONE', #253, #1805, #818, .T. ) ;
#829 = AXIS2_PLACEMENT_3D ( 'NONE', #1149, #1877, #1893 ) ;
#830 = ORIENTED_EDGE ( 'NONE', *, *, #565, .F. ) ;
#831 = DIRECTION ( 'NONE',  ( 3.727088734919889908E-16, 1.959217102279369698E-16, -1.000000000000000000 ) ) ;
#832 = EDGE_CURVE ( 'NONE', #2292, #1544, #2142, .T. ) ;
#833 = AXIS2_PLACEMENT_3D ( 'NONE', #257, #1796, #1393 ) ;
#834 = ORIENTED_EDGE ( 'NONE', *, *, #671, .F. ) ;
#835 = LINE ( 'NONE', #877, #274 ) ;
#836 = CARTESIAN_POINT ( 'NONE',  ( 30.79343914430069873, 77.50000000000000000, 12.51447990475669947 ) ) ;
#837 = VERTEX_POINT ( 'NONE', #1608 ) ;
#838 = VERTEX_POINT ( 'NONE', #2339 ) ;
#839 = CARTESIAN_POINT ( 'NONE',  ( -3.000007551704839681, 286.5000000000000000, -42.50001216797689807 ) ) ;
#840 = VERTEX_POINT ( 'NONE', #1373 ) ;
#841 = LINE ( 'NONE', #86, #757 ) ;
#842 = EDGE_LOOP ( 'NONE', ( #596, #578, #2305, #1986 ) ) ;
#843 = DIRECTION ( 'NONE',  ( 0.000000000000000000, -1.000000000000000000, 0.000000000000000000 ) ) ;
#844 = AXIS2_PLACEMENT_3D ( 'NONE', #1689, #1499, #776 ) ;
#845 = AXIS2_PLACEMENT_3D ( 'NONE', #1084, #1314, #372 ) ;
#846 = EDGE_CURVE ( 'NONE', #562, #2317, #1390, .T. ) ;
#847 = AXIS2_PLACEMENT_3D ( 'NONE', #1800, #1994, #115 ) ;
#848 = DIRECTION ( 'NONE',  ( 0.000000000000000000, -1.000000000000000000, -2.049642507000289605E-16 ) ) ;
#849 = VERTEX_POINT ( 'NONE', #275 ) ;
#850 = EDGE_CURVE ( 'NONE', #1464, #312, #1571, .T. ) ;
#851 = CARTESIAN_POINT ( 'NONE',  ( -3.000000044703459601, 67.49999999999998579, 6.020888824057317734 ) ) ;
#852 = ORIENTED_EDGE ( 'NONE', *, *, #290, .F. ) ;
#853 = ORIENTED_EDGE ( 'NONE', *, *, #1901, .T. ) ;
#854 = FACE_OUTER_BOUND ( 'NONE', #367, .T. ) ;
#855 = CARTESIAN_POINT ( 'NONE',  ( -8.000000044703460489, 87.50000000000000000, 16.37898681621939900 ) ) ;
#856 = EDGE_LOOP ( 'NONE', ( #660, #743, #1487, #2159, #651, #830 ) ) ;
#857 = CARTESIAN_POINT ( 'NONE',  ( 20.40000000000090097, 228.9000000000000057, -49.25600000000079604 ) ) ;
#858 = ORIENTED_EDGE ( 'NONE', *, *, #1159, .T. ) ;
#859 = DIRECTION ( 'NONE',  ( 0.000000000000000000, -1.000000000000000000, 0.000000000000000000 ) ) ;
#860 = AXIS2_PLACEMENT_3D ( 'NONE', #564, #417, #2115 ) ;
#861 = LINE ( 'NONE', #1205, #1892 ) ;
#862 = ORIENTED_EDGE ( 'NONE', *, *, #1917, .T. ) ;
#863 = CARTESIAN_POINT ( 'NONE',  ( 20.99999953061340108, 291.8999999999999773, -57.99999886006119709 ) ) ;
#864 = ORIENTED_EDGE ( 'NONE', *, *, #464, .F. ) ;
#865 = CYLINDRICAL_SURFACE ( 'NONE', #918, 4.499999999999997335 ) ;
#866 = EDGE_CURVE ( 'NONE', #531, #442, #1207, .T. ) ;
#867 = ORIENTED_EDGE ( 'NONE', *, *, #2128, .T. ) ;
#868 = ORIENTED_EDGE ( 'NONE', *, *, #1597, .F. ) ;
#869 = ORIENTED_EDGE ( 'NONE', *, *, #1086, .T. ) ;
#870 = CARTESIAN_POINT ( 'NONE',  ( 4.993750666299909824, 67.50000000000000000, -57.99999886006119709 ) ) ;
#871 = DIRECTION ( 'NONE',  ( -2.049642507000289605E-16, -1.000000000000000000, 0.000000000000000000 ) ) ;
#872 = CARTESIAN_POINT ( 'NONE',  ( -8.000000044703460489, 67.49999999999998579, 8.400192632374940516 ) ) ;
#873 = LINE ( 'NONE', #1408, #1117 ) ;
#874 = STYLED_ITEM ( 'NONE', ( #719 ), #505 ) ;
#875 = LINE ( 'NONE', #863, #1467 ) ;
#876 = VECTOR ( 'NONE', #1928, 1000.000000000000000 ) ;
#877 = CARTESIAN_POINT ( 'NONE',  ( 7.999999999999690026, 87.50000000000000000, -48.99999999999909761 ) ) ;
#878 = VECTOR ( 'NONE', #1642, 1000.000000000000000 ) ;
#879 = ORIENTED_EDGE ( 'NONE', *, *, #1837, .F. ) ;
#880 = EDGE_LOOP ( 'NONE', ( #1386, #1911, #369, #1059 ) ) ;
#881 = ORIENTED_EDGE ( 'NONE', *, *, #832, .T. ) ;
#882 = EDGE_CURVE ( 'NONE', #67, #1144, #2402, .T. ) ;
#883 = LINE ( 'NONE', #283, #2041 ) ;
#884 = DIRECTION ( 'NONE',  ( -2.454837864508209994E-13, -2.884609631497449878E-38, 1.000000000000000000 ) ) ;
#885 = DIRECTION ( 'NONE',  ( 1.000000000000000000, 0.000000000000000000, 9.250409173207264408E-15 ) ) ;
#886 = EDGE_CURVE ( 'NONE', #1623, #198, #1814, .T. ) ;
#887 = ORIENTED_EDGE ( 'NONE', *, *, #1588, .F. ) ;
#888 = CARTESIAN_POINT ( 'NONE',  ( -1.878986860922870150, 87.50000000000000000, 22.50000000000000000 ) ) ;
#889 = DIRECTION ( 'NONE',  ( -1.040834085587108829E-14, 0.000000000000000000, -1.000000000000000000 ) ) ;
#890 = VECTOR ( 'NONE', #1290, 1000.000000000000000 ) ;
#891 = DIRECTION ( 'NONE',  ( 9.252072345184710225E-32, -1.000000000000000000, -2.049642507000289605E-16 ) ) ;
#892 = ORIENTED_EDGE ( 'NONE', *, *, #1695, .F. ) ;
#893 = ORIENTED_EDGE ( 'NONE', *, *, #1072, .F. ) ;
#894 = DIRECTION ( 'NONE',  ( 0.000000000000000000, 0.000000000000000000, 1.000000000000000000 ) ) ;
#895 = CARTESIAN_POINT ( 'NONE',  ( 2.000000059604649660, 67.50000000000000000, -50.00625122375110010 ) ) ;
#896 = LINE ( 'NONE', #1073, #1661 ) ;
#897 = CARTESIAN_POINT ( 'NONE',  ( -0.9794919243112151230, 77.50000000000000000, 2.000000000000000000 ) ) ;
#898 = ADVANCED_FACE ( 'NONE', ( #1270 ), #1429, .T. ) ;
#899 = DIRECTION ( 'NONE',  ( 1.606111199752450443E-31, -1.000000000000000000, -1.959217102279370191E-16 ) ) ;
#900 = SHAPE_DEFINITION_REPRESENTATION ( #2287, #1216 ) ;
#901 = CARTESIAN_POINT ( 'NONE',  ( 36.29999999999999716, 67.50000000000000000, -27.87500086110109976 ) ) ;
#902 = AXIS2_PLACEMENT_3D ( 'NONE', #251, #1635, #1445 ) ;
#903 = EDGE_LOOP ( 'NONE', ( #1624, #670, #853, #222, #1799, #647, #1580, #722 ) ) ;
#904 = LINE ( 'NONE', #1665, #237 ) ;
#905 = DIRECTION ( 'NONE',  ( 0.000000000000000000, -1.000000000000000000, -2.049642507000289605E-16 ) ) ;
#906 = CARTESIAN_POINT ( 'NONE',  ( 13.00000000000000000, 77.50000000000000000, -20.24999943003059855 ) ) ;
#907 = CARTESIAN_POINT ( 'NONE',  ( -2.999999940394989739, 67.50000000000000000, -44.49999885761410212 ) ) ;
#908 = DIRECTION ( 'NONE',  ( -1.000000000000000000, 0.000000000000000000, 1.554312234475119949E-13 ) ) ;
#909 = VERTEX_POINT ( 'NONE', #2364 ) ;
#910 = CARTESIAN_POINT ( 'NONE',  ( 24.00046957425420047, 87.50000000000000000, -40.79785669972180528 ) ) ;
#911 = EDGE_CURVE ( 'NONE', #1009, #1639, #1648, .T. ) ;
#912 = LINE ( 'NONE', #2195, #77 ) ;
#913 = EDGE_CURVE ( 'NONE', #1767, #824, #922, .T. ) ;
#914 = ORIENTED_EDGE ( 'NONE', *, *, #1082, .F. ) ;
#915 = CARTESIAN_POINT ( 'NONE',  ( 29.00045842117000205, 87.50000000000000000, -39.00040400203170066 ) ) ;
#916 = DIRECTION ( 'NONE',  ( -1.000000000000000000, -1.606111199752451538E-31, 7.888609052210119806E-31 ) ) ;
#917 = LINE ( 'NONE', #2025, #197 ) ;
#918 = AXIS2_PLACEMENT_3D ( 'NONE', #483, #891, #1790 ) ;
#919 = VERTEX_POINT ( 'NONE', #503 ) ;
#920 = DIRECTION ( 'NONE',  ( -1.606111199752450005E-31, 1.000000000000000000, 1.959217102279369945E-16 ) ) ;
#921 = ORIENTED_EDGE ( 'NONE', *, *, #1554, .F. ) ;
#922 = LINE ( 'NONE', #2168, #2312 ) ;
#923 = EDGE_CURVE ( 'NONE', #348, #1179, #2377, .T. ) ;
#924 = DIRECTION ( 'NONE',  ( 4.015694653273729943E-32, 1.959217102279369698E-16, -1.000000000000000000 ) ) ;
#925 = AXIS2_PLACEMENT_3D ( 'NONE', #1035, #1991, #2176 ) ;
#926 = VECTOR ( 'NONE', #610, 1000.000000000000000 ) ;
#927 = EDGE_CURVE ( 'NONE', #1139, #2116, #1827, .T. ) ;
#928 = FACE_OUTER_BOUND ( 'NONE', #46, .T. ) ;
#929 = LINE ( 'NONE', #26, #248 ) ;
#930 = DIRECTION ( 'NONE',  ( 0.000000000000000000, 0.000000000000000000, 1.000000000000000000 ) ) ;
#931 = ORIENTED_EDGE ( 'NONE', *, *, #511, .F. ) ;
#932 = CARTESIAN_POINT ( 'NONE',  ( 25.80791904905739997, 67.49999999999998579, 17.49999999999999645 ) ) ;
#933 = CARTESIAN_POINT ( 'NONE',  ( 4.993750666299909824, 87.50000000000000000, -57.99999886006119709 ) ) ;
#934 = VECTOR ( 'NONE', #1923, 1000.000000000000000 ) ;
#935 = CARTESIAN_POINT ( 'NONE',  ( 28.99991904905739659, 67.49999999999998579, 9.307999999999998053 ) ) ;
#936 = CIRCLE ( 'NONE', #2275, 6.000000000000000000 ) ;
#937 = DIRECTION ( 'NONE',  ( 1.000000000000000000, 1.606111199752451538E-31, -7.888551657556060360E-31 ) ) ;
#938 = FACE_OUTER_BOUND ( 'NONE', #279, .T. ) ;
#939 = LINE ( 'NONE', #1264, #204 ) ;
#940 = ADVANCED_FACE ( 'NONE', ( #520 ), #1110, .F. ) ;
#941 = VERTEX_POINT ( 'NONE', #1075 ) ;
#942 = VERTEX_POINT ( 'NONE', #554 ) ;
#943 = CARTESIAN_POINT ( 'NONE',  ( 20.40000000000090097, 291.8999999999999773, -51.25000000000000000 ) ) ;
#944 = DIRECTION ( 'NONE',  ( 0.000000000000000000, 1.959217102279369698E-16, -1.000000000000000000 ) ) ;
#945 = LINE ( 'NONE', #760, #1405 ) ;
#946 = VECTOR ( 'NONE', #871, 1000.000000000000000 ) ;
#947 = VECTOR ( 'NONE', #2253, 1000.000000000000000 ) ;
#948 = CARTESIAN_POINT ( 'NONE',  ( 15.49999999999899991, 77.50000000000000000, -36.00000000000099476 ) ) ;
#949 = CARTESIAN_POINT ( 'NONE',  ( 31.29999869018799785, 67.50000000000000000, -39.50000000000000000 ) ) ;
#950 = ORIENTED_EDGE ( 'NONE', *, *, #866, .F. ) ;
#951 = FACE_OUTER_BOUND ( 'NONE', #1833, .T. ) ;
#952 = ORIENTED_EDGE ( 'NONE', *, *, #627, .F. ) ;
#953 = VECTOR ( 'NONE', #545, 1000.000000000000000 ) ;
#954 = EDGE_CURVE ( 'NONE', #2269, #1744, #1634, .T. ) ;
#955 = ORIENTED_EDGE ( 'NONE', *, *, #1475, .T. ) ;
#956 = ORIENTED_EDGE ( 'NONE', *, *, #124, .T. ) ;
#957 = DIRECTION ( 'NONE',  ( 0.000000000000000000, -1.000000000000000000, 0.000000000000000000 ) ) ;
#958 = AXIS2_PLACEMENT_3D ( 'NONE', #1785, #633, #1979 ) ;
#959 = ADVANCED_FACE ( 'NONE', ( #326 ), #2008, .T. ) ;
#960 = CARTESIAN_POINT ( 'NONE',  ( 29.00046957425420047, 87.50000000000000000, -44.50000000000000000 ) ) ;
#961 = ORIENTED_EDGE ( 'NONE', *, *, #2153, .T. ) ;
#962 = PLANE ( 'NONE',  #358 ) ;
#963 = CARTESIAN_POINT ( 'NONE',  ( 3.750000000000469846, 228.9000000000000057, -31.09733148655180202 ) ) ;
#964 = ORIENTED_EDGE ( 'NONE', *, *, #1553, .T. ) ;
#965 = DIRECTION ( 'NONE',  ( -1.529887327950269838E-13, 0.000000000000000000, -1.000000000000000000 ) ) ;
#966 = VECTOR ( 'NONE', #957, 1000.000000000000000 ) ;
#967 = ORIENTED_EDGE ( 'NONE', *, *, #447, .T. ) ;
#968 = ORIENTED_EDGE ( 'NONE', *, *, #988, .F. ) ;
#969 = CARTESIAN_POINT ( 'NONE',  ( -10.29999966807629974, 87.50000000000000000, -44.50000625979500057 ) ) ;
#970 = ADVANCED_FACE ( 'NONE', ( #718 ), #130, .T. ) ;
#971 = ADVANCED_FACE ( 'NONE', ( #1480 ), #2020, .T. ) ;
#972 = DIRECTION ( 'NONE',  ( 3.204747427460400254E-33, -1.000000000000000000, -2.049642507000284674E-16 ) ) ;
#973 = ORIENTED_EDGE ( 'NONE', *, *, #2272, .T. ) ;
#974 = AXIS2_PLACEMENT_3D ( 'NONE', #1752, #314, #1066 ) ;
#975 = CARTESIAN_POINT ( 'NONE',  ( -1.309513680005120140, 67.50000000000000000, -39.49999714346280655 ) ) ;
#976 = DIRECTION ( 'NONE',  ( 1.000000000000000000, 2.049642507000289605E-16, 0.000000000000000000 ) ) ;
#977 = ORIENTED_EDGE ( 'NONE', *, *, #1554, .T. ) ;
#978 = PLANE ( 'NONE',  #613 ) ;
#979 = ORIENTED_EDGE ( 'NONE', *, *, #1295, .T. ) ;
#980 = VECTOR ( 'NONE', #965, 1000.000000000000000 ) ;
#981 = ORIENTED_EDGE ( 'NONE', *, *, #1362, .F. ) ;
#982 = VERTEX_POINT ( 'NONE', #733 ) ;
#983 = CARTESIAN_POINT ( 'NONE',  ( -2.999999940394229458, 291.8999999999999773, -50.00625469643669874 ) ) ;
#984 = ORIENTED_EDGE ( 'NONE', *, *, #2351, .T. ) ;
#985 = EDGE_CURVE ( 'NONE', #1179, #2210, #2088, .T. ) ;
#986 = FACE_OUTER_BOUND ( 'NONE', #880, .T. ) ;
#987 = ORIENTED_EDGE ( 'NONE', *, *, #988, .T. ) ;
#988 = EDGE_CURVE ( 'NONE', #941, #1434, #179, .T. ) ;
#989 = DIRECTION ( 'NONE',  ( 0.000000000000000000, 1.000000000000000000, 0.000000000000000000 ) ) ;
#990 = DIRECTION ( 'NONE',  ( 0.000000000000000000, -1.000000000000000000, 0.000000000000000000 ) ) ;
#991 = VECTOR ( 'NONE', #2182, 1000.000000000000000 ) ;
#992 = ORIENTED_EDGE ( 'NONE', *, *, #1217, .F. ) ;
#993 = CARTESIAN_POINT ( 'NONE',  ( -6.389479642123719216, 77.50000000000000000, 10.91843940693370030 ) ) ;
#994 = ORIENTED_EDGE ( 'NONE', *, *, #528, .T. ) ;
#995 = CARTESIAN_POINT ( 'NONE',  ( 15.45000000000064411, 77.50000000000000000, -10.26710305025185832 ) ) ;
#996 = EDGE_LOOP ( 'NONE', ( #1843, #2184, #559, #1148 ) ) ;
#997 = VECTOR ( 'NONE', #989, 1000.000000000000000 ) ;
#998 = DIRECTION ( 'NONE',  ( 1.606111199752450005E-31, -1.000000000000000000, -1.959217102279369698E-16 ) ) ;
#999 = FACE_OUTER_BOUND ( 'NONE', #2092, .T. ) ;
#1000 = CARTESIAN_POINT ( 'NONE',  ( 14.61221363986586752, 77.50000000000000000, 10.86387164178326614 ) ) ;
#1001 = EDGE_CURVE ( 'NONE', #849, #1439, #1047, .T. ) ;
#1002 = ORIENTED_EDGE ( 'NONE', *, *, #1636, .F. ) ;
#1003 = DIRECTION ( 'NONE',  ( 1.013997426771979615E-06, 0.000000000000000000, -0.9999999999994858557 ) ) ;
#1004 = DIRECTION ( 'NONE',  ( 0.000000000000000000, -1.000000000000000000, -2.049642507000289605E-16 ) ) ;
#1005 = DIRECTION ( 'NONE',  ( -1.606111199752450443E-31, 1.000000000000000000, 1.959217102279370191E-16 ) ) ;
#1006 = CARTESIAN_POINT ( 'NONE',  ( 7.999999999999699796, 87.50000000000000000, -47.50000000000000000 ) ) ;
#1007 = ORIENTED_EDGE ( 'NONE', *, *, #1957, .T. ) ;
#1008 = AXIS2_PLACEMENT_3D ( 'NONE', #2126, #1939, #1861 ) ;
#1009 = VERTEX_POINT ( 'NONE', #1121 ) ;
#1010 = EDGE_CURVE ( 'NONE', #581, #2321, #1621, .T. ) ;
#1011 = FACE_OUTER_BOUND ( 'NONE', #443, .T. ) ;
#1012 = LINE ( 'NONE', #1967, #1448 ) ;
#1013 = ORIENTED_EDGE ( 'NONE', *, *, #927, .F. ) ;
#1014 = EDGE_CURVE ( 'NONE', #27, #683, #1191, .T. ) ;
#1015 = LINE ( 'NONE', #1409, #1198 ) ;
#1016 = VERTEX_POINT ( 'NONE', #2270 ) ;
#1017 = LINE ( 'NONE', #1397, #1953 ) ;
#1018 = DIRECTION ( 'NONE',  ( 0.000000000000000000, 0.000000000000000000, 1.000000000000000000 ) ) ;
#1019 = ORIENTED_EDGE ( 'NONE', *, *, #1211, .F. ) ;
#1020 = ORIENTED_EDGE ( 'NONE', *, *, #2365, .T. ) ;
#1021 = FACE_BOUND ( 'NONE', #779, .T. ) ;
#1022 = FACE_OUTER_BOUND ( 'NONE', #996, .T. ) ;
#1023 = COLOUR_RGB ( '',0.7921568627450980005, 0.8196078431372548767, 0.9333333333333333481 ) ;
#1024 = ADVANCED_FACE ( 'NONE', ( #1563 ), #2229, .T. ) ;
#1025 = DIRECTION ( 'NONE',  ( 0.000000000000000000, 1.000000000000000000, 0.000000000000000000 ) ) ;
#1026 = EDGE_CURVE ( 'NONE', #1301, #1714, #2280, .T. ) ;
#1027 = DIRECTION ( 'NONE',  ( -1.000000000000000000, 0.000000000000000000, 1.109789591839160085E-15 ) ) ;
#1028 = VECTOR ( 'NONE', #661, 1000.000000000000000 ) ;
#1029 = ORIENTED_EDGE ( 'NONE', *, *, #828, .F. ) ;
#1030 = CARTESIAN_POINT ( 'NONE',  ( 4.993750666299909824, 77.50000000000000000, -52.99999886006120420 ) ) ;
#1031 = ORIENTED_EDGE ( 'NONE', *, *, #1663, .F. ) ;
#1032 = CARTESIAN_POINT ( 'NONE',  ( -5.300042960653654767, 77.50000000000000000, 3.360206919936540970 ) ) ;
#1033 = CARTESIAN_POINT ( 'NONE',  ( -3.000009706449371372, 286.5000000000000000, -40.37501216797811310 ) ) ;
#1034 = CARTESIAN_POINT ( 'NONE',  ( 34.00000043213349699, 67.49999999999998579, 8.400192207394651334 ) ) ;
#1035 = CARTESIAN_POINT ( 'NONE',  ( 18.00000000000029843, 228.9000000000000057, -47.50000000000059686 ) ) ;
#1036 = DIRECTION ( 'NONE',  ( -1.000000000000000000, -1.616882843451709956E-46, 7.888609052210119806E-31 ) ) ;
#1037 = AXIS2_PLACEMENT_3D ( 'NONE', #1712, #976, #1150 ) ;
#1038 = AXIS2_PLACEMENT_3D ( 'NONE', #1440, #518, #2007 ) ;
#1039 = FACE_OUTER_BOUND ( 'NONE', #1628, .T. ) ;
#1040 = EDGE_CURVE ( 'NONE', #814, #40, #11, .T. ) ;
#1041 = DIRECTION ( 'NONE',  ( -1.554312234475119949E-13, 0.000000000000000000, -1.000000000000000000 ) ) ;
#1042 = VERTEX_POINT ( 'NONE', #1540 ) ;
#1043 = ORIENTED_EDGE ( 'NONE', *, *, #828, .T. ) ;
#1044 = ORIENTED_EDGE ( 'NONE', *, *, #2085, .T. ) ;
#1045 = LINE ( 'NONE', #16, #1077 ) ;
#1046 = DIRECTION ( 'NONE',  ( 0.000000000000000000, 0.000000000000000000, 1.000000000000000000 ) ) ;
#1047 = CIRCLE ( 'NONE', #2014, 1.499999999998523403 ) ;
#1048 = CARTESIAN_POINT ( 'NONE',  ( 28.99991904905740014, 77.50000000000000000, 9.307999999999999829 ) ) ;
#1049 = LINE ( 'NONE', #1569, #2266 ) ;
#1050 = DIRECTION ( 'NONE',  ( -0.9999999999994858557, 0.000000000000000000, -1.013997425894569737E-06 ) ) ;
#1051 = ORIENTED_EDGE ( 'NONE', *, *, #1938, .T. ) ;
#1052 = EDGE_CURVE ( 'NONE', #840, #1301, #2293, .T. ) ;
#1053 = CARTESIAN_POINT ( 'NONE',  ( 18.82951665521056128, 87.50000000000000000, -15.22481090541625370 ) ) ;
#1054 = VERTEX_POINT ( 'NONE', #51 ) ;
#1055 = VERTEX_POINT ( 'NONE', #62 ) ;
#1056 = ADVANCED_FACE ( 'NONE', ( #85 ), #1315, .F. ) ;
#1057 = ORIENTED_EDGE ( 'NONE', *, *, #1706, .F. ) ;
#1058 = DIRECTION ( 'NONE',  ( -0.6721949989449299556, 0.000000000000000000, 0.7403741509489818462 ) ) ;
#1059 = ORIENTED_EDGE ( 'NONE', *, *, #913, .T. ) ;
#1060 = DIRECTION ( 'NONE',  ( -3.255149356029848020E-16, 0.000000000000000000, -1.000000000000000000 ) ) ;
#1061 = DIRECTION ( 'NONE',  ( 0.000000000000000000, 0.000000000000000000, 1.000000000000000000 ) ) ;
#1062 = EDGE_LOOP ( 'NONE', ( #2296, #1378, #1020, #973, #2018, #2045, #121, #151 ) ) ;
#1063 = DIRECTION ( 'NONE',  ( 0.000000000000000000, -1.000000000000000000, 0.000000000000000000 ) ) ;
#1064 = ORIENTED_EDGE ( 'NONE', *, *, #1419, .F. ) ;
#1065 = VECTOR ( 'NONE', #2098, 1000.000000000000000 ) ;
#1066 = DIRECTION ( 'NONE',  ( 0.7390008955602369589, 0.000000000000000000, 0.6737044428836489462 ) ) ;
#1067 = DIRECTION ( 'NONE',  ( -1.000000000000000000, -1.606111199752451538E-31, 7.888609052210119806E-31 ) ) ;
#1068 = ORIENTED_EDGE ( 'NONE', *, *, #390, .F. ) ;
#1069 = ORIENTED_EDGE ( 'NONE', *, *, #1125, .T. ) ;
#1070 = DIRECTION ( 'NONE',  ( 0.7390008955602369589, 0.000000000000000000, 0.6737044428836489462 ) ) ;
#1071 = LINE ( 'NONE', #174, #1485 ) ;
#1072 = EDGE_CURVE ( 'NONE', #139, #909, #65, .T. ) ;
#1073 = CARTESIAN_POINT ( 'NONE',  ( -8.000000044703460489, 87.50000000000000000, 16.37898681621939900 ) ) ;
#1074 = PLANE ( 'NONE',  #2191 ) ;
#1075 = CARTESIAN_POINT ( 'NONE',  ( 28.99991904905740014, 77.50000000000000000, 14.30799999999999983 ) ) ;
#1076 = AXIS2_PLACEMENT_3D ( 'NONE', #1672, #177, #2214 ) ;
#1077 = VECTOR ( 'NONE', #1104, 1000.000000000000000 ) ;
#1078 = ORIENTED_EDGE ( 'NONE', *, *, #187, .F. ) ;
#1079 = DIRECTION ( 'NONE',  ( 0.7071067811865470176, 1.449316115708101576E-16, -0.7071067811865480168 ) ) ;
#1080 = DIRECTION ( 'NONE',  ( -1.606111199752450443E-31, 1.000000000000000000, 1.959217102279370191E-16 ) ) ;
#1081 = DIRECTION ( 'NONE',  ( 1.606111199752450005E-31, -1.000000000000000000, -1.959217102279369698E-16 ) ) ;
#1082 = EDGE_CURVE ( 'NONE', #1520, #431, #534, .T. ) ;
#1083 = LINE ( 'NONE', #1810, #1345 ) ;
#1084 = CARTESIAN_POINT ( 'NONE',  ( 7.999999999999699796, 77.50000000000000000, -47.50000000000000000 ) ) ;
#1085 = VECTOR ( 'NONE', #1368, 1000.000000000000000 ) ;
#1086 = EDGE_CURVE ( 'NONE', #303, #1155, #1747, .T. ) ;
#1087 = DIRECTION ( 'NONE',  ( 1.013997426150399733E-06, 0.000000000000000000, -0.9999999999994858557 ) ) ;
#1088 =( NAMED_UNIT ( * ) SI_UNIT ( $, .STERADIAN. ) SOLID_ANGLE_UNIT ( ) );
#1089 = AXIS2_PLACEMENT_3D ( 'NONE', #619, #1018, #1574 ) ;
#1090 = VERTEX_POINT ( 'NONE', #812 ) ;
#1091 = CARTESIAN_POINT ( 'NONE',  ( 2.000000059604639890, 67.50000000000000000, -50.00625122375109299 ) ) ;
#1092 = DIRECTION ( 'NONE',  ( -1.606111199752450005E-31, 1.000000000000000000, 1.959217102279369945E-16 ) ) ;
#1093 = CARTESIAN_POINT ( 'NONE',  ( 34.00000043213349699, 87.50000000000000000, 16.37898642878939981 ) ) ;
#1094 = ORIENTED_EDGE ( 'NONE', *, *, #474, .F. ) ;
#1095 = CYLINDRICAL_SURFACE ( 'NONE', #635, 2.499454798020404933 ) ;
#1096 = ORIENTED_EDGE ( 'NONE', *, *, #2085, .F. ) ;
#1097 = EDGE_CURVE ( 'NONE', #1403, #1203, #1241, .T. ) ;
#1098 = DIRECTION ( 'NONE',  ( -0.000000000000000000, 1.000000000000000000, 0.000000000000000000 ) ) ;
#1099 = ADVANCED_FACE ( 'NONE', ( #1550 ), #246, .F. ) ;
#1100 = VECTOR ( 'NONE', #1363, 1000.000000000000000 ) ;
#1101 = LINE ( 'NONE', #901, #788 ) ;
#1102 = ORIENTED_EDGE ( 'NONE', *, *, #1010, .F. ) ;
#1103 = LINE ( 'NONE', #1484, #1257 ) ;
#1104 = DIRECTION ( 'NONE',  ( -1.000000000000000000, 3.697785493380939668E-33, 1.496580637211149868E-13 ) ) ;
#1105 = DIRECTION ( 'NONE',  ( 0.000000000000000000, -1.000000000000000000, 0.000000000000000000 ) ) ;
#1106 = ORIENTED_EDGE ( 'NONE', *, *, #2396, .T. ) ;
#1107 = ORIENTED_EDGE ( 'NONE', *, *, #1720, .F. ) ;
#1108 = DIRECTION ( 'NONE',  ( -1.000000000000000000, 0.000000000000000000, 1.850371707708519660E-14 ) ) ;
#1109 = EDGE_CURVE ( 'NONE', #652, #1055, #690, .T. ) ;
#1110 = PLANE ( 'NONE',  #1974 ) ;
#1111 = ORIENTED_EDGE ( 'NONE', *, *, #76, .T. ) ;
#1112 = ADVANCED_FACE ( 'NONE', ( #644 ), #256, .T. ) ;
#1113 = SURFACE_STYLE_USAGE ( .BOTH. , #2380 ) ;
#1114 = VECTOR ( 'NONE', #1798, 1000.000000000000000 ) ;
#1115 = DIRECTION ( 'NONE',  ( 0.9999999999994859667, 0.000000000000000000, 1.013997426957900171E-06 ) ) ;
#1116 = PLANE ( 'NONE',  #1497 ) ;
#1117 = VECTOR ( 'NONE', #502, 1000.000000000000000 ) ;
#1118 = CARTESIAN_POINT ( 'NONE',  ( -3.000000044703459601, 87.50000000000000000, 9.307919004353930603 ) ) ;
#1119 = ORIENTED_EDGE ( 'NONE', *, *, #568, .T. ) ;
#1120 = CYLINDRICAL_SURFACE ( 'NONE', #1697, 7.993750606696749195 ) ;
#1121 = CARTESIAN_POINT ( 'NONE',  ( 31.29667966274210400, 77.50000000000000000, -39.50000000000000000 ) ) ;
#1122 = VECTOR ( 'NONE', #1758, 1000.000000000000000 ) ;
#1123 = DIRECTION ( 'NONE',  ( 2.466868151817460236E-14, 0.000000000000000000, 1.000000000000000000 ) ) ;
#1124 = EDGE_LOOP ( 'NONE', ( #1875, #1962, #2309, #1330, #702, #165, #1094, #418, #1398, #2113, #60, #1966, #210, #284, #1019, #955, #1856, #1806, #2158, #2071, #1412, #1566, #1057 ) ) ;
#1125 = EDGE_CURVE ( 'NONE', #17, #1179, #2355, .T. ) ;
#1126 = CARTESIAN_POINT ( 'NONE',  ( 31.29667966274205071, 77.50000000000000000, 3.269602312199501704 ) ) ;
#1127 = DIRECTION ( 'NONE',  ( -9.169740977663330499E-15, 0.000000000000000000, 1.000000000000000000 ) ) ;
#1128 = ORIENTED_EDGE ( 'NONE', *, *, #1362, .T. ) ;
#1129 = DIRECTION ( 'NONE',  ( -3.688039094290997168E-08, 0.000000000000000000, 0.9999999999999993339 ) ) ;
#1130 = ADVANCED_FACE ( 'NONE', ( #1725, #1011, #1021 ), #71, .T. ) ;
#1131 = ORIENTED_EDGE ( 'NONE', *, *, #49, .T. ) ;
#1132 = PLANE ( 'NONE',  #1771 ) ;
#1133 = ORIENTED_EDGE ( 'NONE', *, *, #2003, .T. ) ;
#1134 = LINE ( 'NONE', #1717, #2328 ) ;
#1135 = VECTOR ( 'NONE', #1410, 1000.000000000000000 ) ;
#1136 = DIRECTION ( 'NONE',  ( -2.068221298520915213E-18, -1.000000000000000000, -2.049433788896639936E-16 ) ) ;
#1137 = ADVANCED_FACE ( 'NONE', ( #1684 ), #1613, .T. ) ;
#1138 = CARTESIAN_POINT ( 'NONE',  ( 4.993723288352939882, 87.50000000000000000, -30.99998264390969993 ) ) ;
#1139 = VERTEX_POINT ( 'NONE', #870 ) ;
#1140 = CARTESIAN_POINT ( 'NONE',  ( -10.30004737303144857, 67.50000000000000000, 3.837728523826552607 ) ) ;
#1141 = VECTOR ( 'NONE', #1675, 1000.000000000000000 ) ;
#1142 = EDGE_LOOP ( 'NONE', ( #717, #1476, #375, #2397 ) ) ;
#1143 = EDGE_CURVE ( 'NONE', #2114, #814, #2147, .T. ) ;
#1144 = VERTEX_POINT ( 'NONE', #1769 ) ;
#1145 = FACE_OUTER_BOUND ( 'NONE', #230, .T. ) ;
#1146 = VECTOR ( 'NONE', #1382, 1000.000000000000000 ) ;
#1147 = CYLINDRICAL_SURFACE ( 'NONE', #9, 2.124999999999880096 ) ;
#1148 = ORIENTED_EDGE ( 'NONE', *, *, #1941, .F. ) ;
#1149 = CARTESIAN_POINT ( 'NONE',  ( 20.99999953061340108, 77.50000000000000000, -49.99952881642030178 ) ) ;
#1150 = DIRECTION ( 'NONE',  ( -2.049642507000289605E-16, 1.000000000000000000, 0.000000000000000000 ) ) ;
#1151 = ORIENTED_EDGE ( 'NONE', *, *, #2216, .F. ) ;
#1152 = CARTESIAN_POINT ( 'NONE',  ( -5.300000207452180589, 77.50000000000000000, -29.87500064737360006 ) ) ;
#1153 = VECTOR ( 'NONE', #126, 1000.000000000000000 ) ;
#1154 = VECTOR ( 'NONE', #1466, 1000.000000000000000 ) ;
#1155 = VERTEX_POINT ( 'NONE', #1590 ) ;
#1156 = ORIENTED_EDGE ( 'NONE', *, *, #2337, .T. ) ;
#1157 = CARTESIAN_POINT ( 'NONE',  ( 25.80791904905739997, 77.50000000000000000, 17.50000000000000000 ) ) ;
#1158 = ADVANCED_FACE ( 'NONE', ( #1784 ), #1436, .F. ) ;
#1159 = EDGE_CURVE ( 'NONE', #838, #919, #2091, .T. ) ;
#1160 = CARTESIAN_POINT ( 'NONE',  ( -10.29999966807629974, 87.50000000000000000, -44.50000625979500057 ) ) ;
#1161 = ORIENTED_EDGE ( 'NONE', *, *, #477, .T. ) ;
#1162 = AXIS2_PLACEMENT_3D ( 'NONE', #478, #650, #1777 ) ;
#1163 = CARTESIAN_POINT ( 'NONE',  ( 4.993750666299909824, 67.50000000000000000, -52.99999886006121130 ) ) ;
#1164 = EDGE_LOOP ( 'NONE', ( #1905, #852, #1645, #1585 ) ) ;
#1165 = CARTESIAN_POINT ( 'NONE',  ( 29.00000043213350054, 77.50000000000000000, 6.020888629372590728 ) ) ;
#1166 = ORIENTED_EDGE ( 'NONE', *, *, #410, .F. ) ;
#1167 = EDGE_LOOP ( 'NONE', ( #1977, #2249, #713, #862 ) ) ;
#1168 = DIRECTION ( 'NONE',  ( 0.9999999999994858557, 0.000000000000000000, 1.013997426764959618E-06 ) ) ;
#1169 = EDGE_LOOP ( 'NONE', ( #1737, #1770, #1166, #153 ) ) ;
#1170 = LINE ( 'NONE', #969, #482 ) ;
#1171 = ORIENTED_EDGE ( 'NONE', *, *, #1265, .T. ) ;
#1172 = EDGE_LOOP ( 'NONE', ( #1237, #273, #1868, #510 ) ) ;
#1173 = EDGE_CURVE ( 'NONE', #431, #348, #936, .T. ) ;
#1174 = CARTESIAN_POINT ( 'NONE',  ( -3.000007551704839681, 286.5000000000000000, -42.50001216797689807 ) ) ;
#1175 = EDGE_CURVE ( 'NONE', #348, #1520, #382, .T. ) ;
#1176 = CYLINDRICAL_SURFACE ( 'NONE', #1723, 1.499999999998509415 ) ;
#1177 = DIRECTION ( 'NONE',  ( 0.000000000000000000, 0.000000000000000000, 1.000000000000000000 ) ) ;
#1178 = VECTOR ( 'NONE', #1816, 1000.000000000000000 ) ;
#1179 = VERTEX_POINT ( 'NONE', #1250 ) ;
#1180 = CARTESIAN_POINT ( 'NONE',  ( 6.596040475471299125, 77.50000000000000000, 17.50000000000000000 ) ) ;
#1181 = PLANE ( 'NONE',  #2042 ) ;
#1182 = ORIENTED_EDGE ( 'NONE', *, *, #615, .T. ) ;
#1183 = VERTEX_POINT ( 'NONE', #2173 ) ;
#1184 = VECTOR ( 'NONE', #310, 1000.000000000000114 ) ;
#1185 = DIRECTION ( 'NONE',  ( 1.820163057460899999E-30, 1.000000000000000000, 1.616376292173055216E-44 ) ) ;
#1186 = EDGE_CURVE ( 'NONE', #1576, #499, #472, .T. ) ;
#1187 = LINE ( 'NONE', #2290, #2031 ) ;
#1188 = DIRECTION ( 'NONE',  ( 0.000000000000000000, 1.000000000000000000, 0.000000000000000000 ) ) ;
#1189 = ORIENTED_EDGE ( 'NONE', *, *, #1984, .T. ) ;
#1190 = VERTEX_POINT ( 'NONE', #2344 ) ;
#1191 = LINE ( 'NONE', #1379, #1122 ) ;
#1192 = FACE_BOUND ( 'NONE', #630, .T. ) ;
#1193 = VECTOR ( 'NONE', #2012, 1000.000000000000000 ) ;
#1194 = PLANE ( 'NONE',  #648 ) ;
#1195 = CARTESIAN_POINT ( 'NONE',  ( 4.993750666299909824, 77.50000000000000000, -57.99999886006119709 ) ) ;
#1196 = CARTESIAN_POINT ( 'NONE',  ( 18.00000000000029843, 77.50000000000000000, -37.50000000000000000 ) ) ;
#1197 = ADVANCED_FACE ( 'NONE', ( #122 ), #673, .F. ) ;
#1198 = VECTOR ( 'NONE', #1050, 1000.000000000000000 ) ;
#1199 = ORIENTED_EDGE ( 'NONE', *, *, #598, .F. ) ;
#1200 = DIRECTION ( 'NONE',  ( 1.000000000000000000, 0.000000000000000000, -3.750086505941800052E-14 ) ) ;
#1201 = DIRECTION ( 'NONE',  ( 0.9277833500499405028, 0.000000000000000000, -0.3731193580747446115 ) ) ;
#1202 = EDGE_CURVE ( 'NONE', #67, #1623, #1383, .T. ) ;
#1203 = VERTEX_POINT ( 'NONE', #1033 ) ;
#1204 = ORIENTED_EDGE ( 'NONE', *, *, #555, .T. ) ;
#1205 = CARTESIAN_POINT ( 'NONE',  ( -3.000009706449371372, 286.5000000000000000, -40.37501216797811310 ) ) ;
#1206 = AXIS2_PLACEMENT_3D ( 'NONE', #381, #606, #1356 ) ;
#1207 = LINE ( 'NONE', #1943, #341 ) ;
#1208 = CARTESIAN_POINT ( 'NONE',  ( -3.000009706449371372, 286.5000000000000000, -40.37501216797811310 ) ) ;
#1209 = CARTESIAN_POINT ( 'NONE',  ( 18.00000000000029843, 228.9000000000000057, -48.99999999999909761 ) ) ;
#1210 = ORIENTED_EDGE ( 'NONE', *, *, #1730, .T. ) ;
#1211 = EDGE_CURVE ( 'NONE', #773, #2248, #148, .T. ) ;
#1212 = EDGE_LOOP ( 'NONE', ( #787, #1504, #428, #1471 ) ) ;
#1213 = CARTESIAN_POINT ( 'NONE',  ( -3.000007551704839681, 286.5000000000000000, -42.50001216797689807 ) ) ;
#1214 = LINE ( 'NONE', #285, #946 ) ;
#1215 = CIRCLE ( 'NONE', #1443, 2.993750606696737648 ) ;
#1216 = ADVANCED_BREP_SHAPE_REPRESENTATION ( 'upper_shell', ( #505, #1089 ), #1244 ) ;
#1217 = EDGE_CURVE ( 'NONE', #709, #1054, #685, .T. ) ;
#1218 = DIRECTION ( 'NONE',  ( -1.216761526407840216E-15, 0.000000000000000000, 1.000000000000000000 ) ) ;
#1219 = PLANE ( 'NONE',  #178 ) ;
#1220 = CARTESIAN_POINT ( 'NONE',  ( -5.300042857127182927, 77.50000000000000000, 3.258109548864113858 ) ) ;
#1221 = VECTOR ( 'NONE', #2278, 1000.000000000000000 ) ;
#1222 = DIRECTION ( 'NONE',  ( 0.000000000000000000, -1.000000000000000000, 0.000000000000000000 ) ) ;
#1223 = ORIENTED_EDGE ( 'NONE', *, *, #1812, .T. ) ;
#1224 = ORIENTED_EDGE ( 'NONE', *, *, #74, .T. ) ;
#1225 = VERTEX_POINT ( 'NONE', #1963 ) ;
#1226 = DIRECTION ( 'NONE',  ( 0.9999999999994858557, 0.000000000000000000, 1.013997426764959618E-06 ) ) ;
#1227 = CARTESIAN_POINT ( 'NONE',  ( 14.61221363986586752, 87.50000000000000000, 10.86387164178326792 ) ) ;
#1228 = DIRECTION ( 'NONE',  ( 1.000000000000000000, 0.000000000000000000, -2.466868151817460236E-14 ) ) ;
#1229 = FACE_OUTER_BOUND ( 'NONE', #1269, .T. ) ;
#1230 = EDGE_CURVE ( 'NONE', #2048, #1248, #1641, .T. ) ;
#1231 = VECTOR ( 'NONE', #490, 1000.000000000000000 ) ;
#1232 = VECTOR ( 'NONE', #1253, 1000.000000000000000 ) ;
#1233 = DIRECTION ( 'NONE',  ( -0.7071067811865480168, 0.000000000000000000, 0.7071067811865470176 ) ) ;
#1234 = EDGE_CURVE ( 'NONE', #1042, #1600, #883, .T. ) ;
#1235 = LINE ( 'NONE', #851, #1529 ) ;
#1236 = VERTEX_POINT ( 'NONE', #1424 ) ;
#1237 = ORIENTED_EDGE ( 'NONE', *, *, #832, .F. ) ;
#1238 = ORIENTED_EDGE ( 'NONE', *, *, #447, .F. ) ;
#1239 = DIRECTION ( 'NONE',  ( 0.000000000000000000, 0.000000000000000000, 1.000000000000000000 ) ) ;
#1240 = DIRECTION ( 'NONE',  ( -1.606111199752450005E-31, 1.000000000000000000, 1.959217102279369698E-16 ) ) ;
#1241 = CIRCLE ( 'NONE', #182, 2.124999999999880096 ) ;
#1242 = LINE ( 'NONE', #311, #681 ) ;
#1243 = PLANE ( 'NONE',  #847 ) ;
#1244 =( GEOMETRIC_REPRESENTATION_CONTEXT ( 3 ) GLOBAL_UNCERTAINTY_ASSIGNED_CONTEXT ( ( #614 ) ) GLOBAL_UNIT_ASSIGNED_CONTEXT ( ( #1365, #1376, #692 ) ) REPRESENTATION_CONTEXT ( 'NONE', 'WORKASPACE' ) );
#1245 = FACE_BOUND ( 'NONE', #903, .T. ) ;
#1246 = EDGE_CURVE ( 'NONE', #371, #2224, #2160, .T. ) ;
#1247 = DIRECTION ( 'NONE',  ( 0.9999999999994858557, 0.000000000000000000, 1.013997426764959618E-06 ) ) ;
#1248 = VERTEX_POINT ( 'NONE', #1452 ) ;
#1249 = CARTESIAN_POINT ( 'NONE',  ( -3.000000044703459601, 67.49999999999998579, 6.020888824057315070 ) ) ;
#1250 = CARTESIAN_POINT ( 'NONE',  ( 18.82951665521056128, 77.50000000000000000, -15.22481090541625548 ) ) ;
#1251 = CARTESIAN_POINT ( 'NONE',  ( -2.999999940394989739, 87.50000000000000000, -44.49999885761410212 ) ) ;
#1252 = CARTESIAN_POINT ( 'NONE',  ( 28.99991904905738593, 67.49999999999998579, 14.30799999999999983 ) ) ;
#1253 = DIRECTION ( 'NONE',  ( 0.000000000000000000, -1.000000000000000000, 0.000000000000000000 ) ) ;
#1254 = CIRCLE ( 'NONE', #2376, 1.993999999998870232 ) ;
#1255 = CIRCLE ( 'NONE', #1561, 8.000470043640854456 ) ;
#1256 = CARTESIAN_POINT ( 'NONE',  ( 27.30923938676749785, 87.50000000000000000, -39.50000000000000000 ) ) ;
#1257 = VECTOR ( 'NONE', #1298, 1000.000000000000000 ) ;
#1258 = LINE ( 'NONE', #1997, #1834 ) ;
#1259 = AXIS2_PLACEMENT_3D ( 'NONE', #1602, #2138, #1759 ) ;
#1260 = EDGE_CURVE ( 'NONE', #79, #746, #2186, .T. ) ;
#1261 = EDGE_LOOP ( 'NONE', ( #1598, #317, #414, #129 ) ) ;
#1262 = EDGE_LOOP ( 'NONE', ( #1044, #1976, #797, #1411, #1543 ) ) ;
#1263 = DIRECTION ( 'NONE',  ( 0.000000000000000000, 1.000000000000000000, 0.000000000000000000 ) ) ;
#1264 = CARTESIAN_POINT ( 'NONE',  ( 22.14999934509400248, 77.50000000000000000, -39.50000000000000000 ) ) ;
#1265 = EDGE_CURVE ( 'NONE', #1203, #1403, #767, .T. ) ;
#1266 = CARTESIAN_POINT ( 'NONE',  ( -5.299999852478400442, 77.50000000000000000, -39.50000118980550212 ) ) ;
#1267 = ORIENTED_EDGE ( 'NONE', *, *, #1374, .F. ) ;
#1268 = DIRECTION ( 'NONE',  ( 0.000000000000000000, -1.000000000000000000, 0.000000000000000000 ) ) ;
#1269 = EDGE_LOOP ( 'NONE', ( #1224, #469, #2136, #1748 ) ) ;
#1270 = FACE_OUTER_BOUND ( 'NONE', #1172, .T. ) ;
#1271 = LINE ( 'NONE', #704, #2162 ) ;
#1272 = CIRCLE ( 'NONE', #1890, 4.999999999999997335 ) ;
#1273 = VECTOR ( 'NONE', #323, 1000.000000000000000 ) ;
#1274 = DIRECTION ( 'NONE',  ( 0.000000000000000000, 1.000000000000000000, 0.000000000000000000 ) ) ;
#1275 = EDGE_LOOP ( 'NONE', ( #893, #1839, #2190, #452 ) ) ;
#1276 = CARTESIAN_POINT ( 'NONE',  ( 20.99998837754559844, 87.50000000000000000, -39.00042022694369592 ) ) ;
#1277 = EDGE_CURVE ( 'NONE', #1533, #2082, #1045, .T. ) ;
#1278 = CARTESIAN_POINT ( 'NONE',  ( 24.00046957425420047, 77.50000000000000000, -40.79785669972180528 ) ) ;
#1279 = DIRECTION ( 'NONE',  ( 8.434626895571049927E-54, 1.000000000000000000, 5.478109015210919458E-47 ) ) ;
#1280 = ORIENTED_EDGE ( 'NONE', *, *, #913, .F. ) ;
#1281 = EDGE_CURVE ( 'NONE', #198, #2343, #1852, .T. ) ;
#1282 = PLANE ( 'NONE',  #1038 ) ;
#1283 = ORIENTED_EDGE ( 'NONE', *, *, #2169, .T. ) ;
#1284 = DIRECTION ( 'NONE',  ( 1.000000000000000000, 0.000000000000000000, 0.000000000000000000 ) ) ;
#1285 = AXIS2_PLACEMENT_3D ( 'NONE', #111, #2358, #1070 ) ;
#1286 =( LENGTH_UNIT ( ) NAMED_UNIT ( * ) SI_UNIT ( .MILLI., .METRE. ) );
#1287 = ORIENTED_EDGE ( 'NONE', *, *, #1479, .F. ) ;
#1288 = ORIENTED_EDGE ( 'NONE', *, *, #2074, .F. ) ;
#1289 = DIRECTION ( 'NONE',  ( 0.000000000000000000, 1.000000000000000000, 0.000000000000000000 ) ) ;
#1290 = DIRECTION ( 'NONE',  ( -2.466868151817460236E-14, 3.222086848073230355E-32, -1.000000000000000000 ) ) ;
#1291 = CARTESIAN_POINT ( 'NONE',  ( 4.993750666299909824, 291.8999999999999773, -57.99999886006119709 ) ) ;
#1292 = ADVANCED_FACE ( 'NONE', ( #387 ), #1116, .T. ) ;
#1293 = ORIENTED_EDGE ( 'NONE', *, *, #2283, .T. ) ;
#1294 = CARTESIAN_POINT ( 'NONE',  ( 36.29999705292313905, 67.50000000000000000, 3.837983717968821207 ) ) ;
#1295 = EDGE_CURVE ( 'NONE', #1358, #840, #546, .T. ) ;
#1296 = CARTESIAN_POINT ( 'NONE',  ( 31.29667966274210400, 77.50000000000000000, -39.50000000000000000 ) ) ;
#1297 = VECTOR ( 'NONE', #262, 1000.000000000000000 ) ;
#1298 = DIRECTION ( 'NONE',  ( 9.252072345184710225E-32, -1.000000000000000000, -2.049642507000289605E-16 ) ) ;
#1299 = AXIS2_PLACEMENT_3D ( 'NONE', #500, #1105, #2359 ) ;
#1300 = CARTESIAN_POINT ( 'NONE',  ( 0.1920809509425950024, 77.50000000000000000, 17.50000000000000000 ) ) ;
#1301 = VERTEX_POINT ( 'NONE', #1300 ) ;
#1302 = CARTESIAN_POINT ( 'NONE',  ( 26.97949192431119769, 67.49999999999998579, 1.999999999999997780 ) ) ;
#1303 = ORIENTED_EDGE ( 'NONE', *, *, #1388, .T. ) ;
#1304 = DIRECTION ( 'NONE',  ( -2.898028538349229467E-17, 1.000000000000000000, 4.182943891838404983E-18 ) ) ;
#1305 = DIRECTION ( 'NONE',  ( -2.049642507000289605E-16, -1.000000000000000000, 0.000000000000000000 ) ) ;
#1306 = EDGE_CURVE ( 'NONE', #1744, #1518, #173, .T. ) ;
#1307 = ADVANCED_FACE ( 'NONE', ( #726 ), #2034, .F. ) ;
#1308 = VECTOR ( 'NONE', #697, 1000.000000000000000 ) ;
#1309 = CARTESIAN_POINT ( 'NONE',  ( 36.29999999999999716, 87.50000000000000000, -35.50000229217099701 ) ) ;
#1310 = DIRECTION ( 'NONE',  ( 0.9999999999994858557, -1.986641098592824170E-22, 1.013997426771979615E-06 ) ) ;
#1311 = ORIENTED_EDGE ( 'NONE', *, *, #511, .T. ) ;
#1312 = CYLINDRICAL_SURFACE ( 'NONE', #2315, 2.124999999999880096 ) ;
#1313 = EDGE_LOOP ( 'NONE', ( #1069, #668, #1556, #1031 ) ) ;
#1314 = DIRECTION ( 'NONE',  ( 0.000000000000000000, 1.000000000000000000, 0.000000000000000000 ) ) ;
#1315 = CYLINDRICAL_SURFACE ( 'NONE', #2274, 2.124999999999880096 ) ;
#1316 = VECTOR ( 'NONE', #823, 1000.000000000000000 ) ;
#1317 = PRODUCT_RELATED_PRODUCT_CATEGORY ( 'part', '', ( #254 ) ) ;
#1318 = DIRECTION ( 'NONE',  ( 0.000000000000000000, 1.000000000000000000, 0.000000000000000000 ) ) ;
#1319 = VERTEX_POINT ( 'NONE', #2198 ) ;
#1320 = EDGE_CURVE ( 'NONE', #1560, #1897, #366, .T. ) ;
#1321 = LINE ( 'NONE', #2393, #1992 ) ;
#1322 = CIRCLE ( 'NONE', #902, 1.500000000000060396 ) ;
#1323 = DIRECTION ( 'NONE',  ( 1.000000000000000000, 0.000000000000000000, 0.000000000000000000 ) ) ;
#1324 = EDGE_LOOP ( 'NONE', ( #1354, #956, #1562, #1781, #1156 ) ) ;
#1325 = DIRECTION ( 'NONE',  ( 4.015694653273729943E-32, -1.959217102279369698E-16, 1.000000000000000000 ) ) ;
#1326 = ORIENTED_EDGE ( 'NONE', *, *, #376, .T. ) ;
#1327 = ORIENTED_EDGE ( 'NONE', *, *, #577, .F. ) ;
#1328 = CARTESIAN_POINT ( 'NONE',  ( 36.29999705292320300, 87.50000000000000000, -44.50000000000000000 ) ) ;
#1329 = LINE ( 'NONE', #412, #705 ) ;
#1330 = ORIENTED_EDGE ( 'NONE', *, *, #265, .F. ) ;
#1331 = VECTOR ( 'NONE', #2222, 1000.000000000000000 ) ;
#1332 = CYLINDRICAL_SURFACE ( 'NONE', #1650, 8.000470043640852680 ) ;
#1333 = PLANE ( 'NONE',  #1037 ) ;
#1334 = DIRECTION ( 'NONE',  ( -3.014299720074920036E-17, 0.000000000000000000, 1.000000000000000000 ) ) ;
#1335 = EDGE_CURVE ( 'NONE', #1441, #127, #929, .T. ) ;
#1336 = ORIENTED_EDGE ( 'NONE', *, *, #1173, .F. ) ;
#1337 = PLANE ( 'NONE',  #1418 ) ;
#1338 = ADVANCED_FACE ( 'NONE', ( #195, #207 ), #379, .T. ) ;
#1339 = VECTOR ( 'NONE', #884, 1000.000000000000000 ) ;
#1340 = DIRECTION ( 'NONE',  ( -7.888551657556060360E-31, 2.049642507000289605E-16, -1.000000000000000000 ) ) ;
#1341 = LINE ( 'NONE', #413, #166 ) ;
#1342 = ORIENTED_EDGE ( 'NONE', *, *, #1014, .F. ) ;
#1343 = DIRECTION ( 'NONE',  ( 1.000000000000000000, -6.178236835104631088E-33, 3.014299720074920036E-17 ) ) ;
#1344 = VERTEX_POINT ( 'NONE', #763 ) ;
#1345 = VECTOR ( 'NONE', #1954, 1000.000000000000000 ) ;
#1346 = CIRCLE ( 'NONE', #329, 4.499999999999997335 ) ;
#1347 = ADVANCED_FACE ( 'NONE', ( #1701 ), #1666, .T. ) ;
#1348 = AXIS2_PLACEMENT_3D ( 'NONE', #663, #1228, #1968 ) ;
#1349 = ORIENTED_EDGE ( 'NONE', *, *, #1735, .T. ) ;
#1350 = DIRECTION ( 'NONE',  ( 2.394126423163265094E-22, -1.000000000000000000, -1.959217102276444750E-16 ) ) ;
#1351 = ORIENTED_EDGE ( 'NONE', *, *, #1260, .F. ) ;
#1352 = ADVANCED_FACE ( 'NONE', ( #938 ), #2, .T. ) ;
#1353 = CARTESIAN_POINT ( 'NONE',  ( 0.1920809509425960016, 77.50000000000000000, 17.50000000000000000 ) ) ;
#1354 = ORIENTED_EDGE ( 'NONE', *, *, #1957, .F. ) ;
#1355 = CARTESIAN_POINT ( 'NONE',  ( 26.97949192431119769, 77.50000000000000000, 2.000000000000000000 ) ) ;
#1356 = DIRECTION ( 'NONE',  ( -2.021348826591944908E-10, 1.000000000000000000, 0.000000000000000000 ) ) ;
#1357 = AXIS2_PLACEMENT_3D ( 'NONE', #1515, #427, #415 ) ;
#1358 = VERTEX_POINT ( 'NONE', #1486 ) ;
#1359 = DIRECTION ( 'NONE',  ( -1.606111199752450005E-31, 1.000000000000000000, 1.959217102279369698E-16 ) ) ;
#1360 = DIRECTION ( 'NONE',  ( 7.888609052210119806E-31, -2.049642507000289605E-16, 1.000000000000000000 ) ) ;
#1361 = EDGE_CURVE ( 'NONE', #1639, #1144, #1864, .T. ) ;
#1362 = EDGE_CURVE ( 'NONE', #470, #127, #1458, .T. ) ;
#1363 = DIRECTION ( 'NONE',  ( 0.000000000000000000, -1.000000000000000000, 0.000000000000000000 ) ) ;
#1364 = DIRECTION ( 'NONE',  ( 0.000000000000000000, -1.000000000000000000, -2.049642507000289605E-16 ) ) ;
#1365 =( LENGTH_UNIT ( ) NAMED_UNIT ( * ) SI_UNIT ( .MILLI., .METRE. ) );
#1366 = CIRCLE ( 'NONE', #624, 9.499999999999996447 ) ;
#1367 = ORIENTED_EDGE ( 'NONE', *, *, #2099, .T. ) ;
#1368 = DIRECTION ( 'NONE',  ( 3.750086511940739506E-14, 0.000000000000000000, 1.000000000000000000 ) ) ;
#1369 = CARTESIAN_POINT ( 'NONE',  ( 4.999999999999020339, 228.9000000000000057, -50.00000000000059686 ) ) ;
#1370 = ORIENTED_EDGE ( 'NONE', *, *, #954, .T. ) ;
#1371 = AXIS2_PLACEMENT_3D ( 'NONE', #686, #1404, #269 ) ;
#1372 = EDGE_CURVE ( 'NONE', #1564, #14, #1513, .T. ) ;
#1373 = CARTESIAN_POINT ( 'NONE',  ( -2.999919049057420128, 77.50000000000000000, 14.30799999999999983 ) ) ;
#1374 = EDGE_CURVE ( 'NONE', #919, #55, #2383, .T. ) ;
#1375 = CARTESIAN_POINT ( 'NONE',  ( 36.29999705292320300, 87.50000000000000000, -44.50000000000000000 ) ) ;
#1376 =( NAMED_UNIT ( * ) PLANE_ANGLE_UNIT ( ) SI_UNIT ( $, .RADIAN. ) );
#1377 = ORIENTED_EDGE ( 'NONE', *, *, #1246, .F. ) ;
#1378 = ORIENTED_EDGE ( 'NONE', *, *, #109, .T. ) ;
#1379 = CARTESIAN_POINT ( 'NONE',  ( 6.499999999999639400, 77.50000000000000000, -28.87499971501520335 ) ) ;
#1380 = VECTOR ( 'NONE', #908, 1000.000000000000000 ) ;
#1381 = ORIENTED_EDGE ( 'NONE', *, *, #2298, .T. ) ;
#1382 = DIRECTION ( 'NONE',  ( -0.000000000000000000, 1.000000000000000000, -0.000000000000000000 ) ) ;
#1383 = CIRCLE ( 'NONE', #2345, 4.999999999999999112 ) ;
#1384 = DIRECTION ( 'NONE',  ( -0.7071067811865470176, 0.000000000000000000, 0.7071067811865480168 ) ) ;
#1385 = FACE_OUTER_BOUND ( 'NONE', #2073, .T. ) ;
#1386 = ORIENTED_EDGE ( 'NONE', *, *, #1764, .F. ) ;
#1387 = PLANE ( 'NONE',  #2254 ) ;
#1388 = EDGE_CURVE ( 'NONE', #2086, #982, #2024, .T. ) ;
#1389 = ORIENTED_EDGE ( 'NONE', *, *, #555, .F. ) ;
#1390 = CIRCLE ( 'NONE', #1587, 2.125000000000973444 ) ;
#1391 = EDGE_LOOP ( 'NONE', ( #1691, #346, #146, #2356 ) ) ;
#1392 = DIRECTION ( 'NONE',  ( 1.000000000000000000, 0.000000000000000000, 1.216761526407840019E-15 ) ) ;
#1393 = DIRECTION ( 'NONE',  ( 0.000000000000000000, 0.000000000000000000, 1.000000000000000000 ) ) ;
#1394 = LINE ( 'NONE', #888, #1232 ) ;
#1395 = PRODUCT_DEFINITION_FORMATION_WITH_SPECIFIED_SOURCE ( 'ANY', '', #254, .NOT_KNOWN. ) ;
#1396 = PLANE ( 'NONE',  #2120 ) ;
#1397 = CARTESIAN_POINT ( 'NONE',  ( 20.99999953061340108, 67.50000000000000000, -52.99999886006120420 ) ) ;
#1398 = ORIENTED_EDGE ( 'NONE', *, *, #376, .F. ) ;
#1399 = ORIENTED_EDGE ( 'NONE', *, *, #2183, .T. ) ;
#1400 = DIRECTION ( 'NONE',  ( -1.000000000000000000, 0.000000000000000000, 3.172065784642910061E-14 ) ) ;
#1401 = EDGE_CURVE ( 'NONE', #1139, #2213, #1473, .T. ) ;
#1402 = DIRECTION ( 'NONE',  ( -1.606111199752450005E-31, 1.000000000000000000, 1.959217102279369698E-16 ) ) ;
#1403 = VERTEX_POINT ( 'NONE', #218 ) ;
#1404 = DIRECTION ( 'NONE',  ( 0.000000000000000000, -1.000000000000000000, 0.000000000000000000 ) ) ;
#1405 = VECTOR ( 'NONE', #748, 1000.000000000000000 ) ;
#1406 = CYLINDRICAL_SURFACE ( 'NONE', #56, 3.000470043640849571 ) ;
#1407 = ADVANCED_FACE ( 'NONE', ( #580 ), #1333, .T. ) ;
#1408 = CARTESIAN_POINT ( 'NONE',  ( 12.07048334478933960, 82.50000000000004263, -15.22481090541531046 ) ) ;
#1409 = CARTESIAN_POINT ( 'NONE',  ( 5.845252919714149620, 77.50000000000000000, -39.49998988854790127 ) ) ;
#1410 = DIRECTION ( 'NONE',  ( -1.000000000000000000, 0.000000000000000000, 7.888609052210119806E-31 ) ) ;
#1411 = ORIENTED_EDGE ( 'NONE', *, *, #1927, .F. ) ;
#1412 = ORIENTED_EDGE ( 'NONE', *, *, #494, .F. ) ;
#1413 = LINE ( 'NONE', #1435, #2177 ) ;
#1414 = DIRECTION ( 'NONE',  ( -5.794482252784831864E-16, 0.000000000000000000, -1.000000000000000000 ) ) ;
#1415 = DIRECTION ( 'NONE',  ( 8.673617379884037444E-16, 0.000000000000000000, 1.000000000000000000 ) ) ;
#1416 = DIRECTION ( 'NONE',  ( 1.000000000000000000, 0.000000000000000000, -3.172065784642910061E-14 ) ) ;
#1417 = CARTESIAN_POINT ( 'NONE',  ( 19.49999999999889866, 87.50000000000000000, -47.50000000000000000 ) ) ;
#1418 = AXIS2_PLACEMENT_3D ( 'NONE', #1157, #800, #574 ) ;
#1419 = EDGE_CURVE ( 'NONE', #849, #27, #2245, .T. ) ;
#1420 = CARTESIAN_POINT ( 'NONE',  ( 6.499999999999639400, 228.9000000000000057, -37.50000000000000000 ) ) ;
#1421 = CARTESIAN_POINT ( 'NONE',  ( 3.750000000000469846, 291.8999999999999773, -31.99999999999900169 ) ) ;
#1422 = EDGE_LOOP ( 'NONE', ( #984, #1869, #2134, #1182 ) ) ;
#1423 = ORIENTED_EDGE ( 'NONE', *, *, #2015, .F. ) ;
#1424 = CARTESIAN_POINT ( 'NONE',  ( -10.30004868240825644, 87.50000000000000000, 3.837721882954967523 ) ) ;
#1425 = DIRECTION ( 'NONE',  ( 0.7071067811865480168, 1.385375698838400322E-16, -0.7071067811865470176 ) ) ;
#1426 = AXIS2_PLACEMENT_3D ( 'NONE', #2053, #429, #1003 ) ;
#1427 = CARTESIAN_POINT ( 'NONE',  ( 20.99997215263350014, 87.50000000000000000, -30.99995018331929941 ) ) ;
#1428 = CARTESIAN_POINT ( 'NONE',  ( 4.999999999998990141, 291.8999999999999773, -51.24999999999920419 ) ) ;
#1429 = PLANE ( 'NONE',  #2157 ) ;
#1430 = EDGE_CURVE ( 'NONE', #2086, #942, #400, .T. ) ;
#1431 = DIRECTION ( 'NONE',  ( -0.9999999999992533750, 0.000000000000000000, -1.221981178530897831E-06 ) ) ;
#1432 = CARTESIAN_POINT ( 'NONE',  ( -1.878986860922871260, 67.49999999999998579, 22.50000000000000000 ) ) ;
#1433 = ADVANCED_FACE ( 'NONE', ( #501 ), #463, .T. ) ;
#1434 = VERTEX_POINT ( 'NONE', #1252 ) ;
#1435 = CARTESIAN_POINT ( 'NONE',  ( 9.000114616798281730, 228.9000000000000057, -51.24999999999930367 ) ) ;
#1436 = CYLINDRICAL_SURFACE ( 'NONE', #2313, 2.993750606696737648 ) ;
#1437 = CARTESIAN_POINT ( 'NONE',  ( 3.750000000000469846, 291.8999999999999773, -31.09733148655180202 ) ) ;
#1438 = CARTESIAN_POINT ( 'NONE',  ( 14.61221363986586752, 77.50000000000000000, 13.36332643980367152 ) ) ;
#1439 = VERTEX_POINT ( 'NONE', #2336 ) ;
#1440 = CARTESIAN_POINT ( 'NONE',  ( 29.00046957425429994, 77.50000000000000000, -49.99952881642030178 ) ) ;
#1441 = VERTEX_POINT ( 'NONE', #1438 ) ;
#1442 = VECTOR ( 'NONE', #1496, 1000.000000000000000 ) ;
#1443 = AXIS2_PLACEMENT_3D ( 'NONE', #771, #998, #1545 ) ;
#1444 = DIRECTION ( 'NONE',  ( -1.529887327950269838E-13, 0.000000000000000000, -1.000000000000000000 ) ) ;
#1445 = DIRECTION ( 'NONE',  ( -1.000000000000000000, 0.000000000000000000, 1.850371707708519660E-14 ) ) ;
#1446 = EDGE_CURVE ( 'NONE', #1403, #2317, #687, .T. ) ;
#1447 = FILL_AREA_STYLE ('',( #2207 ) ) ;
#1448 = VECTOR ( 'NONE', #73, 1000.000000000000000 ) ;
#1449 = ORIENTED_EDGE ( 'NONE', *, *, #1109, .F. ) ;
#1450 = EDGE_CURVE ( 'NONE', #1465, #1544, #1083, .T. ) ;
#1451 = CARTESIAN_POINT ( 'NONE',  ( 31.29667966274205071, 67.50000000000000000, 3.269602312199499483 ) ) ;
#1452 = CARTESIAN_POINT ( 'NONE',  ( 34.00000043213349699, 67.49999999999998579, 16.37898642878939981 ) ) ;
#1453 = DIRECTION ( 'NONE',  ( 0.000000000000000000, 1.000000000000000000, 0.000000000000000000 ) ) ;
#1454 = ORIENTED_EDGE ( 'NONE', *, *, #553, .T. ) ;
#1455 = CARTESIAN_POINT ( 'NONE',  ( -1.361444568978859904, 67.50000000000000000, -44.49972745446660127 ) ) ;
#1456 = VERTEX_POINT ( 'NONE', #299 ) ;
#1457 = DIRECTION ( 'NONE',  ( 1.000000000000000000, 0.000000000000000000, -1.529887327950269838E-13 ) ) ;
#1458 = CIRCLE ( 'NONE', #844, 2.499454798020404933 ) ;
#1459 = DIRECTION ( 'NONE',  ( -0.9999999999994858557, 0.000000000000000000, -1.013997426764959618E-06 ) ) ;
#1460 = LINE ( 'NONE', #2196, #1524 ) ;
#1461 = CARTESIAN_POINT ( 'NONE',  ( 36.29999999999999716, 87.50000000000000000, -20.19817807045699709 ) ) ;
#1462 = DIRECTION ( 'NONE',  ( -2.027994854305798874E-06, 0.000000000000000000, 0.9999999999979437559 ) ) ;
#1463 = EDGE_CURVE ( 'NONE', #2386, #52, #2304, .T. ) ;
#1464 = VERTEX_POINT ( 'NONE', #1427 ) ;
#1465 = VERTEX_POINT ( 'NONE', #2163 ) ;
#1466 = DIRECTION ( 'NONE',  ( 0.7071067811865480168, -1.385375698838397857E-16, 0.7071067811865470176 ) ) ;
#1467 = VECTOR ( 'NONE', #1027, 1000.000000000000000 ) ;
#1468 = CARTESIAN_POINT ( 'NONE',  ( 15.45000000000064411, 77.50000000000000000, -10.26710305025185832 ) ) ;
#1469 = VECTOR ( 'NONE', #1535, 1000.000000000000000 ) ;
#1470 = CARTESIAN_POINT ( 'NONE',  ( -2.999999940394229458, 291.8999999999999773, -50.00625469643669874 ) ) ;
#1471 = ORIENTED_EDGE ( 'NONE', *, *, #923, .T. ) ;
#1472 = DIRECTION ( 'NONE',  ( 0.000000000000000000, 1.000000000000000000, 0.000000000000000000 ) ) ;
#1473 = LINE ( 'NONE', #2209, #2231 ) ;
#1474 = LINE ( 'NONE', #185, #2284 ) ;
#1475 = EDGE_CURVE ( 'NONE', #773, #941, #517, .T. ) ;
#1476 = ORIENTED_EDGE ( 'NONE', *, *, #1917, .F. ) ;
#1477 = EDGE_LOOP ( 'NONE', ( #1611, #241, #228, #1349 ) ) ;
#1478 = LINE ( 'NONE', #2204, #2005 ) ;
#1479 = EDGE_CURVE ( 'NONE', #1248, #942, #2129, .T. ) ;
#1480 = FACE_OUTER_BOUND ( 'NONE', #2064, .T. ) ;
#1481 = LINE ( 'NONE', #2170, #1522 ) ;
#1482 = ORIENTED_EDGE ( 'NONE', *, *, #1109, .T. ) ;
#1483 = VECTOR ( 'NONE', #2234, 1000.000000000000000 ) ;
#1484 = CARTESIAN_POINT ( 'NONE',  ( -5.300042857127182927, 77.50000000000000000, 3.258109548864113858 ) ) ;
#1485 = VECTOR ( 'NONE', #1809, 1000.000000000000000 ) ;
#1486 = CARTESIAN_POINT ( 'NONE',  ( -2.999919049057420128, 77.50000000000000000, 9.307999999999999829 ) ) ;
#1487 = ORIENTED_EDGE ( 'NONE', *, *, #2128, .F. ) ;
#1488 = CARTESIAN_POINT ( 'NONE',  ( 18.00000000000029843, 87.50000000000000000, -36.00000000000129319 ) ) ;
#1489 = ORIENTED_EDGE ( 'NONE', *, *, #156, .T. ) ;
#1490 = ORIENTED_EDGE ( 'NONE', *, *, #2057, .T. ) ;
#1491 = EDGE_LOOP ( 'NONE', ( #2325, #1280, #342, #1043 ) ) ;
#1492 = FACE_OUTER_BOUND ( 'NONE', #842, .T. ) ;
#1493 = EDGE_CURVE ( 'NONE', #2317, #562, #291, .T. ) ;
#1494 = DIRECTION ( 'NONE',  ( 0.000000000000000000, 0.000000000000000000, 1.000000000000000000 ) ) ;
#1495 = EDGE_CURVE ( 'NONE', #371, #2292, #896, .T. ) ;
#1496 = DIRECTION ( 'NONE',  ( 0.000000000000000000, 1.000000000000000000, 0.000000000000000000 ) ) ;
#1497 = AXIS2_PLACEMENT_3D ( 'NONE', #1138, #2223, #1829 ) ;
#1498 = CARTESIAN_POINT ( 'NONE',  ( 29.00000043213350054, 77.50000000000000000, -5.471040406553340674 ) ) ;
#1499 = DIRECTION ( 'NONE',  ( -1.606111199752450005E-31, 1.000000000000000000, 1.959217102279369698E-16 ) ) ;
#1500 = ORIENTED_EDGE ( 'NONE', *, *, #1663, .T. ) ;
#1501 = DIRECTION ( 'NONE',  ( 1.000000000000000000, 0.000000000000000000, -1.501021529309699972E-13 ) ) ;
#1502 = ORIENTED_EDGE ( 'NONE', *, *, #141, .F. ) ;
#1503 = ORIENTED_EDGE ( 'NONE', *, *, #227, .F. ) ;
#1504 = ORIENTED_EDGE ( 'NONE', *, *, #593, .T. ) ;
#1505 = CARTESIAN_POINT ( 'NONE',  ( -10.30006760591538573, 87.50000000000000000, 22.50000506991860050 ) ) ;
#1506 = AXIS2_PLACEMENT_3D ( 'NONE', #1468, #2206, #361 ) ;
#1507 = ADVANCED_FACE ( 'NONE', ( #1629 ), #2361, .T. ) ;
#1508 = DIRECTION ( 'NONE',  ( -1.606111199752450443E-31, 1.000000000000000000, 1.959217102279370191E-16 ) ) ;
#1509 = VECTOR ( 'NONE', #1978, 1000.000000000000000 ) ;
#1510 = ADVANCED_FACE ( 'NONE', ( #335 ), #1406, .F. ) ;
#1511 = CARTESIAN_POINT ( 'NONE',  ( 20.99998837754559844, 87.50000000000000000, -39.00042022694369592 ) ) ;
#1512 = CIRCLE ( 'NONE', #2054, 2.499454798020404933 ) ;
#1513 = LINE ( 'NONE', #344, #1929 ) ;
#1514 = ORIENTED_EDGE ( 'NONE', *, *, #886, .T. ) ;
#1515 = CARTESIAN_POINT ( 'NONE',  ( 20.99999953061340108, 67.50000000000000000, -49.99952881642030178 ) ) ;
#1516 = ORIENTED_EDGE ( 'NONE', *, *, #598, .T. ) ;
#1517 = VERTEX_POINT ( 'NONE', #489 ) ;
#1518 = VERTEX_POINT ( 'NONE', #907 ) ;
#1519 = LINE ( 'NONE', #41, #1578 ) ;
#1520 = VERTEX_POINT ( 'NONE', #1643 ) ;
#1521 = CARTESIAN_POINT ( 'NONE',  ( 22.24999999999991829, 286.5000000000000000, -44.62498656453527701 ) ) ;
#1522 = VECTOR ( 'NONE', #2392, 1000.000000000000000 ) ;
#1523 = EDGE_CURVE ( 'NONE', #1533, #1961, #475, .T. ) ;
#1524 = VECTOR ( 'NONE', #1472, 1000.000000000000000 ) ;
#1525 = CARTESIAN_POINT ( 'NONE',  ( 29.00046957425420047, 87.50000000000000000, -44.50000000000000000 ) ) ;
#1526 = DIRECTION ( 'NONE',  ( 0.000000000000000000, 1.000000000000000000, 0.000000000000000000 ) ) ;
#1527 = EDGE_CURVE ( 'NONE', #2378, #1664, #715, .T. ) ;
#1528 = ORIENTED_EDGE ( 'NONE', *, *, #1463, .F. ) ;
#1529 = VECTOR ( 'NONE', #495, 1000.000000000000000 ) ;
#1530 = ORIENTED_EDGE ( 'NONE', *, *, #1281, .F. ) ;
#1531 = FACE_OUTER_BOUND ( 'NONE', #1275, .T. ) ;
#1532 = DIRECTION ( 'NONE',  ( 0.000000000000000000, 0.000000000000000000, 1.000000000000000000 ) ) ;
#1533 = VERTEX_POINT ( 'NONE', #101 ) ;
#1534 = DIRECTION ( 'NONE',  ( -4.625929269276082804E-15, 0.000000000000000000, -1.000000000000000000 ) ) ;
#1535 = DIRECTION ( 'NONE',  ( -3.750086511940739506E-14, 0.000000000000000000, -1.000000000000000000 ) ) ;
#1536 = VECTOR ( 'NONE', #320, 1000.000000000000000 ) ;
#1537 = CIRCLE ( 'NONE', #845, 1.499999999998509415 ) ;
#1538 = ORIENTED_EDGE ( 'NONE', *, *, #772, .T. ) ;
#1539 = ADVANCED_FACE ( 'NONE', ( #1593 ), #2323, .T. ) ;
#1540 = CARTESIAN_POINT ( 'NONE',  ( -5.300042857127182927, 67.50000000000000000, 3.258109548864111638 ) ) ;
#1541 = ORIENTED_EDGE ( 'NONE', *, *, #2110, .T. ) ;
#1542 = DIRECTION ( 'NONE',  ( -6.938893903913898985E-15, 0.000000000000000000, 1.000000000000000000 ) ) ;
#1543 = ORIENTED_EDGE ( 'NONE', *, *, #1186, .F. ) ;
#1544 = VERTEX_POINT ( 'NONE', #872 ) ;
#1545 = DIRECTION ( 'NONE',  ( 0.000000000000000000, 0.000000000000000000, 1.000000000000000000 ) ) ;
#1546 = AXIS2_PLACEMENT_3D ( 'NONE', #1934, #2154, #1595 ) ;
#1547 = ORIENTED_EDGE ( 'NONE', *, *, #464, .T. ) ;
#1548 = FACE_OUTER_BOUND ( 'NONE', #1972, .T. ) ;
#1549 = ORIENTED_EDGE ( 'NONE', *, *, #1265, .F. ) ;
#1550 = FACE_OUTER_BOUND ( 'NONE', #2390, .T. ) ;
#1551 = CARTESIAN_POINT ( 'NONE',  ( -10.29999966807629974, 87.50000000000000000, -44.50000625979500057 ) ) ;
#1552 = ORIENTED_EDGE ( 'NONE', *, *, #541, .F. ) ;
#1553 = EDGE_CURVE ( 'NONE', #1586, #1692, #1605, .T. ) ;
#1554 = EDGE_CURVE ( 'NONE', #1805, #1600, #1242, .T. ) ;
#1555 = CARTESIAN_POINT ( 'NONE',  ( 3.750000000000469846, 286.5000000000000000, -42.50000532348669680 ) ) ;
#1556 = ORIENTED_EDGE ( 'NONE', *, *, #1175, .T. ) ;
#1557 = FACE_OUTER_BOUND ( 'NONE', #1262, .T. ) ;
#1558 = DIRECTION ( 'NONE',  ( 0.000000000000000000, -1.000000000000000000, -2.049642507000289605E-16 ) ) ;
#1559 = VECTOR ( 'NONE', #334, 1000.000000000000000 ) ;
#1560 = VERTEX_POINT ( 'NONE', #287 ) ;
#1561 = AXIS2_PLACEMENT_3D ( 'NONE', #2403, #543, #13 ) ;
#1562 = ORIENTED_EDGE ( 'NONE', *, *, #2197, .F. ) ;
#1563 = FACE_OUTER_BOUND ( 'NONE', #817, .T. ) ;
#1564 = VERTEX_POINT ( 'NONE', #88 ) ;
#1565 = FACE_OUTER_BOUND ( 'NONE', #2282, .T. ) ;
#1566 = ORIENTED_EDGE ( 'NONE', *, *, #423, .F. ) ;
#1567 = VERTEX_POINT ( 'NONE', #1788 ) ;
#1569 = CARTESIAN_POINT ( 'NONE',  ( 36.29999999999999716, 87.50000000000000000, -35.50000229217099701 ) ) ;
#1568 = CIRCLE ( 'NONE', #396, 1.499999999998540723 ) ;
#1570 = EDGE_CURVE ( 'NONE', #1055, #1948, #861, .T. ) ;
#1571 = LINE ( 'NONE', #2285, #1740 ) ;
#1572 = ADVANCED_FACE ( 'NONE', ( #2118 ), #1969, .T. ) ;
#1573 = CARTESIAN_POINT ( 'NONE',  ( 15.45000000000064411, 87.50000000000008527, -4.267103050251854768 ) ) ;
#1574 = DIRECTION ( 'NONE',  ( 1.000000000000000000, 0.000000000000000000, 0.000000000000000000 ) ) ;
#1575 = ORIENTED_EDGE ( 'NONE', *, *, #2153, .F. ) ;
#1576 = VERTEX_POINT ( 'NONE', #301 ) ;
#1577 = CARTESIAN_POINT ( 'NONE',  ( 21.00023478712710201, 67.50000000000000000, -44.50000000000000000 ) ) ;
#1578 = VECTOR ( 'NONE', #1004, 1000.000000000000000 ) ;
#1579 = CARTESIAN_POINT ( 'NONE',  ( -0.9794919243112151230, 67.49999999999998579, 1.999999999999997780 ) ) ;
#1580 = ORIENTED_EDGE ( 'NONE', *, *, #1001, .T. ) ;
#1581 = CARTESIAN_POINT ( 'NONE',  ( 25.80791904905739997, 87.50000000000000000, 17.50000000000000000 ) ) ;
#1582 = DIRECTION ( 'NONE',  ( -0.7071067811865470176, 1.449316115708099850E-16, -0.7071067811865480168 ) ) ;
#1583 = ADVANCED_FACE ( 'NONE', ( #677 ), #1243, .T. ) ;
#1584 = DIRECTION ( 'NONE',  ( 0.000000000000000000, -1.000000000000000000, -2.049642507000289605E-16 ) ) ;
#1585 = ORIENTED_EDGE ( 'NONE', *, *, #1866, .T. ) ;
#1586 = VERTEX_POINT ( 'NONE', #1428 ) ;
#1587 = AXIS2_PLACEMENT_3D ( 'NONE', #1555, #89, #78 ) ;
#1588 = EDGE_CURVE ( 'NONE', #1692, #814, #806, .T. ) ;
#1589 = DIRECTION ( 'NONE',  ( 0.000000000000000000, -1.000000000000000000, -2.049642507000289605E-16 ) ) ;
#1590 = CARTESIAN_POINT ( 'NONE',  ( 36.29999705292320300, 67.50000000000000000, -44.50000000000000000 ) ) ;
#1591 = CARTESIAN_POINT ( 'NONE',  ( -10.30004868240825644, 77.50000000000000000, 3.837721882954967523 ) ) ;
#1592 = EDGE_LOOP ( 'NONE', ( #1883, #2076, #1096, #1161 ) ) ;
#1593 = FACE_OUTER_BOUND ( 'NONE', #42, .T. ) ;
#1594 = FACE_OUTER_BOUND ( 'NONE', #96, .T. ) ;
#1595 = DIRECTION ( 'NONE',  ( -1.013997426669781490E-06, 0.000000000000000000, 0.9999999999994858557 ) ) ;
#1596 = CARTESIAN_POINT ( 'NONE',  ( 7.999999999999690026, 87.50000000000000000, -48.99999999999909761 ) ) ;
#1597 = EDGE_CURVE ( 'NONE', #55, #277, #1049, .T. ) ;
#1598 = ORIENTED_EDGE ( 'NONE', *, *, #1361, .F. ) ;
#1599 = VERTEX_POINT ( 'NONE', #454 ) ;
#1600 = VERTEX_POINT ( 'NONE', #128 ) ;
#1601 = DIRECTION ( 'NONE',  ( 0.000000000000000000, 0.000000000000000000, 1.000000000000000000 ) ) ;
#1602 = CARTESIAN_POINT ( 'NONE',  ( 20.99999953061340108, 67.50000000000000000, -49.99952881642030178 ) ) ;
#1603 = EDGE_CURVE ( 'NONE', #1439, #2386, #1761, .T. ) ;
#1604 = AXIS2_PLACEMENT_3D ( 'NONE', #1596, #1041, #680 ) ;
#1605 = LINE ( 'NONE', #676, #411 ) ;
#1606 = FACE_OUTER_BOUND ( 'NONE', #1937, .T. ) ;
#1607 = VECTOR ( 'NONE', #2199, 1000.000000000000000 ) ;
#1608 = CARTESIAN_POINT ( 'NONE',  ( -3.000011107052739767, 87.50000000000000000, -38.99374301880279603 ) ) ;
#1609 = LINE ( 'NONE', #1421, #2066 ) ;
#1610 = ORIENTED_EDGE ( 'NONE', *, *, #410, .T. ) ;
#1611 = ORIENTED_EDGE ( 'NONE', *, *, #362, .F. ) ;
#1612 = EDGE_LOOP ( 'NONE', ( #2201, #571, #338, #1078, #768, #2056 ) ) ;
#1613 = PLANE ( 'NONE',  #260 ) ;
#1614 = CARTESIAN_POINT ( 'NONE',  ( 20.99999953061340108, 291.8999999999999773, -57.99999886006119709 ) ) ;
#1615 = ADVANCED_FACE ( 'NONE', ( #1606 ), #634, .T. ) ;
#1616 = DIRECTION ( 'NONE',  ( -0.7071067811865474617, -1.385375698838400815E-16, 0.7071067811865474617 ) ) ;
#1617 = ORIENTED_EDGE ( 'NONE', *, *, #2043, .F. ) ;
#1618 = DIRECTION ( 'NONE',  ( -1.947804704249429930E-31, -1.000000000000000000, -2.049642507000294781E-16 ) ) ;
#1619 = EDGE_LOOP ( 'NONE', ( #549, #481, #91 ) ) ;
#1620 = VECTOR ( 'NONE', #916, 1000.000000000000000 ) ;
#1621 = LINE ( 'NONE', #2352, #567 ) ;
#1622 = PLANE ( 'NONE',  #1604 ) ;
#1623 = VERTEX_POINT ( 'NONE', #2165 ) ;
#1624 = ORIENTED_EDGE ( 'NONE', *, *, #1463, .T. ) ;
#1625 = CARTESIAN_POINT ( 'NONE',  ( 15.44999999999925855, 67.49899999999999523, -20.18251876057970762 ) ) ;
#1626 = PLANE ( 'NONE',  #1955 ) ;
#1627 = AXIS2_PLACEMENT_3D ( 'NONE', #631, #449, #944 ) ;
#1628 = EDGE_LOOP ( 'NONE', ( #1575, #1288, #479, #1936 ) ) ;
#1629 = FACE_OUTER_BOUND ( 'NONE', #234, .T. ) ;
#1630 = CARTESIAN_POINT ( 'NONE',  ( -3.000000044703459601, 67.49999999999998579, 14.30791900435389863 ) ) ;
#1631 = ORIENTED_EDGE ( 'NONE', *, *, #436, .F. ) ;
#1632 = EDGE_CURVE ( 'NONE', #1714, #1682, #1775, .T. ) ;
#1633 = VECTOR ( 'NONE', #219, 1000.000000000000000 ) ;
#1634 = LINE ( 'NONE', #1996, #419 ) ;
#1635 = DIRECTION ( 'NONE',  ( 0.000000000000000000, -1.000000000000000000, 0.000000000000000000 ) ) ;
#1636 = EDGE_CURVE ( 'NONE', #2224, #1225, #1394, .T. ) ;
#1637 = DIRECTION ( 'NONE',  ( 7.559161695137398755E-24, 1.000000000000000000, 7.664970507534772270E-30 ) ) ;
#1638 = VERTEX_POINT ( 'NONE', #2130 ) ;
#1639 = VERTEX_POINT ( 'NONE', #465 ) ;
#1640 = LINE ( 'NONE', #183, #548 ) ;
#1641 = LINE ( 'NONE', #1795, #1888 ) ;
#1642 = DIRECTION ( 'NONE',  ( 0.000000000000000000, -1.000000000000000000, 0.000000000000000000 ) ) ;
#1643 = CARTESIAN_POINT ( 'NONE',  ( 12.07048334478933960, 87.50000000000008527, -15.22481090541531046 ) ) ;
#1644 = DIRECTION ( 'NONE',  ( 0.000000000000000000, -1.000000000000000000, 0.000000000000000000 ) ) ;
#1645 = ORIENTED_EDGE ( 'NONE', *, *, #538, .F. ) ;
#1646 = VECTOR ( 'NONE', #1945, 1000.000000000000000 ) ;
#1647 = VECTOR ( 'NONE', #937, 1000.000000000000000 ) ;
#1648 = LINE ( 'NONE', #1296, #1707 ) ;
#1649 = ADVANCED_FACE ( 'NONE', ( #1594 ), #1219, .T. ) ;
#1650 = AXIS2_PLACEMENT_3D ( 'NONE', #1511, #2244, #399 ) ;
#1651 = AXIS2_PLACEMENT_3D ( 'NONE', #742, #1453, #1462 ) ;
#1652 = EDGE_LOOP ( 'NONE', ( #1283, #867, #669, #1541, #620, #352, #1801, #401 ) ) ;
#1653 = DIRECTION ( 'NONE',  ( 0.000000000000000000, -1.000000000000000000, -2.049642507000289605E-16 ) ) ;
#1654 = CARTESIAN_POINT ( 'NONE',  ( -3.000000044703459601, 77.50000000000000000, 6.020888824057319511 ) ) ;
#1655 = CARTESIAN_POINT ( 'NONE',  ( 15.45000000000064411, 77.50000000000000000, -4.267103050251857432 ) ) ;
#1656 = ORIENTED_EDGE ( 'NONE', *, *, #927, .T. ) ;
#1657 = ORIENTED_EDGE ( 'NONE', *, *, #1694, .F. ) ;
#1658 = LINE ( 'NONE', #2027, #1380 ) ;
#1659 = ORIENTED_EDGE ( 'NONE', *, *, #491, .F. ) ;
#1660 = CARTESIAN_POINT ( 'NONE',  ( 19.49999999999889866, 87.50000000000000000, -47.50000000000000000 ) ) ;
#1661 = VECTOR ( 'NONE', #859, 1000.000000000000000 ) ;
#1662 = CARTESIAN_POINT ( 'NONE',  ( 29.00045842117000205, 291.8999999999999773, -39.00040400203170066 ) ) ;
#1663 = EDGE_CURVE ( 'NONE', #17, #1520, #873, .T. ) ;
#1664 = VERTEX_POINT ( 'NONE', #476 ) ;
#1665 = CARTESIAN_POINT ( 'NONE',  ( 0.1920809509425960016, 87.50000000000000000, 17.50000000000000000 ) ) ;
#1666 = PLANE ( 'NONE',  #480 ) ;
#1667 = ORIENTED_EDGE ( 'NONE', *, *, #541, .T. ) ;
#1668 = FACE_BOUND ( 'NONE', #1619, .T. ) ;
#1669 = ADVANCED_FACE ( 'NONE', ( #1229 ), #2338, .F. ) ;
#1670 = EDGE_LOOP ( 'NONE', ( #1389, #1702, #171, #987 ) ) ;
#1671 = VECTOR ( 'NONE', #831, 1000.000000000000000 ) ;
#1672 = CARTESIAN_POINT ( 'NONE',  ( 27.36144456897879707, 67.50000000000000000, -44.49972745446670075 ) ) ;
#1673 = CARTESIAN_POINT ( 'NONE',  ( 28.99991904905740014, 128.5999999999999943, 14.30799999999999983 ) ) ;
#1674 = VECTOR ( 'NONE', #990, 1000.000000000000000 ) ;
#1675 = DIRECTION ( 'NONE',  ( -3.014299720074920036E-17, -1.959217102279369698E-16, 1.000000000000000000 ) ) ;
#1676 = EDGE_CURVE ( 'NONE', #52, #1753, #2152, .T. ) ;
#1677 = DIRECTION ( 'NONE',  ( -1.000000000000000000, 1.879469088600120312E-30, -9.169740977663330499E-15 ) ) ;
#1678 = CARTESIAN_POINT ( 'NONE',  ( -2.999999940394240117, 67.50000000000000000, -50.00625469643669874 ) ) ;
#1679 = ORIENTED_EDGE ( 'NONE', *, *, #593, .F. ) ;
#1680 = EDGE_LOOP ( 'NONE', ( #1766, #1503, #2095, #6 ) ) ;
#1681 = ADVANCED_FACE ( 'NONE', ( #313 ), #2349, .F. ) ;
#1682 = VERTEX_POINT ( 'NONE', #932 ) ;
#1683 = LINE ( 'NONE', #1630, #1154 ) ;
#1684 = FACE_OUTER_BOUND ( 'NONE', #2123, .T. ) ;
#1685 =( GEOMETRIC_REPRESENTATION_CONTEXT ( 3 ) GLOBAL_UNCERTAINTY_ASSIGNED_CONTEXT ( ( #2077 ) ) GLOBAL_UNIT_ASSIGNED_CONTEXT ( ( #1286, #157, #1088 ) ) REPRESENTATION_CONTEXT ( 'NONE', 'WORKASPACE' ) );
#1686 = CARTESIAN_POINT ( 'NONE',  ( 36.29999705292320300, 87.50000000000000000, -44.50000000000000000 ) ) ;
#1687 = CARTESIAN_POINT ( 'NONE',  ( 4.999999999998990141, 228.9000000000000057, -51.24999999999920419 ) ) ;
#1688 = CIRCLE ( 'NONE', #1651, 8.000470043640852680 ) ;
#1689 = CARTESIAN_POINT ( 'NONE',  ( 14.61221363986586752, 87.50000000000000000, 10.86387164178326792 ) ) ;
#1690 = CARTESIAN_POINT ( 'NONE',  ( -3.000007551704839681, 286.5000000000000000, -42.50001216797689807 ) ) ;
#1691 = ORIENTED_EDGE ( 'NONE', *, *, #2286, .F. ) ;
#1692 = VERTEX_POINT ( 'NONE', #943 ) ;
#1693 = DIRECTION ( 'NONE',  ( -3.688039093805997352E-08, 0.000000000000000000, 0.9999999999999993339 ) ) ;
#1694 = EDGE_CURVE ( 'NONE', #496, #2259, #1683, .T. ) ;
#1695 = EDGE_CURVE ( 'NONE', #2224, #2086, #1478, .T. ) ;
#1696 = DIRECTION ( 'NONE',  ( -1.354419719184617854E-47, 1.000000000000000000, 1.954936473667599872E-48 ) ) ;
#1697 = AXIS2_PLACEMENT_3D ( 'NONE', #190, #1268, #530 ) ;
#1698 = ORIENTED_EDGE ( 'NONE', *, *, #850, .T. ) ;
#1699 = VECTOR ( 'NONE', #2004, 1000.000000000000000 ) ;
#1700 = CARTESIAN_POINT ( 'NONE',  ( 6.499999999999639400, 228.9000000000000057, -37.50000000000000000 ) ) ;
#1701 = FACE_OUTER_BOUND ( 'NONE', #2203, .T. ) ;
#1702 = ORIENTED_EDGE ( 'NONE', *, *, #1632, .F. ) ;
#1703 = CARTESIAN_POINT ( 'NONE',  ( 29.00000043213350054, 67.49999999999998579, 6.020888629372606715 ) ) ;
#1704 = ORIENTED_EDGE ( 'NONE', *, *, #1097, .T. ) ;
#1705 = CARTESIAN_POINT ( 'NONE',  ( 26.97949192431119769, 77.50000000000000000, 2.000000000000000000 ) ) ;
#1706 = EDGE_CURVE ( 'NONE', #755, #1564, #1346, .T. ) ;
#1707 = VECTOR ( 'NONE', #2194, 1000.000000000000000 ) ;
#1708 = ORIENTED_EDGE ( 'NONE', *, *, #1010, .T. ) ;
#1709 = DIRECTION ( 'NONE',  ( -1.000000000000000000, 0.000000000000000000, 7.888551657556060360E-31 ) ) ;
#1710 = ADVANCED_FACE ( 'NONE', ( #2389 ), #8, .T. ) ;
#1711 = DIRECTION ( 'NONE',  ( 1.000000000000000000, 0.000000000000000000, -3.172065784642910061E-14 ) ) ;
#1712 = CARTESIAN_POINT ( 'NONE',  ( -2.999919049057420128, 67.50000000000000000, 9.307999999999999829 ) ) ;
#1713 = PLANE ( 'NONE',  #1206 ) ;
#1714 = VERTEX_POINT ( 'NONE', #2017 ) ;
#1715 = ORIENTED_EDGE ( 'NONE', *, *, #1850, .F. ) ;
#1716 = DIRECTION ( 'NONE',  ( 0.000000000000000000, 0.000000000000000000, 1.000000000000000000 ) ) ;
#1717 = CARTESIAN_POINT ( 'NONE',  ( 34.00000043213349699, 87.50000000000000000, 16.37898642878939981 ) ) ;
#1718 = AXIS2_PLACEMENT_3D ( 'NONE', #1862, #1459, #556 ) ;
#1719 = VERTEX_POINT ( 'NONE', #1294 ) ;
#1720 = EDGE_CURVE ( 'NONE', #19, #730, #1658, .T. ) ;
#1721 = CARTESIAN_POINT ( 'NONE',  ( -2.999999940394240117, 87.50000000000000000, -50.00625469643669874 ) ) ;
#1722 = CARTESIAN_POINT ( 'NONE',  ( 24.00046957425429994, 67.50000000000000000, -49.99952881642030889 ) ) ;
#1723 = AXIS2_PLACEMENT_3D ( 'NONE', #1006, #1728, #1534 ) ;
#1724 = ORIENTED_EDGE ( 'NONE', *, *, #2139, .T. ) ;
#1725 = FACE_BOUND ( 'NONE', #684, .T. ) ;
#1726 = DIRECTION ( 'NONE',  ( 0.000000000000000000, 0.000000000000000000, 1.000000000000000000 ) ) ;
#1727 = DIRECTION ( 'NONE',  ( -0.9897433186107854608, 0.000000000000000000, 0.1428571428571540347 ) ) ;
#1728 = DIRECTION ( 'NONE',  ( 0.000000000000000000, -1.000000000000000000, 0.000000000000000000 ) ) ;
#1729 = DIRECTION ( 'NONE',  ( -1.606111199752450005E-31, 1.000000000000000000, 1.959217102279369698E-16 ) ) ;
#1730 = EDGE_CURVE ( 'NONE', #1144, #198, #176, .T. ) ;
#1731 = AXIS2_PLACEMENT_3D ( 'NONE', #1369, #1734, #31 ) ;
#1732 = EDGE_LOOP ( 'NONE', ( #1657, #308, #236, #695 ) ) ;
#1733 = CARTESIAN_POINT ( 'NONE',  ( 4.999999999999020339, 228.9000000000000057, -50.00000000000059686 ) ) ;
#1734 = DIRECTION ( 'NONE',  ( 0.000000000000000000, 1.000000000000000000, 0.000000000000000000 ) ) ;
#1735 = EDGE_CURVE ( 'NONE', #398, #220, #2399, .T. ) ;
#1736 = ORIENTED_EDGE ( 'NONE', *, *, #433, .T. ) ;
#1737 = ORIENTED_EDGE ( 'NONE', *, *, #2169, .F. ) ;
#1738 = ORIENTED_EDGE ( 'NONE', *, *, #1822, .F. ) ;
#1739 = CARTESIAN_POINT ( 'NONE',  ( 18.00000000000029843, 87.50000000000000000, -47.50000000000000000 ) ) ;
#1740 = VECTOR ( 'NONE', #626, 1000.000000000000114 ) ;
#1741 = ORIENTED_EDGE ( 'NONE', *, *, #1388, .F. ) ;
#1742 = DIRECTION ( 'NONE',  ( -0.9999999999994859667, 0.000000000000000000, -1.013997426772199844E-06 ) ) ;
#1743 = LINE ( 'NONE', #836, #781 ) ;
#1744 = VERTEX_POINT ( 'NONE', #2363 ) ;
#1745 = PRODUCT_DEFINITION ( 'UNKNOWN', '', #1395, #395 ) ;
#1746 = ORIENTED_EDGE ( 'NONE', *, *, #109, .F. ) ;
#1747 = LINE ( 'NONE', #1577, #1902 ) ;
#1748 = ORIENTED_EDGE ( 'NONE', *, *, #1825, .T. ) ;
#1749 = LINE ( 'NONE', #123, #1339 ) ;
#1750 = EDGE_CURVE ( 'NONE', #730, #27, #1537, .T. ) ;
#1751 = DIRECTION ( 'NONE',  ( 1.013997426771979827E-06, 0.000000000000000000, -0.9999999999994859667 ) ) ;
#1752 = CARTESIAN_POINT ( 'NONE',  ( 26.97949192431119769, 67.50000000000000000, 2.000000000000000000 ) ) ;
#1753 = VERTEX_POINT ( 'NONE', #1824 ) ;
#1754 = DIRECTION ( 'NONE',  ( 0.9277833500499405028, 0.000000000000000000, -0.3731193580747446115 ) ) ;
#1755 = AXIS2_PLACEMENT_3D ( 'NONE', #2241, #1318, #576 ) ;
#1756 = APPLICATION_PROTOCOL_DEFINITION ( 'draft international standard', 'automotive_design', 1998, #2240 ) ;
#1757 = ORIENTED_EDGE ( 'NONE', *, *, #1706, .T. ) ;
#1758 = DIRECTION ( 'NONE',  ( 6.661338147824129757E-16, 0.000000000000000000, 1.000000000000000000 ) ) ;
#1759 = DIRECTION ( 'NONE',  ( 0.000000000000000000, 0.000000000000000000, 1.000000000000000000 ) ) ;
#1761 = LINE ( 'NONE', #272, #2193 ) ;
#1760 = CIRCLE ( 'NONE', #2069, 7.993750606696742089 ) ;
#1762 = ADVANCED_FACE ( 'NONE', ( #152, #1859 ), #1074, .T. ) ;
#1763 = CARTESIAN_POINT ( 'NONE',  ( 29.00046196973080015, 286.5000000000000000, -42.49997971958320875 ) ) ;
#1764 = EDGE_CURVE ( 'NONE', #1567, #824, #1272, .T. ) ;
#1765 = CYLINDRICAL_SURFACE ( 'NONE', #2175, 1.993999999998870232 ) ;
#1766 = ORIENTED_EDGE ( 'NONE', *, *, #156, .F. ) ;
#1767 = VERTEX_POINT ( 'NONE', #1832 ) ;
#1768 = LINE ( 'NONE', #2357, #2330 ) ;
#1769 = CARTESIAN_POINT ( 'NONE',  ( 27.30923938676749785, 67.50000000000000000, -39.50000000000000711 ) ) ;
#1770 = ORIENTED_EDGE ( 'NONE', *, *, #729, .T. ) ;
#1771 = AXIS2_PLACEMENT_3D ( 'NONE', #1885, #769, #2084 ) ;
#1772 = CARTESIAN_POINT ( 'NONE',  ( 18.00000000000029843, 77.50000000000000000, -36.00000000000129319 ) ) ;
#1773 = AXIS2_PLACEMENT_3D ( 'NONE', #1956, #1384, #1025 ) ;
#1774 = CARTESIAN_POINT ( 'NONE',  ( 2.000000059604639890, 77.50000000000000000, -35.12812532689090261 ) ) ;
#1775 = LINE ( 'NONE', #1581, #727 ) ;
#1776 = ADVANCED_FACE ( 'NONE', ( #756 ), #1120, .T. ) ;
#1777 = DIRECTION ( 'NONE',  ( 0.000000000000000000, -1.000000000000000000, -2.049642507000289605E-16 ) ) ;
#1778 = ADVANCED_FACE ( 'NONE', ( #1492 ), #1282, .T. ) ;
#1779 = CARTESIAN_POINT ( 'NONE',  ( 20.40000000000090097, 228.9000000000000057, -49.25600000000079604 ) ) ;
#1780 = EDGE_LOOP ( 'NONE', ( #931, #968, #1817, #737 ) ) ;
#1781 = ORIENTED_EDGE ( 'NONE', *, *, #90, .F. ) ;
#1782 = AXIS2_PLACEMENT_3D ( 'NONE', #339, #155, #1284 ) ;
#1783 = CARTESIAN_POINT ( 'NONE',  ( 4.993723288352939882, 228.9000000000000057, -30.99998264390969993 ) ) ;
#1784 = FACE_OUTER_BOUND ( 'NONE', #1831, .T. ) ;
#1785 = CARTESIAN_POINT ( 'NONE',  ( 14.61221363986586752, 77.50000000000000000, 10.86387164178326614 ) ) ;
#1786 = CIRCLE ( 'NONE', #2360, 1.499999999998558042 ) ;
#1787 = CARTESIAN_POINT ( 'NONE',  ( 18.00000000000029843, 87.50000000000000000, -36.00000000000129319 ) ) ;
#1788 = CARTESIAN_POINT ( 'NONE',  ( 2.000000059604639890, 67.50000000000000000, -40.79828314055790628 ) ) ;
#1789 = DIRECTION ( 'NONE',  ( 0.000000000000000000, 1.000000000000000000, 0.000000000000000000 ) ) ;
#1790 = DIRECTION ( 'NONE',  ( -0.9897433186107844616, 0.000000000000000000, 0.1428571428571610846 ) ) ;
#1791 = ADVANCED_FACE ( 'NONE', ( #563 ), #2052, .T. ) ;
#1792 = ORIENTED_EDGE ( 'NONE', *, *, #1230, .T. ) ;
#1793 = ORIENTED_EDGE ( 'NONE', *, *, #689, .T. ) ;
#1794 = PLANE ( 'NONE',  #708 ) ;
#1795 = CARTESIAN_POINT ( 'NONE',  ( 34.00000043213349699, 67.49999999999998579, 8.400192207394649557 ) ) ;
#1796 = DIRECTION ( 'NONE',  ( -1.606111199752450005E-31, 1.000000000000000000, 1.959217102279369945E-16 ) ) ;
#1797 = VECTOR ( 'NONE', #924, 1000.000000000000000 ) ;
#1798 = DIRECTION ( 'NONE',  ( 0.000000000000000000, -1.000000000000000000, 0.000000000000000000 ) ) ;
#1799 = ORIENTED_EDGE ( 'NONE', *, *, #2367, .T. ) ;
#1800 = CARTESIAN_POINT ( 'NONE',  ( 28.99991904905740014, 77.50000000000000000, 9.307999999999999829 ) ) ;
#1801 = ORIENTED_EDGE ( 'NONE', *, *, #22, .T. ) ;
#1802 = AXIS2_PLACEMENT_3D ( 'NONE', #906, #2372, #712 ) ;
#1803 = CARTESIAN_POINT ( 'NONE',  ( -1.309513680005120140, 67.50000000000000000, -39.49999714346281365 ) ) ;
#1804 = DIRECTION ( 'NONE',  ( -1.000000000000000000, 0.000000000000000000, 5.548947959195800427E-16 ) ) ;
#1805 = VERTEX_POINT ( 'NONE', #701 ) ;
#1806 = ORIENTED_EDGE ( 'NONE', *, *, #1026, .F. ) ;
#1807 = ADVANCED_FACE ( 'NONE', ( #731 ), #1095, .F. ) ;
#1808 = CARTESIAN_POINT ( 'NONE',  ( 15.45000000000064411, 87.50000000000008527, -10.26710305025185654 ) ) ;
#1809 = DIRECTION ( 'NONE',  ( -3.727088734919889908E-16, 0.000000000000000000, 1.000000000000000000 ) ) ;
#1810 = CARTESIAN_POINT ( 'NONE',  ( -8.000000044703460489, 87.50000000000000000, 8.400192632374940516 ) ) ;
#1811 = AXIS2_PLACEMENT_3D ( 'NONE', #587, #20, #1899 ) ;
#1812 = EDGE_CURVE ( 'NONE', #1897, #1016, #1170, .T. ) ;
#1813 = CARTESIAN_POINT ( 'NONE',  ( 4.993739499638040868, 87.50000000000000000, -38.99373325058999740 ) ) ;
#1814 = LINE ( 'NONE', #910, #223 ) ;
#1815 = DIRECTION ( 'NONE',  ( -4.625929269275932131E-15, 0.000000000000000000, 1.000000000000000000 ) ) ;
#1816 = DIRECTION ( 'NONE',  ( 0.000000000000000000, -1.000000000000000000, -2.049642507000289605E-16 ) ) ;
#1817 = ORIENTED_EDGE ( 'NONE', *, *, #1475, .F. ) ;
#1818 = LINE ( 'NONE', #1498, #1483 ) ;
#1819 = DIRECTION ( 'NONE',  ( 1.020057477697603853E-16, -1.000000000000000000, -1.123519499780443842E-16 ) ) ;
#1820 = CARTESIAN_POINT ( 'NONE',  ( 20.99999953061340108, 67.50000000000000000, -52.99999886006121130 ) ) ;
#1821 = VECTOR ( 'NONE', #1305, 1000.000000000000000 ) ;
#1822 = EDGE_CURVE ( 'NONE', #139, #1586, #235, .T. ) ;
#1823 = CARTESIAN_POINT ( 'NONE',  ( 34.00000043213349699, 67.49999999999998579, 16.37898642878939981 ) ) ;
#1824 = CARTESIAN_POINT ( 'NONE',  ( 19.49999999999889866, 77.50000000000000000, -47.50000000000000000 ) ) ;
#1825 = EDGE_CURVE ( 'NONE', #2256, #1638, #1848, .T. ) ;
#1826 = VECTOR ( 'NONE', #1129, 1000.000000000000000 ) ;
#1827 = LINE ( 'NONE', #933, #2087 ) ;
#1828 = CARTESIAN_POINT ( 'NONE',  ( 29.00046957425429994, 87.50000000000000000, -49.99952881642030178 ) ) ;
#1829 = DIRECTION ( 'NONE',  ( 0.000000000000000000, 1.000000000000000000, 0.000000000000000000 ) ) ;
#1830 = DIRECTION ( 'NONE',  ( 0.000000000000000000, 1.000000000000000000, 0.000000000000000000 ) ) ;
#1831 = EDGE_LOOP ( 'NONE', ( #632, #2260, #471, #2221 ) ) ;
#1832 = CARTESIAN_POINT ( 'NONE',  ( -1.309513680005120140, 77.50000000000000000, -39.49999714346280655 ) ) ;
#1833 = EDGE_LOOP ( 'NONE', ( #120, #1715, #216, #321 ) ) ;
#1834 = VECTOR ( 'NONE', #144, 1000.000000000000000 ) ;
#1835 = VECTOR ( 'NONE', #2058, 1000.000000000000000 ) ;
#1836 = DIRECTION ( 'NONE',  ( 0.000000000000000000, -1.000000000000000000, -2.049642507000289605E-16 ) ) ;
#1837 = EDGE_CURVE ( 'NONE', #1236, #1016, #2238, .T. ) ;
#1838 = ADVANCED_FACE ( 'NONE', ( #780 ), #1337, .T. ) ;
#1839 = ORIENTED_EDGE ( 'NONE', *, *, #1822, .T. ) ;
#1840 = DIRECTION ( 'NONE',  ( 1.606111199752450005E-31, -1.000000000000000000, -1.959217102279369698E-16 ) ) ;
#1841 = DIRECTION ( 'NONE',  ( 9.169740977663330499E-15, 1.959217102279369698E-16, -1.000000000000000000 ) ) ;
#1842 = CARTESIAN_POINT ( 'NONE',  ( 8.000000000110189191, 87.50000000000000000, -36.00000000000000000 ) ) ;
#1843 = ORIENTED_EDGE ( 'NONE', *, *, #169, .F. ) ;
#1844 = DIRECTION ( 'NONE',  ( -2.454837864508209994E-13, 0.000000000000000000, 1.000000000000000000 ) ) ;
#1845 = ORIENTED_EDGE ( 'NONE', *, *, #331, .F. ) ;
#1846 = DIRECTION ( 'NONE',  ( 0.000000000000000000, -1.000000000000000000, -2.049642507000289605E-16 ) ) ;
#1847 = VECTOR ( 'NONE', #36, 1000.000000000000000 ) ;
#1848 = CIRCLE ( 'NONE', #58, 4.499999999999999112 ) ;
#1849 = EDGE_CURVE ( 'NONE', #2256, #2321, #1519, .T. ) ;
#1850 = EDGE_CURVE ( 'NONE', #1055, #652, #409, .T. ) ;
#1851 = PLANE ( 'NONE',  #203 ) ;
#1852 = LINE ( 'NONE', #2235, #636 ) ;
#1853 = LINE ( 'NONE', #1842, #2179 ) ;
#1854 = EDGE_LOOP ( 'NONE', ( #2171, #132, #1925, #1880, #1013 ) ) ;
#1855 = ORIENTED_EDGE ( 'NONE', *, *, #436, .T. ) ;
#1856 = ORIENTED_EDGE ( 'NONE', *, *, #2381, .F. ) ;
#1857 = ORIENTED_EDGE ( 'NONE', *, *, #2122, .T. ) ;
#1858 = VECTOR ( 'NONE', #899, 1000.000000000000000 ) ;
#1859 = FACE_BOUND ( 'NONE', #765, .T. ) ;
#1860 = AXIS2_PLACEMENT_3D ( 'NONE', #2320, #2333, #894 ) ;
#1861 = DIRECTION ( 'NONE',  ( 0.000000000000000000, -1.000000000000000000, 0.000000000000000000 ) ) ;
#1862 = CARTESIAN_POINT ( 'NONE',  ( 29.00046196973080015, 286.5000000000000000, -42.49997971958320875 ) ) ;
#1863 = LINE ( 'NONE', #948, #276 ) ;
#1864 = LINE ( 'NONE', #949, #1620 ) ;
#1865 = CARTESIAN_POINT ( 'NONE',  ( 22.24999999999959854, 228.9000000000000057, -47.24998726084190537 ) ) ;
#1866 = EDGE_CURVE ( 'NONE', #277, #1155, #247, .T. ) ;
#1867 = VERTEX_POINT ( 'NONE', #63 ) ;
#1868 = ORIENTED_EDGE ( 'NONE', *, *, #2202, .F. ) ;
#1869 = ORIENTED_EDGE ( 'NONE', *, *, #2258, .T. ) ;
#1870 = FACE_OUTER_BOUND ( 'NONE', #1960, .T. ) ;
#1871 = ADVANCED_FACE ( 'NONE', ( #1531 ), #623, .F. ) ;
#1872 = ORIENTED_EDGE ( 'NONE', *, *, #1694, .T. ) ;
#1873 = AXIS2_PLACEMENT_3D ( 'NONE', #1353, #1340, #1709 ) ;
#1874 = DIRECTION ( 'NONE',  ( 1.013997426772199632E-06, 1.959217102278359217E-16, -0.9999999999994858557 ) ) ;
#1875 = ORIENTED_EDGE ( 'NONE', *, *, #10, .T. ) ;
#1876 = VECTOR ( 'NONE', #229, 1000.000000000000000 ) ;
#1877 = DIRECTION ( 'NONE',  ( 0.000000000000000000, -1.000000000000000000, 0.000000000000000000 ) ) ;
#1878 = AXIS2_PLACEMENT_3D ( 'NONE', #1579, #2308, #1415 ) ;
#1879 = DIRECTION ( 'NONE',  ( -1.606111199752450443E-31, 1.000000000000000000, 1.959217102279370191E-16 ) ) ;
#1880 = ORIENTED_EDGE ( 'NONE', *, *, #1987, .F. ) ;
#1881 = CARTESIAN_POINT ( 'NONE',  ( 18.00000000000029843, 87.50000000000000000, -37.50000000000000000 ) ) ;
#1882 = EDGE_CURVE ( 'NONE', #2210, #17, #2301, .T. ) ;
#1883 = ORIENTED_EDGE ( 'NONE', *, *, #2379, .F. ) ;
#1884 = EDGE_LOOP ( 'NONE', ( #1423, #589, #887, #2063 ) ) ;
#1885 = CARTESIAN_POINT ( 'NONE',  ( 34.00000043213349699, 77.50000000000000000, 8.400192207394651334 ) ) ;
#1886 = ORIENTED_EDGE ( 'NONE', *, *, #577, .T. ) ;
#1887 = ADVANCED_FACE ( 'NONE', ( #1870 ), #813, .F. ) ;
#1888 = VECTOR ( 'NONE', #659, 1000.000000000000000 ) ;
#1889 = PLANE ( 'NONE',  #1873 ) ;
#1890 = AXIS2_PLACEMENT_3D ( 'NONE', #1455, #2374, #2192 ) ;
#1891 = ORIENTED_EDGE ( 'NONE', *, *, #2028, .F. ) ;
#1892 = VECTOR ( 'NONE', #664, 1000.000000000000000 ) ;
#1893 = DIRECTION ( 'NONE',  ( 1.000000000000000000, 0.000000000000000000, 1.040772934498655399E-14 ) ) ;
#1894 = DIRECTION ( 'NONE',  ( 1.000000000000000000, 2.693270573883912104E-31, -5.548947959195800427E-16 ) ) ;
#1895 = ORIENTED_EDGE ( 'NONE', *, *, #1026, .T. ) ;
#1896 = LINE ( 'NONE', #2257, #107 ) ;
#1897 = VERTEX_POINT ( 'NONE', #1551 ) ;
#1898 = ORIENTED_EDGE ( 'NONE', *, *, #252, .T. ) ;
#1899 = DIRECTION ( 'NONE',  ( 3.755166112701015158E-14, 0.000000000000000000, 1.000000000000000000 ) ) ;
#1900 = EDGE_CURVE ( 'NONE', #312, #837, #2387, .T. ) ;
#1901 = EDGE_CURVE ( 'NONE', #1599, #1533, #292, .T. ) ;
#1902 = VECTOR ( 'NONE', #1392, 1000.000000000000000 ) ;
#1903 = CARTESIAN_POINT ( 'NONE',  ( 15.45000000000064411, 67.49899999999999523, -10.26710305025186010 ) ) ;
#1904 = CIRCLE ( 'NONE', #1357, 3.000470043640853124 ) ;
#1905 = ORIENTED_EDGE ( 'NONE', *, *, #1086, .F. ) ;
#1906 = FACE_OUTER_BOUND ( 'NONE', #1324, .T. ) ;
#1907 = ORIENTED_EDGE ( 'NONE', *, *, #390, .T. ) ;
#1908 = CARTESIAN_POINT ( 'NONE',  ( 29.00046957425429994, 87.50000000000000000, -49.99952881642030178 ) ) ;
#1909 = EDGE_LOOP ( 'NONE', ( #638, #1792, #24, #1898, #967, #881, #2010, #864, #1370, #2103, #2105, #1724, #682, #1007, #1131, #869, #2341, #994 ) ) ;
#1910 = DIRECTION ( 'NONE',  ( -1.013997426669781490E-06, 0.000000000000000000, 0.9999999999994858557 ) ) ;
#1911 = ORIENTED_EDGE ( 'NONE', *, *, #506, .F. ) ;
#1912 = CARTESIAN_POINT ( 'NONE',  ( 31.29999869018799785, 77.50000000000000000, -39.50000000000000000 ) ) ;
#1913 = ORIENTED_EDGE ( 'NONE', *, *, #2057, .F. ) ;
#1914 = ADVANCED_FACE ( 'NONE', ( #1145 ), #1132, .T. ) ;
#1915 = CARTESIAN_POINT ( 'NONE',  ( 15.45000000000064411, 67.49899999999999523, -4.267103050251859209 ) ) ;
#1916 = VECTOR ( 'NONE', #170, 1000.000000000000000 ) ;
#1917 = EDGE_CURVE ( 'NONE', #1599, #1090, #211, .T. ) ;
#1918 = CYLINDRICAL_SURFACE ( 'NONE', #829, 8.000470043640850903 ) ;
#1919 = CYLINDRICAL_SURFACE ( 'NONE', #2401, 1.499999999998558042 ) ;
#1920 = CIRCLE ( 'NONE', #2218, 2.993750606696737648 ) ;
#1921 = CIRCLE ( 'NONE', #2291, 7.993750606696749195 ) ;
#1922 = ORIENTED_EDGE ( 'NONE', *, *, #744, .T. ) ;
#1923 = DIRECTION ( 'NONE',  ( 1.000000000000000000, 0.000000000000000000, -7.888551657556060360E-31 ) ) ;
#1924 = DIRECTION ( 'NONE',  ( 0.000000000000000000, -1.000000000000000000, -2.049642507000289605E-16 ) ) ;
#1925 = ORIENTED_EDGE ( 'NONE', *, *, #1186, .T. ) ;
#1926 = CARTESIAN_POINT ( 'NONE',  ( -5.299999865763017404, 77.50000000000000000, -39.13979308004162050 ) ) ;
#1927 = EDGE_CURVE ( 'NONE', #499, #1517, #406, .T. ) ;
#1928 = DIRECTION ( 'NONE',  ( -6.661338147824129757E-16, 0.000000000000000000, -1.000000000000000000 ) ) ;
#1929 = VECTOR ( 'NONE', #160, 1000.000000000000000 ) ;
#1930 = ADVANCED_FACE ( 'NONE', ( #430 ), #1181, .T. ) ;
#1931 = ORIENTED_EDGE ( 'NONE', *, *, #954, .F. ) ;
#1932 = DIRECTION ( 'NONE',  ( 3.755166112701015158E-14, 0.000000000000000000, 1.000000000000000000 ) ) ;
#1933 = FACE_OUTER_BOUND ( 'NONE', #1391, .T. ) ;
#1934 = CARTESIAN_POINT ( 'NONE',  ( -3.000007551704839681, 286.5000000000000000, -42.50001216797689807 ) ) ;
#1935 = LINE ( 'NONE', #694, #544 ) ;
#1936 = ORIENTED_EDGE ( 'NONE', *, *, #331, .T. ) ;
#1937 = EDGE_LOOP ( 'NONE', ( #1238, #1002, #1377, #2060 ) ) ;
#1938 = EDGE_CURVE ( 'NONE', #741, #2343, #1012, .T. ) ;
#1939 = DIRECTION ( 'NONE',  ( 1.216761526407840019E-15, 0.000000000000000000, -1.000000000000000000 ) ) ;
#1940 = CYLINDRICAL_SURFACE ( 'NONE', #1371, 9.499999999999996447 ) ;
#1941 = EDGE_CURVE ( 'NONE', #2318, #1236, #298, .T. ) ;
#1942 = DIRECTION ( 'NONE',  ( -3.274530163146411011E-07, -6.573842455432751560E-32, -0.9999999999999463762 ) ) ;
#1943 = CARTESIAN_POINT ( 'NONE',  ( 29.00045842117000205, 291.8999999999999773, -39.00040400203170066 ) ) ;
#1944 = ORIENTED_EDGE ( 'NONE', *, *, #1603, .F. ) ;
#1945 = DIRECTION ( 'NONE',  ( -1.013997426771979403E-06, -1.959217102278362422E-16, 0.9999999999994858557 ) ) ;
#1946 = CIRCLE ( 'NONE', #2251, 3.000470043640849571 ) ;
#1947 = DIRECTION ( 'NONE',  ( 2.454837864508209994E-13, 1.959217102279369698E-16, -1.000000000000000000 ) ) ;
#1948 = VERTEX_POINT ( 'NONE', #2295 ) ;
#1949 = VERTEX_POINT ( 'NONE', #1614 ) ;
#1950 = CARTESIAN_POINT ( 'NONE',  ( -2.999999940394240117, 87.50000000000000000, -50.00625469643669874 ) ) ;
#1951 = DIRECTION ( 'NONE',  ( 0.000000000000000000, -1.000000000000000000, 0.000000000000000000 ) ) ;
#1952 = EDGE_CURVE ( 'NONE', #1344, #2124, #2346, .T. ) ;
#1953 = VECTOR ( 'NONE', #1067, 1000.000000000000000 ) ;
#1954 = DIRECTION ( 'NONE',  ( 0.000000000000000000, -1.000000000000000000, 0.000000000000000000 ) ) ;
#1956 = CARTESIAN_POINT ( 'NONE',  ( -1.878986860922870150, 77.50000000000000000, 22.50000000000000000 ) ) ;
#1955 = AXIS2_PLACEMENT_3D ( 'NONE', #547, #368, #1830 ) ;
#1957 = EDGE_CURVE ( 'NONE', #2213, #1319, #12, .T. ) ;
#1958 = CARTESIAN_POINT ( 'NONE',  ( 22.24999999999949907, 291.8999999999999773, -50.00000000000140687 ) ) ;
#1959 = DIRECTION ( 'NONE',  ( 7.888609052210119806E-31, 0.000000000000000000, 1.000000000000000000 ) ) ;
#1960 = EDGE_LOOP ( 'NONE', ( #1342, #1064, #2306, #2037 ) ) ;
#1961 = VERTEX_POINT ( 'NONE', #1772 ) ;
#1962 = ORIENTED_EDGE ( 'NONE', *, *, #2283, .F. ) ;
#1963 = CARTESIAN_POINT ( 'NONE',  ( -1.878986860922870150, 67.49999999999998579, 22.50000000000000000 ) ) ;
#1964 = AXIS2_PLACEMENT_3D ( 'NONE', #963, #1323, #526 ) ;
#1965 = AXIS2_PLACEMENT_3D ( 'NONE', #995, #600, #1726 ) ;
#1966 = ORIENTED_EDGE ( 'NONE', *, *, #2155, .T. ) ;
#1967 = CARTESIAN_POINT ( 'NONE',  ( 24.00046957425429994, 87.50000000000000000, -49.99952881642030178 ) ) ;
#1968 = DIRECTION ( 'NONE',  ( -2.466868151817460236E-14, 0.000000000000000000, -1.000000000000000000 ) ) ;
#1969 = PLANE ( 'NONE',  #603 ) ;
#1970 = CARTESIAN_POINT ( 'NONE',  ( -8.000000044703460489, 67.49999999999998579, 11.37898681621939900 ) ) ;
#1971 = EDGE_CURVE ( 'NONE', #1753, #19, #1568, .T. ) ;
#1972 = EDGE_LOOP ( 'NONE', ( #1490, #2164, #72, #608 ) ) ;
#1973 = DIRECTION ( 'NONE',  ( -5.548947959195800427E-16, 0.000000000000000000, -1.000000000000000000 ) ) ;
#1974 = AXIS2_PLACEMENT_3D ( 'NONE', #1660, #1457, #1444 ) ;
#1975 = ORIENTED_EDGE ( 'NONE', *, *, #1588, .T. ) ;
#1976 = ORIENTED_EDGE ( 'NONE', *, *, #583, .F. ) ;
#1977 = ORIENTED_EDGE ( 'NONE', *, *, #2365, .F. ) ;
#1978 = DIRECTION ( 'NONE',  ( 0.000000000000000000, 1.000000000000000000, 0.000000000000000000 ) ) ;
#1979 = DIRECTION ( 'NONE',  ( 0.000000000000000000, 0.000000000000000000, 1.000000000000000000 ) ) ;
#1980 = AXIS2_PLACEMENT_3D ( 'NONE', #504, #1188, #1431 ) ;
#1981 = DIRECTION ( 'NONE',  ( -1.000000000000000000, 0.000000000000000000, 0.000000000000000000 ) ) ;
#1982 = CARTESIAN_POINT ( 'NONE',  ( 26.97949192431119769, 77.50000000000000000, 2.000000000000000000 ) ) ;
#1983 = FACE_OUTER_BOUND ( 'NONE', #1652, .T. ) ;
#1984 = EDGE_CURVE ( 'NONE', #652, #1190, #841, .T. ) ;
#1985 = CARTESIAN_POINT ( 'NONE',  ( 24.00046957425409744, 77.50000000000000000, -30.52392806487620192 ) ) ;
#1986 = ORIENTED_EDGE ( 'NONE', *, *, #290, .T. ) ;
#1987 = EDGE_CURVE ( 'NONE', #2116, #499, #1760, .T. ) ;
#1988 = CARTESIAN_POINT ( 'NONE',  ( 6.499999999999629630, 77.50000000000000000, -47.49999999989000088 ) ) ;
#1989 = CARTESIAN_POINT ( 'NONE',  ( 30.79343914430069873, 77.50000000000000000, 7.514479904756689699 ) ) ;
#1990 = CARTESIAN_POINT ( 'NONE',  ( 20.99999953061340108, 291.8999999999999773, -49.99952881642040126 ) ) ;
#1991 = DIRECTION ( 'NONE',  ( 1.751623080406019977E-46, -1.000000000000000000, -9.128977012054879046E-61 ) ) ;
#1992 = VECTOR ( 'NONE', #710, 1000.000000000000000 ) ;
#1993 = ORIENTED_EDGE ( 'NONE', *, *, #706, .F. ) ;
#1994 = DIRECTION ( 'NONE',  ( -1.000000000000000000, 2.049642507000289605E-16, 0.000000000000000000 ) ) ;
#1995 = CIRCLE ( 'NONE', #714, 2.499454798020404933 ) ;
#1996 = CARTESIAN_POINT ( 'NONE',  ( -10.30000028121300026, 67.50000000000000000, -27.87500024609289895 ) ) ;
#1997 = CARTESIAN_POINT ( 'NONE',  ( 31.29667966274205071, 67.49999999999998579, 3.500000000000016875 ) ) ;
#1998 = ORIENTED_EDGE ( 'NONE', *, *, #1837, .T. ) ;
#1999 = VERTEX_POINT ( 'NONE', #473 ) ;
#2000 = ORIENTED_EDGE ( 'NONE', *, *, #744, .F. ) ;
#2001 = DIRECTION ( 'NONE',  ( 0.000000000000000000, -1.000000000000000000, 0.000000000000000000 ) ) ;
#2002 = CARTESIAN_POINT ( 'NONE',  ( 4.993739499638040868, 228.9000000000000057, -38.99373325058999740 ) ) ;
#2003 = EDGE_CURVE ( 'NONE', #127, #470, #1995, .T. ) ;
#2004 = DIRECTION ( 'NONE',  ( 0.9999999999994858557, 0.000000000000000000, 1.013997426764959618E-06 ) ) ;
#2005 = VECTOR ( 'NONE', #2228, 1000.000000000000000 ) ;
#2006 = EDGE_LOOP ( 'NONE', ( #110, #656 ) ) ;
#2007 = DIRECTION ( 'NONE',  ( -9.690049268019630847E-15, 0.000000000000000000, 1.000000000000000000 ) ) ;
#2008 = PLANE ( 'NONE',  #1782 ) ;
#2009 = LINE ( 'NONE', #327, #509 ) ;
#2010 = ORIENTED_EDGE ( 'NONE', *, *, #169, .T. ) ;
#2011 = CARTESIAN_POINT ( 'NONE',  ( 20.99999953061340108, 87.50000000000000000, -57.99999886006119709 ) ) ;
#2012 = DIRECTION ( 'NONE',  ( -0.9999999999994858557, 0.000000000000000000, -1.013997426771979827E-06 ) ) ;
#2013 = DIRECTION ( 'NONE',  ( -8.680398282746253499E-16, 0.000000000000000000, 1.000000000000000000 ) ) ;
#2014 = AXIS2_PLACEMENT_3D ( 'NONE', #2040, #373, #889 ) ;
#2015 = EDGE_CURVE ( 'NONE', #2114, #749, #1254, .T. ) ;
#2016 = ORIENTED_EDGE ( 'NONE', *, *, #1523, .T. ) ;
#2017 = CARTESIAN_POINT ( 'NONE',  ( 25.80791904905739997, 77.50000000000000000, 17.50000000000000000 ) ) ;
#2018 = ORIENTED_EDGE ( 'NONE', *, *, #1971, .T. ) ;
#2019 = ADVANCED_FACE ( 'NONE', ( #1022 ), #1940, .T. ) ;
#2020 = PLANE ( 'NONE',  #145 ) ;
#2021 = LINE ( 'NONE', #508, #1178 ) ;
#2022 = EDGE_LOOP ( 'NONE', ( #1107, #485, #1944, #1907 ) ) ;
#2023 = LINE ( 'NONE', #1, #953 ) ;
#2024 = LINE ( 'NONE', #355, #723 ) ;
#2025 = CARTESIAN_POINT ( 'NONE',  ( 3.750000000000469846, 228.9000000000000057, -37.79865300411690043 ) ) ;
#2026 = ORIENTED_EDGE ( 'NONE', *, *, #2155, .F. ) ;
#2027 = CARTESIAN_POINT ( 'NONE',  ( 10.49999999999760014, 77.50000000000000000, -48.99999999999939604 ) ) ;
#2028 = EDGE_CURVE ( 'NONE', #1999, #1441, #590, .T. ) ;
#2029 = DIRECTION ( 'NONE',  ( -3.727088734919889908E-16, 0.000000000000000000, 1.000000000000000000 ) ) ;
#2030 = EDGE_CURVE ( 'NONE', #14, #1042, #516, .T. ) ;
#2031 = VECTOR ( 'NONE', #243, 1000.000000000000000 ) ;
#2032 = CARTESIAN_POINT ( 'NONE',  ( -2.999999940394240117, 87.50000000000000000, -50.00625469643669874 ) ) ;
#2033 = CARTESIAN_POINT ( 'NONE',  ( -0.9794919243112131246, 67.49999999999998579, 2.000000000000000000 ) ) ;
#2034 = CYLINDRICAL_SURFACE ( 'NONE', #92, 6.000000000000000000 ) ;
#2035 = DIRECTION ( 'NONE',  ( 1.606111199752450005E-31, -1.000000000000000000, -1.959217102279369698E-16 ) ) ;
#2036 = ORIENTED_EDGE ( 'NONE', *, *, #423, .T. ) ;
#2037 = ORIENTED_EDGE ( 'NONE', *, *, #258, .F. ) ;
#2038 = DIRECTION ( 'NONE',  ( 0.000000000000000000, -1.000000000000000000, -2.049642507000289605E-16 ) ) ;
#2039 = ORIENTED_EDGE ( 'NONE', *, *, #886, .F. ) ;
#2040 = CARTESIAN_POINT ( 'NONE',  ( 7.999999999999708677, 228.9000000000000057, -47.50000000000059686 ) ) ;
#2041 = VECTOR ( 'NONE', #2371, 1000.000000000000000 ) ;
#2042 = AXIS2_PLACEMENT_3D ( 'NONE', #1912, #1360, #1924 ) ;
#2043 = EDGE_CURVE ( 'NONE', #1155, #1456, #2127, .T. ) ;
#2044 = CARTESIAN_POINT ( 'NONE',  ( -2.999919049057417464, 67.49999999999998579, 14.30799999999999983 ) ) ;
#2045 = ORIENTED_EDGE ( 'NONE', *, *, #1720, .T. ) ;
#2046 = LINE ( 'NONE', #1126, #1835 ) ;
#2047 = CARTESIAN_POINT ( 'NONE',  ( 15.45000000000064411, 67.49899999999999523, -10.26710305025186010 ) ) ;
#2048 = VERTEX_POINT ( 'NONE', #1034 ) ;
#2049 = FACE_OUTER_BOUND ( 'NONE', #1491, .T. ) ;
#2050 = ORIENTED_EDGE ( 'NONE', *, *, #1446, .F. ) ;
#2051 = AXIS2_PLACEMENT_3D ( 'NONE', #2096, #1200, #1932 ) ;
#2052 = CYLINDRICAL_SURFACE ( 'NONE', #93, 7.993750606696748306 ) ;
#2053 = CARTESIAN_POINT ( 'NONE',  ( -10.30006760591538573, 67.50000000000000000, 22.50000506991860050 ) ) ;
#2054 = AXIS2_PLACEMENT_3D ( 'NONE', #1000, #1729, #1177 ) ;
#2055 = CYLINDRICAL_SURFACE ( 'NONE', #432, 5.000000000000001776 ) ;
#2056 = ORIENTED_EDGE ( 'NONE', *, *, #433, .F. ) ;
#2057 = EDGE_CURVE ( 'NONE', #838, #2048, #461, .T. ) ;
#2058 = DIRECTION ( 'NONE',  ( -1.947804704249429930E-31, -1.000000000000000000, -2.049642507000294781E-16 ) ) ;
#2059 = DIRECTION ( 'NONE',  ( 0.000000000000000000, 0.000000000000000000, 1.000000000000000000 ) ) ;
#2060 = ORIENTED_EDGE ( 'NONE', *, *, #1495, .T. ) ;
#2061 = CARTESIAN_POINT ( 'NONE',  ( 3.750000000000469846, 286.5000000000000000, -44.62500532348767024 ) ) ;
#2062 = ADVANCED_FACE ( 'NONE', ( #1565 ), #646, .F. ) ;
#2063 = ORIENTED_EDGE ( 'NONE', *, *, #2298, .F. ) ;
#2064 = EDGE_LOOP ( 'NONE', ( #324, #1454, #232, #2368, #1922, #448, #295, #1106, #1610, #1399, #964, #1975 ) ) ;
#2065 = DIRECTION ( 'NONE',  ( 0.000000000000000000, 1.000000000000000000, 0.000000000000000000 ) ) ;
#2066 = VECTOR ( 'NONE', #456, 1000.000000000000000 ) ;
#2067 = LINE ( 'NONE', #1160, #1100 ) ;
#2068 = DIRECTION ( 'NONE',  ( 0.01009115787023659103, 0.000000000000000000, 0.9999490829701469519 ) ) ;
#2069 = AXIS2_PLACEMENT_3D ( 'NONE', #2322, #2117, #1060 ) ;
#2070 = CARTESIAN_POINT ( 'NONE',  ( 6.499999999999629630, 87.50000000000000000, -47.49999999989000088 ) ) ;
#2071 = ORIENTED_EDGE ( 'NONE', *, *, #1295, .F. ) ;
#2072 = FACE_OUTER_BOUND ( 'NONE', #1167, .T. ) ;
#2073 = EDGE_LOOP ( 'NONE', ( #1449, #1189, #1552, #802 ) ) ;
#2074 = EDGE_CURVE ( 'NONE', #773, #655, #1214, .T. ) ;
#2075 = CARTESIAN_POINT ( 'NONE',  ( 19.50000000000039790, 87.50000000000000000, -37.50000000011029755 ) ) ;
#2076 = ORIENTED_EDGE ( 'NONE', *, *, #2188, .F. ) ;
#2077 = UNCERTAINTY_MEASURE_WITH_UNIT (LENGTH_MEASURE( 1.000000000000000082E-05 ), #1286, 'distance_accuracy_value', 'NONE');
#2078 = CYLINDRICAL_SURFACE ( 'NONE', #826, 1.499999999998540723 ) ;
#2079 = LINE ( 'NONE', #975, #2375 ) ;
#2080 = ORIENTED_EDGE ( 'NONE', *, *, #1082, .T. ) ;
#2081 = LINE ( 'NONE', #1908, #1674 ) ;
#2082 = VERTEX_POINT ( 'NONE', #488 ) ;
#2083 = ORIENTED_EDGE ( 'NONE', *, *, #846, .T. ) ;
#2084 = DIRECTION ( 'NONE',  ( 0.000000000000000000, 1.000000000000000000, 0.000000000000000000 ) ) ;
#2085 = EDGE_CURVE ( 'NONE', #1576, #1560, #1749, .T. ) ;
#2086 = VERTEX_POINT ( 'NONE', #2107 ) ;
#2087 = VECTOR ( 'NONE', #542, 1000.000000000000000 ) ;
#2088 = CIRCLE ( 'NONE', #1506, 6.000000000000000000 ) ;
#2089 = ADVANCED_FACE ( 'NONE', ( #1192, #1933 ), #1626, .T. ) ;
#2090 = CYLINDRICAL_SURFACE ( 'NONE', #80, 6.000000000000000000 ) ;
#2091 = CIRCLE ( 'NONE', #1285, 9.500000000000000000 ) ;
#2092 = EDGE_LOOP ( 'NONE', ( #2362, #1068, #83, #439 ) ) ;
#2093 = CARTESIAN_POINT ( 'NONE',  ( 6.499999999999639400, 87.50000000000000000, -37.50000000000000000 ) ) ;
#2094 = CARTESIAN_POINT ( 'NONE',  ( 8.000000000110189191, 77.50000000000000000, -36.00000000000000000 ) ) ;
#2095 = ORIENTED_EDGE ( 'NONE', *, *, #1527, .T. ) ;
#2096 = CARTESIAN_POINT ( 'NONE',  ( 22.25000000000000000, 286.5000000000000000, -42.49998656453430357 ) ) ;
#2097 = DIRECTION ( 'NONE',  ( 1.013997426771979615E-06, -0.000000000000000000, -0.9999999999994858557 ) ) ;
#2098 = DIRECTION ( 'NONE',  ( 9.690049268019630847E-15, -4.318076274347819682E-46, -1.000000000000000000 ) ) ;
#2099 = EDGE_CURVE ( 'NONE', #255, #709, #136, .T. ) ;
#2100 = EDGE_LOOP ( 'NONE', ( #112, #50, #2348, #1857 ) ) ;
#2101 = VECTOR ( 'NONE', #1274, 1000.000000000000000 ) ;
#2102 = CARTESIAN_POINT ( 'NONE',  ( 29.00046957425420047, 67.50000000000000000, -44.50000000000000000 ) ) ;
#2103 = ORIENTED_EDGE ( 'NONE', *, *, #1306, .T. ) ;
#2104 = CIRCLE ( 'NONE', #240, 7.993750606696748306 ) ;
#2105 = ORIENTED_EDGE ( 'NONE', *, *, #2379, .T. ) ;
#2106 = CARTESIAN_POINT ( 'NONE',  ( -3.000007551704839681, 286.5000000000000000, -42.50001216797689807 ) ) ;
#2107 = CARTESIAN_POINT ( 'NONE',  ( 27.87898686092290035, 87.50000000000000000, 22.50000000000000000 ) ) ;
#2108 = ORIENTED_EDGE ( 'NONE', *, *, #1202, .T. ) ;
#2109 = CYLINDRICAL_SURFACE ( 'NONE', #1546, 2.124999999999880096 ) ;
#2110 = EDGE_CURVE ( 'NONE', #2329, #1867, #1688, .T. ) ;
#2111 = AXIS2_PLACEMENT_3D ( 'NONE', #716, #551, #1844 ) ;
#2112 = DIRECTION ( 'NONE',  ( 0.000000000000000000, -1.000000000000000000, 0.000000000000000000 ) ) ;
#2113 = ORIENTED_EDGE ( 'NONE', *, *, #1202, .F. ) ;
#2114 = VERTEX_POINT ( 'NONE', #537 ) ;
#2115 = DIRECTION ( 'NONE',  ( -0.6721949989449299556, 0.000000000000000000, 0.7403741509489818462 ) ) ;
#2116 = VERTEX_POINT ( 'NONE', #1291 ) ;
#2117 = DIRECTION ( 'NONE',  ( 0.000000000000000000, 1.000000000000000000, 0.000000000000000000 ) ) ;
#2118 = FACE_OUTER_BOUND ( 'NONE', #193, .T. ) ;
#2119 = CARTESIAN_POINT ( 'NONE',  ( -5.299999852478400442, 77.50000000000000000, -39.50000118980550212 ) ) ;
#2120 = AXIS2_PLACEMENT_3D ( 'NONE', #261, #637, #2131 ) ;
#2121 = DIRECTION ( 'NONE',  ( 0.000000000000000000, -1.000000000000000000, 0.000000000000000000 ) ) ;
#2122 = EDGE_CURVE ( 'NONE', #2082, #2226, #1853, .T. ) ;
#2123 = EDGE_LOOP ( 'NONE', ( #1287, #952, #1741, #458 ) ) ;
#2124 = VERTEX_POINT ( 'NONE', #1437 ) ;
#2125 = ORIENTED_EDGE ( 'NONE', *, *, #154, .T. ) ;
#2126 = CARTESIAN_POINT ( 'NONE',  ( 29.00046957425420047, 77.50000000000000000, -44.50000000000000000 ) ) ;
#2127 = LINE ( 'NONE', #113, #1184 ) ;
#2128 = EDGE_CURVE ( 'NONE', #1344, #1183, #2104, .T. ) ;
#2129 = LINE ( 'NONE', #1823, #803 ) ;
#2130 = CARTESIAN_POINT ( 'NONE',  ( 31.29667966274205071, 77.50000000000000000, 3.269602312199499039 ) ) ;
#2131 = DIRECTION ( 'NONE',  ( 1.000000000000000000, 0.000000000000000000, 0.000000000000000000 ) ) ;
#2132 = LINE ( 'NONE', #1985, #353 ) ;
#2133 = ORIENTED_EDGE ( 'NONE', *, *, #1281, .T. ) ;
#2134 = ORIENTED_EDGE ( 'NONE', *, *, #1938, .F. ) ;
#2135 = EDGE_CURVE ( 'NONE', #37, #2321, #552, .T. ) ;
#2136 = ORIENTED_EDGE ( 'NONE', *, *, #1849, .F. ) ;
#2137 = CARTESIAN_POINT ( 'NONE',  ( 29.00044891473080000, 87.50000000000000000, -29.62519360382899691 ) ) ;
#2138 = DIRECTION ( 'NONE',  ( 1.606111199752450005E-31, -1.000000000000000000, -1.959217102279369698E-16 ) ) ;
#2139 = EDGE_CURVE ( 'NONE', #2146, #1139, #1921, .T. ) ;
#2140 = CARTESIAN_POINT ( 'NONE',  ( 31.29667966274205071, 67.50000000000000000, 3.500000000000016875 ) ) ;
#2141 = CARTESIAN_POINT ( 'NONE',  ( 29.00000043213350054, 77.50000000000000000, 9.307918616923940291 ) ) ;
#2142 = LINE ( 'NONE', #1970, #1671 ) ;
#2143 = LINE ( 'NONE', #2032, #1916 ) ;
#2144 = VERTEX_POINT ( 'NONE', #895 ) ;
#2145 = EDGE_LOOP ( 'NONE', ( #1171, #1704 ) ) ;
#2146 = VERTEX_POINT ( 'NONE', #1678 ) ;
#2147 = LINE ( 'NONE', #134, #1509 ) ;
#2148 = AXIS2_PLACEMENT_3D ( 'NONE', #1213, #1226, #297 ) ;
#2149 = CARTESIAN_POINT ( 'NONE',  ( 34.00000043213349699, 87.50000000000000000, 8.400192207394651334 ) ) ;
#2150 = AXIS2_PLACEMENT_3D ( 'NONE', #827, #1063, #2310 ) ;
#2151 = DIRECTION ( 'NONE',  ( 0.000000000000000000, -1.000000000000000000, 0.000000000000000000 ) ) ;
#2152 = LINE ( 'NONE', #1417, #1231 ) ;
#2153 = EDGE_CURVE ( 'NONE', #655, #581, #1474, .T. ) ;
#2154 = DIRECTION ( 'NONE',  ( 0.9999999999994859667, 0.000000000000000000, 1.013997426764959830E-06 ) ) ;
#2155 = EDGE_CURVE ( 'NONE', #1009, #1638, #2384, .T. ) ;
#2156 = CARTESIAN_POINT ( 'NONE',  ( -3.000000044703459601, 77.50000000000000000, -7.114555302986650176 ) ) ;
#2157 = AXIS2_PLACEMENT_3D ( 'NONE', #747, #2180, #2029 ) ;
#2158 = ORIENTED_EDGE ( 'NONE', *, *, #1052, .F. ) ;
#2159 = ORIENTED_EDGE ( 'NONE', *, *, #1952, .T. ) ;
#2160 = LINE ( 'NONE', #855, #561 ) ;
#2161 = DIRECTION ( 'NONE',  ( 0.000000000000000000, 0.000000000000000000, 1.000000000000000000 ) ) ;
#2162 = VECTOR ( 'NONE', #1947, 1000.000000000000000 ) ;
#2163 = CARTESIAN_POINT ( 'NONE',  ( -8.000000044703460489, 87.50000000000000000, 8.400192632374940516 ) ) ;
#2164 = ORIENTED_EDGE ( 'NONE', *, *, #815, .F. ) ;
#2165 = CARTESIAN_POINT ( 'NONE',  ( 24.00046957425420047, 77.50000000000000000, -40.79785669972180528 ) ) ;
#2166 = VERTEX_POINT ( 'NONE', #1820 ) ;
#2167 = EDGE_CURVE ( 'NONE', #1009, #67, #939, .T. ) ;
#2168 = CARTESIAN_POINT ( 'NONE',  ( -1.309513680005120140, 87.50000000000000000, -39.49999714346280655 ) ) ;
#2169 = EDGE_CURVE ( 'NONE', #909, #1344, #917, .T. ) ;
#2170 = CARTESIAN_POINT ( 'NONE',  ( -2.999919049057430342, 128.5999999999999943, 14.30799999999999983 ) ) ;
#2171 = ORIENTED_EDGE ( 'NONE', *, *, #2139, .F. ) ;
#2172 = PLANE ( 'NONE',  #2289 ) ;
#2173 = CARTESIAN_POINT ( 'NONE',  ( 4.993723288352939882, 228.9000000000000057, -30.99998264390969993 ) ) ;
#2174 = LINE ( 'NONE', #1251, #878 ) ;
#2175 = AXIS2_PLACEMENT_3D ( 'NONE', #1779, #106, #1754 ) ;
#2176 = DIRECTION ( 'NONE',  ( 1.000000000000000000, 0.000000000000000000, 1.850371707710394309E-14 ) ) ;
#2177 = VECTOR ( 'NONE', #1400, 1000.000000000000000 ) ;
#2178 = DIRECTION ( 'NONE',  ( 0.000000000000000000, 0.000000000000000000, -1.000000000000000000 ) ) ;
#2179 = VECTOR ( 'NONE', #698, 1000.000000000000000 ) ;
#2180 = DIRECTION ( 'NONE',  ( -1.000000000000000000, 0.000000000000000000, -3.727088734919889908E-16 ) ) ;
#2181 = APPLICATION_PROTOCOL_DEFINITION ( 'draft international standard', 'automotive_design', 1998, #167 ) ;
#2182 = DIRECTION ( 'NONE',  ( -1.000000000000000000, 1.350876544136369934E-32, -1.216761526407840019E-15 ) ) ;
#2183 = EDGE_CURVE ( 'NONE', #519, #1586, #507, .T. ) ;
#2184 = ORIENTED_EDGE ( 'NONE', *, *, #1450, .F. ) ;
#2185 = LINE ( 'NONE', #2011, #588 ) ;
#2186 = LINE ( 'NONE', #2137, #1536 ) ;
#2187 = CARTESIAN_POINT ( 'NONE',  ( 20.99999953061340108, 67.50000000000000000, -57.99999886006119709 ) ) ;
#2188 = EDGE_CURVE ( 'NONE', #1560, #1518, #2174, .T. ) ;
#2189 = AXIS2_PLACEMENT_3D ( 'NONE', #138, #1981, #1061 ) ;
#2190 = ORIENTED_EDGE ( 'NONE', *, *, #2183, .F. ) ;
#2191 = AXIS2_PLACEMENT_3D ( 'NONE', #359, #1644, #2178 ) ;
#2192 = DIRECTION ( 'NONE',  ( -4.423544863740860457E-15, 0.000000000000000000, 1.000000000000000000 ) ) ;
#2193 = VECTOR ( 'NONE', #2297, 1000.000000000000000 ) ;
#2194 = DIRECTION ( 'NONE',  ( 2.493926145408064843E-31, -1.000000000000000000, -2.049642507000289605E-16 ) ) ;
#2195 = CARTESIAN_POINT ( 'NONE',  ( -3.000015026769149884, 87.50000000000000000, -35.12813517522840101 ) ) ;
#2196 = CARTESIAN_POINT ( 'NONE',  ( 22.25000000000000000, 228.9000000000000057, -31.09820586241760054 ) ) ;
#2197 = EDGE_CURVE ( 'NONE', #442, #1949, #2219, .T. ) ;
#2198 = CARTESIAN_POINT ( 'NONE',  ( 29.00046957425429994, 67.50000000000000000, -49.99952881642030178 ) ) ;
#2199 = DIRECTION ( 'NONE',  ( 0.000000000000000000, -1.000000000000000000, -2.049642507000289605E-16 ) ) ;
#2200 = VECTOR ( 'NONE', #691, 1000.000000000000000 ) ;
#2201 = ORIENTED_EDGE ( 'NONE', *, *, #61, .F. ) ;
#2202 = EDGE_CURVE ( 'NONE', #1465, #371, #1071, .T. ) ;
#2203 = EDGE_LOOP ( 'NONE', ( #1530, #2039, #1326, #1051 ) ) ;
#2204 = CARTESIAN_POINT ( 'NONE',  ( -1.878986860922870150, 87.50000000000000000, 22.50000000000000000 ) ) ;
#2205 = ORIENTED_EDGE ( 'NONE', *, *, #1446, .T. ) ;
#2206 = DIRECTION ( 'NONE',  ( -0.000000000000000000, -1.000000000000000000, -0.000000000000000000 ) ) ;
#2207 = FILL_AREA_STYLE_COLOUR ( '', #1023 ) ;
#2208 = DIRECTION ( 'NONE',  ( 1.000000000000000000, 0.000000000000000000, -1.501021529309699972E-13 ) ) ;
#2209 = CARTESIAN_POINT ( 'NONE',  ( 4.993750666299909824, 67.50000000000000000, -57.99999886006119709 ) ) ;
#2210 = VERTEX_POINT ( 'NONE', #1655 ) ;
#2211 = DIRECTION ( 'NONE',  ( -0.9999999999992533750, 0.000000000000000000, -1.221981178530897831E-06 ) ) ;
#2212 = ADVANCED_FACE ( 'NONE', ( #515, #345, #1668, #728 ), #2395, .F. ) ;
#2213 = VERTEX_POINT ( 'NONE', #2187 ) ;
#2214 = DIRECTION ( 'NONE',  ( 6.938893903907232322E-16, 0.000000000000000000, 1.000000000000000000 ) ) ;
#2215 = PRESENTATION_LAYER_ASSIGNMENT (  '', '', ( #874 ) ) ;
#2216 = EDGE_CURVE ( 'NONE', #982, #838, #527, .T. ) ;
#2217 = DIRECTION ( 'NONE',  ( 0.7071067811865470176, 1.449316115708101576E-16, -0.7071067811865480168 ) ) ;
#2218 = AXIS2_PLACEMENT_3D ( 'NONE', #35, #25, #629 ) ;
#2219 = CIRCLE ( 'NONE', #125, 8.000470043640850903 ) ;
#2220 = CARTESIAN_POINT ( 'NONE',  ( -3.000011107052739767, 87.50000000000000000, -38.99374301880279603 ) ) ;
#2221 = ORIENTED_EDGE ( 'NONE', *, *, #270, .T. ) ;
#2222 = DIRECTION ( 'NONE',  ( 0.000000000000000000, 1.000000000000000000, 0.000000000000000000 ) ) ;
#2223 = DIRECTION ( 'NONE',  ( -2.027994854715399443E-06, 0.000000000000000000, 0.9999999999979436449 ) ) ;
#2224 = VERTEX_POINT ( 'NONE', #778 ) ;
#2225 = DIRECTION ( 'NONE',  ( -4.625929269275932131E-15, 0.000000000000000000, 1.000000000000000000 ) ) ;
#2226 = VERTEX_POINT ( 'NONE', #2094 ) ;
#2227 = ORIENTED_EDGE ( 'NONE', *, *, #1850, .T. ) ;
#2228 = DIRECTION ( 'NONE',  ( 1.000000000000000000, 6.036386627800480103E-63, 0.000000000000000000 ) ) ;
#2229 = CYLINDRICAL_SURFACE ( 'NONE', #860, 4.999999999999999112 ) ;
#2230 = ADVANCED_FACE ( 'NONE', ( #572 ), #978, .F. ) ;
#2231 = VECTOR ( 'NONE', #1894, 1000.000000000000000 ) ;
#2232 = DIRECTION ( 'NONE',  ( 0.000000000000000000, -1.000000000000000000, 0.000000000000000000 ) ) ;
#2233 = ADVANCED_FACE ( 'NONE', ( #2049 ), #1713, .T. ) ;
#2234 = DIRECTION ( 'NONE',  ( -7.888609052210119806E-31, 0.000000000000000000, -1.000000000000000000 ) ) ;
#2235 = CARTESIAN_POINT ( 'NONE',  ( 24.00046957425420047, 67.50000000000000000, -40.79785669972180528 ) ) ;
#2236 = DIRECTION ( 'NONE',  ( -1.013997426669781490E-06, 0.000000000000000000, 0.9999999999994858557 ) ) ;
#2237 = ORIENTED_EDGE ( 'NONE', *, *, #1401, .F. ) ;
#2238 = LINE ( 'NONE', #1505, #724 ) ;
#2239 = CIRCLE ( 'NONE', #1980, 7.993750606696748306 ) ;
#2240 = APPLICATION_CONTEXT ( 'automotive_design' ) ;
#2241 = CARTESIAN_POINT ( 'NONE',  ( 7.999999999999699796, 77.50000000000000000, -37.50000000000000000 ) ) ;
#2242 = ORIENTED_EDGE ( 'NONE', *, *, #2030, .F. ) ;
#2243 = ADVANCED_FACE ( 'NONE', ( #2072 ), #1919, .F. ) ;
#2244 = DIRECTION ( 'NONE',  ( 0.000000000000000000, 1.000000000000000000, 0.000000000000000000 ) ) ;
#2245 = LINE ( 'NONE', #2070, #1847 ) ;
#2246 = ORIENTED_EDGE ( 'NONE', *, *, #1234, .F. ) ;
#2247 = CARTESIAN_POINT ( 'NONE',  ( -8.000000044703460489, 67.49999999999998579, 16.37898681621939900 ) ) ;
#2248 = VERTEX_POINT ( 'NONE', #402 ) ;
#2249 = ORIENTED_EDGE ( 'NONE', *, *, #1523, .F. ) ;
#2250 = DIRECTION ( 'NONE',  ( 0.000000000000000000, 1.000000000000000000, 0.000000000000000000 ) ) ;
#2251 = AXIS2_PLACEMENT_3D ( 'NONE', #205, #1185, #616 ) ;
#2252 = AXIS2_PLACEMENT_3D ( 'NONE', #2033, #1840, #569 ) ;
#2253 = DIRECTION ( 'NONE',  ( -1.606111199752450005E-31, 1.000000000000000000, 1.959217102279369945E-16 ) ) ;
#2254 = AXIS2_PLACEMENT_3D ( 'NONE', #1195, #1973, #1804 ) ;
#2255 = DIRECTION ( 'NONE',  ( -0.9999999999994858557, 1.986641096873787814E-22, -1.013997425894569949E-06 ) ) ;
#2256 = VERTEX_POINT ( 'NONE', #1165 ) ;
#2257 = CARTESIAN_POINT ( 'NONE',  ( -2.999919049057420128, 67.49999999999998579, 9.307999999999999829 ) ) ;
#2258 = EDGE_CURVE ( 'NONE', #2166, #2343, #1904, .T. ) ;
#2259 = VERTEX_POINT ( 'NONE', #38 ) ;
#2260 = ORIENTED_EDGE ( 'NONE', *, *, #671, .T. ) ;
#2261 = CARTESIAN_POINT ( 'NONE',  ( 4.999999999998990141, 228.9000000000000057, -51.24999999999920419 ) ) ;
#2262 = EDGE_CURVE ( 'NONE', #1441, #1999, #1512, .T. ) ;
#2263 = DIRECTION ( 'NONE',  ( 0.01009115787023659103, 0.000000000000000000, 0.9999490829701469519 ) ) ;
#2264 = AXIS2_PLACEMENT_3D ( 'NONE', #224, #384, #1542 ) ;
#2265 = ORIENTED_EDGE ( 'NONE', *, *, #850, .F. ) ;
#2266 = VECTOR ( 'NONE', #1942, 1000.000000000000114 ) ;
#2267 = FACE_OUTER_BOUND ( 'NONE', #1612, .T. ) ;
#2268 = CARTESIAN_POINT ( 'NONE',  ( 20.99999953061340108, 87.50000000000000000, -52.99999886006120420 ) ) ;
#2269 = VERTEX_POINT ( 'NONE', #209 ) ;
#2270 = CARTESIAN_POINT ( 'NONE',  ( -10.30000000000000071, 87.50000000000000000, -35.50000020284199564 ) ) ;
#2271 = DIRECTION ( 'NONE',  ( 0.4490018906271652788, 0.000000000000000000, 0.8935308065272462574 ) ) ;
#2272 = EDGE_CURVE ( 'NONE', #1090, #1753, #48, .T. ) ;
#2273 = ORIENTED_EDGE ( 'NONE', *, *, #1676, .F. ) ;
#2274 = AXIS2_PLACEMENT_3D ( 'NONE', #839, #759, #621 ) ;
#2275 = AXIS2_PLACEMENT_3D ( 'NONE', #1808, #1402, #1601 ) ;
#2276 = DIRECTION ( 'NONE',  ( 1.000000000000000000, 0.000000000000000000, 1.850371707710394309E-14 ) ) ;
#2277 = ORIENTED_EDGE ( 'NONE', *, *, #2003, .F. ) ;
#2278 = DIRECTION ( 'NONE',  ( 0.000000000000000000, -1.000000000000000000, 0.000000000000000000 ) ) ;
#2279 = ORIENTED_EDGE ( 'NONE', *, *, #316, .T. ) ;
#2280 = LINE ( 'NONE', #1180, #934 ) ;
#2281 = CARTESIAN_POINT ( 'NONE',  ( 4.993739499638040868, 87.50000000000000000, -38.99373325058999740 ) ) ;
#2282 = EDGE_LOOP ( 'NONE', ( #1891, #1793, #1128, #97 ) ) ;
#2283 = EDGE_CURVE ( 'NONE', #253, #622, #560, .T. ) ;
#2284 = VECTOR ( 'NONE', #1425, 1000.000000000000000 ) ;
#2285 = CARTESIAN_POINT ( 'NONE',  ( 8.996872544615332146, 87.50000000000000000, -30.99997452554359612 ) ) ;
#2286 = EDGE_CURVE ( 'NONE', #1867, #2114, #244, .T. ) ;
#2287 = PRODUCT_DEFINITION_SHAPE ( 'NONE', 'NONE',  #1745 ) ;
#2288 = EDGE_LOOP ( 'NONE', ( #2050, #1549, #1855, #2300 ) ) ;
#2289 = AXIS2_PLACEMENT_3D ( 'NONE', #513, #1079, #1589 ) ;
#2290 = CARTESIAN_POINT ( 'NONE',  ( 27.87898686092290035, 67.49999999999998579, 22.50000000000000000 ) ) ;
#2291 = AXIS2_PLACEMENT_3D ( 'NONE', #161, #2035, #2013 ) ;
#2292 = VERTEX_POINT ( 'NONE', #2247 ) ;
#2293 = LINE ( 'NONE', #993, #1316 ) ;
#2294 = ORIENTED_EDGE ( 'NONE', *, *, #1320, .T. ) ;
#2295 = CARTESIAN_POINT ( 'NONE',  ( 29.00045981498626801, 286.5000000000000000, -40.37497971958441667 ) ) ;
#2296 = ORIENTED_EDGE ( 'NONE', *, *, #721, .T. ) ;
#2297 = DIRECTION ( 'NONE',  ( 1.000000000000000000, 9.325039926272190081E-44, -1.554312234475119949E-13 ) ) ;
#2298 = EDGE_CURVE ( 'NONE', #749, #1692, #389, .T. ) ;
#2299 = CARTESIAN_POINT ( 'NONE',  ( 25.80791904905739997, 77.50000000000000000, 12.50000000000000000 ) ) ;
#2300 = ORIENTED_EDGE ( 'NONE', *, *, #1493, .F. ) ;
#2301 = CIRCLE ( 'NONE', #1965, 6.000000000000000000 ) ;
#2302 = ADVANCED_FACE ( 'NONE', ( #951 ), #1312, .F. ) ;
#2303 = LINE ( 'NONE', #640, #1646 ) ;
#2304 = CIRCLE ( 'NONE', #925, 1.499999999998540723 ) ;
#2305 = ORIENTED_EDGE ( 'NONE', *, *, #662, .F. ) ;
#2306 = ORIENTED_EDGE ( 'NONE', *, *, #214, .F. ) ;
#2307 = CARTESIAN_POINT ( 'NONE',  ( 22.25000000000000000, 291.8999999999999773, -31.99999928474429822 ) ) ;
#2308 = DIRECTION ( 'NONE',  ( 1.606111199752450005E-31, -1.000000000000000000, -1.959217102279369698E-16 ) ) ;
#2309 = ORIENTED_EDGE ( 'NONE', *, *, #801, .F. ) ;
#2310 = DIRECTION ( 'NONE',  ( 0.9277833500499405028, 0.000000000000000000, -0.3731193580747446115 ) ) ;
#2311 = CARTESIAN_POINT ( 'NONE',  ( 24.00046957425429994, 77.50000000000000000, -49.99952881642030178 ) ) ;
#2312 = VECTOR ( 'NONE', #703, 1000.000000000000000 ) ;
#2313 = AXIS2_PLACEMENT_3D ( 'NONE', #514, #905, #1414 ) ;
#2314 = LINE ( 'NONE', #2156, #202 ) ;
#2315 = AXIS2_PLACEMENT_3D ( 'NONE', #1690, #764, #2236 ) ;
#2316 = EDGE_CURVE ( 'NONE', #1054, #496, #1896, .T. ) ;
#2317 = VERTEX_POINT ( 'NONE', #2061 ) ;
#2318 = VERTEX_POINT ( 'NONE', #1140 ) ;
#2319 = LINE ( 'NONE', #1783, #625 ) ;
#2320 = CARTESIAN_POINT ( 'NONE',  ( 15.44999999999925855, 87.50000000000008527, -20.18251876057970406 ) ) ;
#2321 = VERTEX_POINT ( 'NONE', #1703 ) ;
#2322 = CARTESIAN_POINT ( 'NONE',  ( 4.993750666299909824, 291.8999999999999773, -50.00624825336440438 ) ) ;
#2323 = PLANE ( 'NONE',  #1348 ) ;
#2324 = DIRECTION ( 'NONE',  ( -1.616882843451709956E-46, 1.000000000000000000, 0.000000000000000000 ) ) ;
#2325 = ORIENTED_EDGE ( 'NONE', *, *, #316, .F. ) ;
#2326 = CARTESIAN_POINT ( 'NONE',  ( 28.99991904905740014, 77.50000000000000000, 9.307999999999999829 ) ) ;
#2327 = DIRECTION ( 'NONE',  ( 0.000000000000000000, 1.000000000000000000, 0.000000000000000000 ) ) ;
#2328 = VECTOR ( 'NONE', #2232, 1000.000000000000000 ) ;
#2329 = VERTEX_POINT ( 'NONE', #595 ) ;
#2330 = VECTOR ( 'NONE', #696, 1000.000000000000114 ) ;
#2331 = CARTESIAN_POINT ( 'NONE',  ( 12.07048334478933782, 77.50000000000000000, -15.22481090541531046 ) ) ;
#2332 = ADVANCED_FACE ( 'NONE', ( #28 ), #582, .T. ) ;
#2333 = DIRECTION ( 'NONE',  ( -1.606111199752450005E-31, 1.000000000000000000, 1.959217102279369698E-16 ) ) ;
#2334 = CARTESIAN_POINT ( 'NONE',  ( 18.00000000000029843, 77.50000000000000000, -47.50000000000000000 ) ) ;
#2335 = AXIS2_PLACEMENT_3D ( 'NONE', #808, #1136, #2068 ) ;
#2336 = CARTESIAN_POINT ( 'NONE',  ( 7.999999999999690026, 228.9000000000000057, -48.99999999999909761 ) ) ;
#2337 = EDGE_CURVE ( 'NONE', #163, #1319, #2081, .T. ) ;
#2338 = CYLINDRICAL_SURFACE ( 'NONE', #766, 4.499999999999999112 ) ;
#2339 = CARTESIAN_POINT ( 'NONE',  ( 34.00000043213349699, 87.50000000000000000, 8.400192207394651334 ) ) ;
#2340 = FACE_OUTER_BOUND ( 'NONE', #2022, .T. ) ;
#2341 = ORIENTED_EDGE ( 'NONE', *, *, #2043, .T. ) ;
#2342 = ORIENTED_EDGE ( 'NONE', *, *, #1260, .T. ) ;
#2343 = VERTEX_POINT ( 'NONE', #1722 ) ;
#2344 = CARTESIAN_POINT ( 'NONE',  ( 29.00046412447533228, 286.5000000000000000, -44.62497971958199372 ) ) ;
#2345 = AXIS2_PLACEMENT_3D ( 'NONE', #309, #1819, #1058 ) ;
#2346 = LINE ( 'NONE', #100, #1028 ) ;
#2347 = DIRECTION ( 'NONE',  ( -1.000000000000000000, 0.000000000000000000, -1.216761526407840216E-15 ) ) ;
#2348 = ORIENTED_EDGE ( 'NONE', *, *, #2367, .F. ) ;
#2349 = CYLINDRICAL_SURFACE ( 'NONE', #21, 1.500000000000060396 ) ;
#2350 = ORIENTED_EDGE ( 'NONE', *, *, #689, .F. ) ;
#2351 = EDGE_CURVE ( 'NONE', #617, #2166, #795, .T. ) ;
#2352 = CARTESIAN_POINT ( 'NONE',  ( 29.00000043213350054, 67.49999999999998579, 9.307918616923938515 ) ) ;
#2353 = DIRECTION ( 'NONE',  ( 0.000000000000000000, 1.000000000000000000, 0.000000000000000000 ) ) ;
#2354 = LINE ( 'NONE', #117, #665 ) ;
#2355 = CIRCLE ( 'NONE', #259, 5.999999999999996447 ) ;
#2356 = ORIENTED_EDGE ( 'NONE', *, *, #1143, .F. ) ;
#2357 = CARTESIAN_POINT ( 'NONE',  ( -5.300042960653654767, 77.50000000000000000, 3.360206919936540970 ) ) ;
#2358 = DIRECTION ( 'NONE',  ( -7.074184834259110259E-50, 1.000000000000000000, -6.449125814668281110E-50 ) ) ;
#2359 = DIRECTION ( 'NONE',  ( -2.636779683487788947E-14, 0.000000000000000000, -1.000000000000000000 ) ) ;
#2360 = AXIS2_PLACEMENT_3D ( 'NONE', #1196, #2353, #1815 ) ;
#2361 = PLANE ( 'NONE',  #213 ) ;
#2362 = ORIENTED_EDGE ( 'NONE', *, *, #1750, .F. ) ;
#2363 = CARTESIAN_POINT ( 'NONE',  ( -10.29999966807631040, 67.50000000000000000, -44.50000625979501478 ) ) ;
#2364 = CARTESIAN_POINT ( 'NONE',  ( 3.750000000000460076, 228.9000000000000057, -50.00000000000070344 ) ) ;
#2365 = EDGE_CURVE ( 'NONE', #1961, #1090, #1786, .T. ) ;
#2366 = CARTESIAN_POINT ( 'NONE',  ( 2.000000059604659874, 77.50000000000000000, -50.00625122375109299 ) ) ;
#2367 = EDGE_CURVE ( 'NONE', #2082, #754, #1322, .T. ) ;
#2368 = ORIENTED_EDGE ( 'NONE', *, *, #2197, .T. ) ;
#2369 = VECTOR ( 'NONE', #180, 1000.000000000000000 ) ;
#2370 = DIRECTION ( 'NONE',  ( -2.027994854305798874E-06, 0.000000000000000000, 0.9999999999979437559 ) ) ;
#2371 = DIRECTION ( 'NONE',  ( 1.013997426771979827E-06, 1.959217102278362422E-16, -0.9999999999994858557 ) ) ;
#2372 = DIRECTION ( 'NONE',  ( -0.000000000000000000, 1.000000000000000000, 0.000000000000000000 ) ) ;
#2373 = DIRECTION ( 'NONE',  ( 0.9999999999999993339, -7.559161695137676465E-24, 3.688039094290997168E-08 ) ) ;
#2374 = DIRECTION ( 'NONE',  ( 1.606111199752450005E-31, -1.000000000000000000, -1.959217102279369698E-16 ) ) ;
#2375 = VECTOR ( 'NONE', #2255, 1000.000000000000114 ) ;
#2376 = AXIS2_PLACEMENT_3D ( 'NONE', #857, #451, #1201 ) ;
#2377 = LINE ( 'NONE', #142, #1858 ) ;
#2378 = VERTEX_POINT ( 'NONE', #2366 ) ;
#2379 = EDGE_CURVE ( 'NONE', #1518, #2146, #1271, .T. ) ;
#2380 = SURFACE_SIDE_STYLE ('',( #192 ) ) ;
#2381 = EDGE_CURVE ( 'NONE', #1714, #941, #1743, .T. ) ;
#2382 = CARTESIAN_POINT ( 'NONE',  ( 0.1920809509425960016, 67.49999999999998579, 17.49999999999999645 ) ) ;
#2383 = LINE ( 'NONE', #1461, #890 ) ;
#2384 = LINE ( 'NONE', #3, #1559 ) ;
#2385 = VECTOR ( 'NONE', #2151, 1000.000000000000000 ) ;
#2386 = VERTEX_POINT ( 'NONE', #1209 ) ;
#2387 = CIRCLE ( 'NONE', #370, 7.993750606696748306 ) ;
#2388 = EDGE_LOOP ( 'NONE', ( #2350, #2398, #789, #1133 ) ) ;
#2389 = FACE_OUTER_BOUND ( 'NONE', #1592, .T. ) ;
#2390 = EDGE_LOOP ( 'NONE', ( #1931, #1547, #69, #1998, #599, #1516 ) ) ;
#2391 = DIRECTION ( 'NONE',  ( 3.688039093805997352E-08, 0.000000000000000000, -0.9999999999999993339 ) ) ;
#2392 = DIRECTION ( 'NONE',  ( -2.049642507000289605E-16, 1.000000000000000000, 0.000000000000000000 ) ) ;
#2393 = CARTESIAN_POINT ( 'NONE',  ( 19.49999999999889866, 228.9000000000000057, -47.50000000000000000 ) ) ;
#2394 = DIRECTION ( 'NONE',  ( -7.888609052210119806E-31, 0.000000000000000000, -1.000000000000000000 ) ) ;
#2395 = PLANE ( 'NONE',  #1802 ) ;
#2396 = EDGE_CURVE ( 'NONE', #1517, #2124, #2239, .T. ) ;
#2397 = ORIENTED_EDGE ( 'NONE', *, *, #1676, .T. ) ;
#2398 = ORIENTED_EDGE ( 'NONE', *, *, #2262, .F. ) ;
#2399 = LINE ( 'NONE', #745, #804 ) ;
#2400 = EDGE_LOOP ( 'NONE', ( #2083, #392 ) ) ;
#2401 = AXIS2_PLACEMENT_3D ( 'NONE', #1881, #18, #2225 ) ;
#2402 = LINE ( 'NONE', #1256, #2200 ) ;
#2403 = CARTESIAN_POINT ( 'NONE',  ( 20.99998837754559844, 291.8999999999999773, -39.00042022694369592 ) ) ;
ENDSEC;
END-ISO-10303-21;
