ISO-10303-21;
HEADER;
FILE_DESCRIPTION (( 'STEP AP214' ),
    '1' );
FILE_NAME ('5cmauger_penetrolyzer_main.STEP',
    '2026-09-19T04:55:24',
    ( '' ),
    ( '' ),
    'SwSTEP 2.0',
    'SolidWorks 2026',
    '' );
FILE_SCHEMA (( 'AUTOMOTIVE_DESIGN' ));
ENDSEC;

DATA;
#1 = FACE_OUTER_BOUND ( 'NONE', #325, .T. ) ;
#2 = LINE ( 'NONE', #773, #777 ) ;
#3 = CARTESIAN_POINT ( 'NONE',  ( 1.714689371105507121, -3.155901754805471526, 1.978079151269813263 ) ) ;
#4 = VECTOR ( 'NONE', #1796, 100.0000000000000000 ) ;
#5 = ORIENTED_EDGE ( 'NONE', *, *, #289, .F. ) ;
#6 = AXIS2_PLACEMENT_3D ( 'NONE', #895, #1116, #1694 ) ;
#7 = LINE ( 'NONE', #762, #2334 ) ;
#8 = CARTESIAN_POINT ( 'NONE',  ( 0.5082325308106209194, -6.962422765732716456, 1.818079151271586813 ) ) ;
#9 = ORIENTED_EDGE ( 'NONE', *, *, #1926, .F. ) ;
#10 = CARTESIAN_POINT ( 'NONE',  ( 0.3682325308106336736, -1.962422765732723784, 2.748079151270929277 ) ) ;
#11 = ORIENTED_EDGE ( 'NONE', *, *, #2186, .T. ) ;
#12 = VECTOR ( 'NONE', #945, 100.0000000000000000 ) ;
#13 = DIRECTION ( 'NONE',  ( -1.603068372491023297E-12, -3.995004817365800739E-31, -1.000000000000000000 ) ) ;
#14 = B_SPLINE_CURVE_WITH_KNOTS ( 'NONE', 3,
 ( #1106, #1471, #1861, #896 ),
 .UNSPECIFIED., .F., .F.,
 ( 4, 4 ),
 ( 0.000000000000000000, 1.000000000000000000 ),
 .UNSPECIFIED. ) ;
#15 = EDGE_CURVE ( 'NONE', #1154, #819, #247, .T. ) ;
#16 = CARTESIAN_POINT ( 'NONE',  ( 2.222244530810633112, -3.462422765732744878, 2.378091151269184245 ) ) ;
#17 = CARTESIAN_POINT ( 'NONE',  ( 0.5082325308109739703, -2.712422765732724006, 2.038079151271747325 ) ) ;
#18 = CARTESIAN_POINT ( 'NONE',  ( 1.532232530810626159, -2.114102935481797729, 1.818079151271586813 ) ) ;
#19 = ORIENTED_EDGE ( 'NONE', *, *, #2158, .T. ) ;
#20 = EDGE_CURVE ( 'NONE', #196, #800, #70, .T. ) ;
#21 = LINE ( 'NONE', #2288, #472 ) ;
#22 = CARTESIAN_POINT ( 'NONE',  ( 0.3916639883157095881, -6.962422765732716456, 2.804647693765852878 ) ) ;
#23 = ORIENTED_EDGE ( 'NONE', *, *, #2360, .F. ) ;
#24 = DIRECTION ( 'NONE',  ( -2.220446049250000002E-16, -1.000000000000000000, 3.574656940018424056E-28 ) ) ;
#25 = ORIENTED_EDGE ( 'NONE', *, *, #2009, .T. ) ;
#26 = DIRECTION ( 'NONE',  ( -1.000000000000000000, 1.959217102279369698E-16, 1.603068372491023297E-12 ) ) ;
#27 = ORIENTED_EDGE ( 'NONE', *, *, #304, .F. ) ;
#28 = CARTESIAN_POINT ( 'NONE',  ( 0.5332325308109747697, -1.902422765732724175, 2.038079151271707357 ) ) ;
#29 = LINE ( 'NONE', #798, #1224 ) ;
#30 = DIRECTION ( 'NONE',  ( 0.000000000000000000, 1.959217102279369945E-16, -1.000000000000000000 ) ) ;
#31 = ORIENTED_EDGE ( 'NONE', *, *, #244, .T. ) ;
#32 = ADVANCED_FACE ( 'NONE', ( #2349 ), #448, .T. ) ;
#33 = ADVANCED_FACE ( 'NONE', ( #995 ), #1421, .T. ) ;
#34 = VECTOR ( 'NONE', #1172, 100.0000000000000000 ) ;
#35 = CARTESIAN_POINT ( 'NONE',  ( 1.579412207783093658, -1.902422765732724175, 1.148079151270926967 ) ) ;
#36 = VERTEX_POINT ( 'NONE', #460 ) ;
#37 = ORIENTED_EDGE ( 'NONE', *, *, #2023, .F. ) ;
#38 = CARTESIAN_POINT ( 'NONE',  ( 1.672232530810632722, -3.437569951990794515, 2.748079151270929721 ) ) ;
#39 = CARTESIAN_POINT ( 'NONE',  ( 0.5082325308106209194, -6.902422765732716847, 1.540079151271725344 ) ) ;
#40 = CARTESIAN_POINT ( 'NONE',  ( 1.714689371105520665, -3.462422765732744878, 1.878079151269813618 ) ) ;
#41 = EDGE_LOOP ( 'NONE', ( #623, #149, #2211, #1361, #484, #346, #2297, #2446, #188, #384, #1559, #1842 ) ) ;
#42 = AXIS2_PLACEMENT_3D ( 'NONE', #329, #946, #2285 ) ;
#43 = AXIS2_PLACEMENT_3D ( 'NONE', #982, #1545, #763 ) ;
#44 = EDGE_CURVE ( 'NONE', #268, #1349, #468, .T. ) ;
#45 = CARTESIAN_POINT ( 'NONE',  ( 1.532232530810180515, -2.762422765732723828, 1.540079151270104862 ) ) ;
#46 = ORIENTED_EDGE ( 'NONE', *, *, #1702, .F. ) ;
#47 = ORIENTED_EDGE ( 'NONE', *, *, #921, .T. ) ;
#48 = VECTOR ( 'NONE', #1845, 100.0000000000000000 ) ;
#49 = ADVANCED_FACE ( 'NONE', ( #2399 ), #2235, .F. ) ;
#50 = AXIS2_PLACEMENT_3D ( 'NONE', #1552, #1955, #1352 ) ;
#51 = CARTESIAN_POINT ( 'NONE',  ( 1.671880252728821459, -1.932012923418627626, 2.739922182508991444 ) ) ;
#52 = CARTESIAN_POINT ( 'NONE',  ( 1.648801073305557141, -1.902422765732724175, 2.804647693765853322 ) ) ;
#53 = LINE ( 'NONE', #1232, #2424 ) ;
#54 = CARTESIAN_POINT ( 'NONE',  ( 1.532232530810276216, -3.155901754805471526, 1.600079151270104916 ) ) ;
#55 = ORIENTED_EDGE ( 'NONE', *, *, #2389, .T. ) ;
#56 = DIRECTION ( 'NONE',  ( -1.000000000000000000, 1.959217102279369698E-16, 1.603068372491023297E-12 ) ) ;
#57 = ORIENTED_EDGE ( 'NONE', *, *, #1543, .F. ) ;
#58 = ORIENTED_EDGE ( 'NONE', *, *, #2398, .T. ) ;
#59 = EDGE_CURVE ( 'NONE', #2336, #1712, #722, .T. ) ;
#60 = EDGE_CURVE ( 'NONE', #1574, #223, #863, .T. ) ;
#61 = CARTESIAN_POINT ( 'NONE',  ( 1.659927988319439773, -1.903879864096159835, 2.704826971422108706 ) ) ;
#62 = EDGE_CURVE ( 'NONE', #894, #151, #294, .T. ) ;
#63 = CARTESIAN_POINT ( 'NONE',  ( 1.532232530811328264, -3.155901754805471526, 2.256079151270105942 ) ) ;
#64 = CARTESIAN_POINT ( 'NONE',  ( 1.644877574853892410, -6.962422765732716456, 1.172486256669080573 ) ) ;
#65 = DIRECTION ( 'NONE',  ( -2.220446049250000248E-16, -1.000000000000000000, 3.559966653165916295E-28 ) ) ;
#66 = ORIENTED_EDGE ( 'NONE', *, *, #403, .T. ) ;
#67 = MANIFOLD_SOLID_BREP ( 'Cut-Extrude16', #432 ) ;
#68 = DIRECTION ( 'NONE',  ( 1.603068372491023297E-12, 3.995004817365800739E-31, 1.000000000000000000 ) ) ;
#69 = EDGE_LOOP ( 'NONE', ( #1436, #205, #869, #1131 ) ) ;
#70 = LINE ( 'NONE', #1407, #393 ) ;
#71 = LINE ( 'NONE', #437, #1972 ) ;
#72 = EDGE_CURVE ( 'NONE', #1316, #597, #2031, .T. ) ;
#73 = LINE ( 'NONE', #2181, #324 ) ;
#74 = CARTESIAN_POINT ( 'NONE',  ( 0.6082325308107110473, -4.962422765732724450, 1.874079151271586641 ) ) ;
#75 = ORIENTED_EDGE ( 'NONE', *, *, #934, .T. ) ;
#76 = DIRECTION ( 'NONE',  ( 1.000000000000000000, 0.000000000000000000, -1.603068372491023297E-12 ) ) ;
#77 = ORIENTED_EDGE ( 'NONE', *, *, #2029, .F. ) ;
#78 = VECTOR ( 'NONE', #1072, 100.0000000000000000 ) ;
#79 = ORIENTED_EDGE ( 'NONE', *, *, #2352, .T. ) ;
#80 = AXIS2_PLACEMENT_3D ( 'NONE', #187, #30, #2136 ) ;
#81 = VECTOR ( 'NONE', #1299, 100.0000000000000000 ) ;
#82 = LINE ( 'NONE', #1409, #1329 ) ;
#83 = AXIS2_PLACEMENT_3D ( 'NONE', #2315, #1539, #1322 ) ;
#84 = CARTESIAN_POINT ( 'NONE',  ( 1.714689371105520665, -3.155901754805471526, 1.878079151269813618 ) ) ;
#85 =( NAMED_UNIT ( * ) SI_UNIT ( $, .STERADIAN. ) SOLID_ANGLE_UNIT ( ) );
#86 = VECTOR ( 'NONE', #328, 100.0000000000000000 ) ;
#87 = CARTESIAN_POINT ( 'NONE',  ( 1.532232530810978099, -6.562422765732716101, 2.304369482156566118 ) ) ;
#88 = ORIENTED_EDGE ( 'NONE', *, *, #625, .T. ) ;
#89 = EDGE_CURVE ( 'NONE', #401, #2015, #2016, .T. ) ;
#90 = CARTESIAN_POINT ( 'NONE',  ( 0.5082325308113241347, -1.902422765732724175, 2.256079151271747740 ) ) ;
#91 = ORIENTED_EDGE ( 'NONE', *, *, #2190, .T. ) ;
#92 = EDGE_CURVE ( 'NONE', #1241, #571, #910, .T. ) ;
#93 = DIRECTION ( 'NONE',  ( -1.000000000000000000, 1.959217102279369698E-16, 1.609882366304660195E-12 ) ) ;
#94 = DIRECTION ( 'NONE',  ( 0.9904444530330247520, 0.000000000000000000, -0.1379122382390791657 ) ) ;
#95 = ORIENTED_EDGE ( 'NONE', *, *, #1211, .F. ) ;
#96 = DIRECTION ( 'NONE',  ( 0.000000000000000000, 1.959217102279369698E-16, -1.000000000000000000 ) ) ;
#97 = DIRECTION ( 'NONE',  ( 1.000000000000000000, 0.000000000000000000, 0.000000000000000000 ) ) ;
#98 = EDGE_LOOP ( 'NONE', ( #2409, #1662, #143, #826, #2126, #2055, #1165, #933, #1320, #267 ) ) ;
#99 = LINE ( 'NONE', #495, #1056 ) ;
#100 = EDGE_LOOP ( 'NONE', ( #1035, #1605, #1846, #2098, #2191, #1524, #680, #2246 ) ) ;
#101 = EDGE_CURVE ( 'NONE', #1269, #970, #2205, .T. ) ;
#102 = ADVANCED_FACE ( 'NONE', ( #1464 ), #2425, .T. ) ;
#103 = DIRECTION ( 'NONE',  ( 9.619273283052130854E-31, -1.000000000000000000, -1.959217102279369698E-16 ) ) ;
#104 = ORIENTED_EDGE ( 'NONE', *, *, #1721, .T. ) ;
#105 = LINE ( 'NONE', #875, #1798 ) ;
#106 = DIRECTION ( 'NONE',  ( 9.695610183446518458E-17, 1.000000000000000000, 8.396644724052709240E-17 ) ) ;
#107 = LINE ( 'NONE', #670, #241 ) ;
#108 = EDGE_LOOP ( 'NONE', ( #2450, #2184, #57, #1363, #568, #91, #465, #1115 ) ) ;
#109 = LINE ( 'NONE', #1679, #206 ) ;
#110 = LINE ( 'NONE', #880, #1650 ) ;
#111 = LINE ( 'NONE', #994, #2344 ) ;
#112 = VERTEX_POINT ( 'NONE', #2044 ) ;
#113 = DIRECTION ( 'NONE',  ( -0.7071067811865507924, 0.000000000000000000, 0.7071067811865442421 ) ) ;
#114 = ADVANCED_FACE ( 'NONE', ( #702 ), #899, .T. ) ;
#115 = ORIENTED_EDGE ( 'NONE', *, *, #665, .T. ) ;
#116 = FACE_BOUND ( 'NONE', #966, .T. ) ;
#117 = AXIS2_PLACEMENT_3D ( 'NONE', #1817, #634, #96 ) ;
#118 = LINE ( 'NONE', #902, #1008 ) ;
#119 = ADVANCED_FACE ( 'NONE', ( #1815 ), #914, .T. ) ;
#120 = DIRECTION ( 'NONE',  ( -1.000000000000000000, 1.959217102279369698E-16, 1.603068372491023297E-12 ) ) ;
#121 = VECTOR ( 'NONE', #1725, 100.0000000000000000 ) ;
#122 = ORIENTED_EDGE ( 'NONE', *, *, #509, .F. ) ;
#123 = DIRECTION ( 'NONE',  ( -2.775557561562990575E-17, 1.000000000000000000, 1.959217102279369698E-16 ) ) ;
#124 = AXIS2_PLACEMENT_3D ( 'NONE', #390, #759, #1726 ) ;
#125 = CARTESIAN_POINT ( 'NONE',  ( 0.4882325308113239504, -1.962422765732723118, 2.256079151271779715 ) ) ;
#126 = FACE_OUTER_BOUND ( 'NONE', #108, .T. ) ;
#127 = ORIENTED_EDGE ( 'NONE', *, *, #2212, .F. ) ;
#128 = CARTESIAN_POINT ( 'NONE',  ( 1.891233594219480452, -1.962422765732723784, 1.600079151269528488 ) ) ;
#129 = ORIENTED_EDGE ( 'NONE', *, *, #2201, .T. ) ;
#130 = EDGE_CURVE ( 'NONE', #794, #1534, #1109, .T. ) ;
#131 = CARTESIAN_POINT ( 'NONE',  ( 1.532232530809788607, -6.962422765732716456, 1.540079151271725344 ) ) ;
#132 = CARTESIAN_POINT ( 'NONE',  ( 1.532232530810978099, -6.962422765732716456, 2.304369482156566118 ) ) ;
#133 = ADVANCED_FACE ( 'NONE', ( #139 ), #1159, .T. ) ;
#134 = VERTEX_POINT ( 'NONE', #581 ) ;
#135 = FACE_BOUND ( 'NONE', #2069, .T. ) ;
#136 = DIRECTION ( 'NONE',  ( -1.000000000000000000, 2.150293412189867176E-43, 4.212891628081050476E-59 ) ) ;
#137 = DIRECTION ( 'NONE',  ( 0.9657800193864292115, -2.400898224708487901E-17, 0.2593625920481762992 ) ) ;
#138 = ORIENTED_EDGE ( 'NONE', *, *, #2475, .T. ) ;
#139 = FACE_OUTER_BOUND ( 'NONE', #100, .T. ) ;
#140 = ORIENTED_EDGE ( 'NONE', *, *, #1277, .T. ) ;
#141 = DIRECTION ( 'NONE',  ( 4.322097740253710386E-31, 1.000000000000000000, -3.165304382199309869E-29 ) ) ;
#142 = LINE ( 'NONE', #1466, #687 ) ;
#143 = ORIENTED_EDGE ( 'NONE', *, *, #1905, .F. ) ;
#144 = ADVANCED_FACE ( 'NONE', ( #981 ), #1311, .T. ) ;
#145 = CIRCLE ( 'NONE', #1209, 0.5500119999993033915 ) ;
#146 = DIRECTION ( 'NONE',  ( 0.000000000000000000, 0.000000000000000000, -1.000000000000000000 ) ) ;
#147 = LINE ( 'NONE', #1660, #2101 ) ;
#148 = FACE_OUTER_BOUND ( 'NONE', #1788, .T. ) ;
#149 = ORIENTED_EDGE ( 'NONE', *, *, #101, .F. ) ;
#150 = CARTESIAN_POINT ( 'NONE',  ( 1.774400337871679945, -3.155901754805471526, 1.972196936733684680 ) ) ;
#151 = VERTEX_POINT ( 'NONE', #341 ) ;
#152 = CARTESIAN_POINT ( 'NONE',  ( 1.592219503763976363, -2.958422765732749316, 2.828079151270925795 ) ) ;
#153 = AXIS2_PLACEMENT_3D ( 'NONE', #2244, #1671, #2470 ) ;
#154 = AXIS2_PLACEMENT_3D ( 'NONE', #667, #1986, #270 ) ;
#155 = EDGE_LOOP ( 'NONE', ( #898, #752, #2426, #2123, #1686, #351 ) ) ;
#156 = VECTOR ( 'NONE', #913, 100.0000000000000000 ) ;
#157 = DIRECTION ( 'NONE',  ( -9.418033256210039724E-31, 1.000000000000000000, 1.959217102279369698E-16 ) ) ;
#158 = DIRECTION ( 'NONE',  ( -0.7071067811865507924, 0.000000000000000000, 0.7071067811865442421 ) ) ;
#159 = VECTOR ( 'NONE', #1551, 100.0000000000000000 ) ;
#160 = CYLINDRICAL_SURFACE ( 'NONE', #613, 0.06000000000000010186 ) ;
#161 = ADVANCED_FACE ( 'NONE', ( #2321 ), #1356, .T. ) ;
#162 = VERTEX_POINT ( 'NONE', #150 ) ;
#163 = AXIS2_PLACEMENT_3D ( 'NONE', #628, #2329, #1912 ) ;
#164 = EDGE_CURVE ( 'NONE', #2196, #457, #735, .T. ) ;
#165 = DIRECTION ( 'NONE',  ( -1.000000000000000000, 2.220446049250000495E-16, 0.000000000000000000 ) ) ;
#166 = PLANE ( 'NONE',  #243 ) ;
#167 = VERTEX_POINT ( 'NONE', #1302 ) ;
#168 = LINE ( 'NONE', #2020, #1614 ) ;
#169 = ORIENTED_EDGE ( 'NONE', *, *, #1953, .T. ) ;
#170 = DIRECTION ( 'NONE',  ( 1.000000000000000000, 0.000000000000000000, -1.603068372491023297E-12 ) ) ;
#171 = VERTEX_POINT ( 'NONE', #382 ) ;
#172 = CARTESIAN_POINT ( 'NONE',  ( 1.532232530810412330, -6.902422765732716847, 1.684079151270105656 ) ) ;
#173 = LINE ( 'NONE', #2421, #86 ) ;
#174 = CYLINDRICAL_SURFACE ( 'NONE', #682, 0.06000000000000010186 ) ;
#175 = ORIENTED_EDGE ( 'NONE', *, *, #626, .F. ) ;
#176 = FACE_OUTER_BOUND ( 'NONE', #277, .T. ) ;
#177 = DIRECTION ( 'NONE',  ( -0.9252307588678959638, 0.000000000000000000, 0.3794048534807341055 ) ) ;
#178 = ORIENTED_EDGE ( 'NONE', *, *, #2158, .F. ) ;
#179 = EDGE_CURVE ( 'NONE', #1316, #683, #790, .T. ) ;
#180 = EDGE_CURVE ( 'NONE', #2117, #401, #1557, .T. ) ;
#181 = DIRECTION ( 'NONE',  ( 0.000000000000000000, 0.000000000000000000, -1.000000000000000000 ) ) ;
#182 = VERTEX_POINT ( 'NONE', #1915 ) ;
#183 = CARTESIAN_POINT ( 'NONE',  ( 1.672232530810633611, -3.402422765732745269, 2.748079151270929277 ) ) ;
#184 = ORIENTED_EDGE ( 'NONE', *, *, #1502, .F. ) ;
#185 = CARTESIAN_POINT ( 'NONE',  ( 2.408157461874434357, -1.962422765732743990, 2.381453325884255623 ) ) ;
#186 = CARTESIAN_POINT ( 'NONE',  ( 1.532232530810412330, -6.902422765732716847, 1.684079151270105656 ) ) ;
#187 = CARTESIAN_POINT ( 'NONE',  ( 0.5082325308106209194, -6.562422765732716101, 1.540079151271725344 ) ) ;
#188 = ORIENTED_EDGE ( 'NONE', *, *, #2112, .F. ) ;
#189 = VECTOR ( 'NONE', #352, 100.0000000000000000 ) ;
#190 = CARTESIAN_POINT ( 'NONE',  ( 0.5082325308106212525, -2.712422765732724006, 1.818079151271747351 ) ) ;
#191 = DIRECTION ( 'NONE',  ( 1.603068372491023297E-12, 3.995004817365800739E-31, 1.000000000000000000 ) ) ;
#192 = VERTEX_POINT ( 'NONE', #748 ) ;
#193 = CARTESIAN_POINT ( 'NONE',  ( 1.675755963135170168, -1.930914259378685882, 1.218758464479019699 ) ) ;
#194 = ORIENTED_EDGE ( 'NONE', *, *, #833, .T. ) ;
#195 = LINE ( 'NONE', #586, #1674 ) ;
#196 = VERTEX_POINT ( 'NONE', #922 ) ;
#197 = CARTESIAN_POINT ( 'NONE',  ( 0.5082325308102719763, -2.477969723239863864, 1.600079151271745159 ) ) ;
#198 = EDGE_CURVE ( 'NONE', #683, #493, #2124, .T. ) ;
#199 = EDGE_CURVE ( 'NONE', #2175, #1498, #1512, .T. ) ;
#200 = AXIS2_PLACEMENT_3D ( 'NONE', #356, #1894, #170 ) ;
#201 = LINE ( 'NONE', #1754, #2180 ) ;
#202 = DIRECTION ( 'NONE',  ( 1.000000000000000000, 3.165304382199309869E-29, -1.603068372491023297E-12 ) ) ;
#203 = CARTESIAN_POINT ( 'NONE',  ( 1.891233594218560965, -2.114102935481797729, 2.316079151269530456 ) ) ;
#204 = VECTOR ( 'NONE', #629, 100.0000000000000000 ) ;
#205 = ORIENTED_EDGE ( 'NONE', *, *, #1096, .T. ) ;
#206 = VECTOR ( 'NONE', #313, 100.0000000000000000 ) ;
#207 = CARTESIAN_POINT ( 'NONE',  ( 1.532232530810180515, -1.962422765732723784, 1.540079151270104862 ) ) ;
#208 = CARTESIAN_POINT ( 'NONE',  ( 0.9930319921953968398, -1.902422765732744381, 2.961746908144083257 ) ) ;
#209 = ORIENTED_EDGE ( 'NONE', *, *, #789, .F. ) ;
#210 = VECTOR ( 'NONE', #1175, 100.0000000000000000 ) ;
#211 = DIRECTION ( 'NONE',  ( 3.995004817367950856E-31, 1.000000000000000000, -3.165304382199309869E-29 ) ) ;
#212 = EDGE_LOOP ( 'NONE', ( #312, #332, #1009, #1981 ) ) ;
#213 = VECTOR ( 'NONE', #1540, 100.0000000000000000 ) ;
#214 = DIRECTION ( 'NONE',  ( -2.775557561562990575E-17, 1.000000000000000000, 1.959217102279369698E-16 ) ) ;
#215 = EDGE_CURVE ( 'NONE', #1574, #1347, #562, .T. ) ;
#216 = EDGE_CURVE ( 'NONE', #1880, #1984, #2369, .T. ) ;
#217 = LINE ( 'NONE', #2283, #485 ) ;
#218 = LINE ( 'NONE', #1755, #2353 ) ;
#219 = DIRECTION ( 'NONE',  ( 1.000000000000000000, 0.000000000000000000, 0.000000000000000000 ) ) ;
#220 = EDGE_LOOP ( 'NONE', ( #2343, #2224, #359, #2491 ) ) ;
#221 = ORIENTED_EDGE ( 'NONE', *, *, #1028, .T. ) ;
#222 = CARTESIAN_POINT ( 'NONE',  ( 1.672232530810636275, -1.946093633452376404, 1.210871791339553250 ) ) ;
#223 = VERTEX_POINT ( 'NONE', #1888 ) ;
#224 = CARTESIAN_POINT ( 'NONE',  ( 0.4482325308106336337, -6.962422765732716456, 2.748079151270929277 ) ) ;
#225 = ORIENTED_EDGE ( 'NONE', *, *, #1682, .F. ) ;
#226 = DIRECTION ( 'NONE',  ( 2.775557561594398332E-17, -1.000000000000000000, -4.409458494846627088E-29 ) ) ;
#227 = CYLINDRICAL_SURFACE ( 'NONE', #852, 0.07999999999999998779 ) ;
#228 = CARTESIAN_POINT ( 'NONE',  ( 0.5082325308095926308, -1.902422765732724175, 1.176079151271745227 ) ) ;
#229 = CARTESIAN_POINT ( 'NONE',  ( 1.432232530811429871, -1.902422765732724175, 2.316079151270266312 ) ) ;
#230 = ORIENTED_EDGE ( 'NONE', *, *, #1475, .F. ) ;
#231 = EDGE_CURVE ( 'NONE', #429, #1961, #7, .T. ) ;
#232 = MECHANICAL_DESIGN_GEOMETRIC_PRESENTATION_REPRESENTATION (  '', ( #605 ), #1364 ) ;
#233 = FACE_OUTER_BOUND ( 'NONE', #1474, .T. ) ;
#234 = ORIENTED_EDGE ( 'NONE', *, *, #1657, .F. ) ;
#235 = LINE ( 'NONE', #1634, #2004 ) ;
#236 = ORIENTED_EDGE ( 'NONE', *, *, #1319, .T. ) ;
#237 = PRODUCT_CONTEXT ( 'NONE', #2167, 'mechanical' ) ;
#238 = DIRECTION ( 'NONE',  ( 1.248002500703360767E-16, 0.000000000000000000, -1.000000000000000000 ) ) ;
#239 = ORIENTED_EDGE ( 'NONE', *, *, #1264, .F. ) ;
#240 = ADVANCED_FACE ( 'NONE', ( #176 ), #778, .F. ) ;
#241 = VECTOR ( 'NONE', #287, 100.0000000000000142 ) ;
#242 = ORIENTED_EDGE ( 'NONE', *, *, #2248, .T. ) ;
#243 = AXIS2_PLACEMENT_3D ( 'NONE', #1903, #1932, #177 ) ;
#244 = EDGE_CURVE ( 'NONE', #1192, #550, #145, .T. ) ;
#245 = EDGE_CURVE ( 'NONE', #937, #1936, #2472, .T. ) ;
#246 = ORIENTED_EDGE ( 'NONE', *, *, #2264, .T. ) ;
#247 = LINE ( 'NONE', #1994, #1716 ) ;
#248 = CIRCLE ( 'NONE', #2350, 0.4900119999993034492 ) ;
#249 = AXIS2_PLACEMENT_3D ( 'NONE', #1308, #2076, #158 ) ;
#250 = FACE_OUTER_BOUND ( 'NONE', #1900, .T. ) ;
#251 = LINE ( 'NONE', #1988, #1491 ) ;
#252 = CARTESIAN_POINT ( 'NONE',  ( 0.5582325308107115580, -3.462422765732724006, 1.874079151271666799 ) ) ;
#253 = ORIENTED_EDGE ( 'NONE', *, *, #2298, .T. ) ;
#254 = DIRECTION ( 'NONE',  ( 0.6546536707079828599, 0.000000000000000000, -0.7559289460184493992 ) ) ;
#255 = EDGE_LOOP ( 'NONE', ( #436, #2356, #561, #1188 ) ) ;
#256 = ORIENTED_EDGE ( 'NONE', *, *, #2445, .T. ) ;
#257 = VERTEX_POINT ( 'NONE', #1747 ) ;
#258 = EDGE_CURVE ( 'NONE', #939, #815, #21, .T. ) ;
#259 = EDGE_CURVE ( 'NONE', #1946, #1869, #2461, .T. ) ;
#260 = PLANE ( 'NONE',  #1575 ) ;
#261 = ORIENTED_EDGE ( 'NONE', *, *, #179, .T. ) ;
#262 = CARTESIAN_POINT ( 'NONE',  ( 1.891233594218464598, -2.114102935481797729, 2.256079151269530847 ) ) ;
#263 = LINE ( 'NONE', #464, #1803 ) ;
#264 = EDGE_LOOP ( 'NONE', ( #1027, #1004, #225, #1331 ) ) ;
#265 = DIRECTION ( 'NONE',  ( -1.603068372491023297E-12, -3.995004817365800739E-31, -1.000000000000000000 ) ) ;
#266 = CARTESIAN_POINT ( 'NONE',  ( 1.020232530811453264, -2.762422765732723828, 2.338079151270926470 ) ) ;
#267 = ORIENTED_EDGE ( 'NONE', *, *, #60, .F. ) ;
#268 = VERTEX_POINT ( 'NONE', #2410 ) ;
#269 = ADVANCED_FACE ( 'NONE', ( #116, #1281, #343 ), #2402, .T. ) ;
#270 = DIRECTION ( 'NONE',  ( 0.6546536707079828599, 0.000000000000000000, -0.7559289460184493992 ) ) ;
#271 = CARTESIAN_POINT ( 'NONE',  ( 0.5082325308106209194, -6.962422765732716456, 1.818079151271586813 ) ) ;
#272 = EDGE_CURVE ( 'NONE', #134, #2229, #1440, .T. ) ;
#273 = PLANE ( 'NONE',  #369 ) ;
#274 = LINE ( 'NONE', #87, #2092 ) ;
#275 = VERTEX_POINT ( 'NONE', #500 ) ;
#276 = CARTESIAN_POINT ( 'NONE',  ( 1.672232530810633611, -1.962422765732723784, 2.748079151270929277 ) ) ;
#277 = EDGE_LOOP ( 'NONE', ( #115, #734, #2309, #1826, #564, #1517 ) ) ;
#278 = VECTOR ( 'NONE', #1445, 100.0000000000000000 ) ;
#279 = PLANE ( 'NONE',  #449 ) ;
#280 = CARTESIAN_POINT ( 'NONE',  ( 0.5082325308095926308, -1.902422765732724175, 1.176079151271745227 ) ) ;
#281 = CIRCLE ( 'NONE', #974, 0.1000000000000000056 ) ;
#282 = EDGE_LOOP ( 'NONE', ( #11, #654, #1863, #1746 ) ) ;
#283 = VECTOR ( 'NONE', #988, 100.0000000000000000 ) ;
#284 = CARTESIAN_POINT ( 'NONE',  ( 2.222244530810633112, -1.902422765732743937, 2.378091151269184245 ) ) ;
#285 = AXIS2_PLACEMENT_3D ( 'NONE', #2469, #1126, #1882 ) ;
#286 = CARTESIAN_POINT ( 'NONE',  ( 1.532232530811333371, -1.962422765732723784, 2.256079151270105942 ) ) ;
#287 = DIRECTION ( 'NONE',  ( -0.9252307588678959638, -1.000139600523897925E-16, 0.3794048534807341611 ) ) ;
#288 = VERTEX_POINT ( 'NONE', #131 ) ;
#289 = EDGE_CURVE ( 'NONE', #638, #151, #105, .T. ) ;
#290 = ADVANCED_FACE ( 'NONE', ( #1866 ), #2061, .T. ) ;
#291 = CYLINDRICAL_SURFACE ( 'NONE', #1893, 0.1000000000000000056 ) ;
#292 = LINE ( 'NONE', #1449, #1045 ) ;
#293 = VERTEX_POINT ( 'NONE', #1843 ) ;
#294 = LINE ( 'NONE', #1488, #2441 ) ;
#295 = VERTEX_POINT ( 'NONE', #539 ) ;
#296 = DIRECTION ( 'NONE',  ( -1.000000000000000000, 1.959217102279369698E-16, 1.602852795204688366E-12 ) ) ;
#297 = DIRECTION ( 'NONE',  ( -0.9657800193864291005, 2.400898224708487593E-17, -0.2593625920481762992 ) ) ;
#298 = LINE ( 'NONE', #1071, #1776 ) ;
#299 = CYLINDRICAL_SURFACE ( 'NONE', #2050, 0.05999999999999998390 ) ;
#300 = VERTEX_POINT ( 'NONE', #1258 ) ;
#301 = DIRECTION ( 'NONE',  ( 6.813993813636900633E-15, 4.440892098500310124E-16, -1.000000000000000000 ) ) ;
#302 = CARTESIAN_POINT ( 'NONE',  ( 1.672232530811553319, -3.462422765732744878, 1.719636621516662522 ) ) ;
#303 = CARTESIAN_POINT ( 'NONE',  ( 2.222244530810633112, -3.462422765732744878, 1.928079151269880942 ) ) ;
#304 = EDGE_CURVE ( 'NONE', #2435, #1134, #1827, .T. ) ;
#305 = ORIENTED_EDGE ( 'NONE', *, *, #272, .F. ) ;
#306 = EDGE_CURVE ( 'NONE', #597, #300, #889, .T. ) ;
#307 = ORIENTED_EDGE ( 'NONE', *, *, #608, .T. ) ;
#308 = DIRECTION ( 'NONE',  ( 1.603068372491023297E-12, -9.355088397137501139E-31, 1.000000000000000000 ) ) ;
#309 = DIRECTION ( 'NONE',  ( -0.7071067811865507924, 0.000000000000000000, 0.7071067811865442421 ) ) ;
#310 = AXIS2_PLACEMENT_3D ( 'NONE', #317, #1663, #2436 ) ;
#311 = CARTESIAN_POINT ( 'NONE',  ( 1.532232530810978099, -6.902422765732716847, 2.304369482156566118 ) ) ;
#312 = ORIENTED_EDGE ( 'NONE', *, *, #1668, .F. ) ;
#313 = DIRECTION ( 'NONE',  ( -2.775557561562990575E-17, 1.000000000000000000, 1.959217102279369698E-16 ) ) ;
#314 = DIRECTION ( 'NONE',  ( -1.602749865885598077E-12, -3.995004817365700896E-31, -1.000000000000000000 ) ) ;
#315 = ORIENTED_EDGE ( 'NONE', *, *, #1397, .T. ) ;
#316 = EDGE_CURVE ( 'NONE', #970, #712, #1111, .T. ) ;
#317 = CARTESIAN_POINT ( 'NONE',  ( 1.432232530810724880, -4.962422765732724450, 1.878079151270265923 ) ) ;
#318 = EDGE_CURVE ( 'NONE', #167, #423, #2427, .T. ) ;
#319 = ORIENTED_EDGE ( 'NONE', *, *, #635, .F. ) ;
#320 = VECTOR ( 'NONE', #1692, 100.0000000000000000 ) ;
#321 = CARTESIAN_POINT ( 'NONE',  ( 1.592232530810633762, -1.902422765732724175, 2.748079151270929277 ) ) ;
#322 = VECTOR ( 'NONE', #226, 100.0000000000000000 ) ;
#323 = DIRECTION ( 'NONE',  ( -1.000000000000000000, 2.220446049250000495E-16, 1.603068372491023499E-12 ) ) ;
#324 = VECTOR ( 'NONE', #452, 100.0000000000000000 ) ;
#325 = EDGE_LOOP ( 'NONE', ( #953, #2017, #1933, #1343 ) ) ;
#326 = CARTESIAN_POINT ( 'NONE',  ( 1.891233594219384306, -3.462422765732744878, 1.540079151269528435 ) ) ;
#327 = AXIS2_PLACEMENT_3D ( 'NONE', #1603, #1223, #254 ) ;
#328 = DIRECTION ( 'NONE',  ( -3.165304382199374329E-29, 1.000000000000000000, -3.995004816858373925E-31 ) ) ;
#329 = CARTESIAN_POINT ( 'NONE',  ( 0.4610528538381948316, -1.902422765732724175, 1.248079151270918841 ) ) ;
#330 = ORIENTED_EDGE ( 'NONE', *, *, #1613, .F. ) ;
#331 = DIRECTION ( 'NONE',  ( -7.262736058753232183E-48, -1.964077167824584437E-16, 1.000000000000000000 ) ) ;
#332 = ORIENTED_EDGE ( 'NONE', *, *, #1625, .F. ) ;
#333 = CARTESIAN_POINT ( 'NONE',  ( 0.5082325308106210304, -6.962422765732716456, 1.540079151271725344 ) ) ;
#334 = CARTESIAN_POINT ( 'NONE',  ( 0.4242325308101748127, -2.802422733546216183, 1.540079151271880331 ) ) ;
#335 = EDGE_CURVE ( 'NONE', #1965, #2175, #2018, .T. ) ;
#336 = VERTEX_POINT ( 'NONE', #1069 ) ;
#337 = CARTESIAN_POINT ( 'NONE',  ( 1.714689371105520665, -2.114102935481797729, 1.878079151269813840 ) ) ;
#338 = CARTESIAN_POINT ( 'NONE',  ( 0.5082325308108837092, -6.902422765732716847, 1.982079151271747053 ) ) ;
#339 = FACE_OUTER_BOUND ( 'NONE', #455, .T. ) ;
#340 = ORIENTED_EDGE ( 'NONE', *, *, #2094, .T. ) ;
#341 = CARTESIAN_POINT ( 'NONE',  ( 0.5202325308102723200, -2.802422733546216183, 1.600079151271729838 ) ) ;
#342 = ORIENTED_EDGE ( 'NONE', *, *, #803, .F. ) ;
#343 = FACE_OUTER_BOUND ( 'NONE', #41, .T. ) ;
#344 = CARTESIAN_POINT ( 'NONE',  ( 1.432232530811488713, -2.762422765732723828, 2.360079151270266351 ) ) ;
#345 = EDGE_CURVE ( 'NONE', #1333, #2489, #1837, .T. ) ;
#346 = ORIENTED_EDGE ( 'NONE', *, *, #2398, .F. ) ;
#347 = EDGE_CURVE ( 'NONE', #2336, #2395, #2251, .T. ) ;
#348 = DIRECTION ( 'NONE',  ( -2.664197261583342625E-16, -1.000000000000000000, 0.000000000000000000 ) ) ;
#349 = DIRECTION ( 'NONE',  ( -1.602749865885598077E-12, -4.619028405903900566E-31, -1.000000000000000000 ) ) ;
#350 = LINE ( 'NONE', #1510, #479 ) ;
#351 = ORIENTED_EDGE ( 'NONE', *, *, #245, .T. ) ;
#352 = DIRECTION ( 'NONE',  ( -1.000000000000000000, 3.995004817365800739E-31, -6.813993813636900633E-15 ) ) ;
#353 = CYLINDRICAL_SURFACE ( 'NONE', #1805, 0.06000000000000015737 ) ;
#354 = VERTEX_POINT ( 'NONE', #333 ) ;
#355 = ORIENTED_EDGE ( 'NONE', *, *, #2190, .F. ) ;
#356 = CARTESIAN_POINT ( 'NONE',  ( 1.652232530810276989, -1.962422765732723784, 1.600079151269911515 ) ) ;
#357 = ORIENTED_EDGE ( 'NONE', *, *, #675, .T. ) ;
#358 = CIRCLE ( 'NONE', #1847, 0.05999999999999998390 ) ;
#359 = ORIENTED_EDGE ( 'NONE', *, *, #1783, .T. ) ;
#360 = AXIS2_PLACEMENT_3D ( 'NONE', #2488, #1530, #2308 ) ;
#361 = CARTESIAN_POINT ( 'NONE',  ( 1.020232530810631699, -1.902422765732744381, 2.828079151270930236 ) ) ;
#362 = CARTESIAN_POINT ( 'NONE',  ( 1.672232530812413076, -3.155901754805471526, 2.256079151269881677 ) ) ;
#363 = VECTOR ( 'NONE', #1858, 100.0000000000000000 ) ;
#364 = DIRECTION ( 'NONE',  ( 2.775557561594398332E-17, -1.000000000000000000, -4.409458494846627088E-29 ) ) ;
#365 = ORIENTED_EDGE ( 'NONE', *, *, #259, .T. ) ;
#366 = ADVANCED_FACE ( 'NONE', ( #2070 ), #912, .T. ) ;
#367 = AXIS2_PLACEMENT_3D ( 'NONE', #1799, #265, #76 ) ;
#368 = CARTESIAN_POINT ( 'NONE',  ( 0.6082325308107180417, -1.962422765732723118, 1.878079151271586866 ) ) ;
#369 = AXIS2_PLACEMENT_3D ( 'NONE', #1630, #2182, #2011 ) ;
#370 = CARTESIAN_POINT ( 'NONE',  ( 1.532232530810180515, -1.962422765732723784, 1.540079151270104862 ) ) ;
#371 = EDGE_LOOP ( 'NONE', ( #2209, #2225, #1158, #25, #929, #2286, #754, #1622, #1791, #373, #2169, #2418, #516, #1749, #1734, #422, #1823, #1210, #1950, #2323 ) ) ;
#372 = DIRECTION ( 'NONE',  ( -4.156940164997434983E-31, -1.000000000000000000, 3.163652806446749848E-29 ) ) ;
#373 = ORIENTED_EDGE ( 'NONE', *, *, #180, .T. ) ;
#374 = LINE ( 'NONE', #1152, #2247 ) ;
#375 = CARTESIAN_POINT ( 'NONE',  ( 1.532232530811579840, -2.762422765732723828, 2.409079151270106411 ) ) ;
#376 = VERTEX_POINT ( 'NONE', #2118 ) ;
#377 = LINE ( 'NONE', #1195, #2261 ) ;
#378 = DIRECTION ( 'NONE',  ( 0.7071067811865432429, 0.000000000000000000, 0.7071067811865519026 ) ) ;
#379 = DIRECTION ( 'NONE',  ( -2.775557561562990575E-17, 1.000000000000000000, 1.959217102279369698E-16 ) ) ;
#380 = VERTEX_POINT ( 'NONE', #183 ) ;
#381 = EDGE_CURVE ( 'NONE', #597, #182, #641, .T. ) ;
#382 = CARTESIAN_POINT ( 'NONE',  ( 0.4482455578572871469, -1.902422765732744381, 2.828079151270930236 ) ) ;
#383 = FACE_OUTER_BOUND ( 'NONE', #993, .T. ) ;
#384 = ORIENTED_EDGE ( 'NONE', *, *, #2372, .F. ) ;
#385 = EDGE_CURVE ( 'NONE', #1917, #1583, #1535, .T. ) ;
#386 = DIRECTION ( 'NONE',  ( -9.796085511398459494E-17, 1.000000000000000000, 9.796085511395178326E-17 ) ) ;
#387 = ORIENTED_EDGE ( 'NONE', *, *, #652, .F. ) ;
#388 = DIRECTION ( 'NONE',  ( 2.220446049250000248E-16, 1.000000000000000000, -3.559259889859385242E-28 ) ) ;
#389 = CARTESIAN_POINT ( 'NONE',  ( 0.6082325308114203688, -1.902422765732724175, 2.316079151271587033 ) ) ;
#390 = CARTESIAN_POINT ( 'NONE',  ( 1.579412207783093658, -1.902422765732724175, 1.248079151270926612 ) ) ;
#391 = FACE_OUTER_BOUND ( 'NONE', #713, .T. ) ;
#392 = VERTEX_POINT ( 'NONE', #1949 ) ;
#393 = VECTOR ( 'NONE', #2176, 100.0000000000000000 ) ;
#394 = AXIS2_PLACEMENT_3D ( 'NONE', #1455, #691, #678 ) ;
#395 = CARTESIAN_POINT ( 'NONE',  ( 0.6082325308108845752, -1.962422765732723118, 1.982079151271586737 ) ) ;
#396 = CARTESIAN_POINT ( 'NONE',  ( 1.891233594219480452, -3.155901754805471526, 1.600079151269529376 ) ) ;
#397 = ORIENTED_EDGE ( 'NONE', *, *, #675, .F. ) ;
#398 = CARTESIAN_POINT ( 'NONE',  ( 1.592232530810633762, -1.962422765732721786, 2.828079151270928904 ) ) ;
#399 = ORIENTED_EDGE ( 'NONE', *, *, #2063, .T. ) ;
#400 = FACE_OUTER_BOUND ( 'NONE', #220, .T. ) ;
#401 = VERTEX_POINT ( 'NONE', #969 ) ;
#402 = EDGE_CURVE ( 'NONE', #2001, #1528, #802, .T. ) ;
#403 = EDGE_CURVE ( 'NONE', #1017, #1965, #374, .T. ) ;
#404 = AXIS2_PLACEMENT_3D ( 'NONE', #775, #2317, #428 ) ;
#405 = DIRECTION ( 'NONE',  ( -1.602749865885598077E-12, -3.995004817365700896E-31, -1.000000000000000000 ) ) ;
#406 = LINE ( 'NONE', #1745, #12 ) ;
#407 = LINE ( 'NONE', #990, #2214 ) ;
#408 = VECTOR ( 'NONE', #1456, 100.0000000000000000 ) ;
#409 = ORIENTED_EDGE ( 'NONE', *, *, #1523, .T. ) ;
#410 = AXIS2_PLACEMENT_3D ( 'NONE', #544, #1870, #146 ) ;
#411 = ORIENTED_EDGE ( 'NONE', *, *, #1469, .F. ) ;
#412 = CIRCLE ( 'NONE', #727, 0.05999999999999998390 ) ;
#413 = DIRECTION ( 'NONE',  ( 9.355088397137460852E-31, -1.000000000000000000, -1.959217102279369945E-16 ) ) ;
#414 = VECTOR ( 'NONE', #1496, 100.0000000000000000 ) ;
#415 = ORIENTED_EDGE ( 'NONE', *, *, #2494, .T. ) ;
#416 = ADVANCED_FACE ( 'NONE', ( #1315 ), #2492, .T. ) ;
#417 = LINE ( 'NONE', #797, #728 ) ;
#418 = LINE ( 'NONE', #1710, #1741 ) ;
#419 = DIRECTION ( 'NONE',  ( -1.959217102279369698E-16, -1.000000000000000000, 3.144753976324933694E-28 ) ) ;
#420 = ORIENTED_EDGE ( 'NONE', *, *, #1238, .T. ) ;
#421 = CARTESIAN_POINT ( 'NONE',  ( 0.5082325308097850325, -1.962422765732723118, 1.296079151271745555 ) ) ;
#422 = ORIENTED_EDGE ( 'NONE', *, *, #2299, .T. ) ;
#423 = VERTEX_POINT ( 'NONE', #610 ) ;
#424 = DIRECTION ( 'NONE',  ( -2.150293412189867176E-43, -1.000000000000000000, 3.165304382199310430E-29 ) ) ;
#425 = EDGE_CURVE ( 'NONE', #1052, #1574, #1908, .T. ) ;
#426 = CARTESIAN_POINT ( 'NONE',  ( 1.714689371105507121, -2.114102935481797729, 1.978079151269813263 ) ) ;
#427 = DIRECTION ( 'NONE',  ( 0.000000000000000000, -1.000000000000000000, -1.959217102279369945E-16 ) ) ;
#428 = DIRECTION ( 'NONE',  ( 0.000000000000000000, 0.000000000000000000, 1.000000000000000000 ) ) ;
#429 = VERTEX_POINT ( 'NONE', #2278 ) ;
#430 = EDGE_CURVE ( 'NONE', #1022, #1052, #195, .T. ) ;
#431 = EDGE_CURVE ( 'NONE', #1917, #1984, #1191, .T. ) ;
#432 = CLOSED_SHELL ( 'NONE', ( #664, #2231, #2281, #2027, #2335, #366, #2245, #1555, #442, #555, #1636, #1441, #1265, #269, #1743, #33, #956, #1402, #987, #49, #1389, #521, #1768, #1924, #1958, #133, #2109, #144, #32, #1901, #1595, #161, #2448, #507, #720, #102, #416, #1985, #2170, #1886, #1178, #114, #1344, #1473, #1002, #470, #1305, #2481, #290, #891, #738, #2265, #591, #2157, #240, #1342, #443, #1457, #1321, #473, #458, #830, #695, #554, #1376, #1355, #119, #573, #905, #861, #579 ) ) ;
#433 = VECTOR ( 'NONE', #296, 100.0000000000000000 ) ;
#434 = CARTESIAN_POINT ( 'NONE',  ( 1.672232530810837448, -3.462422765732744878, 1.272997740101850628 ) ) ;
#435 = ORIENTED_EDGE ( 'NONE', *, *, #690, .F. ) ;
#436 = ORIENTED_EDGE ( 'NONE', *, *, #2296, .T. ) ;
#437 = CARTESIAN_POINT ( 'NONE',  ( 1.532232530810978099, -6.962422765732716456, 2.038079151270265843 ) ) ;
#438 = CARTESIAN_POINT ( 'NONE',  ( 2.364897068788139656, -1.962422765732743546, 1.396888551247447374 ) ) ;
#439 = ORIENTED_EDGE ( 'NONE', *, *, #821, .F. ) ;
#440 = DIRECTION ( 'NONE',  ( -0.9252307588678959638, -7.451804100833414653E-17, 0.3794048534807341611 ) ) ;
#441 = AXIS2_PLACEMENT_3D ( 'NONE', #658, #1214, #1019 ) ;
#442 = ADVANCED_FACE ( 'NONE', ( #1166 ), #1518, .F. ) ;
#443 = ADVANCED_FACE ( 'NONE', ( #2326 ), #1921, .T. ) ;
#444 =( GEOMETRIC_REPRESENTATION_CONTEXT ( 3 ) GLOBAL_UNCERTAINTY_ASSIGNED_CONTEXT ( ( #1639 ) ) GLOBAL_UNIT_ASSIGNED_CONTEXT ( ( #1033, #1609, #85 ) ) REPRESENTATION_CONTEXT ( 'NONE', 'WORKASPACE' ) );
#445 = AXIS2_PLACEMENT_3D ( 'NONE', #2024, #157, #2232 ) ;
#446 = PLANE ( 'NONE',  #1939 ) ;
#447 = VERTEX_POINT ( 'NONE', #1362 ) ;
#448 = PLANE ( 'NONE',  #676 ) ;
#449 = AXIS2_PLACEMENT_3D ( 'NONE', #266, #1053, #93 ) ;
#450 = VECTOR ( 'NONE', #718, 100.0000000000000000 ) ;
#451 = DIRECTION ( 'NONE',  ( 0.3794048534807362150, 0.000000000000000000, 0.9252307588678950756 ) ) ;
#452 = DIRECTION ( 'NONE',  ( 1.603068372491023297E-12, 3.995004817365800739E-31, 1.000000000000000000 ) ) ;
#453 = CARTESIAN_POINT ( 'NONE',  ( 0.6082325308107114914, -6.902422765732716847, 1.874079151271586641 ) ) ;
#454 = CARTESIAN_POINT ( 'NONE',  ( 0.5082325308101762751, -2.802422733546216183, 1.540079151271745328 ) ) ;
#455 = EDGE_LOOP ( 'NONE', ( #844, #2408, #958, #1450 ) ) ;
#456 = DIRECTION ( 'NONE',  ( -1.959217102279369698E-16, -1.000000000000000000, 3.144753976324933694E-28 ) ) ;
#457 = VERTEX_POINT ( 'NONE', #2130 ) ;
#458 = ADVANCED_FACE ( 'NONE', ( #400 ), #552, .F. ) ;
#459 = ORIENTED_EDGE ( 'NONE', *, *, #2059, .F. ) ;
#460 = CARTESIAN_POINT ( 'NONE',  ( 1.432232530810982452, -6.902422765732716847, 2.038079151270265843 ) ) ;
#461 = EDGE_CURVE ( 'NONE', #523, #1269, #2173, .T. ) ;
#462 = DIRECTION ( 'NONE',  ( -1.603068372491023297E-12, -3.995004817365800739E-31, -1.000000000000000000 ) ) ;
#463 = DIRECTION ( 'NONE',  ( -1.959217102279369698E-16, -1.000000000000000000, 3.144753976324933694E-28 ) ) ;
#464 = CARTESIAN_POINT ( 'NONE',  ( 0.3682325308106456085, -6.962422765732716456, 1.148079151270917420 ) ) ;
#465 = ORIENTED_EDGE ( 'NONE', *, *, #2127, .F. ) ;
#466 = CARTESIAN_POINT ( 'NONE',  ( 1.592219503763975696, -1.962422765732721786, 2.828079151270930236 ) ) ;
#467 = ORIENTED_EDGE ( 'NONE', *, *, #992, .F. ) ;
#468 = LINE ( 'NONE', #624, #1204 ) ;
#469 = EDGE_LOOP ( 'NONE', ( #1108, #1907, #724, #2064 ) ) ;
#470 = ADVANCED_FACE ( 'NONE', ( #741 ), #2084, .F. ) ;
#471 = DIRECTION ( 'NONE',  ( 0.000000000000000000, -3.165304382199310430E-29, -1.000000000000000000 ) ) ;
#472 = VECTOR ( 'NONE', #1120, 100.0000000000000000 ) ;
#473 = ADVANCED_FACE ( 'NONE', ( #940 ), #1705, .T. ) ;
#474 = DIRECTION ( 'NONE',  ( -0.6546536707079716466, 0.000000000000000000, -0.7559289460184592802 ) ) ;
#475 = DIRECTION ( 'NONE',  ( -1.000000000000000000, 2.220446049250000495E-16, 1.603068372491023499E-12 ) ) ;
#476 = DIRECTION ( 'NONE',  ( 2.775557561562989959E-17, -1.000000000000000000, -1.959217102279369698E-16 ) ) ;
#477 = ORIENTED_EDGE ( 'NONE', *, *, #1657, .T. ) ;
#478 = CARTESIAN_POINT ( 'NONE',  ( 1.532232530810628379, -2.712422765732724006, 1.818079151270105775 ) ) ;
#479 = VECTOR ( 'NONE', #1089, 100.0000000000000000 ) ;
#480 = ORIENTED_EDGE ( 'NONE', *, *, #2372, .T. ) ;
#481 = CIRCLE ( 'NONE', #42, 0.1000000000000000056 ) ;
#482 = FILL_AREA_STYLE_COLOUR ( '', #2370 ) ;
#483 = AXIS2_PLACEMENT_3D ( 'NONE', #1374, #1327, #1889 ) ;
#484 = ORIENTED_EDGE ( 'NONE', *, *, #1062, .F. ) ;
#485 = VECTOR ( 'NONE', #558, 100.0000000000000000 ) ;
#486 = CARTESIAN_POINT ( 'NONE',  ( 1.672232530811361695, -2.114102935481797729, 1.600079151269880429 ) ) ;
#487 = PLANE ( 'NONE',  #441 ) ;
#488 = CIRCLE ( 'NONE', #285, 0.4500119999993031361 ) ;
#489 = EDGE_CURVE ( 'NONE', #2395, #1017, #292, .T. ) ;
#490 = LINE ( 'NONE', #938, #1255 ) ;
#491 = DIRECTION ( 'NONE',  ( 0.000000000000000000, 0.000000000000000000, 1.000000000000000000 ) ) ;
#492 = DIRECTION ( 'NONE',  ( 1.603068372491023297E-12, 3.995004817365800739E-31, 1.000000000000000000 ) ) ;
#493 = VERTEX_POINT ( 'NONE', #1835 ) ;
#494 = DIRECTION ( 'NONE',  ( 1.000000000000000000, 0.000000000000000000, -1.603068372491023297E-12 ) ) ;
#495 = CARTESIAN_POINT ( 'NONE',  ( 1.432232530810724880, -1.902422765732724175, 1.878079151270265923 ) ) ;
#496 = FACE_OUTER_BOUND ( 'NONE', #282, .T. ) ;
#497 = VERTEX_POINT ( 'NONE', #1201 ) ;
#498 = DIRECTION ( 'NONE',  ( -1.000000000000000000, 1.959217102279369698E-16, 1.603068372491023297E-12 ) ) ;
#499 = ORIENTED_EDGE ( 'NONE', *, *, #385, .T. ) ;
#500 = CARTESIAN_POINT ( 'NONE',  ( 1.432232530810673143, -6.902422765732716847, 1.818079151271586813 ) ) ;
#501 = CARTESIAN_POINT ( 'NONE',  ( 0.4482325308106336337, -1.902422765732724175, 2.748079151270929277 ) ) ;
#502 = CARTESIAN_POINT ( 'NONE',  ( 1.336232530810277153, -1.902422765732724175, 1.600079151270420663 ) ) ;
#503 = VERTEX_POINT ( 'NONE', #1387 ) ;
#504 = EDGE_CURVE ( 'NONE', #543, #336, #235, .T. ) ;
#505 = CARTESIAN_POINT ( 'NONE',  ( 0.9962325308102691901, -2.802422733546216183, 1.600079151270963562 ) ) ;
#506 = LINE ( 'NONE', #186, #2313 ) ;
#507 = ADVANCED_FACE ( 'NONE', ( #496 ), #1268, .T. ) ;
#508 = EDGE_LOOP ( 'NONE', ( #1808, #1198, #194, #2250 ) ) ;
#509 = EDGE_CURVE ( 'NONE', #851, #275, #111, .T. ) ;
#510 = VERTEX_POINT ( 'NONE', #881 ) ;
#511 = CARTESIAN_POINT ( 'NONE',  ( 0.6082325308114907569, -1.902422765732724175, 2.360079151271586628 ) ) ;
#512 = CARTESIAN_POINT ( 'NONE',  ( 1.930175141076129197, -3.462422765732744878, 1.585725136069989993 ) ) ;
#513 = VECTOR ( 'NONE', #1673, 100.0000000000000000 ) ;
#514 = CARTESIAN_POINT ( 'NONE',  ( 1.774400337871691269, -3.462422765732744878, 1.883961365805957966 ) ) ;
#515 = VECTOR ( 'NONE', #1492, 100.0000000000000000 ) ;
#516 = ORIENTED_EDGE ( 'NONE', *, *, #1613, .T. ) ;
#517 = DIRECTION ( 'NONE',  ( -1.000000000000000000, 0.000000000000000000, 0.000000000000000000 ) ) ;
#518 = DIRECTION ( 'NONE',  ( -5.329070518200429736E-16, -1.000000000000000000, 8.546859407318822576E-28 ) ) ;
#519 = FACE_BOUND ( 'NONE', #2137, .T. ) ;
#520 = ORIENTED_EDGE ( 'NONE', *, *, #707, .F. ) ;
#521 = ADVANCED_FACE ( 'NONE', ( #1646 ), #700, .T. ) ;
#522 = VECTOR ( 'NONE', #2259, 100.0000000000000000 ) ;
#523 = VERTEX_POINT ( 'NONE', #2348 ) ;
#524 = CARTESIAN_POINT ( 'NONE',  ( 1.532232530811500792, -2.362422765732723473, 2.360079151270105591 ) ) ;
#525 = VECTOR ( 'NONE', #679, 100.0000000000000000 ) ;
#526 = DIRECTION ( 'NONE',  ( 0.7071067811865432429, 0.000000000000000000, 0.7071067811865519026 ) ) ;
#527 = CIRCLE ( 'NONE', #2008, 0.05999999999999998390 ) ;
#528 = VECTOR ( 'NONE', #1620, 100.0000000000000000 ) ;
#529 = ORIENTED_EDGE ( 'NONE', *, *, #304, .T. ) ;
#530 = LINE ( 'NONE', #2051, #1611 ) ;
#531 = CIRCLE ( 'NONE', #327, 0.1000000000000001443 ) ;
#532 = CARTESIAN_POINT ( 'NONE',  ( 0.3682325308106366712, -6.962422765732716456, 1.210871791339584558 ) ) ;
#533 = CARTESIAN_POINT ( 'NONE',  ( 1.532232530809787718, -1.902422765732724175, 1.296079151270104646 ) ) ;
#534 = ORIENTED_EDGE ( 'NONE', *, *, #625, .F. ) ;
#535 = ADVANCED_BREP_SHAPE_REPRESENTATION ( '5cmauger_penetrolyzer_main', ( #67, #886 ), #444 ) ;
#536 = DIRECTION ( 'NONE',  ( 1.000000000000000000, -1.959217102279369698E-16, -1.603068372491023297E-12 ) ) ;
#537 = EDGE_CURVE ( 'NONE', #543, #950, #2155, .T. ) ;
#538 = EDGE_LOOP ( 'NONE', ( #1190, #1354, #1771, #340 ) ) ;
#539 = CARTESIAN_POINT ( 'NONE',  ( 1.432232530810892301, -6.902422765732716847, 1.982079151270265793 ) ) ;
#540 = CARTESIAN_POINT ( 'NONE',  ( 1.592232530810633762, -1.902422765732724175, 2.748079151270929277 ) ) ;
#541 = UNCERTAINTY_MEASURE_WITH_UNIT (LENGTH_MEASURE( 1.000000000000000082E-05 ), #2262, 'distance_accuracy_value', 'NONE');
#542 = EDGE_CURVE ( 'NONE', #275, #1991, #908, .T. ) ;
#543 = VERTEX_POINT ( 'NONE', #1872 ) ;
#544 = CARTESIAN_POINT ( 'NONE',  ( 2.222244530810633112, -3.155901754805471526, 1.928079151269880942 ) ) ;
#545 = CYLINDRICAL_SURFACE ( 'NONE', #249, 0.07999999999999998779 ) ;
#546 = DIRECTION ( 'NONE',  ( 0.9657800193864292115, -5.094081452296255072E-17, 0.2593625920481762992 ) ) ;
#547 = ORIENTED_EDGE ( 'NONE', *, *, #92, .T. ) ;
#548 = CARTESIAN_POINT ( 'NONE',  ( -0.03176746918935435815, -1.902422765732724175, 1.148079151270915643 ) ) ;
#549 = FACE_OUTER_BOUND ( 'NONE', #2391, .T. ) ;
#550 = VERTEX_POINT ( 'NONE', #1107 ) ;
#551 = ORIENTED_EDGE ( 'NONE', *, *, #1208, .F. ) ;
#552 = CYLINDRICAL_SURFACE ( 'NONE', #2253, 0.4500119999993033026 ) ;
#553 = DIRECTION ( 'NONE',  ( -0.6546536707079716466, 0.000000000000000000, -0.7559289460184592802 ) ) ;
#554 = ADVANCED_FACE ( 'NONE', ( #148 ), #1341, .T. ) ;
#555 = ADVANCED_FACE ( 'NONE', ( #126 ), #1681, .T. ) ;
#556 = ORIENTED_EDGE ( 'NONE', *, *, #2230, .T. ) ;
#557 = AXIS2_PLACEMENT_3D ( 'NONE', #1345, #595, #2096 ) ;
#558 = DIRECTION ( 'NONE',  ( -1.000000000000000000, 1.959217102279369698E-16, 1.603068372491023297E-12 ) ) ;
#559 = DIRECTION ( 'NONE',  ( -2.220446049250000002E-16, -1.000000000000000000, 3.574656940018424056E-28 ) ) ;
#560 = CARTESIAN_POINT ( 'NONE',  ( 0.3955874867673979667, -1.902422765732724175, 1.172486256669072802 ) ) ;
#561 = ORIENTED_EDGE ( 'NONE', *, *, #92, .F. ) ;
#562 = LINE ( 'NONE', #190, #1598 ) ;
#563 = LINE ( 'NONE', #208, #1290 ) ;
#564 = ORIENTED_EDGE ( 'NONE', *, *, #1430, .T. ) ;
#565 = CARTESIAN_POINT ( 'NONE',  ( 0.3916639883157095881, -2.280481921733644501, 2.804647693765852878 ) ) ;
#566 = VERTEX_POINT ( 'NONE', #560 ) ;
#567 = DIRECTION ( 'NONE',  ( -3.165304382199374329E-29, 1.000000000000000000, -3.995004816858373925E-31 ) ) ;
#568 = ORIENTED_EDGE ( 'NONE', *, *, #1918, .T. ) ;
#569 = CARTESIAN_POINT ( 'NONE',  ( 1.532232530810891946, -2.712422765732724006, 1.982079151270105699 ) ) ;
#570 = AXIS2_PLACEMENT_3D ( 'NONE', #1239, #1230, #2193 ) ;
#571 = VERTEX_POINT ( 'NONE', #533 ) ;
#572 = AXIS2_PLACEMENT_3D ( 'NONE', #540, #1480, #526 ) ;
#573 = ADVANCED_FACE ( 'NONE', ( #339 ), #160, .T. ) ;
#574 = CARTESIAN_POINT ( 'NONE',  ( 1.672232530810632722, -3.462422765733293772, 2.721217945561235751 ) ) ;
#575 = CARTESIAN_POINT ( 'NONE',  ( 1.532232530811500792, -2.762422765732723828, 2.360079151270105591 ) ) ;
#576 = VECTOR ( 'NONE', #413, 100.0000000000000000 ) ;
#577 = CARTESIAN_POINT ( 'NONE',  ( 1.714689371105424298, -3.155901754805471526, 1.818079151269813121 ) ) ;
#578 = ORIENTED_EDGE ( 'NONE', *, *, #2112, .T. ) ;
#579 = ADVANCED_FACE ( 'NONE', ( #1324 ), #174, .T. ) ;
#580 = VECTOR ( 'NONE', #68, 100.0000000000000000 ) ;
#581 = CARTESIAN_POINT ( 'NONE',  ( 0.5082325308108845974, -1.902422765732724175, 1.982079151271747275 ) ) ;
#582 = CARTESIAN_POINT ( 'NONE',  ( 1.432232530810982452, -1.902422765732724175, 2.038079151270265843 ) ) ;
#583 = ORIENTED_EDGE ( 'NONE', *, *, #216, .T. ) ;
#584 = DIRECTION ( 'NONE',  ( 1.000000000000000000, 0.000000000000000000, -1.602852795204688366E-12 ) ) ;
#585 = ORIENTED_EDGE ( 'NONE', *, *, #1319, .F. ) ;
#586 = CARTESIAN_POINT ( 'NONE',  ( 0.6082325308106216744, -1.962422765732723118, 1.818079151271586813 ) ) ;
#587 = CARTESIAN_POINT ( 'NONE',  ( 2.430921753083146175, -3.402422765732745269, 2.436967171416007272 ) ) ;
#588 = FACE_OUTER_BOUND ( 'NONE', #1394, .T. ) ;
#589 = DIRECTION ( 'NONE',  ( 3.906496303164600132E-31, 1.000000000000000000, -3.165845295199385078E-29 ) ) ;
#590 = CYLINDRICAL_SURFACE ( 'NONE', #2304, 0.05999999999999998390 ) ;
#591 = ADVANCED_FACE ( 'NONE', ( #2066 ), #2077, .F. ) ;
#592 = ORIENTED_EDGE ( 'NONE', *, *, #1596, .F. ) ;
#593 = PRODUCT_DEFINITION ( 'UNKNOWN', '', #1094, #942 ) ;
#594 = EDGE_CURVE ( 'NONE', #599, #800, #2434, .T. ) ;
#595 = DIRECTION ( 'NONE',  ( -1.000000000000000000, 1.959217102279369698E-16, 1.603068372491023297E-12 ) ) ;
#596 = CARTESIAN_POINT ( 'NONE',  ( 1.714689371105603266, -2.114102935481797729, 2.038079151269813316 ) ) ;
#597 = VERTEX_POINT ( 'NONE', #2303 ) ;
#598 = DIRECTION ( 'NONE',  ( -1.601302108588210640E-12, 0.000000000000000000, -1.000000000000000000 ) ) ;
#599 = VERTEX_POINT ( 'NONE', #1696 ) ;
#600 = DIRECTION ( 'NONE',  ( -0.9657800193864291005, 0.000000000000000000, -0.2593625920481762992 ) ) ;
#601 = CARTESIAN_POINT ( 'NONE',  ( 0.5082325308102103589, -6.902422765732716847, 1.562079151271745348 ) ) ;
#602 = CARTESIAN_POINT ( 'NONE',  ( 1.532232530810277105, -1.962422765732723784, 1.600079151270104916 ) ) ;
#603 = PLANE ( 'NONE',  #883 ) ;
#604 = ORIENTED_EDGE ( 'NONE', *, *, #1538, .T. ) ;
#605 = STYLED_ITEM ( 'NONE', ( #674 ), #67 ) ;
#606 = VECTOR ( 'NONE', #2438, 100.0000000000000000 ) ;
#607 = ORIENTED_EDGE ( 'NONE', *, *, #594, .F. ) ;
#608 = EDGE_CURVE ( 'NONE', #1802, #523, #350, .T. ) ;
#609 = ORIENTED_EDGE ( 'NONE', *, *, #1264, .T. ) ;
#610 = CARTESIAN_POINT ( 'NONE',  ( 0.4482325308106324679, -1.902422765732720178, 2.828079151270928904 ) ) ;
#611 = VERTEX_POINT ( 'NONE', #1883 ) ;
#612 = CYLINDRICAL_SURFACE ( 'NONE', #483, 0.1000000000000001443 ) ;
#613 = AXIS2_PLACEMENT_3D ( 'NONE', #2457, #546, #1899 ) ;
#614 = CIRCLE ( 'NONE', #1773, 0.08000000000000009881 ) ;
#615 = DIRECTION ( 'NONE',  ( -2.150293412189867176E-43, -1.000000000000000000, 3.165304382199310430E-29 ) ) ;
#616 = FACE_OUTER_BOUND ( 'NONE', #1503, .T. ) ;
#617 = DIRECTION ( 'NONE',  ( 0.7071067811865432429, 0.000000000000000000, 0.7071067811865519026 ) ) ;
#618 = VECTOR ( 'NONE', #890, 100.0000000000000000 ) ;
#619 = ORIENTED_EDGE ( 'NONE', *, *, #1079, .T. ) ;
#620 = VECTOR ( 'NONE', #120, 100.0000000000000000 ) ;
#621 = VECTOR ( 'NONE', #2388, 100.0000000000000000 ) ;
#622 = CARTESIAN_POINT ( 'NONE',  ( 0.6082325308114203688, -1.962422765732723118, 2.316079151271587033 ) ) ;
#623 = ORIENTED_EDGE ( 'NONE', *, *, #316, .F. ) ;
#624 = CARTESIAN_POINT ( 'NONE',  ( 2.349335313265339842, -3.462422765732744878, 1.454835352410295934 ) ) ;
#625 = EDGE_CURVE ( 'NONE', #566, #1154, #481, .T. ) ;
#626 = EDGE_CURVE ( 'NONE', #1984, #134, #1711, .T. ) ;
#627 = DIRECTION ( 'NONE',  ( -5.279050934211309632E-19, 1.000000000000000000, 1.997129667413689873E-16 ) ) ;
#628 = CARTESIAN_POINT ( 'NONE',  ( 1.579412207783093658, -6.962422765732716456, 1.248079151270925280 ) ) ;
#629 = DIRECTION ( 'NONE',  ( -1.000000000000000000, -3.165304382199309869E-29, 1.603068372491023297E-12 ) ) ;
#630 = ORIENTED_EDGE ( 'NONE', *, *, #2009, .F. ) ;
#631 = CARTESIAN_POINT ( 'NONE',  ( 1.672232530810636275, -3.402422765732745269, 1.210871791339553694 ) ) ;
#632 = ORIENTED_EDGE ( 'NONE', *, *, #1487, .F. ) ;
#633 = ORIENTED_EDGE ( 'NONE', *, *, #1652, .F. ) ;
#634 = DIRECTION ( 'NONE',  ( 2.775557561562989959E-17, -1.000000000000000000, -1.959217102279369698E-16 ) ) ;
#635 = EDGE_CURVE ( 'NONE', #1880, #2229, #1118, .T. ) ;
#636 = DIRECTION ( 'NONE',  ( 0.9904444530330247520, 0.000000000000000000, -0.1379122382390791657 ) ) ;
#637 = CARTESIAN_POINT ( 'NONE',  ( 1.532232530810470506, -1.902422765732724175, 1.720079151270105910 ) ) ;
#638 = VERTEX_POINT ( 'NONE', #760 ) ;
#639 = LINE ( 'NONE', #1417, #1057 ) ;
#640 = AXIS2_PLACEMENT_3D ( 'NONE', #207, #1902, #1499 ) ;
#641 = CIRCLE ( 'NONE', #1602, 0.05999999999999998390 ) ;
#642 = ORIENTED_EDGE ( 'NONE', *, *, #2094, .F. ) ;
#643 = ORIENTED_EDGE ( 'NONE', *, *, #921, .F. ) ;
#644 = CARTESIAN_POINT ( 'NONE',  ( 0.5202325308102727641, -2.762422765732723828, 1.600079151271729838 ) ) ;
#645 = DIRECTION ( 'NONE',  ( -0.7071067811865507924, 0.000000000000000000, 0.7071067811865442421 ) ) ;
#646 = PLANE ( 'NONE',  #2104 ) ;
#647 = CARTESIAN_POINT ( 'NONE',  ( 1.532232530810628379, -1.902422765732724175, 1.818079151270105775 ) ) ;
#648 = ORIENTED_EDGE ( 'NONE', *, *, #2400, .F. ) ;
#649 = EDGE_CURVE ( 'NONE', #1712, #1987, #1527, .T. ) ;
#650 = DIRECTION ( 'NONE',  ( -0.9657800193864310989, 9.835104873146857581E-15, -0.2593625920481686387 ) ) ;
#651 = CIRCLE ( 'NONE', #1092, 0.1000000000000000056 ) ;
#652 = EDGE_CURVE ( 'NONE', #1761, #1946, #1850, .T. ) ;
#653 = VECTOR ( 'NONE', #1762, 100.0000000000000142 ) ;
#654 = ORIENTED_EDGE ( 'NONE', *, *, #2299, .F. ) ;
#655 = ORIENTED_EDGE ( 'NONE', *, *, #1163, .F. ) ;
#656 = AXIS2_PLACEMENT_3D ( 'NONE', #2204, #627, #1216 ) ;
#657 = VECTOR ( 'NONE', #989, 100.0000000000000000 ) ;
#658 = CARTESIAN_POINT ( 'NONE',  ( 1.020232530809984217, -2.762422765732723828, 1.418079151270925209 ) ) ;
#659 = CARTESIAN_POINT ( 'NONE',  ( 0.6082325308107114914, -1.902422765732724175, 1.874079151271586641 ) ) ;
#660 = CARTESIAN_POINT ( 'NONE',  ( 1.432232530811488713, -1.902422765732724175, 2.360079151270266351 ) ) ;
#661 = DIRECTION ( 'NONE',  ( -5.437919842975034899E-33, 1.959217102279369945E-16, -1.000000000000000000 ) ) ;
#662 = VERTEX_POINT ( 'NONE', #1472 ) ;
#663 = CARTESIAN_POINT ( 'NONE',  ( 1.532232530810982540, -1.902422765732724175, 2.038079151270105527 ) ) ;
#664 = ADVANCED_FACE ( 'NONE', ( #519, #1286, #2054 ), #978, .F. ) ;
#665 = EDGE_CURVE ( 'NONE', #336, #300, #1170, .T. ) ;
#666 = VERTEX_POINT ( 'NONE', #2330 ) ;
#667 = CARTESIAN_POINT ( 'NONE',  ( 1.579412207783093658, -1.902422765732724175, 1.248079151270926612 ) ) ;
#668 = DIRECTION ( 'NONE',  ( -3.165304382199374329E-29, 1.000000000000000000, -3.995004816858373925E-31 ) ) ;
#669 = CARTESIAN_POINT ( 'NONE',  ( 0.5082325308113236906, -2.762422765732723828, 2.256079151271747740 ) ) ;
#670 = CARTESIAN_POINT ( 'NONE',  ( 1.385001110639579425, -1.962422765732744434, 2.865862735355839241 ) ) ;
#671 = ORIENTED_EDGE ( 'NONE', *, *, #1291, .T. ) ;
#672 = LINE ( 'NONE', #1992, #1337 ) ;
#673 = ORIENTED_EDGE ( 'NONE', *, *, #335, .T. ) ;
#674 = PRESENTATION_STYLE_ASSIGNMENT (( #1649 ) ) ;
#675 = EDGE_CURVE ( 'NONE', #878, #1647, #2452, .T. ) ;
#676 = AXIS2_PLACEMENT_3D ( 'NONE', #1429, #839, #1606 ) ;
#677 = ORIENTED_EDGE ( 'NONE', *, *, #1013, .F. ) ;
#678 = DIRECTION ( 'NONE',  ( 0.000000000000000000, 1.959217102279369698E-16, -1.000000000000000000 ) ) ;
#679 = DIRECTION ( 'NONE',  ( -1.959217102279369698E-16, -1.000000000000000000, 3.144753976324933694E-28 ) ) ;
#680 = ORIENTED_EDGE ( 'NONE', *, *, #1222, .F. ) ;
#681 = LINE ( 'NONE', #1980, #1941 ) ;
#682 = AXIS2_PLACEMENT_3D ( 'NONE', #1309, #137, #932 ) ;
#683 = VERTEX_POINT ( 'NONE', #54 ) ;
#684 = AXIS2_PLACEMENT_3D ( 'NONE', #999, #65, #1218 ) ;
#685 = DIRECTION ( 'NONE',  ( -1.000000000000000000, -3.165304382199309869E-29, 1.602852795204688366E-12 ) ) ;
#686 = VECTOR ( 'NONE', #463, 100.0000000000000000 ) ;
#687 = VECTOR ( 'NONE', #2238, 100.0000000000000000 ) ;
#688 = ORIENTED_EDGE ( 'NONE', *, *, #1702, .T. ) ;
#689 = CIRCLE ( 'NONE', #1648, 0.4900119999993034492 ) ;
#690 = EDGE_CURVE ( 'NONE', #1347, #354, #1541, .T. ) ;
#691 = DIRECTION ( 'NONE',  ( 9.355088397137460852E-31, -1.000000000000000000, -1.959217102279369698E-16 ) ) ;
#692 = LINE ( 'NONE', #512, #320 ) ;
#693 = AXIS2_PLACEMENT_3D ( 'NONE', #125, #1117, #2052 ) ;
#694 = LINE ( 'NONE', #514, #2383 ) ;
#695 = ADVANCED_FACE ( 'NONE', ( #391 ), #590, .T. ) ;
#696 = EDGE_CURVE ( 'NONE', #1987, #1824, #1727, .T. ) ;
#697 = ORIENTED_EDGE ( 'NONE', *, *, #259, .F. ) ;
#698 = FACE_OUTER_BOUND ( 'NONE', #2414, .T. ) ;
#699 = FACE_OUTER_BOUND ( 'NONE', #1048, .T. ) ;
#700 = PLANE ( 'NONE',  #1408 ) ;
#701 = ORIENTED_EDGE ( 'NONE', *, *, #652, .T. ) ;
#702 = FACE_OUTER_BOUND ( 'NONE', #1757, .T. ) ;
#703 = ORIENTED_EDGE ( 'NONE', *, *, #2320, .F. ) ;
#704 = CARTESIAN_POINT ( 'NONE',  ( 0.4482325308106329120, -2.280481921733644501, 2.828079151270928904 ) ) ;
#705 = DIRECTION ( 'NONE',  ( 0.7071067811865432429, 0.000000000000000000, 0.7071067811865519026 ) ) ;
#706 = VERTEX_POINT ( 'NONE', #1206 ) ;
#707 = EDGE_CURVE ( 'NONE', #293, #295, #962, .T. ) ;
#708 = EDGE_CURVE ( 'NONE', #815, #2431, #1913, .T. ) ;
#709 = CARTESIAN_POINT ( 'NONE',  ( 1.672232530810636719, -1.962422765732744434, 1.210871791339553694 ) ) ;
#710 = CARTESIAN_POINT ( 'NONE',  ( 1.432232530810718218, -1.902422765732724175, 1.874079151270265697 ) ) ;
#711 = CARTESIAN_POINT ( 'NONE',  ( 0.5082325308102103589, -6.902422765732716847, 1.562079151271745348 ) ) ;
#712 = VERTEX_POINT ( 'NONE', #2122 ) ;
#713 = EDGE_LOOP ( 'NONE', ( #1133, #2207, #234, #807 ) ) ;
#714 = FACE_OUTER_BOUND ( 'NONE', #1427, .T. ) ;
#715 = AXIS2_PLACEMENT_3D ( 'NONE', #1719, #1373, #1504 ) ;
#716 = ORIENTED_EDGE ( 'NONE', *, *, #1995, .F. ) ;
#717 = DIRECTION ( 'NONE',  ( 0.000000000000000000, -1.964077167824584437E-16, 1.000000000000000000 ) ) ;
#718 = DIRECTION ( 'NONE',  ( -9.695610183446549272E-17, 1.000000000000000000, 8.396644724052568724E-17 ) ) ;
#719 = CARTESIAN_POINT ( 'NONE',  ( 0.5082325308108845974, -1.902422765732724175, 1.982079151271747275 ) ) ;
#720 = ADVANCED_FACE ( 'NONE', ( #1007 ), #603, .T. ) ;
#721 = ORIENTED_EDGE ( 'NONE', *, *, #1868, .F. ) ;
#722 = LINE ( 'NONE', #871, #1919 ) ;
#723 = VECTOR ( 'NONE', #1127, 100.0000000000000000 ) ;
#724 = ORIENTED_EDGE ( 'NONE', *, *, #2264, .F. ) ;
#725 = VECTOR ( 'NONE', #1513, 100.0000000000000000 ) ;
#726 = DIRECTION ( 'NONE',  ( 0.9657800193864291005, -2.400898224708487593E-17, 0.2593625920481762992 ) ) ;
#727 = AXIS2_PLACEMENT_3D ( 'NONE', #84, #1794, #2159 ) ;
#728 = VECTOR ( 'NONE', #785, 100.0000000000000000 ) ;
#729 = ORIENTED_EDGE ( 'NONE', *, *, #2400, .T. ) ;
#730 = FACE_OUTER_BOUND ( 'NONE', #2154, .T. ) ;
#731 = AXIS2_PLACEMENT_3D ( 'NONE', #2135, #998, #1340 ) ;
#732 = CARTESIAN_POINT ( 'NONE',  ( 0.6082325308114907569, -1.902422765732724175, 2.360079151271586628 ) ) ;
#733 = DIRECTION ( 'NONE',  ( 1.000000000000000000, 0.000000000000000000, 6.813993813636900633E-15 ) ) ;
#734 = ORIENTED_EDGE ( 'NONE', *, *, #306, .F. ) ;
#735 = LINE ( 'NONE', #1698, #2036 ) ;
#736 = CARTESIAN_POINT ( 'NONE',  ( 2.408157461874434357, -3.402422765732745269, 2.381453325884255623 ) ) ;
#737 = ORIENTED_EDGE ( 'NONE', *, *, #62, .T. ) ;
#738 = ADVANCED_FACE ( 'NONE', ( #1391 ), #799, .F. ) ;
#739 = EDGE_CURVE ( 'NONE', #162, #937, #358, .T. ) ;
#740 = ORIENTED_EDGE ( 'NONE', *, *, #846, .T. ) ;
#741 = FACE_OUTER_BOUND ( 'NONE', #2290, .T. ) ;
#742 = CARTESIAN_POINT ( 'NONE',  ( 1.532232530810718307, -2.712422765732724006, 1.874079151270105381 ) ) ;
#743 = ORIENTED_EDGE ( 'NONE', *, *, #1226, .T. ) ;
#744 = CARTESIAN_POINT ( 'NONE',  ( 2.222244530810633112, -3.462422765732744878, 1.478067151270577861 ) ) ;
#745 = CARTESIAN_POINT ( 'NONE',  ( 1.532232530810180515, -1.962422765732723784, 1.540079151270104862 ) ) ;
#746 = CARTESIAN_POINT ( 'NONE',  ( 0.7892325308108840698, -6.902422765732716847, 1.982079151271296746 ) ) ;
#747 = ORIENTED_EDGE ( 'NONE', *, *, #1586, .T. ) ;
#748 = CARTESIAN_POINT ( 'NONE',  ( 0.5082325308114907791, -2.762422765732723828, 2.360079151271747389 ) ) ;
#749 = CARTESIAN_POINT ( 'NONE',  ( 1.532232530809788607, -6.562422765732716101, 1.540079151271725344 ) ) ;
#750 = VERTEX_POINT ( 'NONE', #1929 ) ;
#751 = CARTESIAN_POINT ( 'NONE',  ( 1.672232530810636275, -6.962422765732716456, 1.210871791339553472 ) ) ;
#752 = ORIENTED_EDGE ( 'NONE', *, *, #1769, .F. ) ;
#753 = DIRECTION ( 'NONE',  ( -1.000000000000000000, 0.000000000000000000, 0.000000000000000000 ) ) ;
#754 = ORIENTED_EDGE ( 'NONE', *, *, #130, .T. ) ;
#755 = EDGE_CURVE ( 'NONE', #112, #894, #407, .T. ) ;
#756 = VECTOR ( 'NONE', #498, 100.0000000000000000 ) ;
#757 = ORIENTED_EDGE ( 'NONE', *, *, #1194, .F. ) ;
#758 = DIRECTION ( 'NONE',  ( -1.959217102279369698E-16, -1.000000000000000000, 3.144753976324933694E-28 ) ) ;
#759 = DIRECTION ( 'NONE',  ( 3.959199282646049916E-31, 1.000000000000000000, -3.164890935497105272E-29 ) ) ;
#760 = CARTESIAN_POINT ( 'NONE',  ( 0.5202325308101761747, -2.802422733546216183, 1.540079151271726232 ) ) ;
#761 = ORIENTED_EDGE ( 'NONE', *, *, #347, .F. ) ;
#762 = CARTESIAN_POINT ( 'NONE',  ( 0.5082325308101762751, -2.762422765732723828, 1.540079151271745328 ) ) ;
#763 = DIRECTION ( 'NONE',  ( 0.000000000000000000, 0.000000000000000000, -1.000000000000000000 ) ) ;
#764 = VERTEX_POINT ( 'NONE', #1756 ) ;
#765 = FACE_OUTER_BOUND ( 'NONE', #69, .T. ) ;
#766 = VERTEX_POINT ( 'NONE', #1567 ) ;
#767 = EDGE_CURVE ( 'NONE', #1507, #985, #614, .T. ) ;
#768 = VECTOR ( 'NONE', #726, 100.0000000000000142 ) ;
#769 = VECTOR ( 'NONE', #1423, 100.0000000000000000 ) ;
#770 = CIRCLE ( 'NONE', #1645, 0.07999999999999998779 ) ;
#771 = EDGE_CURVE ( 'NONE', #571, #764, #1778, .T. ) ;
#772 = PLANE ( 'NONE',  #83 ) ;
#773 = CARTESIAN_POINT ( 'NONE',  ( 0.5202325308102692114, -2.762422765732723828, 1.597864236123026194 ) ) ;
#774 = AXIS2_PLACEMENT_3D ( 'NONE', #1060, #855, #636 ) ;
#775 = CARTESIAN_POINT ( 'NONE',  ( 2.222244530810633112, -3.462422765732744878, 1.928079151269880942 ) ) ;
#776 = ORIENTED_EDGE ( 'NONE', *, *, #708, .T. ) ;
#777 = VECTOR ( 'NONE', #1205, 100.0000000000000000 ) ;
#778 = PLANE ( 'NONE',  #873 ) ;
#779 = CYLINDRICAL_SURFACE ( 'NONE', #2306, 0.05999999999999990064 ) ;
#780 = ORIENTED_EDGE ( 'NONE', *, *, #198, .F. ) ;
#781 = DIRECTION ( 'NONE',  ( 1.000000000000000000, -1.959217102279369698E-16, -1.601302108588210640E-12 ) ) ;
#782 = EDGE_LOOP ( 'NONE', ( #607, #1176, #66, #1301 ) ) ;
#783 = DIRECTION ( 'NONE',  ( -1.959217102279369698E-16, -1.000000000000000000, 3.144753976324933694E-28 ) ) ;
#784 = LINE ( 'NONE', #2351, #2381 ) ;
#785 = DIRECTION ( 'NONE',  ( 4.322097740253710386E-31, 1.000000000000000000, -3.165304382199309869E-29 ) ) ;
#786 = DIRECTION ( 'NONE',  ( 1.959217102279369698E-16, 1.000000000000000000, -3.144753976324933694E-28 ) ) ;
#787 = DIRECTION ( 'NONE',  ( 2.220446049250000248E-16, 1.000000000000000000, -3.559259889883572775E-28 ) ) ;
#788 = ORIENTED_EDGE ( 'NONE', *, *, #1377, .F. ) ;
#789 = EDGE_CURVE ( 'NONE', #571, #1546, #1591, .T. ) ;
#790 = LINE ( 'NONE', #1713, #2241 ) ;
#791 = CARTESIAN_POINT ( 'NONE',  ( 1.532232530809787718, -1.962422765732723784, 1.296079151270104646 ) ) ;
#792 = ORIENTED_EDGE ( 'NONE', *, *, #1359, .F. ) ;
#793 = CARTESIAN_POINT ( 'NONE',  ( 1.532232530810978544, -3.155901754805471526, 2.038079151270105527 ) ) ;
#794 = VERTEX_POINT ( 'NONE', #1197 ) ;
#795 = DIRECTION ( 'NONE',  ( 0.2593625920481762992, 1.964160311376182783E-16, -0.9657800193864291005 ) ) ;
#796 = VERTEX_POINT ( 'NONE', #1956 ) ;
#797 = CARTESIAN_POINT ( 'NONE',  ( 0.4482325308106329120, -2.280481921733644501, 2.828079151270928904 ) ) ;
#798 = CARTESIAN_POINT ( 'NONE',  ( 1.276232530809787935, -6.902422765732716847, 1.296079151270516983 ) ) ;
#799 = PLANE ( 'NONE',  #80 ) ;
#800 = VERTEX_POINT ( 'NONE', #229 ) ;
#801 = EDGE_CURVE ( 'NONE', #497, #1119, #810, .T. ) ;
#802 = CIRCLE ( 'NONE', #715, 0.4500119999993033026 ) ;
#803 = EDGE_CURVE ( 'NONE', #1759, #2463, #1021, .T. ) ;
#804 = CARTESIAN_POINT ( 'NONE',  ( 1.675992347674953420, -1.902422765732743937, 1.274007448138804177 ) ) ;
#805 = ORIENTED_EDGE ( 'NONE', *, *, #1292, .F. ) ;
#806 = DIRECTION ( 'NONE',  ( 1.000000000000000000, -5.329070518200429736E-16, -1.603068372491023297E-12 ) ) ;
#807 = ORIENTED_EDGE ( 'NONE', *, *, #537, .F. ) ;
#808 = CARTESIAN_POINT ( 'NONE',  ( 0.5082325308097850325, -1.902422765732724175, 1.296079151271745555 ) ) ;
#809 = AXIS2_PLACEMENT_3D ( 'NONE', #303, #1584, #860 ) ;
#810 = CIRCLE ( 'NONE', #684, 0.05999999999999998390 ) ;
#811 = CARTESIAN_POINT ( 'NONE',  ( 0.4482325308115703844, -6.902422765732716847, 1.147999151270918006 ) ) ;
#812 = LINE ( 'NONE', #1183, #928 ) ;
#813 = DIRECTION ( 'NONE',  ( -2.220446049250000248E-16, -1.000000000000000000, 3.559966653165916295E-28 ) ) ;
#814 = CIRCLE ( 'NONE', #2053, 0.4500119999993029696 ) ;
#815 = VERTEX_POINT ( 'NONE', #454 ) ;
#816 = VECTOR ( 'NONE', #2328, 100.0000000000000000 ) ;
#817 = VECTOR ( 'NONE', #2065, 100.0000000000000000 ) ;
#818 = CARTESIAN_POINT ( 'NONE',  ( 2.364897068788139656, -3.462422765732744878, 1.396888551247446486 ) ) ;
#819 = VERTEX_POINT ( 'NONE', #2021 ) ;
#820 = ORIENTED_EDGE ( 'NONE', *, *, #739, .F. ) ;
#821 = EDGE_CURVE ( 'NONE', #2471, #2015, #1047, .T. ) ;
#822 = EDGE_CURVE ( 'NONE', #457, #851, #2195, .T. ) ;
#823 = CARTESIAN_POINT ( 'NONE',  ( 1.671401790805651322, -1.925362544819550159, 2.735271042038461164 ) ) ;
#824 = DIRECTION ( 'NONE',  ( -1.000000000000000000, -0.000000000000000000, -0.000000000000000000 ) ) ;
#825 = CARTESIAN_POINT ( 'NONE',  ( 1.532232530809787718, -1.962422765732723784, 1.296079151270104646 ) ) ;
#826 = ORIENTED_EDGE ( 'NONE', *, *, #1626, .T. ) ;
#827 = CARTESIAN_POINT ( 'NONE',  ( 0.4482368738303930678, -2.958422689304096576, 2.828079151270924019 ) ) ;
#828 = ORIENTED_EDGE ( 'NONE', *, *, #1701, .T. ) ;
#829 = ORIENTED_EDGE ( 'NONE', *, *, #231, .F. ) ;
#830 = ADVANCED_FACE ( 'NONE', ( #1413 ), #299, .T. ) ;
#831 = CARTESIAN_POINT ( 'NONE',  ( 1.655315408890591033, -1.902422765732744825, 2.698228986435868837 ) ) ;
#832 = DIRECTION ( 'NONE',  ( -3.165304382199374329E-29, 1.000000000000000000, -3.995004816858373925E-31 ) ) ;
#833 = EDGE_CURVE ( 'NONE', #1961, #112, #1990, .T. ) ;
#834 = DIRECTION ( 'NONE',  ( 3.993393703554535512E-31, 1.000000000000000000, -3.165288271061174621E-29 ) ) ;
#835 = ORIENTED_EDGE ( 'NONE', *, *, #1596, .T. ) ;
#836 = DIRECTION ( 'NONE',  ( 9.695610183446549272E-17, -1.000000000000000000, -8.396644724052568724E-17 ) ) ;
#837 = AXIS2_PLACEMENT_3D ( 'NONE', #368, #1129, #2113 ) ;
#838 = ORIENTED_EDGE ( 'NONE', *, *, #992, .T. ) ;
#839 = DIRECTION ( 'NONE',  ( -1.603068372491023297E-12, -3.995004817365800739E-31, -1.000000000000000000 ) ) ;
#840 = FACE_BOUND ( 'NONE', #1228, .T. ) ;
#841 = CARTESIAN_POINT ( 'NONE',  ( 0.6082325308114203688, -1.962422765732723118, 2.316079151271587033 ) ) ;
#842 = AXIS2_PLACEMENT_3D ( 'NONE', #1142, #1497, #1862 ) ;
#843 = CARTESIAN_POINT ( 'NONE',  ( 1.714689371105507121, -3.462422765732744878, 1.978079151269813263 ) ) ;
#844 = ORIENTED_EDGE ( 'NONE', *, *, #2029, .T. ) ;
#845 = EDGE_CURVE ( 'NONE', #1865, #1161, #274, .T. ) ;
#846 = EDGE_CURVE ( 'NONE', #1761, #1904, #263, .T. ) ;
#847 = DIRECTION ( 'NONE',  ( 1.959217102279369698E-16, 1.000000000000000000, -3.144753976324933694E-28 ) ) ;
#848 = VECTOR ( 'NONE', #1353, 100.0000000000000000 ) ;
#849 = ORIENTED_EDGE ( 'NONE', *, *, #1784, .F. ) ;
#850 = VECTOR ( 'NONE', #879, 100.0000000000000000 ) ;
#851 = VERTEX_POINT ( 'NONE', #2386 ) ;
#852 = AXIS2_PLACEMENT_3D ( 'NONE', #997, #1525, #645 ) ;
#853 = AXIS2_PLACEMENT_3D ( 'NONE', #362, #1141, #931 ) ;
#854 = LINE ( 'NONE', #1422, #525 ) ;
#855 = DIRECTION ( 'NONE',  ( 5.279050934211309632E-19, -1.000000000000000000, -1.921304537145050016E-16 ) ) ;
#856 = LINE ( 'NONE', #660, #769 ) ;
#857 = DIRECTION ( 'NONE',  ( 1.000000000000000000, -1.959217102279369698E-16, -1.603068372491023297E-12 ) ) ;
#858 = VERTEX_POINT ( 'NONE', #1830 ) ;
#859 = LINE ( 'NONE', #1623, #1978 ) ;
#860 = DIRECTION ( 'NONE',  ( 0.000000000000000000, 0.000000000000000000, 1.000000000000000000 ) ) ;
#861 = ADVANCED_FACE ( 'NONE', ( #1262 ), #1532, .T. ) ;
#862 = ORIENTED_EDGE ( 'NONE', *, *, #1079, .F. ) ;
#863 = LINE ( 'NONE', #280, #1515 ) ;
#864 = ORIENTED_EDGE ( 'NONE', *, *, #430, .T. ) ;
#865 = DIRECTION ( 'NONE',  ( 1.000000000000000000, -3.960587603169759792E-31, 6.796426993627010104E-15 ) ) ;
#866 = DIRECTION ( 'NONE',  ( -1.959217102279369698E-16, -1.000000000000000000, 3.144753976324933694E-28 ) ) ;
#867 = EDGE_LOOP ( 'NONE', ( #1298, #2366, #2273, #55, #1024, #439, #1706, #671 ) ) ;
#868 = DIRECTION ( 'NONE',  ( 1.603068372491023297E-12, 3.995004817365800739E-31, 1.000000000000000000 ) ) ;
#869 = ORIENTED_EDGE ( 'NONE', *, *, #289, .T. ) ;
#870 = EDGE_CURVE ( 'NONE', #2198, #1895, #1424, .T. ) ;
#871 = CARTESIAN_POINT ( 'NONE',  ( 0.8142325308114898297, -6.902422765732716847, 2.360079151271256670 ) ) ;
#872 = EDGE_CURVE ( 'NONE', #2078, #376, #107, .T. ) ;
#873 = AXIS2_PLACEMENT_3D ( 'NONE', #1931, #1147, #165 ) ;
#874 = ORIENTED_EDGE ( 'NONE', *, *, #1031, .T. ) ;
#875 = CARTESIAN_POINT ( 'NONE',  ( 0.5202325308100383960, -2.802422733546216183, 1.453960889094078279 ) ) ;
#876 = DIRECTION ( 'NONE',  ( 1.603266449265167018E-12, -0.000000000000000000, 1.000000000000000000 ) ) ;
#877 = ORIENTED_EDGE ( 'NONE', *, *, #15, .F. ) ;
#878 = VERTEX_POINT ( 'NONE', #1631 ) ;
#879 = DIRECTION ( 'NONE',  ( 1.000000000000000000, -6.374551446412130102E-45, -1.603068372491023297E-12 ) ) ;
#880 = CARTESIAN_POINT ( 'NONE',  ( 0.4482325308115703844, -6.902422765732716847, 1.818079151271586813 ) ) ;
#881 = CARTESIAN_POINT ( 'NONE',  ( 1.675992347674953420, -1.902422765732743937, 1.274007448138804177 ) ) ;
#882 = ORIENTED_EDGE ( 'NONE', *, *, #164, .F. ) ;
#883 = AXIS2_PLACEMENT_3D ( 'NONE', #1185, #1964, #1367 ) ;
#884 = CARTESIAN_POINT ( 'NONE',  ( 0.5082325308114893359, -6.902422765732716847, 2.304369482156566118 ) ) ;
#885 = FILL_AREA_STYLE ('',( #482 ) ) ;
#886 = AXIS2_PLACEMENT_3D ( 'NONE', #2218, #491, #97 ) ;
#887 = ORIENTED_EDGE ( 'NONE', *, *, #1418, .F. ) ;
#888 = VECTOR ( 'NONE', #211, 100.0000000000000000 ) ;
#889 = LINE ( 'NONE', #486, #2041 ) ;
#890 = DIRECTION ( 'NONE',  ( -1.000000000000000000, -0.000000000000000000, -0.000000000000000000 ) ) ;
#891 = ADVANCED_FACE ( 'NONE', ( #1564 ), #1537, .F. ) ;
#892 = VECTOR ( 'NONE', #1898, 100.0000000000000000 ) ;
#893 = CARTESIAN_POINT ( 'NONE',  ( 2.222244530810633112, -3.462422765732744878, 1.928079151269880942 ) ) ;
#894 = VERTEX_POINT ( 'NONE', #644 ) ;
#895 = CARTESIAN_POINT ( 'NONE',  ( 0.3682325308106336736, -1.962422765732723784, 2.560079151270929998 ) ) ;
#896 = CARTESIAN_POINT ( 'NONE',  ( 1.592219503763976363, -2.958422765732749316, 2.828079151270925795 ) ) ;
#897 = CARTESIAN_POINT ( 'NONE',  ( 1.579412207783093658, -1.962422765732723118, 1.148079151270926967 ) ) ;
#898 = ORIENTED_EDGE ( 'NONE', *, *, #1113, .T. ) ;
#899 = PLANE ( 'NONE',  #310 ) ;
#900 = ORIENTED_EDGE ( 'NONE', *, *, #489, .T. ) ;
#901 = DIRECTION ( 'NONE',  ( -0.9657800193864286564, 0.000000000000000000, -0.2593625920481783531 ) ) ;
#902 = CARTESIAN_POINT ( 'NONE',  ( 1.432232530810816362, -6.902422765732716847, 1.935079151270265641 ) ) ;
#903 = EDGE_CURVE ( 'NONE', #1328, #2463, #82, .T. ) ;
#904 = ORIENTED_EDGE ( 'NONE', *, *, #1652, .T. ) ;
#905 = ADVANCED_FACE ( 'NONE', ( #1042 ), #1246, .T. ) ;
#906 = CARTESIAN_POINT ( 'NONE',  ( 0.9149737724773643333, -3.462422765732744878, 1.719636621517876440 ) ) ;
#907 = LINE ( 'NONE', #1276, #1138 ) ;
#908 = LINE ( 'NONE', #919, #522 ) ;
#909 = ORIENTED_EDGE ( 'NONE', *, *, #1222, .T. ) ;
#910 = LINE ( 'NONE', #2449, #1998 ) ;
#911 = VERTEX_POINT ( 'NONE', #1442 ) ;
#912 = PLANE ( 'NONE',  #1722 ) ;
#913 = DIRECTION ( 'NONE',  ( 1.000000000000000000, -6.374551446412130102E-45, -1.603068372491023297E-12 ) ) ;
#914 = TOROIDAL_SURFACE ( 'NONE', #1874, 0.4900119999993033382, 0.06000000000000000472 ) ;
#915 = VECTOR ( 'NONE', #2143, 100.0000000000000000 ) ;
#916 = EDGE_LOOP ( 'NONE', ( #2467, #1641, #1425, #1478 ) ) ;
#917 = CARTESIAN_POINT ( 'NONE',  ( 1.532232530809788607, -6.962422765732716456, 1.818079151271586813 ) ) ;
#918 = FACE_OUTER_BOUND ( 'NONE', #1306, .T. ) ;
#919 = CARTESIAN_POINT ( 'NONE',  ( 1.432232530810684246, -6.902422765732716847, 1.853079151270266012 ) ) ;
#920 = ORIENTED_EDGE ( 'NONE', *, *, #1248, .F. ) ;
#921 = EDGE_CURVE ( 'NONE', #611, #878, #1642, .T. ) ;
#922 = CARTESIAN_POINT ( 'NONE',  ( 0.6082325308114203688, -1.902422765732724175, 2.316079151271587033 ) ) ;
#923 = VECTOR ( 'NONE', #238, 100.0000000000000000 ) ;
#924 = VERTEX_POINT ( 'NONE', #284 ) ;
#925 = AXIS2_PLACEMENT_3D ( 'NONE', #1833, #1460, #494 ) ;
#926 = LINE ( 'NONE', #2071, #618 ) ;
#927 = VECTOR ( 'NONE', #824, 100.0000000000000000 ) ;
#928 = VECTOR ( 'NONE', #1943, 100.0000000000000000 ) ;
#929 = ORIENTED_EDGE ( 'NONE', *, *, #870, .T. ) ;
#930 = DIRECTION ( 'NONE',  ( 0.000000000000000000, 0.000000000000000000, 1.000000000000000000 ) ) ;
#931 = DIRECTION ( 'NONE',  ( 1.000000000000000000, -2.220446049250000495E-16, 0.000000000000000000 ) ) ;
#932 = DIRECTION ( 'NONE',  ( 0.2593625920481770764, 0.000000000000000000, -0.9657800193864288785 ) ) ;
#933 = ORIENTED_EDGE ( 'NONE', *, *, #258, .F. ) ;
#934 = EDGE_CURVE ( 'NONE', #1534, #295, #854, .T. ) ;
#935 = CARTESIAN_POINT ( 'NONE',  ( 2.222244530810633112, -3.402422765732745269, 1.928079151269880942 ) ) ;
#936 = CARTESIAN_POINT ( 'NONE',  ( 2.349335313265158209, -3.462422765732744878, 1.454835352410969396 ) ) ;
#937 = VERTEX_POINT ( 'NONE', #1618 ) ;
#938 = CARTESIAN_POINT ( 'NONE',  ( 1.532232530810982540, -2.712422765732724006, 2.038079151270105527 ) ) ;
#939 = VERTEX_POINT ( 'NONE', #2392 ) ;
#940 = FACE_OUTER_BOUND ( 'NONE', #1892, .T. ) ;
#941 = DIRECTION ( 'NONE',  ( -2.775557561594398332E-17, 1.000000000000000000, 4.409458494846627088E-29 ) ) ;
#942 = PRODUCT_DEFINITION_CONTEXT ( 'detailed design', #2301, 'design' ) ;
#943 = ORIENTED_EDGE ( 'NONE', *, *, #1291, .F. ) ;
#944 = CARTESIAN_POINT ( 'NONE',  ( 1.432232530810891857, -1.902422765732724175, 1.982079151270265793 ) ) ;
#945 = DIRECTION ( 'NONE',  ( -3.165304382199374329E-29, 1.000000000000000000, -3.995004816858373925E-31 ) ) ;
#946 = DIRECTION ( 'NONE',  ( 3.995596893914154875E-31, 1.000000000000000000, -3.165297545488245162E-29 ) ) ;
#947 = ORIENTED_EDGE ( 'NONE', *, *, #2376, .T. ) ;
#948 = DIRECTION ( 'NONE',  ( 0.000000000000000000, 0.000000000000000000, 1.000000000000000000 ) ) ;
#949 = PLANE ( 'NONE',  #360 ) ;
#950 = VERTEX_POINT ( 'NONE', #2382 ) ;
#951 = EDGE_CURVE ( 'NONE', #510, #1134, #1289, .T. ) ;
#952 = CARTESIAN_POINT ( 'NONE',  ( 0.4610528538381955532, -1.902422765732724175, 1.148079151270919418 ) ) ;
#953 = ORIENTED_EDGE ( 'NONE', *, *, #2042, .T. ) ;
#954 = CARTESIAN_POINT ( 'NONE',  ( 0.6082325308109738371, -4.962422765732724450, 2.038079151271587008 ) ) ;
#955 = DIRECTION ( 'NONE',  ( -5.329070518200429736E-16, -1.000000000000000000, 8.546859407318822576E-28 ) ) ;
#956 = ADVANCED_FACE ( 'NONE', ( #1431 ), #260, .T. ) ;
#957 = EDGE_CURVE ( 'NONE', #911, #1161, #71, .T. ) ;
#958 = ORIENTED_EDGE ( 'NONE', *, *, #1982, .F. ) ;
#959 = VECTOR ( 'NONE', #1653, 100.0000000000000000 ) ;
#960 = DIRECTION ( 'NONE',  ( 0.9252307588678957417, 0.000000000000000000, -0.3794048534807350492 ) ) ;
#961 = DIRECTION ( 'NONE',  ( 1.000000000000000000, -2.150293412189867176E-43, -4.212891628081050476E-59 ) ) ;
#962 = LINE ( 'NONE', #1944, #204 ) ;
#963 = ORIENTED_EDGE ( 'NONE', *, *, #2217, .F. ) ;
#964 = DIRECTION ( 'NONE',  ( -1.959217102279369698E-16, -1.000000000000000000, 3.144753976324933694E-28 ) ) ;
#965 = PLANE ( 'NONE',  #1051 ) ;
#966 = EDGE_LOOP ( 'NONE', ( #1728, #862, #2162, #2142 ) ) ;
#967 = CARTESIAN_POINT ( 'NONE',  ( 0.6082325308109747253, -1.902422765732724175, 2.038079151271587008 ) ) ;
#968 = ORIENTED_EDGE ( 'NONE', *, *, #2352, .F. ) ;
#969 = CARTESIAN_POINT ( 'NONE',  ( 1.532232530811333371, -1.902422765732724175, 2.256079151270105942 ) ) ;
#970 = VERTEX_POINT ( 'NONE', #1793 ) ;
#971 = CARTESIAN_POINT ( 'NONE',  ( 0.5082325308095926308, -1.902422765732724175, 1.176079151271745227 ) ) ;
#972 = VECTOR ( 'NONE', #314, 100.0000000000000000 ) ;
#973 = EDGE_CURVE ( 'NONE', #1583, #1880, #1996, .T. ) ;
#974 = AXIS2_PLACEMENT_3D ( 'NONE', #1273, #1879, #553 ) ;
#975 = LINE ( 'NONE', #2340, #1098 ) ;
#976 = CARTESIAN_POINT ( 'NONE',  ( 0.4482325308115703844, -6.902422765732716847, 1.540079151271725344 ) ) ;
#977 = AXIS2_PLACEMENT_3D ( 'NONE', #1405, #1393, #1212 ) ;
#978 = CYLINDRICAL_SURFACE ( 'NONE', #404, 0.4500119999993033026 ) ;
#979 = ORIENTED_EDGE ( 'NONE', *, *, #2063, .F. ) ;
#980 = CIRCLE ( 'NONE', #2420, 0.5500119999993033915 ) ;
#981 = FACE_OUTER_BOUND ( 'NONE', #1250, .T. ) ;
#982 = CARTESIAN_POINT ( 'NONE',  ( 1.891233594219384306, -3.155901754805471526, 1.540079151269528657 ) ) ;
#983 = ORIENTED_EDGE ( 'NONE', *, *, #2389, .F. ) ;
#984 = CARTESIAN_POINT ( 'NONE',  ( 1.672232530810642492, -3.462422765732776408, 1.236605201892200245 ) ) ;
#985 = VERTEX_POINT ( 'NONE', #1059 ) ;
#986 = DIRECTION ( 'NONE',  ( 0.000000000000000000, 0.000000000000000000, 1.000000000000000000 ) ) ;
#987 = ADVANCED_FACE ( 'NONE', ( #250, #840, #2203, #1804, #1628 ), #2019, .F. ) ;
#988 = DIRECTION ( 'NONE',  ( 1.000000000000000000, 2.775557561562989959E-17, 5.437919842975034899E-33 ) ) ;
#989 = DIRECTION ( 'NONE',  ( -1.000000000000000000, 2.220446049250000495E-16, 1.603068372491023499E-12 ) ) ;
#990 = CARTESIAN_POINT ( 'NONE',  ( 1.336232530810277153, -2.762422765732723828, 1.600079151270420663 ) ) ;
#991 = EDGE_LOOP ( 'NONE', ( #2405, #583, #2495, #499 ) ) ;
#992 = EDGE_CURVE ( 'NONE', #1333, #510, #2403, .T. ) ;
#993 = EDGE_LOOP ( 'NONE', ( #1877, #1263, #477, #2129, #236, #261 ) ) ;
#994 = CARTESIAN_POINT ( 'NONE',  ( 1.432232530810628290, -4.962422765732724450, 1.818079151270265648 ) ) ;
#995 = FACE_OUTER_BOUND ( 'NONE', #1718, .T. ) ;
#996 = CARTESIAN_POINT ( 'NONE',  ( 1.672232530810635609, -3.402422765732745269, 1.210871791339552805 ) ) ;
#997 = CARTESIAN_POINT ( 'NONE',  ( 0.4482325308106336337, -2.280481921733644501, 2.748079151270929277 ) ) ;
#998 = DIRECTION ( 'NONE',  ( -9.695610183446549272E-17, 1.000000000000000000, 8.396644724052568724E-17 ) ) ;
#999 = CARTESIAN_POINT ( 'NONE',  ( 1.891233594218560965, -3.155901754805471526, 2.316079151269530456 ) ) ;
#1000 = ORIENTED_EDGE ( 'NONE', *, *, #1078, .F. ) ;
#1001 = AXIS2_PLACEMENT_3D ( 'NONE', #2192, #1202, #2379 ) ;
#1002 = ADVANCED_FACE ( 'NONE', ( #1608 ), #487, .T. ) ;
#1003 = CARTESIAN_POINT ( 'NONE',  ( 1.679947331866706639, -1.909263460652186106, 1.242204570878907566 ) ) ;
#1004 = ORIENTED_EDGE ( 'NONE', *, *, #1211, .T. ) ;
#1005 = ORIENTED_EDGE ( 'NONE', *, *, #2042, .F. ) ;
#1006 = APPLICATION_PROTOCOL_DEFINITION ( 'draft international standard', 'automotive_design', 1998, #2301 ) ;
#1007 = FACE_OUTER_BOUND ( 'NONE', #1957, .T. ) ;
#1008 = VECTOR ( 'NONE', #1666, 100.0000000000000000 ) ;
#1009 = ORIENTED_EDGE ( 'NONE', *, *, #594, .T. ) ;
#1010 = VECTOR ( 'NONE', #1911, 100.0000000000000000 ) ;
#1011 = ORIENTED_EDGE ( 'NONE', *, *, #1163, .T. ) ;
#1012 = VECTOR ( 'NONE', #1821, 100.0000000000000000 ) ;
#1013 = EDGE_CURVE ( 'NONE', #376, #1358, #1723, .T. ) ;
#1014 = LINE ( 'NONE', #818, #1852 ) ;
#1015 = ORIENTED_EDGE ( 'NONE', *, *, #1078, .T. ) ;
#1016 = VECTOR ( 'NONE', #475, 100.0000000000000000 ) ;
#1017 = VERTEX_POINT ( 'NONE', #344 ) ;
#1018 = EDGE_CURVE ( 'NONE', #1017, #599, #2227, .T. ) ;
#1019 = DIRECTION ( 'NONE',  ( -1.000000000000000000, 1.959217102279369698E-16, 1.609882366304660195E-12 ) ) ;
#1020 = CARTESIAN_POINT ( 'NONE',  ( 1.457232530810982363, -1.902422765732724175, 2.038079151270226319 ) ) ;
#1021 = LINE ( 'NONE', #1600, #4 ) ;
#1022 = VERTEX_POINT ( 'NONE', #2062 ) ;
#1023 = LINE ( 'NONE', #302, #1102 ) ;
#1024 = ORIENTED_EDGE ( 'NONE', *, *, #1245, .F. ) ;
#1025 = CARTESIAN_POINT ( 'NONE',  ( 1.532232530810412330, -6.902422765732716847, 1.684079151270105656 ) ) ;
#1026 = VERTEX_POINT ( 'NONE', #1296 ) ;
#1027 = ORIENTED_EDGE ( 'NONE', *, *, #1502, .T. ) ;
#1028 = EDGE_CURVE ( 'NONE', #1406, #2489, #2252, .T. ) ;
#1029 = EDGE_CURVE ( 'NONE', #1869, #566, #651, .T. ) ;
#1030 = DIRECTION ( 'NONE',  ( -6.796426993627010104E-15, 0.000000000000000000, 1.000000000000000000 ) ) ;
#1031 = EDGE_CURVE ( 'NONE', #182, #1731, #692, .T. ) ;
#1032 = DIRECTION ( 'NONE',  ( 1.000000000000000000, 0.000000000000000000, 0.000000000000000000 ) ) ;
#1033 =( LENGTH_UNIT ( ) NAMED_UNIT ( * ) SI_UNIT ( .CENTI., .METRE. ) );
#1034 = DIRECTION ( 'NONE',  ( -1.000000000000000000, 3.995004817365800739E-31, -6.813993813636900633E-15 ) ) ;
#1035 = ORIENTED_EDGE ( 'NONE', *, *, #1113, .F. ) ;
#1036 = DIRECTION ( 'NONE',  ( -1.603068372491023297E-12, -3.995004817365800739E-31, -1.000000000000000000 ) ) ;
#1037 = ORIENTED_EDGE ( 'NONE', *, *, #1277, .F. ) ;
#1038 = AXIS2_PLACEMENT_3D ( 'NONE', #1825, #103, #94 ) ;
#1039 = AXIS2_PLACEMENT_3D ( 'NONE', #2337, #1332, #2314 ) ;
#1040 = ORIENTED_EDGE ( 'NONE', *, *, #821, .T. ) ;
#1041 = ORIENTED_EDGE ( 'NONE', *, *, #216, .F. ) ;
#1042 = FACE_OUTER_BOUND ( 'NONE', #1372, .T. ) ;
#1043 = EDGE_CURVE ( 'NONE', #1528, #2001, #1732, .T. ) ;
#1044 = LINE ( 'NONE', #1203, #1137 ) ;
#1045 = VECTOR ( 'NONE', #1064, 100.0000000000000000 ) ;
#1046 = CARTESIAN_POINT ( 'NONE',  ( 1.532232530810978988, -2.114102935481797729, 2.038079151270105527 ) ) ;
#1047 = LINE ( 'NONE', #2374, #278 ) ;
#1048 = EDGE_LOOP ( 'NONE', ( #2474, #1948, #882, #968 ) ) ;
#1049 = B_SPLINE_CURVE_WITH_KNOTS ( 'NONE', 3,
 ( #1935, #1947, #827, #1189 ),
 .UNSPECIFIED., .F., .F.,
 ( 4, 4 ),
 ( 0.000000000000000000, 1.000000000000000000 ),
 .UNSPECIFIED. ) ;
#1050 = CARTESIAN_POINT ( 'NONE',  ( 2.349335313265159098, -3.402422765732745269, 1.454835352410969396 ) ) ;
#1051 = AXIS2_PLACEMENT_3D ( 'NONE', #370, #1558, #1148 ) ;
#1052 = VERTEX_POINT ( 'NONE', #2280 ) ;
#1053 = DIRECTION ( 'NONE',  ( -1.959217102279369698E-16, -1.000000000000000000, 3.144753976324933694E-28 ) ) ;
#1054 =( BOUNDED_CURVE ( )  B_SPLINE_CURVE ( 3, ( #1339, #574, #38, #2120 ),
 .UNSPECIFIED., .F., .F. ) 
 B_SPLINE_CURVE_WITH_KNOTS ( ( 4, 4 ),
 ( 4.712388980369094149, 6.283185307179586232 ),
 .UNSPECIFIED. ) 
 CURVE ( )  GEOMETRIC_REPRESENTATION_ITEM ( )  RATIONAL_B_SPLINE_CURVE ( ( 1.000000000000000000, 0.8047378541206891001, 0.8047378541206891001, 1.000000000000000000 ) ) 
 REPRESENTATION_ITEM ( '' )  );
#1055 = DIRECTION ( 'NONE',  ( 1.000000000000000000, -1.959217102279369698E-16, -1.603068372491023297E-12 ) ) ;
#1056 = VECTOR ( 'NONE', #868, 100.0000000000000000 ) ;
#1057 = VECTOR ( 'NONE', #1404, 100.0000000000000142 ) ;
#1058 = ORIENTED_EDGE ( 'NONE', *, *, #1668, .T. ) ;
#1059 = CARTESIAN_POINT ( 'NONE',  ( 1.672232530810633611, -6.962422765732716456, 2.748079151270929277 ) ) ;
#1060 = CARTESIAN_POINT ( 'NONE',  ( 0.4457747480514773764, -1.902422765732744381, 3.108068249449597698 ) ) ;
#1061 = ORIENTED_EDGE ( 'NONE', *, *, #1783, .F. ) ;
#1062 = EDGE_CURVE ( 'NONE', #662, #1802, #281, .T. ) ;
#1063 = LINE ( 'NONE', #276, #1012 ) ;
#1064 = DIRECTION ( 'NONE',  ( -1.000000000000000000, 1.959217102279369698E-16, 1.603068372491023297E-12 ) ) ;
#1065 = VERTEX_POINT ( 'NONE', #152 ) ;
#1066 = CARTESIAN_POINT ( 'NONE',  ( 1.432232530810718218, -6.902422765732716847, 1.874079151270265697 ) ) ;
#1067 = DIRECTION ( 'NONE',  ( -5.329070518200429736E-16, -1.000000000000000000, 8.546859407318822576E-28 ) ) ;
#1068 = ORIENTED_EDGE ( 'NONE', *, *, #1145, .T. ) ;
#1069 = CARTESIAN_POINT ( 'NONE',  ( 1.532232530810626159, -2.114102935481797729, 1.818079151271586813 ) ) ;
#1070 = CARTESIAN_POINT ( 'NONE',  ( 1.532232530811328264, -3.155901754805471526, 2.256079151270105942 ) ) ;
#1071 = CARTESIAN_POINT ( 'NONE',  ( 0.5082325308105238859, -2.762422765732723828, 1.757079151271747408 ) ) ;
#1072 = DIRECTION ( 'NONE',  ( -1.000000000000000000, 1.959217102279369698E-16, 1.603068372491023297E-12 ) ) ;
#1073 = ORIENTED_EDGE ( 'NONE', *, *, #1397, .F. ) ;
#1074 = FACE_OUTER_BOUND ( 'NONE', #538, .T. ) ;
#1075 = CARTESIAN_POINT ( 'NONE',  ( 2.222244530810633112, -3.462422765732744878, 1.478067151270577861 ) ) ;
#1076 = DIRECTION ( 'NONE',  ( -1.602749865885598077E-12, 0.000000000000000000, -1.000000000000000000 ) ) ;
#1077 = ORIENTED_EDGE ( 'NONE', *, *, #2212, .T. ) ;
#1078 = EDGE_CURVE ( 'NONE', #1637, #1358, #1684, .T. ) ;
#1079 = EDGE_CURVE ( 'NONE', #1161, #1824, #926, .T. ) ;
#1080 = AXIS2_PLACEMENT_3D ( 'NONE', #1081, #1839, #113 ) ;
#1081 = CARTESIAN_POINT ( 'NONE',  ( 0.4482325308106336337, -6.962422765732716456, 2.748079151270929277 ) ) ;
#1082 = ORIENTED_EDGE ( 'NONE', *, *, #1997, .F. ) ;
#1083 = DIRECTION ( 'NONE',  ( -1.602749865885598077E-12, 0.000000000000000000, -1.000000000000000000 ) ) ;
#1084 = DIRECTION ( 'NONE',  ( -1.603068372491023297E-12, -3.995004817365800739E-31, -1.000000000000000000 ) ) ;
#1085 = DIRECTION ( 'NONE',  ( -1.959217102279369698E-16, -1.000000000000000000, 3.144753976324933694E-28 ) ) ;
#1086 = ORIENTED_EDGE ( 'NONE', *, *, #2111, .F. ) ;
#1087 = FACE_OUTER_BOUND ( 'NONE', #2164, .T. ) ;
#1088 = LINE ( 'NONE', #532, #450 ) ;
#1089 = DIRECTION ( 'NONE',  ( -6.813993813636900633E-15, -1.959217102279369698E-16, 1.000000000000000000 ) ) ;
#1090 = AXIS2_PLACEMENT_3D ( 'NONE', #2039, #2026, #1076 ) ;
#1091 = EDGE_LOOP ( 'NONE', ( #1283, #1691, #963, #58 ) ) ;
#1092 = AXIS2_PLACEMENT_3D ( 'NONE', #1867, #1506, #1654 ) ;
#1093 = SURFACE_STYLE_FILL_AREA ( #885 ) ;
#1094 = PRODUCT_DEFINITION_FORMATION_WITH_SPECIFIED_SOURCE ( 'ANY', '', #1619, .NOT_KNOWN. ) ;
#1095 = VECTOR ( 'NONE', #2432, 100.0000000000000000 ) ;
#1096 = EDGE_CURVE ( 'NONE', #815, #638, #1638, .T. ) ;
#1097 = ORIENTED_EDGE ( 'NONE', *, *, #1822, .F. ) ;
#1098 = VECTOR ( 'NONE', #2134, 100.0000000000000000 ) ;
#1099 = CARTESIAN_POINT ( 'NONE',  ( 1.644877574853891966, -6.962422765732716456, 1.172486256669080351 ) ) ;
#1100 = LINE ( 'NONE', #1070, #2346 ) ;
#1101 = EDGE_CURVE ( 'NONE', #924, #666, #1774, .T. ) ;
#1102 = VECTOR ( 'NONE', #1834, 100.0000000000000000 ) ;
#1103 = CARTESIAN_POINT ( 'NONE',  ( 1.532232530811328264, -2.114102935481797729, 2.256079151270105942 ) ) ;
#1104 = ORIENTED_EDGE ( 'NONE', *, *, #1838, .T. ) ;
#1105 = CARTESIAN_POINT ( 'NONE',  ( 1.736215259456853621, -2.866422765732724365, 1.148079151270929410 ) ) ;
#1106 = CARTESIAN_POINT ( 'NONE',  ( 1.592232530810633762, -2.958422765732743986, 2.828079151270928904 ) ) ;
#1107 = CARTESIAN_POINT ( 'NONE',  ( 2.364897068788139656, -3.402422765732745269, 1.396888551247446486 ) ) ;
#1108 = ORIENTED_EDGE ( 'NONE', *, *, #1626, .F. ) ;
#1109 = LINE ( 'NONE', #1864, #513 ) ;
#1110 = ORIENTED_EDGE ( 'NONE', *, *, #318, .F. ) ;
#1111 = LINE ( 'NONE', #2267, #959 ) ;
#1112 = LINE ( 'NONE', #742, #1849 ) ;
#1113 = EDGE_CURVE ( 'NONE', #1936, #1693, #1100, .T. ) ;
#1114 = EDGE_CURVE ( 'NONE', #2423, #1637, #1136, .T. ) ;
#1115 = ORIENTED_EDGE ( 'NONE', *, *, #1538, .F. ) ;
#1116 = DIRECTION ( 'NONE',  ( -1.000000000000000000, 4.322097740251499838E-31, -6.980944644407601891E-15 ) ) ;
#1117 = DIRECTION ( 'NONE',  ( 1.603068372491023297E-12, 3.995004817365800739E-31, 1.000000000000000000 ) ) ;
#1118 = LINE ( 'NONE', #746, #2006 ) ;
#1119 = VERTEX_POINT ( 'NONE', #1856 ) ;
#1120 = DIRECTION ( 'NONE',  ( -1.603068372491023499E-12, -3.995004817365801615E-31, -1.000000000000000000 ) ) ;
#1121 = ORIENTED_EDGE ( 'NONE', *, *, #1377, .T. ) ;
#1122 = DIRECTION ( 'NONE',  ( -1.000000000000000000, 2.220446049250000002E-16, 1.603068372491023297E-12 ) ) ;
#1123 = CARTESIAN_POINT ( 'NONE',  ( 2.364897068788229806, -1.962422765732743990, 1.396888551247110311 ) ) ;
#1124 = ORIENTED_EDGE ( 'NONE', *, *, #1146, .T. ) ;
#1125 = EDGE_CURVE ( 'NONE', #1895, #1186, #1112, .T. ) ;
#1126 = DIRECTION ( 'NONE',  ( 2.775557561568886078E-17, -1.000000000000000000, -1.591489427502099165E-16 ) ) ;
#1127 = DIRECTION ( 'NONE',  ( -1.000000000000000000, 1.959217102279369698E-16, 1.603068372491023297E-12 ) ) ;
#1128 = ORIENTED_EDGE ( 'NONE', *, *, #180, .F. ) ;
#1129 = DIRECTION ( 'NONE',  ( 1.000000000000000000, -1.959217102279369698E-16, -1.603068372491023297E-12 ) ) ;
#1130 = DIRECTION ( 'NONE',  ( 0.9252307588678959638, 1.000139600523897925E-16, -0.3794048534807341611 ) ) ;
#1131 = ORIENTED_EDGE ( 'NONE', *, *, #1443, .F. ) ;
#1132 = VECTOR ( 'NONE', #1661, 100.0000000000000000 ) ;
#1133 = ORIENTED_EDGE ( 'NONE', *, *, #1430, .F. ) ;
#1134 = VERTEX_POINT ( 'NONE', #1844 ) ;
#1135 = CIRCLE ( 'NONE', #2185, 0.07999999999999998779 ) ;
#1136 = CIRCLE ( 'NONE', #572, 0.08000000000000009881 ) ;
#1137 = VECTOR ( 'NONE', #832, 100.0000000000000000 ) ;
#1138 = VECTOR ( 'NONE', #349, 100.0000000000000000 ) ;
#1139 = ORIENTED_EDGE ( 'NONE', *, *, #1810, .T. ) ;
#1140 = CARTESIAN_POINT ( 'NONE',  ( 1.592232530810633762, -1.962422765732721786, 2.828079151270928904 ) ) ;
#1141 = DIRECTION ( 'NONE',  ( -2.220446049250000495E-16, -1.000000000000000000, 3.559966653165916295E-28 ) ) ;
#1142 = CARTESIAN_POINT ( 'NONE',  ( 1.891233594218560965, -3.462422765732744878, 2.316079151269530456 ) ) ;
#1143 = EDGE_CURVE ( 'NONE', #380, #376, #142, .T. ) ;
#1144 = EDGE_LOOP ( 'NONE', ( #585, #1816, #1237, #1627 ) ) ;
#1145 = EDGE_CURVE ( 'NONE', #2435, #1761, #1378, .T. ) ;
#1146 = EDGE_CURVE ( 'NONE', #392, #171, #1493, .T. ) ;
#1147 = DIRECTION ( 'NONE',  ( 2.220446049250000495E-16, 1.000000000000000000, -3.559259889859384794E-28 ) ) ;
#1148 = DIRECTION ( 'NONE',  ( -2.220446049250000002E-16, -1.000000000000000000, 3.574656940018424056E-28 ) ) ;
#1149 = ORIENTED_EDGE ( 'NONE', *, *, #2023, .T. ) ;
#1150 = CARTESIAN_POINT ( 'NONE',  ( 2.222244530810633112, -1.902422765732743937, 1.928079151269880942 ) ) ;
#1151 = ORIENTED_EDGE ( 'NONE', *, *, #2480, .T. ) ;
#1152 = CARTESIAN_POINT ( 'NONE',  ( 1.432232530811488713, -1.962422765732723784, 2.360079151270266351 ) ) ;
#1153 = LINE ( 'NONE', #197, #1486 ) ;
#1154 = VERTEX_POINT ( 'NONE', #1304 ) ;
#1155 = CARTESIAN_POINT ( 'NONE',  ( 0.5082325308106216966, -1.902422765732724175, 1.818079151271747351 ) ) ;
#1156 = CARTESIAN_POINT ( 'NONE',  ( 0.5082325308114893359, -6.562422765732716101, 2.304369482156566118 ) ) ;
#1157 = DIRECTION ( 'NONE',  ( 0.000000000000000000, 0.000000000000000000, 1.000000000000000000 ) ) ;
#1158 = ORIENTED_EDGE ( 'NONE', *, *, #822, .T. ) ;
#1159 = PLANE ( 'NONE',  #640 ) ;
#1160 = PLANE ( 'NONE',  #1974 ) ;
#1161 = VERTEX_POINT ( 'NONE', #132 ) ;
#1162 = EDGE_CURVE ( 'NONE', #1561, #423, #770, .T. ) ;
#1163 = EDGE_CURVE ( 'NONE', #295, #36, #118, .T. ) ;
#1164 = LINE ( 'NONE', #1103, #363 ) ;
#1165 = ORIENTED_EDGE ( 'NONE', *, *, #708, .F. ) ;
#1166 = FACE_OUTER_BOUND ( 'NONE', #1310, .T. ) ;
#1167 = LINE ( 'NONE', #375, #2178 ) ;
#1168 = LINE ( 'NONE', #28, #1416 ) ;
#1169 = CARTESIAN_POINT ( 'NONE',  ( 1.532232530811500792, -6.902422765732716847, 2.360079151270105591 ) ) ;
#1170 = LINE ( 'NONE', #18, #2255 ) ;
#1171 = ORIENTED_EDGE ( 'NONE', *, *, #2043, .F. ) ;
#1172 = DIRECTION ( 'NONE',  ( -1.959217102279369698E-16, -1.000000000000000000, 3.144753976324933694E-28 ) ) ;
#1173 = CARTESIAN_POINT ( 'NONE',  ( 1.649732022798428011, -1.902422765732744381, 2.692457137453146743 ) ) ;
#1174 = ORIENTED_EDGE ( 'NONE', *, *, #1523, .F. ) ;
#1175 = DIRECTION ( 'NONE',  ( 3.995004817367950856E-31, 1.000000000000000000, -3.165304382199309869E-29 ) ) ;
#1176 = ORIENTED_EDGE ( 'NONE', *, *, #1018, .F. ) ;
#1177 = DIRECTION ( 'NONE',  ( 0.000000000000000000, -3.165304382199310430E-29, -1.000000000000000000 ) ) ;
#1178 = ADVANCED_FACE ( 'NONE', ( #714 ), #1563, .T. ) ;
#1179 = VECTOR ( 'NONE', #419, 100.0000000000000000 ) ;
#1180 = AXIS2_PLACEMENT_3D ( 'NONE', #203, #787, #2355 ) ;
#1181 = CIRCLE ( 'NONE', #1219, 0.05999999999999983125 ) ;
#1182 = CARTESIAN_POINT ( 'NONE',  ( 1.648801073305557141, -6.962422765732716456, 2.804647693765853322 ) ) ;
#1183 = CARTESIAN_POINT ( 'NONE',  ( 1.552232530811333389, -2.762422765732723828, 2.256079151270073968 ) ) ;
#1184 = CIRCLE ( 'NONE', #2417, 0.05999999999999983125 ) ;
#1185 = CARTESIAN_POINT ( 'NONE',  ( 0.5582325308108846418, -3.462422765732724006, 1.982079151271666895 ) ) ;
#1186 = VERTEX_POINT ( 'NONE', #1193 ) ;
#1187 = AXIS2_PLACEMENT_3D ( 'NONE', #1156, #1765, #427 ) ;
#1188 = ORIENTED_EDGE ( 'NONE', *, *, #1966, .F. ) ;
#1189 = CARTESIAN_POINT ( 'NONE',  ( 0.4482325308106329120, -2.958422765732743986, 2.828079151270928904 ) ) ;
#1190 = ORIENTED_EDGE ( 'NONE', *, *, #2059, .T. ) ;
#1191 = LINE ( 'NONE', #1549, #915 ) ;
#1192 = VERTEX_POINT ( 'NONE', #587 ) ;
#1193 = CARTESIAN_POINT ( 'NONE',  ( 1.532232530810714977, -6.902422765732715959, 1.874079151270105381 ) ) ;
#1194 = EDGE_CURVE ( 'NONE', #937, #1328, #2119, .T. ) ;
#1195 = CARTESIAN_POINT ( 'NONE',  ( 0.6082325308114199247, -2.762422765732723828, 2.316079151271587033 ) ) ;
#1196 = CARTESIAN_POINT ( 'NONE',  ( 1.672232530811710749, -3.155901754805471526, 1.818079151271362326 ) ) ;
#1197 = CARTESIAN_POINT ( 'NONE',  ( 1.532232530810891946, -1.902422765732724175, 1.982079151270105699 ) ) ;
#1198 = ORIENTED_EDGE ( 'NONE', *, *, #231, .T. ) ;
#1199 = DIRECTION ( 'NONE',  ( -1.959217102279369698E-16, -1.000000000000000000, 3.154109064722071031E-28 ) ) ;
#1200 = ORIENTED_EDGE ( 'NONE', *, *, #903, .T. ) ;
#1201 = CARTESIAN_POINT ( 'NONE',  ( 1.891233594218464598, -3.155901754805471526, 2.256079151269530847 ) ) ;
#1202 = DIRECTION ( 'NONE',  ( 3.906496303164600132E-31, 1.000000000000000000, -3.165845295199385078E-29 ) ) ;
#1203 = CARTESIAN_POINT ( 'NONE',  ( 1.432232530810718218, -1.962422765732723784, 1.874079151270265697 ) ) ;
#1204 = VECTOR ( 'NONE', #1388, 100.0000000000000142 ) ;
#1205 = DIRECTION ( 'NONE',  ( -1.603068372491023297E-12, -3.995004817365800739E-31, -1.000000000000000000 ) ) ;
#1206 = CARTESIAN_POINT ( 'NONE',  ( 1.532232530810181403, -6.902422765732716847, 1.540079151271725344 ) ) ;
#1207 = ORIENTED_EDGE ( 'NONE', *, *, #2318, .F. ) ;
#1208 = EDGE_CURVE ( 'NONE', #1647, #497, #2479, .T. ) ;
#1209 = AXIS2_PLACEMENT_3D ( 'NONE', #935, #1544, #948 ) ;
#1210 = ORIENTED_EDGE ( 'NONE', *, *, #1418, .T. ) ;
#1211 = EDGE_CURVE ( 'NONE', #293, #794, #1520, .T. ) ;
#1212 = DIRECTION ( 'NONE',  ( -1.609882366304660195E-12, 9.355088397137501139E-31, -1.000000000000000000 ) ) ;
#1213 = ORIENTED_EDGE ( 'NONE', *, *, #2493, .F. ) ;
#1214 = DIRECTION ( 'NONE',  ( -1.959217102279369698E-16, -1.000000000000000000, 3.144753976324933694E-28 ) ) ;
#1215 = VECTOR ( 'NONE', #462, 100.0000000000000000 ) ;
#1216 = DIRECTION ( 'NONE',  ( -0.9904444530330245300, 0.000000000000000000, -0.1379122382390803869 ) ) ;
#1217 = DIRECTION ( 'NONE',  ( 1.000000000000000000, -1.959217102279369698E-16, -1.603068372491023297E-12 ) ) ;
#1218 = DIRECTION ( 'NONE',  ( 1.000000000000000000, 0.000000000000000000, 0.000000000000000000 ) ) ;
#1219 = AXIS2_PLACEMENT_3D ( 'NONE', #736, #1500, #2275 ) ;
#1220 = ORIENTED_EDGE ( 'NONE', *, *, #1013, .T. ) ;
#1221 = VECTOR ( 'NONE', #348, 100.0000000000000000 ) ;
#1222 = EDGE_CURVE ( 'NONE', #2110, #2395, #1167, .T. ) ;
#1223 = DIRECTION ( 'NONE',  ( 9.695610183446518458E-17, 1.000000000000000000, 8.396644724052709240E-17 ) ) ;
#1224 = VECTOR ( 'NONE', #202, 100.0000000000000000 ) ;
#1225 = PRODUCT_RELATED_PRODUCT_CATEGORY ( 'part', '', ( #1619 ) ) ;
#1226 = EDGE_CURVE ( 'NONE', #223, #939, #1153, .T. ) ;
#1227 = DIRECTION ( 'NONE',  ( -1.000000000000000000, 2.220446049250000002E-16, 1.603068372491023297E-12 ) ) ;
#1228 = EDGE_LOOP ( 'NONE', ( #2067, #547, #1635, #2105 ) ) ;
#1229 = EDGE_LOOP ( 'NONE', ( #5, #2254, #703, #737 ) ) ;
#1230 = DIRECTION ( 'NONE',  ( -2.775557561594400181E-17, 1.000000000000000000, 4.450841770611479450E-29 ) ) ;
#1231 = DIRECTION ( 'NONE',  ( 9.695610183446549272E-17, -1.000000000000000000, -8.396644724052568724E-17 ) ) ;
#1232 = CARTESIAN_POINT ( 'NONE',  ( 1.648801073305557141, -2.280481921733644501, 2.804647693765853322 ) ) ;
#1233 = DIRECTION ( 'NONE',  ( -2.775557561562990575E-17, 1.000000000000000000, 1.959217102279369698E-16 ) ) ;
#1234 = ORIENTED_EDGE ( 'NONE', *, *, #2363, .T. ) ;
#1235 = PLANE ( 'NONE',  #367 ) ;
#1236 = ORIENTED_EDGE ( 'NONE', *, *, #89, .F. ) ;
#1237 = ORIENTED_EDGE ( 'NONE', *, *, #381, .F. ) ;
#1238 = EDGE_CURVE ( 'NONE', #550, #1401, #1909, .T. ) ;
#1239 = CARTESIAN_POINT ( 'NONE',  ( 2.222244530810633112, -2.114102935481797729, 1.928079151269880942 ) ) ;
#1240 = CARTESIAN_POINT ( 'NONE',  ( 2.222244530810633112, -1.962422765732743990, 1.928079151269880942 ) ) ;
#1241 = VERTEX_POINT ( 'NONE', #808 ) ;
#1242 = LINE ( 'NONE', #1435, #1689 ) ;
#1243 = DIRECTION ( 'NONE',  ( -1.603068372491023297E-12, -3.995004817365800739E-31, -1.000000000000000000 ) ) ;
#1244 = EDGE_LOOP ( 'NONE', ( #2100, #2085, #1200, #1485, #1581, #2294, #127, #1859, #330, #983, #1384, #1767 ) ) ;
#1245 = EDGE_CURVE ( 'NONE', #2015, #858, #1720, .T. ) ;
#1246 = CYLINDRICAL_SURFACE ( 'NONE', #2380, 0.05999999999999990064 ) ;
#1247 = DIRECTION ( 'NONE',  ( 2.220446049250000248E-16, 1.000000000000000000, -3.559259889883572775E-28 ) ) ;
#1248 = EDGE_CURVE ( 'NONE', #2229, #2040, #784, .T. ) ;
#1249 = FACE_OUTER_BOUND ( 'NONE', #98, .T. ) ;
#1250 = EDGE_LOOP ( 'NONE', ( #1011, #1234, #1667, #75 ) ) ;
#1251 = AXIS2_PLACEMENT_3D ( 'NONE', #1740, #424, #471 ) ;
#1252 = LINE ( 'NONE', #2171, #1453 ) ;
#1253 = VECTOR ( 'NONE', #2103, 100.0000000000000000 ) ;
#1254 = ORIENTED_EDGE ( 'NONE', *, *, #1982, .T. ) ;
#1255 = VECTOR ( 'NONE', #1085, 100.0000000000000000 ) ;
#1256 = AXIS2_PLACEMENT_3D ( 'NONE', #2121, #589, #378 ) ;
#1257 = ORIENTED_EDGE ( 'NONE', *, *, #504, .F. ) ;
#1258 = CARTESIAN_POINT ( 'NONE',  ( 1.532232530810277105, -2.114102935481797729, 1.600079151270104916 ) ) ;
#1259 = CARTESIAN_POINT ( 'NONE',  ( 1.672232530810633611, -1.962422765732744434, 2.748079151270929277 ) ) ;
#1260 = DIRECTION ( 'NONE',  ( -9.695610337554099168E-17, -1.000000000000000000, -8.396644857513789699E-17 ) ) ;
#1261 = APPLICATION_PROTOCOL_DEFINITION ( 'draft international standard', 'automotive_design', 1998, #2167 ) ;
#1262 = FACE_OUTER_BOUND ( 'NONE', #2292, .T. ) ;
#1263 = ORIENTED_EDGE ( 'NONE', *, *, #2376, .F. ) ;
#1264 = EDGE_CURVE ( 'NONE', #666, #924, #814, .T. ) ;
#1265 = ADVANCED_FACE ( 'NONE', ( #2339 ), #612, .T. ) ;
#1266 = CYLINDRICAL_SURFACE ( 'NONE', #445, 0.2800000000000001377 ) ;
#1267 = DIRECTION ( 'NONE',  ( -0.6546536707079716466, 0.000000000000000000, -0.7559289460184592802 ) ) ;
#1268 = PLANE ( 'NONE',  #1090 ) ;
#1269 = VERTEX_POINT ( 'NONE', #22 ) ;
#1270 = LINE ( 'NONE', #1025, #580 ) ;
#1271 = CARTESIAN_POINT ( 'NONE',  ( 1.552232530811333389, -1.902422765732724175, 2.256079151270073968 ) ) ;
#1272 = ORIENTED_EDGE ( 'NONE', *, *, #872, .F. ) ;
#1273 = CARTESIAN_POINT ( 'NONE',  ( 0.4610528538381948316, -6.962422765732716456, 1.248079151270917952 ) ) ;
#1274 = CARTESIAN_POINT ( 'NONE',  ( 0.5082325308114893359, -6.962422765732716456, 2.304369482156566118 ) ) ;
#1275 = ORIENTED_EDGE ( 'NONE', *, *, #2298, .F. ) ;
#1276 = CARTESIAN_POINT ( 'NONE',  ( 0.5082325308097850325, -1.902422765732724175, 1.296079151271745555 ) ) ;
#1277 = EDGE_CURVE ( 'NONE', #1358, #750, #563, .T. ) ;
#1278 = ORIENTED_EDGE ( 'NONE', *, *, #1769, .T. ) ;
#1279 = DIRECTION ( 'NONE',  ( -2.775557561594398332E-17, 1.000000000000000000, 4.409458494846627088E-29 ) ) ;
#1280 = ORIENTED_EDGE ( 'NONE', *, *, #1918, .F. ) ;
#1281 = FACE_BOUND ( 'NONE', #2477, .T. ) ;
#1282 = DIRECTION ( 'NONE',  ( 0.000000000000000000, 0.000000000000000000, 1.000000000000000000 ) ) ;
#1283 = ORIENTED_EDGE ( 'NONE', *, *, #2248, .F. ) ;
#1284 = PLANE ( 'NONE',  #1414 ) ;
#1285 = PLANE ( 'NONE',  #693 ) ;
#1286 = FACE_BOUND ( 'NONE', #2202, .T. ) ;
#1287 = AXIS2_PLACEMENT_3D ( 'NONE', #224, #1562, #1690 ) ;
#1288 = VERTEX_POINT ( 'NONE', #2473 ) ;
#1289 = CIRCLE ( 'NONE', #154, 0.1000000000000001443 ) ;
#1290 = VECTOR ( 'NONE', #1130, 100.0000000000000142 ) ;
#1291 = EDGE_CURVE ( 'NONE', #192, #1712, #1346, .T. ) ;
#1292 = EDGE_CURVE ( 'NONE', #706, #288, #2289, .T. ) ;
#1293 = ORIENTED_EDGE ( 'NONE', *, *, #833, .F. ) ;
#1294 = VECTOR ( 'NONE', #372, 100.0000000000000000 ) ;
#1295 = DIRECTION ( 'NONE',  ( -1.000000000000000000, 2.220446049250000495E-16, 1.603068372491023499E-12 ) ) ;
#1296 = CARTESIAN_POINT ( 'NONE',  ( 1.592219503763975696, -1.902422765732744381, 2.828079151270930236 ) ) ;
#1297 = VECTOR ( 'NONE', #786, 100.0000000000000000 ) ;
#1298 = ORIENTED_EDGE ( 'NONE', *, *, #649, .T. ) ;
#1299 = DIRECTION ( 'NONE',  ( -0.000000000000000000, -0.000000000000000000, -1.000000000000000000 ) ) ;
#1300 = CARTESIAN_POINT ( 'NONE',  ( 0.4610528538381955532, -1.962422765732723118, 1.148079151270919418 ) ) ;
#1301 = ORIENTED_EDGE ( 'NONE', *, *, #2460, .F. ) ;
#1302 = CARTESIAN_POINT ( 'NONE',  ( 0.4482325308106329120, -2.958422765732743986, 2.828079151270928904 ) ) ;
#1303 = VERTEX_POINT ( 'NONE', #582 ) ;
#1304 = CARTESIAN_POINT ( 'NONE',  ( 0.3682325308106372819, -1.902422765732724175, 1.210871791339584558 ) ) ;
#1305 = ADVANCED_FACE ( 'NONE', ( #2097 ), #965, .T. ) ;
#1306 = EDGE_LOOP ( 'NONE', ( #2453, #1896, #1278, #2060, #648, #1040, #1236, #415 ) ) ;
#1307 = FACE_OUTER_BOUND ( 'NONE', #1715, .T. ) ;
#1308 = CARTESIAN_POINT ( 'NONE',  ( 0.4482325308106336337, -2.280481921733644501, 2.748079151270929277 ) ) ;
#1309 = CARTESIAN_POINT ( 'NONE',  ( 1.503717333480144136, -1.962422765732743990, 1.227742570703165281 ) ) ;
#1310 = EDGE_LOOP ( 'NONE', ( #2199, #1077, #655, #520, #184, #1005, #1463, #1446, #1542, #2387, #920, #319 ) ) ;
#1311 = PLANE ( 'NONE',  #557 ) ;
#1312 = FACE_OUTER_BOUND ( 'NONE', #1781, .T. ) ;
#1313 = ORIENTED_EDGE ( 'NONE', *, *, #2494, .F. ) ;
#1314 = VERTEX_POINT ( 'NONE', #2114 ) ;
#1315 = FACE_OUTER_BOUND ( 'NONE', #2368, .T. ) ;
#1316 = VERTEX_POINT ( 'NONE', #396 ) ;
#1317 = DIRECTION ( 'NONE',  ( 0.000000000000000000, 0.000000000000000000, 1.000000000000000000 ) ) ;
#1318 = VECTOR ( 'NONE', #2080, 100.0000000000000000 ) ;
#1319 = EDGE_CURVE ( 'NONE', #1731, #1316, #1448, .T. ) ;
#1320 = ORIENTED_EDGE ( 'NONE', *, *, #1226, .F. ) ;
#1321 = ADVANCED_FACE ( 'NONE', ( #1312 ), #166, .F. ) ;
#1322 = DIRECTION ( 'NONE',  ( 1.000000000000000000, 0.000000000000000000, -1.603068372491023297E-12 ) ) ;
#1323 = CARTESIAN_POINT ( 'NONE',  ( 0.5202325308101766188, -2.477969723239863864, 1.540079151271726232 ) ) ;
#1324 = FACE_OUTER_BOUND ( 'NONE', #2087, .T. ) ;
#1325 = ORIENTED_EDGE ( 'NONE', *, *, #1556, .F. ) ;
#1326 = DIRECTION ( 'NONE',  ( 1.603068372491023297E-12, 3.995004817365800739E-31, 1.000000000000000000 ) ) ;
#1327 = DIRECTION ( 'NONE',  ( 9.695610337554099168E-17, 1.000000000000000000, 8.396644857513789699E-17 ) ) ;
#1328 = VERTEX_POINT ( 'NONE', #596 ) ;
#1329 = VECTOR ( 'NONE', #2371, 100.0000000000000000 ) ;
#1330 = PLANE ( 'NONE',  #2012 ) ;
#1331 = ORIENTED_EDGE ( 'NONE', *, *, #1125, .T. ) ;
#1332 = DIRECTION ( 'NONE',  ( -1.602852795204688366E-12, -4.417367523616270103E-31, -1.000000000000000000 ) ) ;
#1333 = VERTEX_POINT ( 'NONE', #1714 ) ;
#1334 = VECTOR ( 'NONE', #941, 100.0000000000000000 ) ;
#1335 = DIRECTION ( 'NONE',  ( 1.603068372491023297E-12, 3.995004817365800739E-31, 1.000000000000000000 ) ) ;
#1336 = VECTOR ( 'NONE', #1516, 100.0000000000000000 ) ;
#1337 = VECTOR ( 'NONE', #456, 100.0000000000000000 ) ;
#1338 = ORIENTED_EDGE ( 'NONE', *, *, #2147, .T. ) ;
#1339 = CARTESIAN_POINT ( 'NONE',  ( 1.672232530813098306, -3.462422765732744878, 2.683230464145188954 ) ) ;
#1340 = DIRECTION ( 'NONE',  ( -0.6546536707079716466, 0.000000000000000000, -0.7559289460184592802 ) ) ;
#1341 = CYLINDRICAL_SURFACE ( 'NONE', #842, 0.05999999999999998390 ) ;
#1342 = ADVANCED_FACE ( 'NONE', ( #383 ), #949, .F. ) ;
#1343 = ORIENTED_EDGE ( 'NONE', *, *, #1721, .F. ) ;
#1344 = ADVANCED_FACE ( 'NONE', ( #1748 ), #1160, .T. ) ;
#1345 = CARTESIAN_POINT ( 'NONE',  ( 1.432232530810988447, -4.962422765732724450, 2.042079151270265847 ) ) ;
#1346 = LINE ( 'NONE', #1916, #2095 ) ;
#1347 = VERTEX_POINT ( 'NONE', #8 ) ;
#1348 = DIRECTION ( 'NONE',  ( -3.697785493223492838E-32, -1.000000000000000000, -1.964077167824584190E-16 ) ) ;
#1349 = VERTEX_POINT ( 'NONE', #936 ) ;
#1350 = DIRECTION ( 'NONE',  ( -3.165304382199374329E-29, 1.000000000000000000, -3.995004816858373925E-31 ) ) ;
#1351 = CARTESIAN_POINT ( 'NONE',  ( 0.6082325308109292061, -6.902422765732716847, 2.038079151270265843 ) ) ;
#1352 = DIRECTION ( 'NONE',  ( -1.000000000000000000, 0.000000000000000000, 0.000000000000000000 ) ) ;
#1353 = DIRECTION ( 'NONE',  ( -3.165304382199374329E-29, 1.000000000000000000, -3.995004816858373925E-31 ) ) ;
#1354 = ORIENTED_EDGE ( 'NONE', *, *, #44, .T. ) ;
#1355 = ADVANCED_FACE ( 'NONE', ( #549 ), #779, .T. ) ;
#1356 = PLANE ( 'NONE',  #837 ) ;
#1357 = DIRECTION ( 'NONE',  ( -0.9252307588678959638, -7.451804100833413420E-17, 0.3794048534807341055 ) ) ;
#1358 = VERTEX_POINT ( 'NONE', #1173 ) ;
#1359 = EDGE_CURVE ( 'NONE', #1192, #2165, #1181, .T. ) ;
#1360 = CARTESIAN_POINT ( 'NONE',  ( 0.5082325308106209194, -6.562422765732716101, 1.540079151271725344 ) ) ;
#1361 = ORIENTED_EDGE ( 'NONE', *, *, #608, .F. ) ;
#1362 = CARTESIAN_POINT ( 'NONE',  ( 1.592232530810633762, -2.958422765732743986, 2.828079151270928904 ) ) ;
#1363 = ORIENTED_EDGE ( 'NONE', *, *, #316, .T. ) ;
#1364 =( GEOMETRIC_REPRESENTATION_CONTEXT ( 3 ) GLOBAL_UNCERTAINTY_ASSIGNED_CONTEXT ( ( #541 ) ) GLOBAL_UNIT_ASSIGNED_CONTEXT ( ( #2262, #1452, #1438 ) ) REPRESENTATION_CONTEXT ( 'NONE', 'WORKASPACE' ) );
#1365 = LINE ( 'NONE', #389, #159 ) ;
#1366 = LINE ( 'NONE', #1196, #657 ) ;
#1367 = DIRECTION ( 'NONE',  ( 1.000000000000000000, 0.000000000000000000, -1.603068372491023297E-12 ) ) ;
#1368 = ORIENTED_EDGE ( 'NONE', *, *, #1795, .F. ) ;
#1369 = ORIENTED_EDGE ( 'NONE', *, *, #1841, .T. ) ;
#1370 = AXIS2_PLACEMENT_3D ( 'NONE', #2272, #1484, #733 ) ;
#1371 = PLANE ( 'NONE',  #2099 ) ;
#1372 = EDGE_LOOP ( 'NONE', ( #677, #1272, #1459, #1037 ) ) ;
#1373 = DIRECTION ( 'NONE',  ( 3.697785493223492838E-32, 1.000000000000000000, 1.964077167824584190E-16 ) ) ;
#1374 = CARTESIAN_POINT ( 'NONE',  ( 1.579412207783093658, -6.962422765732716456, 1.248079151270925280 ) ) ;
#1375 = VECTOR ( 'NONE', #2365, 100.0000000000000000 ) ;
#1376 = ADVANCED_FACE ( 'NONE', ( #2081 ), #353, .T. ) ;
#1377 = EDGE_CURVE ( 'NONE', #288, #1288, #2256, .T. ) ;
#1378 = CIRCLE ( 'NONE', #1887, 0.1000000000000001443 ) ;
#1379 = AXIS2_PLACEMENT_3D ( 'NONE', #811, #615, #1744 ) ;
#1380 = DIRECTION ( 'NONE',  ( 1.601302108588210640E-12, 7.455499262895251630E-31, 1.000000000000000000 ) ) ;
#1381 = DIRECTION ( 'NONE',  ( 1.959217102279369698E-16, 1.000000000000000000, -3.144753976324933694E-28 ) ) ;
#1382 = VECTOR ( 'NONE', #518, 100.0000000000000000 ) ;
#1383 = DIRECTION ( 'NONE',  ( -1.602948151368773578E-12, 0.000000000000000000, -1.000000000000000000 ) ) ;
#1384 = ORIENTED_EDGE ( 'NONE', *, *, #2332, .T. ) ;
#1385 = CARTESIAN_POINT ( 'NONE',  ( 1.432232530811488713, -1.902422765732724175, 2.360079151270266351 ) ) ;
#1386 = VERTEX_POINT ( 'NONE', #1643 ) ;
#1387 = CARTESIAN_POINT ( 'NONE',  ( 0.5082325308107115136, -1.902422765732724175, 1.874079151271747179 ) ) ;
#1388 = DIRECTION ( 'NONE',  ( 0.9657800193864291005, -5.094081452296253840E-17, 0.2593625920481762992 ) ) ;
#1389 = ADVANCED_FACE ( 'NONE', ( #1307 ), #1266, .F. ) ;
#1390 = LINE ( 'NONE', #228, #2058 ) ;
#1391 = FACE_OUTER_BOUND ( 'NONE', #2115, .T. ) ;
#1392 = ORIENTED_EDGE ( 'NONE', *, *, #1162, .T. ) ;
#1393 = DIRECTION ( 'NONE',  ( 1.506059184577299174E-42, 1.000000000000000000, 9.355088397137501139E-31 ) ) ;
#1394 = EDGE_LOOP ( 'NONE', ( #716, #129, #2375, #1481 ) ) ;
#1395 = EDGE_LOOP ( 'NONE', ( #820, #178, #46, #757 ) ) ;
#1396 = CARTESIAN_POINT ( 'NONE',  ( 1.656670775287745201, -1.902422765732743937, 1.268818592502738651 ) ) ;
#1397 = EDGE_CURVE ( 'NONE', #1192, #2078, #109, .T. ) ;
#1398 = LINE ( 'NONE', #1597, #528 ) ;
#1399 = PRESENTATION_LAYER_ASSIGNMENT (  '', '', ( #605 ) ) ;
#1400 = LINE ( 'NONE', #74, #1973 ) ;
#1401 = VERTEX_POINT ( 'NONE', #1482 ) ;
#1402 = ADVANCED_FACE ( 'NONE', ( #1087 ), #1669, .T. ) ;
#1403 = EDGE_CURVE ( 'NONE', #2001, #666, #1659, .T. ) ;
#1404 = DIRECTION ( 'NONE',  ( 0.9252307588678959638, 7.451804100833414653E-17, -0.3794048534807341611 ) ) ;
#1405 = CARTESIAN_POINT ( 'NONE',  ( 0.3402325308098973489, -2.802422733546216183, 1.367842626916715876 ) ) ;
#1406 = VERTEX_POINT ( 'NONE', #709 ) ;
#1407 = CARTESIAN_POINT ( 'NONE',  ( 1.432232530811429871, -1.902422765732724175, 2.316079151270266312 ) ) ;
#1408 = AXIS2_PLACEMENT_3D ( 'NONE', #1462, #806, #1573 ) ;
#1409 = CARTESIAN_POINT ( 'NONE',  ( 1.672232530812064022, -2.114102935481797729, 2.038079151269881262 ) ) ;
#1410 = VECTOR ( 'NONE', #492, 100.0000000000000000 ) ;
#1411 = CYLINDRICAL_SURFACE ( 'NONE', #1687, 0.1000000000000000056 ) ;
#1412 = DIRECTION ( 'NONE',  ( 1.000000000000000000, 0.000000000000000000, -1.603068372491023297E-12 ) ) ;
#1413 = FACE_OUTER_BOUND ( 'NONE', #1395, .T. ) ;
#1414 = AXIS2_PLACEMENT_3D ( 'NONE', #1105, #301, #1508 ) ;
#1415 = ORIENTED_EDGE ( 'NONE', *, *, #1967, .T. ) ;
#1416 = VECTOR ( 'NONE', #1897, 100.0000000000000000 ) ;
#1417 = CARTESIAN_POINT ( 'NONE',  ( 1.385001110639579425, -3.402422765732745269, 2.865862735355839241 ) ) ;
#1418 = EDGE_CURVE ( 'NONE', #1724, #1052, #530, .T. ) ;
#1419 = AXIS2_PLACEMENT_3D ( 'NONE', #745, #1509, #559 ) ;
#1420 = ORIENTED_EDGE ( 'NONE', *, *, #635, .T. ) ;
#1421 = CYLINDRICAL_SURFACE ( 'NONE', #1001, 0.08000000000000009881 ) ;
#1422 = CARTESIAN_POINT ( 'NONE',  ( 1.432232530810891857, -4.962422765732724450, 1.982079151270265793 ) ) ;
#1423 = DIRECTION ( 'NONE',  ( 1.603068372491023297E-12, 3.995004817365800739E-31, 1.000000000000000000 ) ) ;
#1424 = LINE ( 'NONE', #2000, #2345 ) ;
#1425 = ORIENTED_EDGE ( 'NONE', *, *, #2413, .F. ) ;
#1426 = LINE ( 'NONE', #466, #1777 ) ;
#1427 = EDGE_LOOP ( 'NONE', ( #1257, #2083, #947, #1813, #2440, #2049, #1993, #1971, #1688, #122, #1751, #1086 ) ) ;
#1428 = EDGE_CURVE ( 'NONE', #1824, #1314, #2468, .T. ) ;
#1429 = CARTESIAN_POINT ( 'NONE',  ( 1.482232530810891902, -3.462422765732724006, 1.982079151270185857 ) ) ;
#1430 = EDGE_CURVE ( 'NONE', #257, #543, #527, .T. ) ;
#1431 = FACE_OUTER_BOUND ( 'NONE', #2458, .T. ) ;
#1432 = FACE_OUTER_BOUND ( 'NONE', #1091, .T. ) ;
#1433 = CARTESIAN_POINT ( 'NONE',  ( 1.592232530810633762, -1.902422765732720178, 2.828079151270928904 ) ) ;
#1434 = ORIENTED_EDGE ( 'NONE', *, *, #402, .T. ) ;
#1435 = CARTESIAN_POINT ( 'NONE',  ( 1.251232530810718391, -6.902422765732716847, 1.874079151270556132 ) ) ;
#1436 = ORIENTED_EDGE ( 'NONE', *, *, #258, .T. ) ;
#1437 = PRODUCT_DEFINITION_SHAPE ( 'NONE', 'NONE',  #593 ) ;
#1438 =( NAMED_UNIT ( * ) SI_UNIT ( $, .STERADIAN. ) SOLID_ANGLE_UNIT ( ) );
#1439 = ORIENTED_EDGE ( 'NONE', *, *, #1997, .T. ) ;
#1440 = LINE ( 'NONE', #2226, #515 ) ;
#1441 = ADVANCED_FACE ( 'NONE', ( #698 ), #1284, .T. ) ;
#1442 = CARTESIAN_POINT ( 'NONE',  ( 1.532232530810978099, -6.962422765732716456, 2.038079151270265843 ) ) ;
#1443 = EDGE_CURVE ( 'NONE', #939, #151, #1860, .T. ) ;
#1444 = DIRECTION ( 'NONE',  ( 0.000000000000000000, 0.000000000000000000, 1.000000000000000000 ) ) ;
#1445 = DIRECTION ( 'NONE',  ( -3.165304382199374329E-29, 1.000000000000000000, -3.995004816858373925E-31 ) ) ;
#1446 = ORIENTED_EDGE ( 'NONE', *, *, #2072, .T. ) ;
#1447 = CARTESIAN_POINT ( 'NONE',  ( 1.774400337871691269, -3.155901754805471526, 1.883961365805957966 ) ) ;
#1448 = CIRCLE ( 'NONE', #43, 0.05999999999999998390 ) ;
#1449 = CARTESIAN_POINT ( 'NONE',  ( 0.7642325308114906735, -2.762422765732723828, 2.360079151271336606 ) ) ;
#1450 = ORIENTED_EDGE ( 'NONE', *, *, #1238, .F. ) ;
#1451 = VECTOR ( 'NONE', #1260, 100.0000000000000000 ) ;
#1452 =( NAMED_UNIT ( * ) PLANE_ANGLE_UNIT ( ) SI_UNIT ( $, .RADIAN. ) );
#1453 = VECTOR ( 'NONE', #1036, 100.0000000000000000 ) ;
#1454 = ORIENTED_EDGE ( 'NONE', *, *, #1784, .T. ) ;
#1455 = CARTESIAN_POINT ( 'NONE',  ( 1.020232530810644134, -6.962422765732716456, 1.256079151270921956 ) ) ;
#1456 = DIRECTION ( 'NONE',  ( -9.619273283052130854E-31, 1.000000000000000000, 1.959217102279369698E-16 ) ) ;
#1457 = ADVANCED_FACE ( 'NONE', ( #1074, #135 ), #2455, .F. ) ;
#1458 = CARTESIAN_POINT ( 'NONE',  ( 2.222244530810633112, -3.462422765732744878, 2.378091151269184245 ) ) ;
#1459 = ORIENTED_EDGE ( 'NONE', *, *, #1586, .F. ) ;
#1460 = DIRECTION ( 'NONE',  ( -1.603068372491023297E-12, -3.995004817365800739E-31, -1.000000000000000000 ) ) ;
#1461 = CARTESIAN_POINT ( 'NONE',  ( 1.532232530810277105, -1.902422765732724175, 1.600079151270104916 ) ) ;
#1462 = CARTESIAN_POINT ( 'NONE',  ( 0.5202325308101766188, -2.477969723239863864, 1.540079151271726232 ) ) ;
#1463 = ORIENTED_EDGE ( 'NONE', *, *, #542, .F. ) ;
#1464 = FACE_OUTER_BOUND ( 'NONE', #991, .T. ) ;
#1465 = EDGE_LOOP ( 'NONE', ( #1851, #1494, #609, #1061 ) ) ;
#1466 = CARTESIAN_POINT ( 'NONE',  ( 1.672232530810633611, -3.462422765732745766, 2.748079151270929277 ) ) ;
#1467 = CARTESIAN_POINT ( 'NONE',  ( 0.6082325308114199247, -2.762422765732723828, 2.316079151271587033 ) ) ;
#1468 = EDGE_LOOP ( 'NONE', ( #534, #242, #1960, #1338 ) ) ;
#1469 = EDGE_CURVE ( 'NONE', #2028, #1731, #1489, .T. ) ;
#1470 = DIRECTION ( 'NONE',  ( -1.603068372491023297E-12, -3.995004817365800739E-31, -1.000000000000000000 ) ) ;
#1471 = CARTESIAN_POINT ( 'NONE',  ( 1.592228187790872829, -2.958422689304092135, 2.828079151270931568 ) ) ;
#1472 = CARTESIAN_POINT ( 'NONE',  ( 0.3955874867673974116, -6.962422765732716456, 1.172486256669072135 ) ) ;
#1473 = ADVANCED_FACE ( 'NONE', ( #730 ), #1495, .T. ) ;
#1474 = EDGE_LOOP ( 'NONE', ( #2478, #1700, #1058, #592 ) ) ;
#1475 = EDGE_CURVE ( 'NONE', #112, #683, #2270, .T. ) ;
#1476 = VECTOR ( 'NONE', #2274, 100.0000000000000000 ) ;
#1477 = DIRECTION ( 'NONE',  ( 3.697785493223492838E-32, 1.000000000000000000, 1.964077167824584190E-16 ) ) ;
#1478 = ORIENTED_EDGE ( 'NONE', *, *, #2186, .F. ) ;
#1479 = DIRECTION ( 'NONE',  ( 9.695610337554099168E-17, 1.000000000000000000, 8.396644857513789699E-17 ) ) ;
#1480 = DIRECTION ( 'NONE',  ( 3.923704910262640311E-31, 1.000000000000000000, -3.166017381270365471E-29 ) ) ;
#1481 = ORIENTED_EDGE ( 'NONE', *, *, #59, .F. ) ;
#1482 = CARTESIAN_POINT ( 'NONE',  ( 1.672232530810636275, -3.402422765732745269, 1.210871791339553694 ) ) ;
#1483 = CARTESIAN_POINT ( 'NONE',  ( 1.774400337871679945, -3.462422765732744878, 1.972196936733684680 ) ) ;
#1484 = DIRECTION ( 'NONE',  ( -6.813993813636900633E-15, 3.165304382199309869E-29, 1.000000000000000000 ) ) ;
#1485 = ORIENTED_EDGE ( 'NONE', *, *, #1810, .F. ) ;
#1486 = VECTOR ( 'NONE', #955, 100.0000000000000000 ) ;
#1487 = EDGE_CURVE ( 'NONE', #1386, #380, #1054, .T. ) ;
#1488 = CARTESIAN_POINT ( 'NONE',  ( 0.5202325308102727641, -2.477969723239863864, 1.600079151271729838 ) ) ;
#1489 = CIRCLE ( 'NONE', #410, 0.4500119999993031361 ) ;
#1490 = ORIENTED_EDGE ( 'NONE', *, *, #1625, .T. ) ;
#1491 = VECTOR ( 'NONE', #1032, 100.0000000000000000 ) ;
#1492 = DIRECTION ( 'NONE',  ( -1.959217102279369698E-16, -1.000000000000000000, 3.144753976324933694E-28 ) ) ;
#1493 = LINE ( 'NONE', #2439, #408 ) ;
#1494 = ORIENTED_EDGE ( 'NONE', *, *, #1403, .T. ) ;
#1495 = PLANE ( 'NONE',  #925 ) ;
#1496 = DIRECTION ( 'NONE',  ( 1.000000000000000000, -2.150293412189867176E-43, -4.212891628081050476E-59 ) ) ;
#1497 = DIRECTION ( 'NONE',  ( -2.775557561562990575E-17, 1.000000000000000000, 1.959217102279369698E-16 ) ) ;
#1498 = VERTEX_POINT ( 'NONE', #1881 ) ;
#1499 = DIRECTION ( 'NONE',  ( -2.220446049250000002E-16, -1.000000000000000000, 3.574656940018424056E-28 ) ) ;
#1500 = DIRECTION ( 'NONE',  ( 0.9252307588678956307, 8.775500083100955909E-16, -0.3794048534807349382 ) ) ;
#1501 = ORIENTED_EDGE ( 'NONE', *, *, #707, .T. ) ;
#1502 = EDGE_CURVE ( 'NONE', #1186, #293, #1764, .T. ) ;
#1503 = EDGE_LOOP ( 'NONE', ( #1968, #619, #1983, #1790 ) ) ;
#1504 = DIRECTION ( 'NONE',  ( 0.000000000000000000, 0.000000000000000000, 1.000000000000000000 ) ) ;
#1505 = ORIENTED_EDGE ( 'NONE', *, *, #2043, .T. ) ;
#1506 = DIRECTION ( 'NONE',  ( 3.995596893914154875E-31, 1.000000000000000000, -3.165297545488245162E-29 ) ) ;
#1507 = VERTEX_POINT ( 'NONE', #1182 ) ;
#1508 = DIRECTION ( 'NONE',  ( 0.000000000000000000, -1.000000000000000000, -4.440892098500310124E-16 ) ) ;
#1509 = DIRECTION ( 'NONE',  ( -1.000000000000000000, 2.220446049250000002E-16, 1.603068372491023297E-12 ) ) ;
#1510 = CARTESIAN_POINT ( 'NONE',  ( 0.3682325308106376704, -6.962422765732716456, 2.460079151270929465 ) ) ;
#1511 = ORIENTED_EDGE ( 'NONE', *, *, #199, .F. ) ;
#1512 = LINE ( 'NONE', #1875, #34 ) ;
#1513 = DIRECTION ( 'NONE',  ( 9.355088397137460852E-31, -1.000000000000000000, -1.959217102279369945E-16 ) ) ;
#1514 = ORIENTED_EDGE ( 'NONE', *, *, #1029, .T. ) ;
#1515 = VECTOR ( 'NONE', #1243, 100.0000000000000000 ) ;
#1516 = DIRECTION ( 'NONE',  ( 1.000000000000000000, 3.165304382199309869E-29, -1.603068372491023297E-12 ) ) ;
#1517 = ORIENTED_EDGE ( 'NONE', *, *, #504, .T. ) ;
#1518 = PLANE ( 'NONE',  #1876 ) ;
#1519 = EDGE_LOOP ( 'NONE', ( #835, #2325, #2282, #673 ) ) ;
#1520 = LINE ( 'NONE', #569, #1253 ) ;
#1521 = VECTOR ( 'NONE', #141, 100.0000000000000000 ) ;
#1522 = EDGE_CURVE ( 'NONE', #1936, #911, #201, .T. ) ;
#1523 = EDGE_CURVE ( 'NONE', #1119, #878, #975, .T. ) ;
#1524 = ORIENTED_EDGE ( 'NONE', *, *, #347, .T. ) ;
#1525 = DIRECTION ( 'NONE',  ( -4.156940164997434983E-31, -1.000000000000000000, 3.163652806446749848E-29 ) ) ;
#1526 = FACE_OUTER_BOUND ( 'NONE', #1930, .T. ) ;
#1527 = LINE ( 'NONE', #711, #972 ) ;
#1528 = VERTEX_POINT ( 'NONE', #16 ) ;
#1529 = CARTESIAN_POINT ( 'NONE',  ( 1.672232530812063578, -3.155901754805471526, 2.038079151269881262 ) ) ;
#1530 = DIRECTION ( 'NONE',  ( -2.220446049244897304E-16, -1.000000000000000000, 3.182978854985240031E-16 ) ) ;
#1531 = ORIENTED_EDGE ( 'NONE', *, *, #1868, .T. ) ;
#1532 = TOROIDAL_SURFACE ( 'NONE', #2411, 0.4900119999993033382, 0.06000000000000000472 ) ;
#1533 = PLANE ( 'NONE',  #977 ) ;
#1534 = VERTEX_POINT ( 'NONE', #944 ) ;
#1535 = LINE ( 'NONE', #954, #1925 ) ;
#1536 = VECTOR ( 'NONE', #1770, 100.0000000000000000 ) ;
#1537 = PLANE ( 'NONE',  #1251 ) ;
#1538 = EDGE_CURVE ( 'NONE', #171, #1026, #2300, .T. ) ;
#1539 = DIRECTION ( 'NONE',  ( -1.603068372491023297E-12, -3.995004817365800739E-31, -1.000000000000000000 ) ) ;
#1540 = DIRECTION ( 'NONE',  ( 1.000000000000000000, 0.000000000000000000, 0.000000000000000000 ) ) ;
#1541 = LINE ( 'NONE', #2161, #923 ) ;
#1542 = ORIENTED_EDGE ( 'NONE', *, *, #2073, .F. ) ;
#1543 = EDGE_CURVE ( 'NONE', #970, #167, #417, .T. ) ;
#1544 = DIRECTION ( 'NONE',  ( 3.697785493223492838E-32, 1.000000000000000000, 1.964077167824584190E-16 ) ) ;
#1545 = DIRECTION ( 'NONE',  ( -2.220446049244897551E-16, -1.000000000000000000, 3.182978854985239538E-16 ) ) ;
#1546 = VERTEX_POINT ( 'NONE', #1942 ) ;
#1547 = CARTESIAN_POINT ( 'NONE',  ( 1.672232530810636719, -1.962422765732744434, 1.210871791339553694 ) ) ;
#1548 = ORIENTED_EDGE ( 'NONE', *, *, #130, .F. ) ;
#1549 = CARTESIAN_POINT ( 'NONE',  ( 0.6082325308109808315, -1.902422765732724175, 2.042079151271587012 ) ) ;
#1550 = DIRECTION ( 'NONE',  ( -1.602749865885598077E-12, -3.995004817365700896E-31, -1.000000000000000000 ) ) ;
#1551 = DIRECTION ( 'NONE',  ( -1.601302108588210640E-12, -7.455499262895251630E-31, -1.000000000000000000 ) ) ;
#1552 = CARTESIAN_POINT ( 'NONE',  ( 2.222244530810633112, -2.114102935481797729, 1.928079151269880942 ) ) ;
#1553 = CARTESIAN_POINT ( 'NONE',  ( 0.5082325308114893359, -6.562422765732716101, 2.304369482156566118 ) ) ;
#1554 = EDGE_LOOP ( 'NONE', ( #2074, #221, #1836, #420 ) ) ;
#1555 = ADVANCED_FACE ( 'NONE', ( #588 ), #2089, .F. ) ;
#1556 = EDGE_CURVE ( 'NONE', #1546, #2431, #217, .T. ) ;
#1557 = LINE ( 'NONE', #2068, #1318 ) ;
#1558 = DIRECTION ( 'NONE',  ( -1.000000000000000000, 2.220446049250000002E-16, 1.603068372491023297E-12 ) ) ;
#1559 = ORIENTED_EDGE ( 'NONE', *, *, #767, .F. ) ;
#1560 = LINE ( 'NONE', #10, #888 ) ;
#1561 = VERTEX_POINT ( 'NONE', #2106 ) ;
#1562 = DIRECTION ( 'NONE',  ( 9.796085511398408958E-17, 1.000000000000000000, 9.796085511395299120E-17 ) ) ;
#1563 = PLANE ( 'NONE',  #1737 ) ;
#1564 = FACE_OUTER_BOUND ( 'NONE', #469, .T. ) ;
#1565 = LINE ( 'NONE', #1140, #121 ) ;
#1566 = CYLINDRICAL_SURFACE ( 'NONE', #163, 0.1000000000000001443 ) ;
#1567 = CARTESIAN_POINT ( 'NONE',  ( 1.672232530810636275, -6.962422765732716456, 1.210871791339553472 ) ) ;
#1568 = EDGE_LOOP ( 'NONE', ( #1501, #2390, #1548, #95 ) ) ;
#1569 = EDGE_CURVE ( 'NONE', #1800, #1498, #377, .T. ) ;
#1570 = VECTOR ( 'NONE', #2091, 100.0000000000000000 ) ;
#1571 = PLANE ( 'NONE',  #2310 ) ;
#1572 = ORIENTED_EDGE ( 'NONE', *, *, #489, .F. ) ;
#1573 = DIRECTION ( 'NONE',  ( -1.603068372491023297E-12, 0.000000000000000000, -1.000000000000000000 ) ) ;
#1574 = VERTEX_POINT ( 'NONE', #1155 ) ;
#1575 = AXIS2_PLACEMENT_3D ( 'NONE', #2179, #865, #1030 ) ;
#1576 = VECTOR ( 'NONE', #13, 100.0000000000000000 ) ;
#1577 = AXIS2_PLACEMENT_3D ( 'NONE', #426, #1247, #1589 ) ;
#1578 = LINE ( 'NONE', #1963, #213 ) ;
#1579 = VECTOR ( 'NONE', #1217, 100.0000000000000000 ) ;
#1580 = DIRECTION ( 'NONE',  ( -9.796085511398459494E-17, 1.000000000000000000, 9.796085511395178326E-17 ) ) ;
#1581 = ORIENTED_EDGE ( 'NONE', *, *, #2429, .F. ) ;
#1582 = DIRECTION ( 'NONE',  ( -2.775557561562990575E-17, 1.000000000000000000, 1.959217102279369698E-16 ) ) ;
#1583 = VERTEX_POINT ( 'NONE', #1351 ) ;
#1584 = DIRECTION ( 'NONE',  ( -2.775557561562990575E-17, 1.000000000000000000, 1.959217102279369698E-16 ) ) ;
#1585 = ORIENTED_EDGE ( 'NONE', *, *, #2230, .F. ) ;
#1586 = EDGE_CURVE ( 'NONE', #750, #2078, #1184, .T. ) ;
#1587 = EDGE_CURVE ( 'NONE', #447, #2423, #1565, .T. ) ;
#1588 = CARTESIAN_POINT ( 'NONE',  ( 0.6082325308108080808, -6.902422765732716847, 1.935079151271586806 ) ) ;
#1589 = DIRECTION ( 'NONE',  ( -1.000000000000000000, 0.000000000000000000, 0.000000000000000000 ) ) ;
#1590 = DIRECTION ( 'NONE',  ( -0.7071067811865507924, 0.000000000000000000, 0.7071067811865442421 ) ) ;
#1591 = LINE ( 'NONE', #637, #1884 ) ;
#1592 = ORIENTED_EDGE ( 'NONE', *, *, #1587, .F. ) ;
#1593 = ORIENTED_EDGE ( 'NONE', *, *, #951, .F. ) ;
#1594 = CARTESIAN_POINT ( 'NONE',  ( 1.649732022798428011, -1.902422765732744381, 2.692457137453146743 ) ) ;
#1595 = ADVANCED_FACE ( 'NONE', ( #1 ), #772, .F. ) ;
#1596 = EDGE_CURVE ( 'NONE', #2175, #196, #1365, .T. ) ;
#1597 = CARTESIAN_POINT ( 'NONE',  ( 1.432232530810988447, -1.902422765732724175, 2.042079151270265847 ) ) ;
#1598 = VECTOR ( 'NONE', #964, 100.0000000000000000 ) ;
#1599 = LINE ( 'NONE', #2206, #1016 ) ;
#1600 = CARTESIAN_POINT ( 'NONE',  ( 1.532232530811328264, -2.114102935481797729, 2.256079151270105942 ) ) ;
#1601 = ORIENTED_EDGE ( 'NONE', *, *, #1840, .T. ) ;
#1602 = AXIS2_PLACEMENT_3D ( 'NONE', #1752, #388, #753 ) ;
#1603 = CARTESIAN_POINT ( 'NONE',  ( 1.579412207783093658, -6.962422765732716456, 1.248079151270925280 ) ) ;
#1604 = EDGE_LOOP ( 'NONE', ( #342, #1313, #1128, #1139 ) ) ;
#1605 = ORIENTED_EDGE ( 'NONE', *, *, #1522, .T. ) ;
#1606 = DIRECTION ( 'NONE',  ( 1.000000000000000000, 0.000000000000000000, -1.603068372491023297E-12 ) ) ;
#1607 = VECTOR ( 'NONE', #364, 100.0000000000000000 ) ;
#1608 = FACE_OUTER_BOUND ( 'NONE', #508, .T. ) ;
#1609 =( NAMED_UNIT ( * ) PLANE_ANGLE_UNIT ( ) SI_UNIT ( $, .RADIAN. ) );
#1610 = DIRECTION ( 'NONE',  ( 9.355088397137460852E-31, -1.000000000000000000, -1.959217102279369945E-16 ) ) ;
#1611 = VECTOR ( 'NONE', #1470, 100.0000000000000000 ) ;
#1612 = ORIENTED_EDGE ( 'NONE', *, *, #1162, .F. ) ;
#1613 = EDGE_CURVE ( 'NONE', #858, #1917, #1168, .T. ) ;
#1614 = VECTOR ( 'NONE', #323, 100.0000000000000000 ) ;
#1615 = DIRECTION ( 'NONE',  ( 1.000000000000000000, 3.165304382199309869E-29, -1.603068372491023297E-12 ) ) ;
#1616 = VECTOR ( 'NONE', #440, 100.0000000000000142 ) ;
#1617 = DIRECTION ( 'NONE',  ( -6.980944644407601891E-15, 3.165304382199309869E-29, 1.000000000000000000 ) ) ;
#1618 = CARTESIAN_POINT ( 'NONE',  ( 1.714689371105603266, -3.155901754805471526, 2.038079151269813316 ) ) ;
#1619 = PRODUCT ( '5cmauger_penetrolyzer_main', '5cmauger_penetrolyzer_main', '', ( #237 ) ) ;
#1620 = DIRECTION ( 'NONE',  ( 1.603068372491023297E-12, 3.995004817365800739E-31, 1.000000000000000000 ) ) ;
#1621 = DIRECTION ( 'NONE',  ( 0.000000000000000000, 0.000000000000000000, 1.000000000000000000 ) ) ;
#1622 = ORIENTED_EDGE ( 'NONE', *, *, #1742, .T. ) ;
#1623 = CARTESIAN_POINT ( 'NONE',  ( 1.532232530810628379, -2.712422765732724006, 1.818079151270105775 ) ) ;
#1624 = ORIENTED_EDGE ( 'NONE', *, *, #1043, .T. ) ;
#1625 = EDGE_CURVE ( 'NONE', #599, #1800, #1954, .T. ) ;
#1626 = EDGE_CURVE ( 'NONE', #2358, #796, #1927, .T. ) ;
#1627 = ORIENTED_EDGE ( 'NONE', *, *, #72, .F. ) ;
#1628 = FACE_BOUND ( 'NONE', #2236, .T. ) ;
#1629 = CARTESIAN_POINT ( 'NONE',  ( 1.432232530811429871, -1.962422765732723784, 2.316079151270266312 ) ) ;
#1630 = CARTESIAN_POINT ( 'NONE',  ( 0.5082325308097850325, -1.962422765732723118, 1.296079151271745555 ) ) ;
#1631 = CARTESIAN_POINT ( 'NONE',  ( 1.930175141075402445, -2.114102935481797729, 2.270433166469151942 ) ) ;
#1632 = ORIENTED_EDGE ( 'NONE', *, *, #801, .F. ) ;
#1633 = DIRECTION ( 'NONE',  ( -9.695610337554099168E-17, -1.000000000000000000, -8.396644857513789699E-17 ) ) ;
#1634 = CARTESIAN_POINT ( 'NONE',  ( 1.672232530811711193, -2.114102935481797729, 1.818079151271362326 ) ) ;
#1635 = ORIENTED_EDGE ( 'NONE', *, *, #789, .T. ) ;
#1636 = ADVANCED_FACE ( 'NONE', ( #2483 ), #227, .T. ) ;
#1637 = VERTEX_POINT ( 'NONE', #52 ) ;
#1638 = LINE ( 'NONE', #334, #156 ) ;
#1639 = UNCERTAINTY_MEASURE_WITH_UNIT (LENGTH_MEASURE( 1.000000000000000082E-05 ), #1033, 'distance_accuracy_value', 'NONE');
#1640 = EDGE_CURVE ( 'NONE', #1288, #1347, #2393, .T. ) ;
#1641 = ORIENTED_EDGE ( 'NONE', *, *, #2475, .F. ) ;
#1642 = CIRCLE ( 'NONE', #570, 0.4500119999993029696 ) ;
#1643 = CARTESIAN_POINT ( 'NONE',  ( 1.672232530813098306, -3.462422765732744878, 2.683230464145188954 ) ) ;
#1644 = LINE ( 'NONE', #1323, #1382 ) ;
#1645 = AXIS2_PLACEMENT_3D ( 'NONE', #501, #2033, #309 ) ;
#1646 = FACE_OUTER_BOUND ( 'NONE', #1229, .T. ) ;
#1647 = VERTEX_POINT ( 'NONE', #262 ) ;
#1648 = AXIS2_PLACEMENT_3D ( 'NONE', #1150, #1906, #181 ) ;
#1649 = SURFACE_STYLE_USAGE ( .BOTH. , #2249 ) ;
#1650 = VECTOR ( 'NONE', #2367, 100.0000000000000000 ) ;
#1651 = ORIENTED_EDGE ( 'NONE', *, *, #1487, .T. ) ;
#1652 = EDGE_CURVE ( 'NONE', #354, #288, #251, .T. ) ;
#1653 = DIRECTION ( 'NONE',  ( 1.000000000000000000, 0.000000000000000000, 6.813993813636900633E-15 ) ) ;
#1654 = DIRECTION ( 'NONE',  ( -0.6546536707079716466, 0.000000000000000000, -0.7559289460184592802 ) ) ;
#1655 = LINE ( 'NONE', #751, #1451 ) ;
#1656 = EDGE_CURVE ( 'NONE', #2423, #1026, #1976, .T. ) ;
#1657 = EDGE_CURVE ( 'NONE', #950, #2028, #412, .T. ) ;
#1658 = ORIENTED_EDGE ( 'NONE', *, *, #1143, .T. ) ;
#1659 = LINE ( 'NONE', #744, #1095 ) ;
#1660 = CARTESIAN_POINT ( 'NONE',  ( 0.4482325308115703844, -6.902422765732716847, 2.304369482156566118 ) ) ;
#1661 = DIRECTION ( 'NONE',  ( 3.995004817367950856E-31, 1.000000000000000000, -3.165304382199309869E-29 ) ) ;
#1662 = ORIENTED_EDGE ( 'NONE', *, *, #690, .T. ) ;
#1663 = DIRECTION ( 'NONE',  ( -1.000000000000000000, 1.959217102279369698E-16, 1.603068372491023297E-12 ) ) ;
#1664 = EDGE_LOOP ( 'NONE', ( #1612, #1369, #2082, #2437, #1782 ) ) ;
#1665 = DIRECTION ( 'NONE',  ( -0.2593625920481804625, 0.000000000000000000, 0.9657800193864278793 ) ) ;
#1666 = DIRECTION ( 'NONE',  ( 1.603068372491023297E-12, 3.995004817365800739E-31, 1.000000000000000000 ) ) ;
#1667 = ORIENTED_EDGE ( 'NONE', *, *, #1742, .F. ) ;
#1668 = EDGE_CURVE ( 'NONE', #1800, #196, #1786, .T. ) ;
#1669 = PLANE ( 'NONE',  #6 ) ;
#1670 = CARTESIAN_POINT ( 'NONE',  ( 0.4482325308115703844, -6.902422765732716847, 2.038079151270265843 ) ) ;
#1671 = DIRECTION ( 'NONE',  ( 2.220446049250000495E-16, 1.000000000000000000, -3.559259889883572326E-28 ) ) ;
#1672 = EDGE_LOOP ( 'NONE', ( #1736, #1368, #77, #1914 ) ) ;
#1673 = DIRECTION ( 'NONE',  ( -1.000000000000000000, 1.959217102279369698E-16, 1.603068372491023297E-12 ) ) ;
#1674 = VECTOR ( 'NONE', #1350, 100.0000000000000000 ) ;
#1675 = ORIENTED_EDGE ( 'NONE', *, *, #2217, .T. ) ;
#1676 = CARTESIAN_POINT ( 'NONE',  ( 1.532232530810180515, -1.962422765732723784, 1.540079151270104862 ) ) ;
#1677 = DIRECTION ( 'NONE',  ( -1.959217102279369698E-16, -1.000000000000000000, 3.144753976324933694E-28 ) ) ;
#1678 = EDGE_LOOP ( 'NONE', ( #1910, #1708, #1945, #2338 ) ) ;
#1679 = CARTESIAN_POINT ( 'NONE',  ( 2.430921753083146175, -3.462422765732745766, 2.436967171416007272 ) ) ;
#1680 = CARTESIAN_POINT ( 'NONE',  ( 2.222244530810633112, -1.962422765732743990, 1.928079151269880942 ) ) ;
#1681 = PLANE ( 'NONE',  #1370 ) ;
#1682 = EDGE_CURVE ( 'NONE', #1895, #794, #73, .T. ) ;
#1683 = ORIENTED_EDGE ( 'NONE', *, *, #1656, .T. ) ;
#1684 = CIRCLE ( 'NONE', #2415, 0.08000000000000009881 ) ;
#1685 = CARTESIAN_POINT ( 'NONE',  ( 1.532232530810626159, -3.155901754805471526, 1.818079151271586813 ) ) ;
#1686 = ORIENTED_EDGE ( 'NONE', *, *, #739, .T. ) ;
#1687 = AXIS2_PLACEMENT_3D ( 'NONE', #1806, #1231, #474 ) ;
#1688 = ORIENTED_EDGE ( 'NONE', *, *, #2072, .F. ) ;
#1689 = VECTOR ( 'NONE', #1615, 100.0000000000000000 ) ;
#1690 = DIRECTION ( 'NONE',  ( -0.7071067811865507924, 0.000000000000000000, 0.7071067811865442421 ) ) ;
#1691 = ORIENTED_EDGE ( 'NONE', *, *, #1029, .F. ) ;
#1692 = DIRECTION ( 'NONE',  ( 2.775557561562990575E-17, -1.000000000000000000, -1.959217102279369698E-16 ) ) ;
#1693 = VERTEX_POINT ( 'NONE', #63 ) ;
#1694 = DIRECTION ( 'NONE',  ( -6.980944644407601891E-15, 0.000000000000000000, 1.000000000000000000 ) ) ;
#1695 = PLANE ( 'NONE',  #1419 ) ;
#1696 = CARTESIAN_POINT ( 'NONE',  ( 1.432232530811417881, -2.762422765732723828, 2.316079151270266312 ) ) ;
#1697 = ORIENTED_EDGE ( 'NONE', *, *, #2088, .T. ) ;
#1698 = CARTESIAN_POINT ( 'NONE',  ( 1.532232530810470506, -1.902422765732724175, 1.720079151270105910 ) ) ;
#1699 = DIRECTION ( 'NONE',  ( -1.959217102279369698E-16, -1.000000000000000000, 3.144753976324933694E-28 ) ) ;
#1700 = ORIENTED_EDGE ( 'NONE', *, *, #1569, .F. ) ;
#1701 = EDGE_CURVE ( 'NONE', #423, #171, #1807, .T. ) ;
#1702 = EDGE_CURVE ( 'NONE', #1328, #611, #2145, .T. ) ;
#1703 = LINE ( 'NONE', #502, #2056 ) ;
#1704 = ORIENTED_EDGE ( 'NONE', *, *, #2127, .T. ) ;
#1705 = CYLINDRICAL_SURFACE ( 'NONE', #809, 0.5500119999993033915 ) ;
#1706 = ORIENTED_EDGE ( 'NONE', *, *, #1857, .F. ) ;
#1707 = CARTESIAN_POINT ( 'NONE',  ( 1.714689371105603266, -3.462422765732724006, 2.038079151269812872 ) ) ;
#1708 = ORIENTED_EDGE ( 'NONE', *, *, #2445, .F. ) ;
#1709 = CARTESIAN_POINT ( 'NONE',  ( 1.432232530811417881, -2.762422765732723828, 2.316079151270266312 ) ) ;
#1710 = CARTESIAN_POINT ( 'NONE',  ( 1.672232530810641826, -6.962422765732716456, 1.622079151270929387 ) ) ;
#1711 = LINE ( 'NONE', #719, #723 ) ;
#1712 = VERTEX_POINT ( 'NONE', #1977 ) ;
#1713 = CARTESIAN_POINT ( 'NONE',  ( 1.672232530811361473, -3.155901754805471526, 1.600079151269880429 ) ) ;
#1714 = CARTESIAN_POINT ( 'NONE',  ( 2.349335313265158209, -1.902422765732743937, 1.454835352410969396 ) ) ;
#1715 = EDGE_LOOP ( 'NONE', ( #1683, #1704, #355, #2276 ) ) ;
#1716 = VECTOR ( 'NONE', #1617, 100.0000000000000000 ) ;
#1717 = CARTESIAN_POINT ( 'NONE',  ( 1.592232530810633762, -6.962422765732716456, 2.748079151270929277 ) ) ;
#1718 = EDGE_LOOP ( 'NONE', ( #1213, #1873, #1439, #1658, #1220, #1000 ) ) ;
#1719 = CARTESIAN_POINT ( 'NONE',  ( 2.222244530810633112, -3.462422765732744878, 1.928079151269880942 ) ) ;
#1720 = LINE ( 'NONE', #971, #1576 ) ;
#1721 = EDGE_CURVE ( 'NONE', #1991, #2198, #1044, .T. ) ;
#1722 = AXIS2_PLACEMENT_3D ( 'NONE', #1676, #1122, #1878 ) ;
#1723 = B_SPLINE_CURVE_WITH_KNOTS ( 'NONE', 3,
 ( #1259, #2166, #1775, #51, #823, #2361, #1785, #61, #831, #1594 ),
 .UNSPECIFIED., .F., .F.,
 ( 4, 2, 2, 2, 4 ),
 ( 0.000000000000000000, 0.0002369952224645330860, 0.0004739904449290661720, 0.0007109856673935992851, 0.0009479808898581323440 ),
 .UNSPECIFIED. ) ;
#1724 = VERTEX_POINT ( 'NONE', #659 ) ;
#1725 = DIRECTION ( 'NONE',  ( 3.995004817367950856E-31, 1.000000000000000000, -3.165304382199309869E-29 ) ) ;
#1726 = DIRECTION ( 'NONE',  ( 0.6546536707079828599, 0.000000000000000000, -0.7559289460184493992 ) ) ;
#1727 = LINE ( 'NONE', #1553, #1375 ) ;
#1728 = ORIENTED_EDGE ( 'NONE', *, *, #1428, .F. ) ;
#1729 = DIRECTION ( 'NONE',  ( 1.603266449254271903E-12, 3.182978854981679310E-16, 1.000000000000000000 ) ) ;
#1730 = DIRECTION ( 'NONE',  ( 1.000000000000000000, 0.000000000000000000, -1.603068372491023297E-12 ) ) ;
#1731 = VERTEX_POINT ( 'NONE', #2362 ) ;
#1732 = CIRCLE ( 'NONE', #1938, 0.4500119999993033026 ) ;
#1733 = CARTESIAN_POINT ( 'NONE',  ( 1.532232530810180515, -1.962422765732723784, 1.540079151270104862 ) ) ;
#1734 = ORIENTED_EDGE ( 'NONE', *, *, #626, .T. ) ;
#1735 = CARTESIAN_POINT ( 'NONE',  ( 0.5082325308106216966, -1.902422765732724175, 1.818079151271747351 ) ) ;
#1736 = ORIENTED_EDGE ( 'NONE', *, *, #1359, .T. ) ;
#1737 = AXIS2_PLACEMENT_3D ( 'NONE', #2295, #1738, #1923 ) ;
#1738 = DIRECTION ( 'NONE',  ( -1.603068372491023297E-12, -3.995004817365800739E-31, -1.000000000000000000 ) ) ;
#1739 = AXIS2_PLACEMENT_3D ( 'NONE', #1717, #386, #2311 ) ;
#1740 = CARTESIAN_POINT ( 'NONE',  ( 0.4482325308115703844, -6.902422765732716847, 1.147999151270918006 ) ) ;
#1741 = VECTOR ( 'NONE', #2302, 100.0000000000000000 ) ;
#1742 = EDGE_CURVE ( 'NONE', #1534, #1303, #1398, .T. ) ;
#1743 = ADVANCED_FACE ( 'NONE', ( #1432 ), #1411, .T. ) ;
#1744 = DIRECTION ( 'NONE',  ( 0.000000000000000000, -3.165304382199310430E-29, -1.000000000000000000 ) ) ;
#1745 = CARTESIAN_POINT ( 'NONE',  ( 1.432232530810982452, -1.962422765732723784, 2.038079151270265843 ) ) ;
#1746 = ORIENTED_EDGE ( 'NONE', *, *, #1248, .T. ) ;
#1747 = CARTESIAN_POINT ( 'NONE',  ( 1.774400337871691269, -2.114102935481797729, 1.883961365805958410 ) ) ;
#1748 = FACE_OUTER_BOUND ( 'NONE', #255, .T. ) ;
#1749 = ORIENTED_EDGE ( 'NONE', *, *, #431, .T. ) ;
#1750 = CARTESIAN_POINT ( 'NONE',  ( 0.6082325308108845752, -1.902422765732724175, 1.982079151271586737 ) ) ;
#1751 = ORIENTED_EDGE ( 'NONE', *, *, #822, .F. ) ;
#1752 = CARTESIAN_POINT ( 'NONE',  ( 1.891233594219384306, -2.114102935481797729, 1.540079151269528879 ) ) ;
#1753 = DIRECTION ( 'NONE',  ( 0.000000000000000000, 0.000000000000000000, 1.000000000000000000 ) ) ;
#1754 = CARTESIAN_POINT ( 'NONE',  ( 1.532232530810982540, -2.712422765732724006, 2.038079151270105527 ) ) ;
#1755 = CARTESIAN_POINT ( 'NONE',  ( 0.5332325308107115358, -1.902422765732724175, 1.874079151271706989 ) ) ;
#1756 = CARTESIAN_POINT ( 'NONE',  ( 1.532232530809788607, -6.902422765732715959, 1.296079151270104646 ) ) ;
#1757 = EDGE_LOOP ( 'NONE', ( #2139, #104, #630, #2144 ) ) ;
#1758 = EDGE_CURVE ( 'NONE', #2040, #2486, #2010, .T. ) ;
#1759 = VERTEX_POINT ( 'NONE', #2216 ) ;
#1760 = CARTESIAN_POINT ( 'NONE',  ( 1.432232530811488713, -1.962422765732723784, 2.360079151270266351 ) ) ;
#1761 = VERTEX_POINT ( 'NONE', #2034 ) ;
#1762 = DIRECTION ( 'NONE',  ( -0.9657800193864291005, 5.094081452296253840E-17, -0.2593625920481762992 ) ) ;
#1763 = VECTOR ( 'NONE', #1479, 100.0000000000000000 ) ;
#1764 = LINE ( 'NONE', #172, #1010 ) ;
#1765 = DIRECTION ( 'NONE',  ( 0.000000000000000000, -1.959217102279369945E-16, 1.000000000000000000 ) ) ;
#1766 = CARTESIAN_POINT ( 'NONE',  ( 0.5082325308101762751, -1.962422765732723118, 1.540079151271745328 ) ) ;
#1767 = ORIENTED_EDGE ( 'NONE', *, *, #1522, .F. ) ;
#1768 = ADVANCED_FACE ( 'NONE', ( #2416 ), #1330, .T. ) ;
#1769 = EDGE_CURVE ( 'NONE', #497, #1693, #168, .T. ) ;
#1770 = DIRECTION ( 'NONE',  ( -3.165304382199374329E-29, 1.000000000000000000, -3.995004816858373925E-31 ) ) ;
#1771 = ORIENTED_EDGE ( 'NONE', *, *, #1795, .T. ) ;
#1772 = ORIENTED_EDGE ( 'NONE', *, *, #59, .T. ) ;
#1773 = AXIS2_PLACEMENT_3D ( 'NONE', #2342, #1580, #617 ) ;
#1774 = CIRCLE ( 'NONE', #2454, 0.4500119999993029696 ) ;
#1775 = CARTESIAN_POINT ( 'NONE',  ( 1.672277684487719851, -1.946550005721165544, 2.746327261162533784 ) ) ;
#1776 = VECTOR ( 'NONE', #1829, 100.0000000000000000 ) ;
#1777 = VECTOR ( 'NONE', #2396, 100.0000000000000000 ) ;
#1778 = LINE ( 'NONE', #825, #1179 ) ;
#1779 = EDGE_LOOP ( 'NONE', ( #578, #529, #1593, #169, #1601, #1149 ) ) ;
#1780 = LINE ( 'NONE', #398, #210 ) ;
#1781 = EDGE_LOOP ( 'NONE', ( #315, #1831, #2269, #399 ) ) ;
#1782 = ORIENTED_EDGE ( 'NONE', *, *, #318, .T. ) ;
#1783 = EDGE_CURVE ( 'NONE', #1528, #924, #2430, .T. ) ;
#1784 = EDGE_CURVE ( 'NONE', #1498, #192, #2239, .T. ) ;
#1785 = CARTESIAN_POINT ( 'NONE',  ( 1.666645285936502852, -1.909799083923064966, 2.717810885651989139 ) ) ;
#1786 = LINE ( 'NONE', #841, #1811 ) ;
#1787 = CARTESIAN_POINT ( 'NONE',  ( 0.5082325308101762751, -1.902422765732724175, 1.540079151271745328 ) ) ;
#1788 = EDGE_LOOP ( 'NONE', ( #397, #1174, #1632, #551 ) ) ;
#1789 = LINE ( 'NONE', #2197, #1616 ) ;
#1790 = ORIENTED_EDGE ( 'NONE', *, *, #2201, .F. ) ;
#1791 = ORIENTED_EDGE ( 'NONE', *, *, #2429, .T. ) ;
#1792 = EDGE_CURVE ( 'NONE', #2028, #257, #694, .T. ) ;
#1793 = CARTESIAN_POINT ( 'NONE',  ( 0.4482325308106330231, -6.962422765732716456, 2.828079151270926239 ) ) ;
#1794 = DIRECTION ( 'NONE',  ( -2.220446049244897551E-16, -1.000000000000000000, 3.182978854985239538E-16 ) ) ;
#1795 = EDGE_CURVE ( 'NONE', #1349, #2165, #248, .T. ) ;
#1796 = DIRECTION ( 'NONE',  ( -1.602948151379666876E-12, 0.000000000000000000, -1.000000000000000000 ) ) ;
#1797 = ORIENTED_EDGE ( 'NONE', *, *, #1114, .F. ) ;
#1798 = VECTOR ( 'NONE', #308, 100.0000000000000000 ) ;
#1799 = CARTESIAN_POINT ( 'NONE',  ( 1.482232530810982496, -3.462422765732724006, 2.038079151270185907 ) ) ;
#1800 = VERTEX_POINT ( 'NONE', #1467 ) ;
#1801 = EDGE_LOOP ( 'NONE', ( #230, #1293, #1171, #209, #2093, #246, #1855, #1121, #1697, #780 ) ) ;
#1802 = VERTEX_POINT ( 'NONE', #2228 ) ;
#1803 = VECTOR ( 'NONE', #1034, 100.0000000000000000 ) ;
#1804 = FACE_BOUND ( 'NONE', #371, .T. ) ;
#1805 = AXIS2_PLACEMENT_3D ( 'NONE', #326, #123, #930 ) ;
#1806 = CARTESIAN_POINT ( 'NONE',  ( 0.4610528538381948316, -6.962422765732716456, 1.248079151270917952 ) ) ;
#1807 = CIRCLE ( 'NONE', #774, 0.2800000000000000822 ) ;
#1808 = ORIENTED_EDGE ( 'NONE', *, *, #2320, .T. ) ;
#1809 = EDGE_CURVE ( 'NONE', #1693, #2110, #1164, .T. ) ;
#1810 = EDGE_CURVE ( 'NONE', #2117, #2463, #490, .T. ) ;
#1811 = VECTOR ( 'NONE', #668, 100.0000000000000000 ) ;
#1812 = CARTESIAN_POINT ( 'NONE',  ( 1.532232530811333371, -2.762422765732723828, 2.256079151270105942 ) ) ;
#1813 = ORIENTED_EDGE ( 'NONE', *, *, #2088, .F. ) ;
#1814 = CIRCLE ( 'NONE', #731, 0.1000000000000000056 ) ;
#1815 = FACE_OUTER_BOUND ( 'NONE', #1672, .T. ) ;
#1816 = ORIENTED_EDGE ( 'NONE', *, *, #1031, .F. ) ;
#1817 = CARTESIAN_POINT ( 'NONE',  ( 1.020232530810631699, -1.902422765732744381, 3.028079151270929081 ) ) ;
#1818 =( BOUNDED_CURVE ( )  B_SPLINE_CURVE ( 3, ( #631, #2163, #984, #434 ),
 .UNSPECIFIED., .F., .F. ) 
 B_SPLINE_CURVE_WITH_KNOTS ( ( 4, 4 ),
 ( 3.141592653589793116, 4.712388980385529891 ),
 .UNSPECIFIED. ) 
 CURVE ( )  GEOMETRIC_REPRESENTATION_ITEM ( )  RATIONAL_B_SPLINE_CURVE ( ( 1.000000000000000000, 0.8047378541241668737, 0.8047378541241668737, 1.000000000000000000 ) ) 
 REPRESENTATION_ITEM ( '' )  );
#1819 = CARTESIAN_POINT ( 'NONE',  ( 0.7892325308107110970, -6.902422765732716847, 1.874079151271296650 ) ) ;
#1820 = ORIENTED_EDGE ( 'NONE', *, *, #755, .F. ) ;
#1821 = DIRECTION ( 'NONE',  ( 3.995004817367950856E-31, 1.000000000000000000, -3.165304382199309869E-29 ) ) ;
#1822 = EDGE_CURVE ( 'NONE', #223, #2196, #1703, .T. ) ;
#1823 = ORIENTED_EDGE ( 'NONE', *, *, #2413, .T. ) ;
#1824 = VERTEX_POINT ( 'NONE', #1274 ) ;
#1825 = CARTESIAN_POINT ( 'NONE',  ( 0.4457747480514773764, -2.280481921733644501, 3.108068249449597698 ) ) ;
#1826 = ORIENTED_EDGE ( 'NONE', *, *, #2360, .T. ) ;
#1827 = LINE ( 'NONE', #1099, #1763 ) ;
#1828 = CARTESIAN_POINT ( 'NONE',  ( 2.222244530810633112, -3.462422765732744878, 1.928079151269880942 ) ) ;
#1829 = DIRECTION ( 'NONE',  ( -1.603068372491023297E-12, -3.995004817365800739E-31, -1.000000000000000000 ) ) ;
#1830 = CARTESIAN_POINT ( 'NONE',  ( 0.5082325308109747475, -1.902422765732724175, 2.038079151271747325 ) ) ;
#1831 = ORIENTED_EDGE ( 'NONE', *, *, #872, .T. ) ;
#1832 = VECTOR ( 'NONE', #1279, 100.0000000000000000 ) ;
#1833 = CARTESIAN_POINT ( 'NONE',  ( 0.5082325308101762751, -1.962422765732723118, 1.540079151271745328 ) ) ;
#1834 = DIRECTION ( 'NONE',  ( -1.603138353774660637E-12, 1.964077167824584437E-16, -1.000000000000000000 ) ) ;
#1835 = CARTESIAN_POINT ( 'NONE',  ( 1.532232530810626159, -3.155901754805471526, 1.818079151271586813 ) ) ;
#1836 = ORIENTED_EDGE ( 'NONE', *, *, #1967, .F. ) ;
#1837 = CIRCLE ( 'NONE', #2133, 0.05999999999999998390 ) ;
#1838 = EDGE_CURVE ( 'NONE', #712, #1507, #1891, .T. ) ;
#1839 = DIRECTION ( 'NONE',  ( 9.796085511398408958E-17, 1.000000000000000000, 9.796085511395299120E-17 ) ) ;
#1840 = EDGE_CURVE ( 'NONE', #1406, #1401, #1655, .T. ) ;
#1841 = EDGE_CURVE ( 'NONE', #1561, #1269, #2291, .T. ) ;
#1842 = ORIENTED_EDGE ( 'NONE', *, *, #1838, .F. ) ;
#1843 = CARTESIAN_POINT ( 'NONE',  ( 1.532232530810891946, -6.902422765732716847, 1.982079151270105699 ) ) ;
#1844 = CARTESIAN_POINT ( 'NONE',  ( 1.644877574853891744, -1.902422765732724175, 1.172486256669081239 ) ) ;
#1845 = DIRECTION ( 'NONE',  ( -2.775557561562990575E-17, 1.000000000000000000, 1.959217102279369698E-16 ) ) ;
#1846 = ORIENTED_EDGE ( 'NONE', *, *, #957, .T. ) ;
#1847 = AXIS2_PLACEMENT_3D ( 'NONE', #3, #813, #219 ) ;
#1848 = LINE ( 'NONE', #1483, #2263 ) ;
#1849 = VECTOR ( 'NONE', #1677, 100.0000000000000000 ) ;
#1850 = LINE ( 'NONE', #897, #1132 ) ;
#1851 = ORIENTED_EDGE ( 'NONE', *, *, #402, .F. ) ;
#1852 = VECTOR ( 'NONE', #1582, 100.0000000000000000 ) ;
#1853 = DIRECTION ( 'NONE',  ( 1.000000000000000000, -1.959217102279369698E-16, -1.603068372491023297E-12 ) ) ;
#1854 = VECTOR ( 'NONE', #961, 100.0000000000000000 ) ;
#1855 = ORIENTED_EDGE ( 'NONE', *, *, #1292, .T. ) ;
#1856 = CARTESIAN_POINT ( 'NONE',  ( 1.930175141075402445, -3.155901754805471526, 2.270433166469151942 ) ) ;
#1857 = EDGE_CURVE ( 'NONE', #192, #2471, #298, .T. ) ;
#1858 = DIRECTION ( 'NONE',  ( 1.998147946187506845E-16, 1.000000000000000000, -0.000000000000000000 ) ) ;
#1859 = ORIENTED_EDGE ( 'NONE', *, *, #385, .F. ) ;
#1860 = LINE ( 'NONE', #505, #850 ) ;
#1861 = CARTESIAN_POINT ( 'NONE',  ( 1.592223845777424707, -2.958422727518420725, 2.828079151270931568 ) ) ;
#1862 = DIRECTION ( 'NONE',  ( 0.000000000000000000, 0.000000000000000000, 1.000000000000000000 ) ) ;
#1863 = ORIENTED_EDGE ( 'NONE', *, *, #272, .T. ) ;
#1864 = CARTESIAN_POINT ( 'NONE',  ( 1.532232530810891946, -1.902422765732724175, 1.982079151270105699 ) ) ;
#1865 = VERTEX_POINT ( 'NONE', #311 ) ;
#1866 = FACE_OUTER_BOUND ( 'NONE', #867, .T. ) ;
#1867 = CARTESIAN_POINT ( 'NONE',  ( 0.4610528538381948316, -1.902422765732724175, 1.248079151270918841 ) ) ;
#1868 = EDGE_CURVE ( 'NONE', #750, #1333, #689, .T. ) ;
#1869 = VERTEX_POINT ( 'NONE', #952 ) ;
#1870 = DIRECTION ( 'NONE',  ( 2.775557561619913669E-17, -1.000000000000000000, 1.591489427490394935E-16 ) ) ;
#1871 = FACE_OUTER_BOUND ( 'NONE', #155, .T. ) ;
#1872 = CARTESIAN_POINT ( 'NONE',  ( 1.714689371105424298, -2.114102935481797729, 1.818079151271293936 ) ) ;
#1873 = ORIENTED_EDGE ( 'NONE', *, *, #767, .T. ) ;
#1874 = AXIS2_PLACEMENT_3D ( 'NONE', #2210, #1477, #331 ) ;
#1875 = CARTESIAN_POINT ( 'NONE',  ( 0.6082325308114907569, -1.962422765732723118, 2.360079151271586628 ) ) ;
#1876 = AXIS2_PLACEMENT_3D ( 'NONE', #2464, #2293, #1177 ) ;
#1877 = ORIENTED_EDGE ( 'NONE', *, *, #198, .T. ) ;
#1878 = DIRECTION ( 'NONE',  ( -2.220446049250000002E-16, -1.000000000000000000, 3.574656940018424056E-28 ) ) ;
#1879 = DIRECTION ( 'NONE',  ( -9.695610183446549272E-17, 1.000000000000000000, 8.396644724052568724E-17 ) ) ;
#1880 = VERTEX_POINT ( 'NONE', #2490 ) ;
#1881 = CARTESIAN_POINT ( 'NONE',  ( 0.6082325308114907569, -2.762422765732723828, 2.360079151271586628 ) ) ;
#1882 = DIRECTION ( 'NONE',  ( 0.000000000000000000, 0.000000000000000000, -1.000000000000000000 ) ) ;
#1883 = CARTESIAN_POINT ( 'NONE',  ( 1.774400337871679501, -2.114102935481797729, 1.972196936733684680 ) ) ;
#1884 = VECTOR ( 'NONE', #2108, 100.0000000000000000 ) ;
#1885 = EDGE_LOOP ( 'NONE', ( #1454, #2131, #729, #909, #900, #2279, #1490, #1970 ) ) ;
#1886 = ADVANCED_FACE ( 'NONE', ( #765 ), #1533, .F. ) ;
#1887 = AXIS2_PLACEMENT_3D ( 'NONE', #2412, #106, #2451 ) ;
#1888 = CARTESIAN_POINT ( 'NONE',  ( 0.5082325308102724204, -1.902422765732724175, 1.600079151271745159 ) ) ;
#1889 = DIRECTION ( 'NONE',  ( 0.6546536707079828599, 0.000000000000000000, -0.7559289460184493992 ) ) ;
#1890 = ORIENTED_EDGE ( 'NONE', *, *, #951, .T. ) ;
#1891 = CIRCLE ( 'NONE', #1739, 0.08000000000000009881 ) ;
#1892 = EDGE_LOOP ( 'NONE', ( #1415, #556, #1073, #31 ) ) ;
#1893 = AXIS2_PLACEMENT_3D ( 'NONE', #2407, #836, #1267 ) ;
#1894 = DIRECTION ( 'NONE',  ( -1.603068372491023297E-12, -3.995004817365800739E-31, -1.000000000000000000 ) ) ;
#1895 = VERTEX_POINT ( 'NONE', #2324 ) ;
#1896 = ORIENTED_EDGE ( 'NONE', *, *, #1208, .T. ) ;
#1897 = DIRECTION ( 'NONE',  ( 1.000000000000000000, -1.959217102279369698E-16, -1.603068372491023297E-12 ) ) ;
#1898 = DIRECTION ( 'NONE',  ( 9.695610183446549272E-17, -1.000000000000000000, -8.396644724052568724E-17 ) ) ;
#1899 = DIRECTION ( 'NONE',  ( 0.2593625920481770764, 0.000000000000000000, -0.9657800193864288785 ) ) ;
#1900 = EDGE_LOOP ( 'NONE', ( #828, #604, #2200, #2331, #1015, #140, #1531, #838, #1890, #253, #365, #1514, #88, #2005, #256, #1392 ) ) ;
#1901 = ADVANCED_FACE ( 'NONE', ( #2174 ), #1371, .T. ) ;
#1902 = DIRECTION ( 'NONE',  ( -1.000000000000000000, 2.220446049250000002E-16, 1.603068372491023297E-12 ) ) ;
#1903 = CARTESIAN_POINT ( 'NONE',  ( 1.385001110639579425, -3.462422765732745766, 2.865862735355839241 ) ) ;
#1904 = VERTEX_POINT ( 'NONE', #2128 ) ;
#1905 = EDGE_CURVE ( 'NONE', #2358, #354, #2141, .T. ) ;
#1906 = DIRECTION ( 'NONE',  ( -2.775557561562989959E-17, 1.000000000000000000, 1.959217102279369698E-16 ) ) ;
#1907 = ORIENTED_EDGE ( 'NONE', *, *, #2318, .T. ) ;
#1908 = LINE ( 'NONE', #1735, #2447 ) ;
#1909 = LINE ( 'NONE', #996, #653 ) ;
#1910 = ORIENTED_EDGE ( 'NONE', *, *, #1841, .F. ) ;
#1911 = DIRECTION ( 'NONE',  ( 1.603068372491023297E-12, 3.995004817365800739E-31, 1.000000000000000000 ) ) ;
#1912 = DIRECTION ( 'NONE',  ( 0.6546536707079828599, 0.000000000000000000, -0.7559289460184493992 ) ) ;
#1913 = LINE ( 'NONE', #1766, #848 ) ;
#1914 = ORIENTED_EDGE ( 'NONE', *, *, #244, .F. ) ;
#1915 = CARTESIAN_POINT ( 'NONE',  ( 1.930175141076129197, -2.114102935481797729, 1.585725136069989993 ) ) ;
#1916 = CARTESIAN_POINT ( 'NONE',  ( 0.5082325308114903351, -2.362422765732723029, 2.360079151271747389 ) ) ;
#1917 = VERTEX_POINT ( 'NONE', #967 ) ;
#1918 = EDGE_CURVE ( 'NONE', #712, #447, #1780, .T. ) ;
#1919 = VECTOR ( 'NONE', #685, 100.0000000000000000 ) ;
#1920 = ORIENTED_EDGE ( 'NONE', *, *, #1101, .F. ) ;
#1921 = PLANE ( 'NONE',  #2138 ) ;
#1922 = ORIENTED_EDGE ( 'NONE', *, *, #335, .F. ) ;
#1923 = DIRECTION ( 'NONE',  ( 1.000000000000000000, 0.000000000000000000, -1.603068372491023297E-12 ) ) ;
#1924 = ADVANCED_FACE ( 'NONE', ( #1959 ), #446, .T. ) ;
#1925 = VECTOR ( 'NONE', #783, 100.0000000000000000 ) ;
#1926 = EDGE_CURVE ( 'NONE', #392, #167, #1049, .T. ) ;
#1927 = LINE ( 'NONE', #601, #2220 ) ;
#1928 = DIRECTION ( 'NONE',  ( -1.603068372491023297E-12, -3.995004817365800739E-31, -1.000000000000000000 ) ) ;
#1929 = CARTESIAN_POINT ( 'NONE',  ( 2.408157461874434357, -1.902422765732743937, 2.381453325884255623 ) ) ;
#1930 = EDGE_LOOP ( 'NONE', ( #1104, #2266, #1797, #1592, #1280 ) ) ;
#1931 = CARTESIAN_POINT ( 'NONE',  ( 1.672232530811711193, -2.114102935481797729, 1.818079151271362326 ) ) ;
#1932 = DIRECTION ( 'NONE',  ( -0.3794048534807341611, 1.707421925331686569E-16, -0.9252307588678960748 ) ) ;
#1933 = ORIENTED_EDGE ( 'NONE', *, *, #870, .F. ) ;
#1934 = VECTOR ( 'NONE', #1084, 100.0000000000000000 ) ;
#1935 = CARTESIAN_POINT ( 'NONE',  ( 0.4482455578572870913, -2.958422765732753756, 2.828079151270918246 ) ) ;
#1936 = VERTEX_POINT ( 'NONE', #793 ) ;
#1937 = CARTESIAN_POINT ( 'NONE',  ( 2.222244530810633112, -3.462422765732744878, 1.928079151269880942 ) ) ;
#1938 = AXIS2_PLACEMENT_3D ( 'NONE', #1828, #2428, #1317 ) ;
#1939 = AXIS2_PLACEMENT_3D ( 'NONE', #1760, #56, #1199 ) ;
#1940 = EDGE_CURVE ( 'NONE', #523, #819, #1560, .T. ) ;
#1941 = VECTOR ( 'NONE', #1633, 100.0000000000000000 ) ;
#1942 = CARTESIAN_POINT ( 'NONE',  ( 1.532232530810180515, -1.902422765732724175, 1.540079151270104862 ) ) ;
#1943 = DIRECTION ( 'NONE',  ( 1.000000000000000000, -1.959217102279369698E-16, -1.603068372491023297E-12 ) ) ;
#1944 = CARTESIAN_POINT ( 'NONE',  ( 1.251232530810892252, -6.902422765732716847, 1.982079151270556228 ) ) ;
#1945 = ORIENTED_EDGE ( 'NONE', *, *, #1940, .F. ) ;
#1946 = VERTEX_POINT ( 'NONE', #35 ) ;
#1947 = CARTESIAN_POINT ( 'NONE',  ( 0.4482412158438401351, -2.958422727518425166, 2.828079151270924019 ) ) ;
#1948 = ORIENTED_EDGE ( 'NONE', *, *, #2111, .T. ) ;
#1949 = CARTESIAN_POINT ( 'NONE',  ( 0.4482455578572870913, -2.958422765732753756, 2.828079151270918246 ) ) ;
#1950 = ORIENTED_EDGE ( 'NONE', *, *, #425, .T. ) ;
#1951 = CARTESIAN_POINT ( 'NONE',  ( 1.891233594218464598, -1.962422765732723118, 2.256079151269530847 ) ) ;
#1952 = B_SPLINE_CURVE_WITH_KNOTS ( 'NONE', 3,
 ( #804, #1969, #1003, #193, #222, #1547 ),
 .UNSPECIFIED., .F., .F.,
 ( 4, 2, 4 ),
 ( 0.000000000000000000, 0.0004815049401007071364, 0.0009630098802014142728 ),
 .UNSPECIFIED. ) ;
#1953 = EDGE_CURVE ( 'NONE', #510, #1406, #1952, .T. ) ;
#1954 = LINE ( 'NONE', #1709, #816 ) ;
#1955 = DIRECTION ( 'NONE',  ( -2.775557561594400181E-17, 1.000000000000000000, 4.449074862375364934E-29 ) ) ;
#1956 = CARTESIAN_POINT ( 'NONE',  ( 0.5082325308097841443, -6.902422765732715959, 1.296079151271746221 ) ) ;
#1957 = EDGE_LOOP ( 'NONE', ( #1420, #305, #175, #1041 ) ) ;
#1958 = ADVANCED_FACE ( 'NONE', ( #233 ), #1571, .T. ) ;
#1959 = FACE_OUTER_BOUND ( 'NONE', #782, .T. ) ;
#1960 = ORIENTED_EDGE ( 'NONE', *, *, #1062, .T. ) ;
#1961 = VERTEX_POINT ( 'NONE', #45 ) ;
#1962 = VECTOR ( 'NONE', #1729, 100.0000000000000000 ) ;
#1963 = CARTESIAN_POINT ( 'NONE',  ( 0.5082325308114893359, -6.962422765732716456, 2.038079151270265843 ) ) ;
#1964 = DIRECTION ( 'NONE',  ( -1.603068372491023297E-12, -3.995004817365800739E-31, -1.000000000000000000 ) ) ;
#1965 = VERTEX_POINT ( 'NONE', #1385 ) ;
#1966 = EDGE_CURVE ( 'NONE', #796, #1241, #2153, .T. ) ;
#1967 = EDGE_CURVE ( 'NONE', #550, #2489, #1014, .T. ) ;
#1968 = ORIENTED_EDGE ( 'NONE', *, *, #845, .T. ) ;
#1969 = CARTESIAN_POINT ( 'NONE',  ( 1.680220095062023855, -1.902422765732743937, 1.258259540123428222 ) ) ;
#1970 = ORIENTED_EDGE ( 'NONE', *, *, #1569, .T. ) ;
#1971 = ORIENTED_EDGE ( 'NONE', *, *, #430, .F. ) ;
#1972 = VECTOR ( 'NONE', #2215, 100.0000000000000000 ) ;
#1973 = VECTOR ( 'NONE', #866, 100.0000000000000000 ) ;
#1974 = AXIS2_PLACEMENT_3D ( 'NONE', #791, #191, #1730 ) ;
#1975 = DIRECTION ( 'NONE',  ( -0.9252307588678959638, -1.000139600523897925E-16, 0.3794048534807341055 ) ) ;
#1976 = CIRCLE ( 'NONE', #656, 0.2800000000000001377 ) ;
#1977 = CARTESIAN_POINT ( 'NONE',  ( 0.5082325308114893359, -6.902422765732716847, 2.360079151271747389 ) ) ;
#1978 = VECTOR ( 'NONE', #847, 100.0000000000000000 ) ;
#1979 = ORIENTED_EDGE ( 'NONE', *, *, #903, .F. ) ;
#1980 = CARTESIAN_POINT ( 'NONE',  ( 1.672232530810636275, -6.962422765732716456, 1.210871791339553472 ) ) ;
#1981 = ORIENTED_EDGE ( 'NONE', *, *, #20, .F. ) ;
#1982 = EDGE_CURVE ( 'NONE', #1401, #268, #1818, .T. ) ;
#1983 = ORIENTED_EDGE ( 'NONE', *, *, #696, .F. ) ;
#1984 = VERTEX_POINT ( 'NONE', #1750 ) ;
#1985 = ADVANCED_FACE ( 'NONE', ( #2357 ), #279, .T. ) ;
#1986 = DIRECTION ( 'NONE',  ( 3.959199282646049916E-31, 1.000000000000000000, -3.164890935497105272E-29 ) ) ;
#1987 = VERTEX_POINT ( 'NONE', #884 ) ;
#1988 = CARTESIAN_POINT ( 'NONE',  ( 0.5082325308106209194, -6.962422765732716456, 1.540079151271725344 ) ) ;
#1989 = DIRECTION ( 'NONE',  ( 3.906496303164600132E-31, 1.000000000000000000, -3.165845295199385078E-29 ) ) ;
#1990 = LINE ( 'NONE', #2219, #1410 ) ;
#1991 = VERTEX_POINT ( 'NONE', #1066 ) ;
#1992 = CARTESIAN_POINT ( 'NONE',  ( 1.532232530810180515, -1.962422765732723784, 1.540079151270104862 ) ) ;
#1993 = ORIENTED_EDGE ( 'NONE', *, *, #425, .F. ) ;
#1994 = CARTESIAN_POINT ( 'NONE',  ( 0.3682325308106376704, -1.902422765732724175, 2.268079151270929739 ) ) ;
#1995 = EDGE_CURVE ( 'NONE', #1865, #2336, #1270, .T. ) ;
#1996 = LINE ( 'NONE', #1588, #1215 ) ;
#1997 = EDGE_CURVE ( 'NONE', #985, #380, #1063, .T. ) ;
#1998 = VECTOR ( 'NONE', #1853, 100.0000000000000000 ) ;
#1999 = FACE_OUTER_BOUND ( 'NONE', #916, .T. ) ;
#2000 = CARTESIAN_POINT ( 'NONE',  ( 1.457232530810718352, -1.902422765732724175, 1.874079151270225951 ) ) ;
#2001 = VERTEX_POINT ( 'NONE', #1075 ) ;
#2002 = LINE ( 'NONE', #478, #621 ) ;
#2003 = CARTESIAN_POINT ( 'NONE',  ( 0.6082325308109808315, -1.962422765732723118, 2.042079151271587012 ) ) ;
#2004 = VECTOR ( 'NONE', #2223, 100.0000000000000000 ) ;
#2005 = ORIENTED_EDGE ( 'NONE', *, *, #15, .T. ) ;
#2006 = VECTOR ( 'NONE', #2485, 100.0000000000000000 ) ;
#2007 = CARTESIAN_POINT ( 'NONE',  ( 1.362236819430735268, -1.962422765732744434, 2.810348889823765628 ) ) ;
#2008 = AXIS2_PLACEMENT_3D ( 'NONE', #337, #2419, #517 ) ;
#2009 = EDGE_CURVE ( 'NONE', #851, #2198, #99, .T. ) ;
#2010 = LINE ( 'NONE', #1819, #1336 ) ;
#2011 = DIRECTION ( 'NONE',  ( -1.602749865885598077E-12, 0.000000000000000000, -1.000000000000000000 ) ) ;
#2012 = AXIS2_PLACEMENT_3D ( 'NONE', #1629, #2404, #584 ) ;
#2013 = ORIENTED_EDGE ( 'NONE', *, *, #1953, .F. ) ;
#2014 = CIRCLE ( 'NONE', #50, 0.4500119999993029696 ) ;
#2015 = VERTEX_POINT ( 'NONE', #90 ) ;
#2016 = LINE ( 'NONE', #1271, #756 ) ;
#2017 = ORIENTED_EDGE ( 'NONE', *, *, #1125, .F. ) ;
#2018 = LINE ( 'NONE', #511, #433 ) ;
#2019 = PLANE ( 'NONE',  #117 ) ;
#2020 = CARTESIAN_POINT ( 'NONE',  ( 1.672232530812413076, -3.155901754805471526, 2.256079151269881677 ) ) ;
#2021 = CARTESIAN_POINT ( 'NONE',  ( 0.3682325308106336736, -1.902422765732724175, 2.748079151270929277 ) ) ;
#2022 = ORIENTED_EDGE ( 'NONE', *, *, #403, .F. ) ;
#2023 = EDGE_CURVE ( 'NONE', #1401, #766, #681, .T. ) ;
#2024 = CARTESIAN_POINT ( 'NONE',  ( 1.594690313569785411, -1.962422765732721786, 3.108068249449597698 ) ) ;
#2025 = FACE_OUTER_BOUND ( 'NONE', #1468, .T. ) ;
#2026 = DIRECTION ( 'NONE',  ( 1.000000000000000000, -1.959217102279369698E-16, -1.602749865885598077E-12 ) ) ;
#2027 = ADVANCED_FACE ( 'NONE', ( #2025 ), #291, .T. ) ;
#2028 = VERTEX_POINT ( 'NONE', #1447 ) ;
#2029 = EDGE_CURVE ( 'NONE', #550, #1349, #2148, .T. ) ;
#2030 = ORIENTED_EDGE ( 'NONE', *, *, #345, .F. ) ;
#2031 = LINE ( 'NONE', #128, #1832 ) ;
#2032 = ORIENTED_EDGE ( 'NONE', *, *, #2146, .T. ) ;
#2033 = DIRECTION ( 'NONE',  ( 3.993393703554535512E-31, 1.000000000000000000, -3.165288271061174621E-29 ) ) ;
#2034 = CARTESIAN_POINT ( 'NONE',  ( 1.579412207783093658, -6.962422765732716456, 1.148079151270925857 ) ) ;
#2035 = ORIENTED_EDGE ( 'NONE', *, *, #803, .T. ) ;
#2036 = VECTOR ( 'NONE', #1326, 100.0000000000000000 ) ;
#2037 = DIRECTION ( 'NONE',  ( -0.000000000000000000, -0.000000000000000000, 1.000000000000000000 ) ) ;
#2038 = LINE ( 'NONE', #2090, #892 ) ;
#2039 = CARTESIAN_POINT ( 'NONE',  ( 0.5082325308097850325, -1.962422765732723118, 1.296079151271745555 ) ) ;
#2040 = VERTEX_POINT ( 'NONE', #2222 ) ;
#2041 = VECTOR ( 'NONE', #1295, 100.0000000000000000 ) ;
#2042 = EDGE_CURVE ( 'NONE', #1991, #1186, #1242, .T. ) ;
#2043 = EDGE_CURVE ( 'NONE', #1546, #1961, #672, .T. ) ;
#2044 = CARTESIAN_POINT ( 'NONE',  ( 1.532232530810276661, -2.762422765732723828, 1.600079151270104916 ) ) ;
#2045 = EDGE_LOOP ( 'NONE', ( #9, #1124, #2312, #1110 ) ) ;
#2046 = CARTESIAN_POINT ( 'NONE',  ( 2.349335313265158209, -1.962422765732743990, 1.454835352410969396 ) ) ;
#2047 = CARTESIAN_POINT ( 'NONE',  ( 1.432232530811488713, -2.762422765732723828, 2.360079151270266351 ) ) ;
#2048 = DIRECTION ( 'NONE',  ( -2.775557561562990575E-17, 1.000000000000000000, 1.959217102279369698E-16 ) ) ;
#2049 = ORIENTED_EDGE ( 'NONE', *, *, #215, .F. ) ;
#2050 = AXIS2_PLACEMENT_3D ( 'NONE', #843, #1233, #1621 ) ;
#2051 = CARTESIAN_POINT ( 'NONE',  ( 0.6082325308107180417, -1.902422765732724175, 1.878079151271586866 ) ) ;
#2052 = DIRECTION ( 'NONE',  ( 1.000000000000000000, 0.000000000000000000, -1.603068372491023297E-12 ) ) ;
#2053 = AXIS2_PLACEMENT_3D ( 'NONE', #2327, #2132, #1753 ) ;
#2054 = FACE_OUTER_BOUND ( 'NONE', #1465, .T. ) ;
#2055 = ORIENTED_EDGE ( 'NONE', *, *, #2172, .F. ) ;
#2056 = VECTOR ( 'NONE', #2116, 100.0000000000000000 ) ;
#2057 = DIRECTION ( 'NONE',  ( -1.603068372491023297E-12, 0.000000000000000000, -1.000000000000000000 ) ) ;
#2058 = VECTOR ( 'NONE', #1928, 100.0000000000000000 ) ;
#2059 = EDGE_CURVE ( 'NONE', #1386, #268, #1023, .T. ) ;
#2060 = ORIENTED_EDGE ( 'NONE', *, *, #1809, .T. ) ;
#2061 = PLANE ( 'NONE',  #2406 ) ;
#2062 = CARTESIAN_POINT ( 'NONE',  ( 0.6082325308106208972, -6.902422765732716847, 1.818079151271586813 ) ) ;
#2063 = EDGE_CURVE ( 'NONE', #380, #1192, #639, .T. ) ;
#2064 = ORIENTED_EDGE ( 'NONE', *, *, #2296, .F. ) ;
#2065 = DIRECTION ( 'NONE',  ( 3.995004817367950856E-31, 1.000000000000000000, -3.165304382199309869E-29 ) ) ;
#2066 = FACE_OUTER_BOUND ( 'NONE', #2277, .T. ) ;
#2067 = ORIENTED_EDGE ( 'NONE', *, *, #2172, .T. ) ;
#2068 = CARTESIAN_POINT ( 'NONE',  ( 1.532232530810470506, -1.902422765732724175, 1.720079151270105910 ) ) ;
#2069 = EDGE_LOOP ( 'NONE', ( #1624, #1434 ) ) ;
#2070 = FACE_OUTER_BOUND ( 'NONE', #1604, .T. ) ;
#2071 = CARTESIAN_POINT ( 'NONE',  ( 0.5082325308114893359, -6.962422765732716456, 2.304369482156566118 ) ) ;
#2072 = EDGE_CURVE ( 'NONE', #275, #1022, #110, .T. ) ;
#2073 = EDGE_CURVE ( 'NONE', #2486, #1022, #1252, .T. ) ;
#2074 = ORIENTED_EDGE ( 'NONE', *, *, #1840, .F. ) ;
#2075 = CARTESIAN_POINT ( 'NONE',  ( 1.532232530810277105, -2.114102935481797729, 1.600079151270104916 ) ) ;
#2076 = DIRECTION ( 'NONE',  ( -4.156940164997434983E-31, -1.000000000000000000, 3.163652806446749848E-29 ) ) ;
#2077 = PLANE ( 'NONE',  #153 ) ;
#2078 = VERTEX_POINT ( 'NONE', #2377 ) ;
#2079 = AXIS2_PLACEMENT_3D ( 'NONE', #2003, #1055, #2057 ) ;
#2080 = DIRECTION ( 'NONE',  ( 1.603068372491023297E-12, 3.995004817365800739E-31, 1.000000000000000000 ) ) ;
#2081 = FACE_OUTER_BOUND ( 'NONE', #1144, .T. ) ;
#2082 = ORIENTED_EDGE ( 'NONE', *, *, #101, .T. ) ;
#2083 = ORIENTED_EDGE ( 'NONE', *, *, #537, .T. ) ;
#2084 = PLANE ( 'NONE',  #200 ) ;
#2085 = ORIENTED_EDGE ( 'NONE', *, *, #1194, .T. ) ;
#2086 = CARTESIAN_POINT ( 'NONE',  ( 2.222244530810633112, -1.902422765732743937, 1.928079151269881164 ) ) ;
#2087 = EDGE_LOOP ( 'NONE', ( #2221, #2347, #2013, #467 ) ) ;
#2088 = EDGE_CURVE ( 'NONE', #1288, #493, #2002, .T. ) ;
#2089 = PLANE ( 'NONE',  #1379 ) ;
#2090 = CARTESIAN_POINT ( 'NONE',  ( 0.3955874867673976891, -6.962422765732716456, 1.172486256669071913 ) ) ;
#2091 = DIRECTION ( 'NONE',  ( -3.165304382199374329E-29, 1.000000000000000000, -3.995004816858373925E-31 ) ) ;
#2092 = VECTOR ( 'NONE', #1610, 100.0000000000000000 ) ;
#2093 = ORIENTED_EDGE ( 'NONE', *, *, #771, .T. ) ;
#2094 = EDGE_CURVE ( 'NONE', #2165, #1386, #1789, .T. ) ;
#2095 = VECTOR ( 'NONE', #1699, 100.0000000000000000 ) ;
#2096 = DIRECTION ( 'NONE',  ( -1.959217102279369698E-16, -1.000000000000000000, 3.154109064722071031E-28 ) ) ;
#2097 = FACE_OUTER_BOUND ( 'NONE', #1801, .T. ) ;
#2098 = ORIENTED_EDGE ( 'NONE', *, *, #845, .F. ) ;
#2099 = AXIS2_PLACEMENT_3D ( 'NONE', #1733, #1227, #24 ) ;
#2100 = ORIENTED_EDGE ( 'NONE', *, *, #245, .F. ) ;
#2101 = VECTOR ( 'NONE', #136, 100.0000000000000000 ) ;
#2102 = CARTESIAN_POINT ( 'NONE',  ( 1.093352859612835903, -3.462422765732744878, 1.055412236376671142 ) ) ;
#2103 = DIRECTION ( 'NONE',  ( 1.959217102279369698E-16, 1.000000000000000000, -3.144753976324933694E-28 ) ) ;
#2104 = AXIS2_PLACEMENT_3D ( 'NONE', #252, #2194, #1412 ) ;
#2105 = ORIENTED_EDGE ( 'NONE', *, *, #1556, .T. ) ;
#2106 = CARTESIAN_POINT ( 'NONE',  ( 0.3916639883157095881, -1.902422765732724175, 2.804647693765852878 ) ) ;
#2107 = PLANE ( 'NONE',  #1187 ) ;
#2108 = DIRECTION ( 'NONE',  ( 1.603068372491023297E-12, 3.995004817365800739E-31, 1.000000000000000000 ) ) ;
#2109 = ADVANCED_FACE ( 'NONE', ( #2187 ), #1235, .F. ) ;
#2110 = VERTEX_POINT ( 'NONE', #1812 ) ;
#2111 = EDGE_CURVE ( 'NONE', #336, #457, #859, .T. ) ;
#2112 = EDGE_CURVE ( 'NONE', #766, #2435, #531, .T. ) ;
#2113 = DIRECTION ( 'NONE',  ( -1.603068372491023297E-12, 0.000000000000000000, -1.000000000000000000 ) ) ;
#2114 = CARTESIAN_POINT ( 'NONE',  ( 0.5082325308114893359, -6.962422765732716456, 2.038079151270265843 ) ) ;
#2115 = EDGE_LOOP ( 'NONE', ( #2319, #904, #805, #1207 ) ) ;
#2116 = DIRECTION ( 'NONE',  ( 1.000000000000000000, -1.959217102279369698E-16, -1.603068372491023297E-12 ) ) ;
#2117 = VERTEX_POINT ( 'NONE', #663 ) ;
#2118 = CARTESIAN_POINT ( 'NONE',  ( 1.672232530810633611, -1.962422765732744434, 2.748079151270929277 ) ) ;
#2119 = LINE ( 'NONE', #1707, #1334 ) ;
#2120 = CARTESIAN_POINT ( 'NONE',  ( 1.672232530810633611, -3.402422765732745269, 2.748079151270929277 ) ) ;
#2121 = CARTESIAN_POINT ( 'NONE',  ( 1.592232530810633762, -2.280481921733644501, 2.748079151270929277 ) ) ;
#2122 = CARTESIAN_POINT ( 'NONE',  ( 1.592232530810633317, -6.962422765732716456, 2.828079151270930680 ) ) ;
#2123 = ORIENTED_EDGE ( 'NONE', *, *, #2189, .T. ) ;
#2124 = LINE ( 'NONE', #1685, #1962 ) ;
#2125 = DIRECTION ( 'NONE',  ( 0.3794048534807362150, 0.000000000000000000, 0.9252307588678950756 ) ) ;
#2126 = ORIENTED_EDGE ( 'NONE', *, *, #1966, .T. ) ;
#2127 = EDGE_CURVE ( 'NONE', #1026, #1065, #1426, .T. ) ;
#2128 = CARTESIAN_POINT ( 'NONE',  ( 0.4610528538381955532, -6.962422765732716456, 1.148079151270918308 ) ) ;
#2129 = ORIENTED_EDGE ( 'NONE', *, *, #1469, .T. ) ;
#2130 = CARTESIAN_POINT ( 'NONE',  ( 1.532232530810628379, -1.902422765732724175, 1.818079151270105775 ) ) ;
#2131 = ORIENTED_EDGE ( 'NONE', *, *, #1857, .T. ) ;
#2132 = DIRECTION ( 'NONE',  ( 3.697785493223492838E-32, 1.000000000000000000, 1.964077167824584190E-16 ) ) ;
#2133 = AXIS2_PLACEMENT_3D ( 'NONE', #2046, #901, #1665 ) ;
#2134 = DIRECTION ( 'NONE',  ( -2.775557561562990575E-17, 1.000000000000000000, 1.959217102279369698E-16 ) ) ;
#2135 = CARTESIAN_POINT ( 'NONE',  ( 0.4610528538381948316, -6.962422765732716456, 1.248079151270917952 ) ) ;
#2136 = DIRECTION ( 'NONE',  ( 0.000000000000000000, 1.000000000000000000, 1.959217102279369945E-16 ) ) ;
#2137 = EDGE_LOOP ( 'NONE', ( #23, #874, #411, #2188 ) ) ;
#2138 = AXIS2_PLACEMENT_3D ( 'NONE', #2102, #795, #600 ) ;
#2139 = ORIENTED_EDGE ( 'NONE', *, *, #542, .T. ) ;
#2140 = VECTOR ( 'NONE', #2037, 100.0000000000000000 ) ;
#2141 = LINE ( 'NONE', #1360, #576 ) ;
#2142 = ORIENTED_EDGE ( 'NONE', *, *, #2332, .F. ) ;
#2143 = DIRECTION ( 'NONE',  ( -1.603068372491023297E-12, -3.995004817365800739E-31, -1.000000000000000000 ) ) ;
#2144 = ORIENTED_EDGE ( 'NONE', *, *, #509, .T. ) ;
#2145 = CIRCLE ( 'NONE', #1577, 0.05999999999999998390 ) ;
#2146 = EDGE_CURVE ( 'NONE', #429, #638, #1644, .T. ) ;
#2147 = EDGE_CURVE ( 'NONE', #1802, #1154, #1088, .T. ) ;
#2148 = CIRCLE ( 'NONE', #2459, 0.05999999999999997002 ) ;
#2149 = DIRECTION ( 'NONE',  ( -0.3794048534807337725, 0.000000000000000000, -0.9252307588678961858 ) ) ;
#2150 = LINE ( 'NONE', #602, #2183 ) ;
#2151 = DIRECTION ( 'NONE',  ( -1.000000000000000000, 1.959217102279369698E-16, 1.603068372491023297E-12 ) ) ;
#2152 = EDGE_LOOP ( 'NONE', ( #2156, #864, #887, #138 ) ) ;
#2153 = LINE ( 'NONE', #421, #1536 ) ;
#2154 = EDGE_LOOP ( 'NONE', ( #2234, #776, #1325, #1505, #829, #2032 ) ) ;
#2155 = LINE ( 'NONE', #577, #1607 ) ;
#2156 = ORIENTED_EDGE ( 'NONE', *, *, #2073, .T. ) ;
#2157 = ADVANCED_FACE ( 'NONE', ( #1871 ), #2433, .F. ) ;
#2158 = EDGE_CURVE ( 'NONE', #611, #162, #1848, .T. ) ;
#2159 = DIRECTION ( 'NONE',  ( 0.000000000000000000, 0.000000000000000000, -1.000000000000000000 ) ) ;
#2160 = LINE ( 'NONE', #976, #1854 ) ;
#2161 = CARTESIAN_POINT ( 'NONE',  ( 0.5082325308106209194, -6.962422765732716456, 1.818079151271586813 ) ) ;
#2162 = ORIENTED_EDGE ( 'NONE', *, *, #957, .F. ) ;
#2163 = CARTESIAN_POINT ( 'NONE',  ( 1.672232530810642492, -3.437569951990383288, 1.210871791339555248 ) ) ;
#2164 = EDGE_LOOP ( 'NONE', ( #2482, #307, #2397, #877 ) ) ;
#2165 = VERTEX_POINT ( 'NONE', #2257 ) ;
#2166 = CARTESIAN_POINT ( 'NONE',  ( 1.672232530810633166, -1.954400725734980249, 2.748079151270928389 ) ) ;
#2167 = APPLICATION_CONTEXT ( 'automotive_design' ) ;
#2168 = CARTESIAN_POINT ( 'NONE',  ( 0.4482325308106336337, -1.902422765732724175, 2.748079151270929277 ) ) ;
#2169 = ORIENTED_EDGE ( 'NONE', *, *, #89, .T. ) ;
#2170 = ADVANCED_FACE ( 'NONE', ( #918 ), #1285, .F. ) ;
#2171 = CARTESIAN_POINT ( 'NONE',  ( 0.6082325308106768524, -6.902422765732716847, 1.853079151271586733 ) ) ;
#2172 = EDGE_CURVE ( 'NONE', #2431, #1241, #907, .T. ) ;
#2173 = CIRCLE ( 'NONE', #1287, 0.07999999999999998779 ) ;
#2174 = FACE_OUTER_BOUND ( 'NONE', #264, .T. ) ;
#2175 = VERTEX_POINT ( 'NONE', #732 ) ;
#2176 = DIRECTION ( 'NONE',  ( 1.000000000000000000, -1.959217102279369698E-16, -1.602852795204688366E-12 ) ) ;
#2177 = VECTOR ( 'NONE', #297, 100.0000000000000142 ) ;
#2178 = VECTOR ( 'NONE', #1335, 100.0000000000000000 ) ;
#2179 = CARTESIAN_POINT ( 'NONE',  ( 1.672232530810641826, -1.962422765732723118, 1.396079151270927632 ) ) ;
#2180 = VECTOR ( 'NONE', #758, 100.0000000000000000 ) ;
#2181 = CARTESIAN_POINT ( 'NONE',  ( 1.532232530810470506, -1.902422765732724175, 1.720079151270105910 ) ) ;
#2182 = DIRECTION ( 'NONE',  ( 1.000000000000000000, -1.959217102279369698E-16, -1.602749865885598077E-12 ) ) ;
#2183 = VECTOR ( 'NONE', #1381, 100.0000000000000000 ) ;
#2184 = ORIENTED_EDGE ( 'NONE', *, *, #1926, .T. ) ;
#2185 = AXIS2_PLACEMENT_3D ( 'NONE', #2168, #834, #1590 ) ;
#2186 = EDGE_CURVE ( 'NONE', #2040, #503, #173, .T. ) ;
#2187 = FACE_OUTER_BOUND ( 'NONE', #1244, .T. ) ;
#2188 = ORIENTED_EDGE ( 'NONE', *, *, #1792, .T. ) ;
#2189 = EDGE_CURVE ( 'NONE', #1119, #162, #488, .T. ) ;
#2190 = EDGE_CURVE ( 'NONE', #447, #1065, #14, .T. ) ;
#2191 = ORIENTED_EDGE ( 'NONE', *, *, #1995, .T. ) ;
#2192 = CARTESIAN_POINT ( 'NONE',  ( 1.592232530810633762, -2.280481921733644501, 2.748079151270929277 ) ) ;
#2193 = DIRECTION ( 'NONE',  ( -1.000000000000000000, 0.000000000000000000, 0.000000000000000000 ) ) ;
#2194 = DIRECTION ( 'NONE',  ( -1.603068372491023297E-12, -3.995004817365800739E-31, -1.000000000000000000 ) ) ;
#2195 = LINE ( 'NONE', #647, #78 ) ;
#2196 = VERTEX_POINT ( 'NONE', #1461 ) ;
#2197 = CARTESIAN_POINT ( 'NONE',  ( 1.362236819430735490, -3.462422765732744878, 2.810348889823765184 ) ) ;
#2198 = VERTEX_POINT ( 'NONE', #710 ) ;
#2199 = ORIENTED_EDGE ( 'NONE', *, *, #973, .F. ) ;
#2200 = ORIENTED_EDGE ( 'NONE', *, *, #1656, .F. ) ;
#2201 = EDGE_CURVE ( 'NONE', #1865, #1987, #147, .T. ) ;
#2202 = EDGE_LOOP ( 'NONE', ( #2240, #409, #643, #19 ) ) ;
#2203 = FACE_BOUND ( 'NONE', #1519, .T. ) ;
#2204 = CARTESIAN_POINT ( 'NONE',  ( 1.594690313569785411, -1.902422765732744381, 3.108068249449597698 ) ) ;
#2205 = CIRCLE ( 'NONE', #1080, 0.07999999999999998779 ) ;
#2206 = CARTESIAN_POINT ( 'NONE',  ( 1.672232530812413298, -2.114102935481797729, 2.256079151269881677 ) ) ;
#2207 = ORIENTED_EDGE ( 'NONE', *, *, #1792, .F. ) ;
#2208 = DIRECTION ( 'NONE',  ( -0.2593625920481689717, 0.000000000000000000, 0.9657800193864309879 ) ) ;
#2209 = ORIENTED_EDGE ( 'NONE', *, *, #1822, .T. ) ;
#2210 = CARTESIAN_POINT ( 'NONE',  ( 2.222244530810633112, -3.402422765732745269, 1.928079151269880942 ) ) ;
#2211 = ORIENTED_EDGE ( 'NONE', *, *, #461, .F. ) ;
#2212 = EDGE_CURVE ( 'NONE', #1583, #36, #2243, .T. ) ;
#2213 = DIRECTION ( 'NONE',  ( 1.000000000000000000, -1.959217102279369698E-16, -1.602749865885598077E-12 ) ) ;
#2214 = VECTOR ( 'NONE', #2151, 100.0000000000000000 ) ;
#2215 = DIRECTION ( 'NONE',  ( 0.000000000000000000, 0.000000000000000000, 1.000000000000000000 ) ) ;
#2216 = CARTESIAN_POINT ( 'NONE',  ( 1.532232530811328264, -2.114102935481797729, 2.256079151270105942 ) ) ;
#2217 = EDGE_CURVE ( 'NONE', #1904, #1869, #2443, .T. ) ;
#2218 = CARTESIAN_POINT ( 'NONE',  ( 0.000000000000000000, 0.000000000000000000, 0.000000000000000000 ) ) ;
#2219 = CARTESIAN_POINT ( 'NONE',  ( 1.532232530810839322, -2.762422765732723828, 1.949079151270106003 ) ) ;
#2220 = VECTOR ( 'NONE', #405, 100.0000000000000000 ) ;
#2221 = ORIENTED_EDGE ( 'NONE', *, *, #345, .T. ) ;
#2222 = CARTESIAN_POINT ( 'NONE',  ( 0.5082325308107104034, -6.902422765732716847, 1.874079151271747179 ) ) ;
#2223 = DIRECTION ( 'NONE',  ( -1.000000000000000000, 2.220446049250000495E-16, 1.603068372491023499E-12 ) ) ;
#2224 = ORIENTED_EDGE ( 'NONE', *, *, #1043, .F. ) ;
#2225 = ORIENTED_EDGE ( 'NONE', *, *, #164, .T. ) ;
#2226 = CARTESIAN_POINT ( 'NONE',  ( 0.5082325308108841533, -2.712422765732724006, 1.982079151271747275 ) ) ;
#2227 = LINE ( 'NONE', #2047, #1934 ) ;
#2228 = CARTESIAN_POINT ( 'NONE',  ( 0.3682325308106366712, -6.962422765732716456, 1.210871791339584558 ) ) ;
#2229 = VERTEX_POINT ( 'NONE', #338 ) ;
#2230 = EDGE_CURVE ( 'NONE', #2489, #2078, #980, .T. ) ;
#2231 = ADVANCED_FACE ( 'NONE', ( #2271 ), #545, .T. ) ;
#2232 = DIRECTION ( 'NONE',  ( -0.9904444530330245300, 0.000000000000000000, -0.1379122382390803869 ) ) ;
#2233 = DIRECTION ( 'NONE',  ( 2.775557561562989959E-17, -1.000000000000000000, -1.959217102279369698E-16 ) ) ;
#2234 = ORIENTED_EDGE ( 'NONE', *, *, #1096, .F. ) ;
#2235 = CYLINDRICAL_SURFACE ( 'NONE', #1038, 0.2800000000000000822 ) ;
#2236 = EDGE_LOOP ( 'NONE', ( #1920, #239 ) ) ;
#2237 = CARTESIAN_POINT ( 'NONE',  ( 0.5082325308097850325, -1.962422765732723118, 1.296079151271745555 ) ) ;
#2238 = DIRECTION ( 'NONE',  ( -2.775557561562990575E-17, 1.000000000000000000, 1.959217102279369698E-16 ) ) ;
#2239 = LINE ( 'NONE', #2476, #620 ) ;
#2240 = ORIENTED_EDGE ( 'NONE', *, *, #2189, .F. ) ;
#2241 = VECTOR ( 'NONE', #2487, 100.0000000000000000 ) ;
#2242 = CARTESIAN_POINT ( 'NONE',  ( 0.5082325308114893359, -6.962422765732716456, 2.038079151270265843 ) ) ;
#2243 = LINE ( 'NONE', #1670, #414 ) ;
#2244 = CARTESIAN_POINT ( 'NONE',  ( 1.672232530812413298, -2.114102935481797729, 2.256079151269881677 ) ) ;
#2245 = ADVANCED_FACE ( 'NONE', ( #699 ), #1695, .T. ) ;
#2246 = ORIENTED_EDGE ( 'NONE', *, *, #1809, .F. ) ;
#2247 = VECTOR ( 'NONE', #567, 100.0000000000000000 ) ;
#2248 = EDGE_CURVE ( 'NONE', #566, #662, #2038, .T. ) ;
#2249 = SURFACE_SIDE_STYLE ('',( #1093 ) ) ;
#2250 = ORIENTED_EDGE ( 'NONE', *, *, #755, .T. ) ;
#2251 = LINE ( 'NONE', #524, #606 ) ;
#2252 = LINE ( 'NONE', #1123, #768 ) ;
#2253 = AXIS2_PLACEMENT_3D ( 'NONE', #1937, #214, #986 ) ;
#2254 = ORIENTED_EDGE ( 'NONE', *, *, #2146, .F. ) ;
#2255 = VECTOR ( 'NONE', #1383, 100.0000000000000000 ) ;
#2256 = LINE ( 'NONE', #917, #2140 ) ;
#2257 = CARTESIAN_POINT ( 'NONE',  ( 2.408157461874170568, -3.462422765732744878, 2.381453325883611694 ) ) ;
#2258 = AXIS2_PLACEMENT_3D ( 'NONE', #906, #2442, #717 ) ;
#2259 = DIRECTION ( 'NONE',  ( 1.603068372491023297E-12, 3.995004817365800739E-31, 1.000000000000000000 ) ) ;
#2260 = ORIENTED_EDGE ( 'NONE', *, *, #62, .F. ) ;
#2261 = VECTOR ( 'NONE', #1380, 100.0000000000000000 ) ;
#2262 =( LENGTH_UNIT ( ) NAMED_UNIT ( * ) SI_UNIT ( .CENTI., .METRE. ) );
#2263 = VECTOR ( 'NONE', #2284, 100.0000000000000000 ) ;
#2264 = EDGE_CURVE ( 'NONE', #764, #706, #506, .T. ) ;
#2265 = ADVANCED_FACE ( 'NONE', ( #616 ), #2107, .F. ) ;
#2266 = ORIENTED_EDGE ( 'NONE', *, *, #2493, .T. ) ;
#2267 = CARTESIAN_POINT ( 'NONE',  ( 1.216232530810633650, -6.962422765732716456, 2.828079151270928904 ) ) ;
#2268 = DIRECTION ( 'NONE',  ( 3.697785493223492838E-32, 1.000000000000000000, 1.964077167824584190E-16 ) ) ;
#2269 = ORIENTED_EDGE ( 'NONE', *, *, #1143, .F. ) ;
#2270 = LINE ( 'NONE', #2075, #1221 ) ;
#2271 = FACE_OUTER_BOUND ( 'NONE', #1664, .T. ) ;
#2272 = CARTESIAN_POINT ( 'NONE',  ( 1.216232530810633650, -2.598541077734565441, 2.828079151270928904 ) ) ;
#2273 = ORIENTED_EDGE ( 'NONE', *, *, #1428, .T. ) ;
#2274 = DIRECTION ( 'NONE',  ( -3.165304382199374329E-29, 1.000000000000000000, -3.995004816858373925E-31 ) ) ;
#2275 = DIRECTION ( 'NONE',  ( -0.3794048534807337725, 0.000000000000000000, -0.9252307588678961858 ) ) ;
#2276 = ORIENTED_EDGE ( 'NONE', *, *, #1587, .T. ) ;
#2277 = EDGE_LOOP ( 'NONE', ( #2035, #1979, #688, #47, #357, #1151 ) ) ;
#2278 = CARTESIAN_POINT ( 'NONE',  ( 0.5202325308101766188, -2.762422765732723828, 1.540079151271726232 ) ) ;
#2279 = ORIENTED_EDGE ( 'NONE', *, *, #1018, .T. ) ;
#2280 = CARTESIAN_POINT ( 'NONE',  ( 0.6082325308106216744, -1.902422765732724175, 1.818079151271586813 ) ) ;
#2281 = ADVANCED_FACE ( 'NONE', ( #2341 ), #1566, .T. ) ;
#2282 = ORIENTED_EDGE ( 'NONE', *, *, #2460, .T. ) ;
#2283 = CARTESIAN_POINT ( 'NONE',  ( 0.5082325308101762751, -1.902422765732724175, 1.540079151271745328 ) ) ;
#2284 = DIRECTION ( 'NONE',  ( 2.775557561562990575E-17, -1.000000000000000000, -1.959217102279369698E-16 ) ) ;
#2285 = DIRECTION ( 'NONE',  ( -0.6546536707079716466, 0.000000000000000000, -0.7559289460184592802 ) ) ;
#2286 = ORIENTED_EDGE ( 'NONE', *, *, #1682, .T. ) ;
#2287 = VECTOR ( 'NONE', #2307, 100.0000000000000000 ) ;
#2288 = CARTESIAN_POINT ( 'NONE',  ( 0.5082325308132875641, -2.802422733546216183, 3.482684390863002744 ) ) ;
#2289 = LINE ( 'NONE', #749, #725 ) ;
#2290 = EDGE_LOOP ( 'NONE', ( #2359, #2462, #2401, #79, #1097, #743, #2378, #2260, #1820, #2333 ) ) ;
#2291 = LINE ( 'NONE', #565, #1294 ) ;
#2292 = EDGE_LOOP ( 'NONE', ( #747, #1585, #2030, #721 ) ) ;
#2293 = DIRECTION ( 'NONE',  ( -2.150293412189867176E-43, -1.000000000000000000, 3.165304382199310430E-29 ) ) ;
#2294 = ORIENTED_EDGE ( 'NONE', *, *, #2363, .F. ) ;
#2295 = CARTESIAN_POINT ( 'NONE',  ( 0.5582325308106212969, -3.462422765732724006, 1.818079151271667193 ) ) ;
#2296 = EDGE_CURVE ( 'NONE', #796, #764, #29, .T. ) ;
#2297 = ORIENTED_EDGE ( 'NONE', *, *, #846, .F. ) ;
#2298 = EDGE_CURVE ( 'NONE', #1134, #1946, #2385, .T. ) ;
#2299 = EDGE_CURVE ( 'NONE', #134, #503, #1390, .T. ) ;
#2300 = LINE ( 'NONE', #361, #283 ) ;
#2301 = APPLICATION_CONTEXT ( 'automotive_design' ) ;
#2302 = DIRECTION ( 'NONE',  ( 6.796426993627010104E-15, 1.959217102279369698E-16, -1.000000000000000000 ) ) ;
#2303 = CARTESIAN_POINT ( 'NONE',  ( 1.891233594219480452, -2.114102935481797729, 1.600079151269529376 ) ) ;
#2304 = AXIS2_PLACEMENT_3D ( 'NONE', #40, #379, #1157 ) ;
#2305 = ORIENTED_EDGE ( 'NONE', *, *, #1640, .F. ) ;
#2306 = AXIS2_PLACEMENT_3D ( 'NONE', #2322, #1357, #2125 ) ;
#2307 = DIRECTION ( 'NONE',  ( -1.000000000000000000, 2.220446049250000495E-16, 1.603068372491023499E-12 ) ) ;
#2308 = DIRECTION ( 'NONE',  ( 0.000000000000000000, -3.182978854985240031E-16, -1.000000000000000000 ) ) ;
#2309 = ORIENTED_EDGE ( 'NONE', *, *, #381, .T. ) ;
#2310 = AXIS2_PLACEMENT_3D ( 'NONE', #622, #781, #598 ) ;
#2311 = DIRECTION ( 'NONE',  ( 0.7071067811865432429, 0.000000000000000000, 0.7071067811865519026 ) ) ;
#2312 = ORIENTED_EDGE ( 'NONE', *, *, #1701, .F. ) ;
#2313 = VECTOR ( 'NONE', #2354, 100.0000000000000000 ) ;
#2314 = DIRECTION ( 'NONE',  ( 1.000000000000000000, 0.000000000000000000, -1.602852795204688366E-12 ) ) ;
#2315 = CARTESIAN_POINT ( 'NONE',  ( 1.482232530810718263, -3.462422765732724006, 1.874079151270185539 ) ) ;
#2316 = CYLINDRICAL_SURFACE ( 'NONE', #1256, 0.08000000000000009881 ) ;
#2317 = DIRECTION ( 'NONE',  ( -2.775557561562990575E-17, 1.000000000000000000, 1.959217102279369698E-16 ) ) ;
#2318 = EDGE_CURVE ( 'NONE', #2358, #706, #2160, .T. ) ;
#2319 = ORIENTED_EDGE ( 'NONE', *, *, #1905, .T. ) ;
#2320 = EDGE_CURVE ( 'NONE', #894, #429, #2, .T. ) ;
#2321 = FACE_OUTER_BOUND ( 'NONE', #2152, .T. ) ;
#2322 = CARTESIAN_POINT ( 'NONE',  ( 1.362236819430735490, -3.402422765732745269, 2.810348889823765184 ) ) ;
#2323 = ORIENTED_EDGE ( 'NONE', *, *, #60, .T. ) ;
#2324 = CARTESIAN_POINT ( 'NONE',  ( 1.532232530810718307, -1.902422765732724175, 1.874079151270105381 ) ) ;
#2325 = ORIENTED_EDGE ( 'NONE', *, *, #20, .T. ) ;
#2326 = FACE_OUTER_BOUND ( 'NONE', #1554, .T. ) ;
#2327 = CARTESIAN_POINT ( 'NONE',  ( 2.222244530810633112, -1.902422765732743937, 1.928079151269881164 ) ) ;
#2328 = DIRECTION ( 'NONE',  ( -1.000000000000000000, 1.959217102279369698E-16, 1.602852795204688366E-12 ) ) ;
#2329 = DIRECTION ( 'NONE',  ( 9.695610337554099168E-17, 1.000000000000000000, 8.396644857513789699E-17 ) ) ;
#2330 = CARTESIAN_POINT ( 'NONE',  ( 2.222244530810633112, -1.902422765732743937, 1.478067151270578083 ) ) ;
#2331 = ORIENTED_EDGE ( 'NONE', *, *, #1114, .T. ) ;
#2332 = EDGE_CURVE ( 'NONE', #1314, #911, #1578, .T. ) ;
#2333 = ORIENTED_EDGE ( 'NONE', *, *, #1475, .T. ) ;
#2334 = VECTOR ( 'NONE', #536, 100.0000000000000000 ) ;
#2335 = ADVANCED_FACE ( 'NONE', ( #1526 ), #2316, .T. ) ;
#2336 = VERTEX_POINT ( 'NONE', #1169 ) ;
#2337 = CARTESIAN_POINT ( 'NONE',  ( 0.6082325308114907569, -1.962422765732723118, 2.360079151271586628 ) ) ;
#2338 = ORIENTED_EDGE ( 'NONE', *, *, #461, .T. ) ;
#2339 = FACE_OUTER_BOUND ( 'NONE', #2465, .T. ) ;
#2340 = CARTESIAN_POINT ( 'NONE',  ( 1.930175141075402445, -3.462422765732744878, 2.270433166469151942 ) ) ;
#2341 = FACE_OUTER_BOUND ( 'NONE', #1779, .T. ) ;
#2342 = CARTESIAN_POINT ( 'NONE',  ( 1.592232530810633762, -6.962422765732716456, 2.748079151270929277 ) ) ;
#2343 = ORIENTED_EDGE ( 'NONE', *, *, #1403, .F. ) ;
#2344 = VECTOR ( 'NONE', #2422, 100.0000000000000000 ) ;
#2345 = VECTOR ( 'NONE', #857, 100.0000000000000000 ) ;
#2346 = VECTOR ( 'NONE', #876, 100.0000000000000000 ) ;
#2347 = ORIENTED_EDGE ( 'NONE', *, *, #1028, .F. ) ;
#2348 = CARTESIAN_POINT ( 'NONE',  ( 0.3682325308106336736, -6.962422765732716456, 2.748079151270929277 ) ) ;
#2349 = FACE_OUTER_BOUND ( 'NONE', #1568, .T. ) ;
#2350 = AXIS2_PLACEMENT_3D ( 'NONE', #893, #1348, #1444 ) ;
#2351 = CARTESIAN_POINT ( 'NONE',  ( 0.5082325308102103589, -6.902422765732716847, 1.562079151271745348 ) ) ;
#2352 = EDGE_CURVE ( 'NONE', #300, #2196, #2150, .T. ) ;
#2353 = VECTOR ( 'NONE', #2373, 100.0000000000000000 ) ;
#2354 = DIRECTION ( 'NONE',  ( 1.603068372491023297E-12, 3.995004817365800739E-31, 1.000000000000000000 ) ) ;
#2355 = DIRECTION ( 'NONE',  ( -1.000000000000000000, 0.000000000000000000, 0.000000000000000000 ) ) ;
#2356 = ORIENTED_EDGE ( 'NONE', *, *, #771, .F. ) ;
#2357 = FACE_OUTER_BOUND ( 'NONE', #1885, .T. ) ;
#2358 = VERTEX_POINT ( 'NONE', #39 ) ;
#2359 = ORIENTED_EDGE ( 'NONE', *, *, #179, .F. ) ;
#2360 = EDGE_CURVE ( 'NONE', #182, #257, #2014, .T. ) ;
#2361 = CARTESIAN_POINT ( 'NONE',  ( 1.668821175517831268, -1.914306752146920143, 2.724288420046689918 ) ) ;
#2362 = CARTESIAN_POINT ( 'NONE',  ( 1.930175141076129197, -3.155901754805471526, 1.585725136069989993 ) ) ;
#2363 = EDGE_CURVE ( 'NONE', #36, #1303, #406, .T. ) ;
#2364 = SHAPE_DEFINITION_REPRESENTATION ( #1437, #535 ) ;
#2365 = DIRECTION ( 'NONE',  ( 9.355088397137460852E-31, -1.000000000000000000, -1.959217102279369945E-16 ) ) ;
#2366 = ORIENTED_EDGE ( 'NONE', *, *, #696, .T. ) ;
#2367 = DIRECTION ( 'NONE',  ( -1.000000000000000000, 2.150293412189867176E-43, 4.212891628081050476E-59 ) ) ;
#2368 = EDGE_LOOP ( 'NONE', ( #1772, #943, #849, #1511, #1922, #2022, #1572, #761 ) ) ;
#2369 = LINE ( 'NONE', #395, #1476 ) ;
#2370 = COLOUR_RGB ( '',0.7921568627450980005, 0.8196078431372548767, 0.9333333333333333481 ) ;
#2371 = DIRECTION ( 'NONE',  ( -1.000000000000000000, 2.220446049250000495E-16, 1.603068372491023499E-12 ) ) ;
#2372 = EDGE_CURVE ( 'NONE', #985, #766, #418, .T. ) ;
#2373 = DIRECTION ( 'NONE',  ( 1.000000000000000000, -1.959217102279369698E-16, -1.603068372491023297E-12 ) ) ;
#2374 = CARTESIAN_POINT ( 'NONE',  ( 0.5082325308113241347, -1.962422765732723118, 2.256079151271747740 ) ) ;
#2375 = ORIENTED_EDGE ( 'NONE', *, *, #649, .F. ) ;
#2376 = EDGE_CURVE ( 'NONE', #950, #493, #1366, .T. ) ;
#2377 = CARTESIAN_POINT ( 'NONE',  ( 2.430921753083146175, -1.962422765732744434, 2.436967171416007272 ) ) ;
#2378 = ORIENTED_EDGE ( 'NONE', *, *, #1443, .T. ) ;
#2379 = DIRECTION ( 'NONE',  ( 0.7071067811865432429, 0.000000000000000000, 0.7071067811865519026 ) ) ;
#2380 = AXIS2_PLACEMENT_3D ( 'NONE', #2007, #1975, #451 ) ;
#2381 = VECTOR ( 'NONE', #1550, 100.0000000000000000 ) ;
#2382 = CARTESIAN_POINT ( 'NONE',  ( 1.714689371105424298, -3.155901754805471526, 1.818079151271293936 ) ) ;
#2383 = VECTOR ( 'NONE', #2048, 100.0000000000000000 ) ;
#2384 = LINE ( 'NONE', #286, #686 ) ;
#2385 = CIRCLE ( 'NONE', #124, 0.1000000000000001443 ) ;
#2386 = CARTESIAN_POINT ( 'NONE',  ( 1.432232530810628290, -1.902422765732724175, 1.818079151270265648 ) ) ;
#2387 = ORIENTED_EDGE ( 'NONE', *, *, #1758, .F. ) ;
#2388 = DIRECTION ( 'NONE',  ( 1.959217102279369698E-16, 1.000000000000000000, -3.144753976324933694E-28 ) ) ;
#2389 = EDGE_CURVE ( 'NONE', #1314, #858, #2484, .T. ) ;
#2390 = ORIENTED_EDGE ( 'NONE', *, *, #934, .F. ) ;
#2391 = EDGE_LOOP ( 'NONE', ( #632, #642, #792, #979 ) ) ;
#2392 = CARTESIAN_POINT ( 'NONE',  ( 0.5082325308102719763, -2.802422733546216183, 1.600079151271745159 ) ) ;
#2393 = LINE ( 'NONE', #271, #927 ) ;
#2394 = LINE ( 'NONE', #1020, #1579 ) ;
#2395 = VERTEX_POINT ( 'NONE', #575 ) ;
#2396 = DIRECTION ( 'NONE',  ( 9.418033256210039724E-31, -1.000000000000000000, -1.959217102279369698E-16 ) ) ;
#2397 = ORIENTED_EDGE ( 'NONE', *, *, #1940, .T. ) ;
#2398 = EDGE_CURVE ( 'NONE', #1904, #662, #1814, .T. ) ;
#2399 = FACE_OUTER_BOUND ( 'NONE', #2045, .T. ) ;
#2400 = EDGE_CURVE ( 'NONE', #2471, #2110, #812, .T. ) ;
#2401 = ORIENTED_EDGE ( 'NONE', *, *, #306, .T. ) ;
#2402 = PLANE ( 'NONE',  #394 ) ;
#2403 = LINE ( 'NONE', #1396, #2177 ) ;
#2404 = DIRECTION ( 'NONE',  ( 1.602852795204688366E-12, 4.417367523616270103E-31, 1.000000000000000000 ) ) ;
#2405 = ORIENTED_EDGE ( 'NONE', *, *, #973, .T. ) ;
#2406 = AXIS2_PLACEMENT_3D ( 'NONE', #2237, #2213, #1083 ) ;
#2407 = CARTESIAN_POINT ( 'NONE',  ( 0.4610528538381948316, -6.962422765732716456, 1.248079151270917952 ) ) ;
#2408 = ORIENTED_EDGE ( 'NONE', *, *, #44, .F. ) ;
#2409 = ORIENTED_EDGE ( 'NONE', *, *, #215, .T. ) ;
#2410 = CARTESIAN_POINT ( 'NONE',  ( 1.672232530810837448, -3.462422765732744878, 1.272997740101850628 ) ) ;
#2411 = AXIS2_PLACEMENT_3D ( 'NONE', #1240, #476, #661 ) ;
#2412 = CARTESIAN_POINT ( 'NONE',  ( 1.579412207783093658, -6.962422765732716456, 1.248079151270925280 ) ) ;
#2413 = EDGE_CURVE ( 'NONE', #503, #1724, #218, .T. ) ;
#2414 = EDGE_LOOP ( 'NONE', ( #1675, #697, #387, #740 ) ) ;
#2415 = AXIS2_PLACEMENT_3D ( 'NONE', #321, #2466, #705 ) ;
#2416 = FACE_OUTER_BOUND ( 'NONE', #212, .T. ) ;
#2417 = AXIS2_PLACEMENT_3D ( 'NONE', #185, #960, #2149 ) ;
#2418 = ORIENTED_EDGE ( 'NONE', *, *, #1245, .T. ) ;
#2419 = DIRECTION ( 'NONE',  ( 2.220446049250000248E-16, 1.000000000000000000, -3.559259889859385242E-28 ) ) ;
#2420 = AXIS2_PLACEMENT_3D ( 'NONE', #1680, #2233, #2456 ) ;
#2421 = CARTESIAN_POINT ( 'NONE',  ( 0.5082325308107115136, -1.962422765732723118, 1.874079151271747179 ) ) ;
#2422 = DIRECTION ( 'NONE',  ( -1.959217102279369698E-16, -1.000000000000000000, 3.144753976324933694E-28 ) ) ;
#2423 = VERTEX_POINT ( 'NONE', #1433 ) ;
#2424 = VECTOR ( 'NONE', #1989, 100.0000000000000000 ) ;
#2425 = PLANE ( 'NONE',  #2079 ) ;
#2426 = ORIENTED_EDGE ( 'NONE', *, *, #801, .T. ) ;
#2427 = LINE ( 'NONE', #704, #1521 ) ;
#2428 = DIRECTION ( 'NONE',  ( 3.697785493223492838E-32, 1.000000000000000000, 1.964077167824584190E-16 ) ) ;
#2429 = EDGE_CURVE ( 'NONE', #1303, #2117, #2394, .T. ) ;
#2430 = LINE ( 'NONE', #1458, #48 ) ;
#2431 = VERTEX_POINT ( 'NONE', #1787 ) ;
#2432 = DIRECTION ( 'NONE',  ( -2.775557561562990575E-17, 1.000000000000000000, 1.959217102279369698E-16 ) ) ;
#2433 = PLANE ( 'NONE',  #853 ) ;
#2434 = LINE ( 'NONE', #2444, #1570 ) ;
#2435 = VERTEX_POINT ( 'NONE', #64 ) ;
#2436 = DIRECTION ( 'NONE',  ( -1.959217102279369698E-16, -1.000000000000000000, 3.154109064722071031E-28 ) ) ;
#2437 = ORIENTED_EDGE ( 'NONE', *, *, #1543, .T. ) ;
#2438 = DIRECTION ( 'NONE',  ( 1.959217102279369698E-16, 1.000000000000000000, -3.144753976324933694E-28 ) ) ;
#2439 = CARTESIAN_POINT ( 'NONE',  ( 0.4482455578572871469, -2.280481921733644501, 2.828079151270930236 ) ) ;
#2440 = ORIENTED_EDGE ( 'NONE', *, *, #1640, .T. ) ;
#2441 = VECTOR ( 'NONE', #1067, 100.0000000000000000 ) ;
#2442 = DIRECTION ( 'NONE',  ( 3.697785493223492838E-32, 1.000000000000000000, 1.964077167824584437E-16 ) ) ;
#2443 = LINE ( 'NONE', #1300, #817 ) ;
#2444 = CARTESIAN_POINT ( 'NONE',  ( 1.432232530811429871, -1.962422765732723784, 2.316079151270266312 ) ) ;
#2445 = EDGE_CURVE ( 'NONE', #819, #1561, #1135, .T. ) ;
#2446 = ORIENTED_EDGE ( 'NONE', *, *, #1145, .F. ) ;
#2447 = VECTOR ( 'NONE', #26, 100.0000000000000000 ) ;
#2448 = ADVANCED_FACE ( 'NONE', ( #1999 ), #646, .F. ) ;
#2449 = CARTESIAN_POINT ( 'NONE',  ( 1.532232530809787718, -1.902422765732724175, 1.296079151270104646 ) ) ;
#2450 = ORIENTED_EDGE ( 'NONE', *, *, #1146, .F. ) ;
#2451 = DIRECTION ( 'NONE',  ( 0.6546536707079828599, 0.000000000000000000, -0.7559289460184493992 ) ) ;
#2452 = CIRCLE ( 'NONE', #1180, 0.05999999999999998390 ) ;
#2453 = ORIENTED_EDGE ( 'NONE', *, *, #2480, .F. ) ;
#2454 = AXIS2_PLACEMENT_3D ( 'NONE', #2086, #2268, #1282 ) ;
#2455 = PLANE ( 'NONE',  #2258 ) ;
#2456 = DIRECTION ( 'NONE',  ( 0.000000000000000000, 0.000000000000000000, -1.000000000000000000 ) ) ;
#2457 = CARTESIAN_POINT ( 'NONE',  ( 1.077791104089945273, -3.402422765732745269, 1.113359037539856988 ) ) ;
#2458 = EDGE_LOOP ( 'NONE', ( #459, #1651, #1082, #480, #37, #1254 ) ) ;
#2459 = AXIS2_PLACEMENT_3D ( 'NONE', #1050, #650, #2208 ) ;
#2460 = EDGE_CURVE ( 'NONE', #800, #1965, #856, .T. ) ;
#2461 = LINE ( 'NONE', #548, #189 ) ;
#2462 = ORIENTED_EDGE ( 'NONE', *, *, #72, .T. ) ;
#2463 = VERTEX_POINT ( 'NONE', #1046 ) ;
#2464 = CARTESIAN_POINT ( 'NONE',  ( 0.4482325308115703844, -6.902422765732716847, 1.147999151270918006 ) ) ;
#2465 = EDGE_LOOP ( 'NONE', ( #27, #1068, #701, #1275 ) ) ;
#2466 = DIRECTION ( 'NONE',  ( 3.923704910262640311E-31, 1.000000000000000000, -3.166017381270365471E-29 ) ) ;
#2467 = ORIENTED_EDGE ( 'NONE', *, *, #1758, .T. ) ;
#2468 = LINE ( 'NONE', #2242, #81 ) ;
#2469 = CARTESIAN_POINT ( 'NONE',  ( 2.222244530810633112, -3.155901754805471526, 1.928079151269880942 ) ) ;
#2470 = DIRECTION ( 'NONE',  ( -1.000000000000000000, 2.220446049250000495E-16, 0.000000000000000000 ) ) ;
#2471 = VERTEX_POINT ( 'NONE', #669 ) ;
#2472 = LINE ( 'NONE', #1529, #2287 ) ;
#2473 = CARTESIAN_POINT ( 'NONE',  ( 1.532232530809788607, -6.962422765732716456, 1.818079151271586813 ) ) ;
#2474 = ORIENTED_EDGE ( 'NONE', *, *, #665, .F. ) ;
#2475 = EDGE_CURVE ( 'NONE', #1724, #2486, #1400, .T. ) ;
#2476 = CARTESIAN_POINT ( 'NONE',  ( 0.7642325308114906735, -2.762422765732723828, 2.360079151271336606 ) ) ;
#2477 = EDGE_LOOP ( 'NONE', ( #435, #2305, #788, #633 ) ) ;
#2478 = ORIENTED_EDGE ( 'NONE', *, *, #199, .T. ) ;
#2479 = LINE ( 'NONE', #1951, #322 ) ;
#2480 = EDGE_CURVE ( 'NONE', #1647, #1759, #1599, .T. ) ;
#2481 = ADVANCED_FACE ( 'NONE', ( #1249 ), #273, .T. ) ;
#2482 = ORIENTED_EDGE ( 'NONE', *, *, #2147, .F. ) ;
#2483 = FACE_OUTER_BOUND ( 'NONE', #1678, .T. ) ;
#2484 = LINE ( 'NONE', #17, #1297 ) ;
#2485 = DIRECTION ( 'NONE',  ( -1.000000000000000000, -3.165304382199309869E-29, 1.603068372491023297E-12 ) ) ;
#2486 = VERTEX_POINT ( 'NONE', #453 ) ;
#2487 = DIRECTION ( 'NONE',  ( -1.000000000000000000, 2.220446049250000495E-16, 1.603068372491023499E-12 ) ) ;
#2488 = CARTESIAN_POINT ( 'NONE',  ( 1.672232530811710749, -3.155901754805471526, 1.818079151271362326 ) ) ;
#2489 = VERTEX_POINT ( 'NONE', #438 ) ;
#2490 = CARTESIAN_POINT ( 'NONE',  ( 0.6082325308108836870, -6.902422765732716847, 1.982079151271586737 ) ) ;
#2491 = ORIENTED_EDGE ( 'NONE', *, *, #1101, .T. ) ;
#2492 = PLANE ( 'NONE',  #1039 ) ;
#2493 = EDGE_CURVE ( 'NONE', #1507, #1637, #53, .T. ) ;
#2494 = EDGE_CURVE ( 'NONE', #401, #1759, #2384, .T. ) ;
#2495 = ORIENTED_EDGE ( 'NONE', *, *, #431, .F. ) ;
ENDSEC;
END-ISO-10303-21;
